# Resource object code (Python 3)
# Created by: object code
# Created by: The Resource Compiler for Qt version 6.6.3
# WARNING! All changes made in this file will be lost!

from PySide6 import QtCore

qt_resource_data = b"\
\x00\x00\x15!\
\x89\
PNG\x0d\x0a\x1a\x0a\x00\x00\x00\x0dIHDR\x00\
\x00\x01\x00\x00\x00\x01\x00\x08\x06\x00\x00\x00\x5cr\xa8f\
\x00\x00\x00\x09pHYs\x00\x00\x0e\xc3\x00\x00\x0e\xc3\
\x01\xc7o\xa8d\x00\x00\x00\x19tEXtSof\
tware\x00www.inksca\
pe.org\x9b\xee<\x1a\x00\x00\x14\xaeID\
ATx\x9c\xed\xdd{\x90\x5ce\x99\xc7\xf1\xef\xd33\
\x93\x81\x84\x10\x12B \xc4\x10\x02\x04\x82\xc9\x5cr\x11\
\xc3e\x05\x14\xc1\x12WWW@P\x96U\x0b]u\
\xab\x5cQ.\xa5\xa2\xab\x16 \xbbR\xd6^\xb4 \xeb\
\x85\xd5\xf5Bby\x85-\x17\x91 \xcb\x82\xc1\x90d\
&$\xc4D\x81\x00!@b\x12\x93LBf\xa6\xfb\
\xd9?N\x07BH\xd2\xa7\xfb\x9c>o\x9f\xee\xdf\xa7\
\xaakzf\xcey\xdfg\x92~\x9f\xf3\x9e\xcb\xfb\xbe\
 \x22\x22\x22\x22\x22\x22\x22\x22\x22\x22\x22\x22\x22\x22\x22\
\x22\x22\x22\x22\x22\x22\x22\x22\x22\x22\x22\x22\x22\x22\x22\x22\
\x22\x22\x22\x22\x22\x22\x22\x22\x22\x22\x22\x22\x22\x22\x22\x22\
\x22\x22\x22\x22\x22\x22\x22\x22\x22\x22\x22\x22\x22\x22\x22\x22\
\x22\x22\x22\x22\x22\x22\x22\x22\x22\x22\x22\x22\x22\x22\x22\x22\
\x22\x22\x22\x22\x22\x22\x22\x22\x22\x22\x22\x22\x22\x22\x22\x92\
?\x16:\x00\x89\xc1\xfb\xc7B\xe9((\x8c\x06\xc6\x02\
\xa3\xc0G\x82\x8d\x06?<z\xcf(\xe0\x88\xbd\xf6\xea\
\x00;l\xaf\xef\x0b\xc0\x98W\x16lc\xc0\x0d\xd8\xba\
O\x8d\xdb\x80\xe2^\x01\x0c\x00\x83{\xed\xf7g`\x00\
\xd8Y~\xbf#z\xcf\x0e\xb0\xadP\xda\x0e\xed\x1b\xb1\
\x19\x9bk\xff\xa3%\x0bJ\x00\xa1\xf8\xdaN\xd8q\x1c\
\xb4M\x01\x9f\x02L\x06\x1f\x0f6\x1e\x98\x00\x94\xdf\xfb\
x\xa0#l\xb05\x1b\x066E/\xdb\x04\xbe\x11\xd8\
\x18\xbd\xe7\x19(\xad\x03[\x07\x87\xaf\xc3\xa6\xbe\x186\
\xd4\xd6\xa4\x04PO\xde7\x01|\x06p2\xd8\x14\xe0\
\xf8\xa8\xb1\xdb\xf1\xc0D\xf4\xef\xbf\x17\xdb\x00\xbe\x0eX\
\x07\xfed\x94\x18X\x03C\xab\xb0\xb9\x1b\x02\x07\xd7\xb4\
\xf4\x01L\x83/j\x87\xf1\xaf\x85\xe2\x5c\xb09\xc0L\
`\x06pd\xe0\xc8\x9a\xc5\x16`\x15\xd8\xa3\xc0#\xe0\
\x8f\xc0\xd0\x0al\xeeP\xe8\xc0\xf2N\x09\xa0\x16\xde?\
\x16\xfc,\xe0\x0d\xc0\x99@/ph\xd8\xa0Z\xcen\
\xa0\x0fx\x10\xec70\xf8\x006wS\xe8\xa0\xf2F\
\x09 \x0e_\xd4\x0eG\x9e\x09~!\xf8\xf9`]D\
\x17\xd5\xa4q8\xb0\x0a\xfcn\xb0\xbb\xa0\xfd\x7f\xb1\x19\
\x83\x15\xf7jqJ\x00\x07\xe2k;a\xe0B\xb0\x8b\
\x80\x0b\x88\xae\xbeKn\xd86\xf0_\x01?\x82\x81\x9f\
ag\xec\x0a\x1dQ#R\x02\xd8\x97/?\x0b\xb8\xbc\
\xdc\xf0\xd5\xe8\x9b\x82m\x83\xd2\x8f\xc1\xbe\x0b\xdd\x8b0\
\xf3\xd0\x115\x0a%\x00\x00_\xd0\x06\xa7\xbc\x15\xf8\x0c\
\xf0\xfa\xd0\xe1H]\xad\x05\xbe\x06\x03\xf3\xd5+h\xf5\
\x04\xe0+G@\xf1C\xe0\xd7\x02\xaf\x09\x1d\x8ed\xea\
\x05\xb0[`\xf4\xbf\xb6\xf23\x08\xad\x99\x00\xdc\x0dV\
\xbc\x1bJ7\x82\x9d\x14:\x1c\x09\xea\x19\xb0/\xc1\xea\
ob\x17\x17+o\xde\x5cZ/\x01\xf8\xf2s\xa3\xcc\
\xcf\xac\xd0\xa1HC\xe9\x07\xfb$\xd6}O\xe8@\xb2\
\xd4:\x09\xc0\x1f<\x14F~\x1e\xecjt\x0bO\x0e\
\xec\xbb\xd0\xfeQl\xc6\x8e\xd0\x81d\xa15\x12\x80/\
;\x13\x0a\xff\x09\x9c\x18:\x14\xc9\x85\xb5\xc0\xe5X\xcf\
\xe2\xd0\x81\xd4[\xf3\x1f\x09\xbd\xffcP\xb8\x0f5~\
\x89o\x1a\xf0\x00\xde\x7fe\xe8@\xea\xad\xb9\x13\x80\xf7\
\x7f\x11\xfc\xdf\x81\xf6\xd0\xa1H\xee\xb4\x83\xdf\x86\xf7_\
\x13:\x90zj\xdeS\x00\xef\xbf\x06\xfc\xe6\xd0a\xd4\
\xc9v\xe09\xa2\xa1\xb6\x1b\xc17\x13\x8d\xc9\x1f\x80\xc2\
\x96\xe8ki\x00\x0a;\x88\x06\xd2@4\x9e\x7f\xe0\xe5\
\x22l\x08|\xcfy\xee(`\xc4\xcb\xbf\xf3\x91`\x9d\
\xe5\xf7G\x94\x7f?\xaa<\xff\xc0\x98\x97\xbfg\xfc^\
\xaf\x094\xef\x83S7a=\x9f\x0e\x1dD=4g\
\x02\xf0\xfe\xf3\xc0\x7f\x09\xb4\x85\x0e\xa5JC\xc03\xc0\
S@y\xac\xbc\xaf\x03\xd6C\xdb\x06\x18\xde\x04\xa36\
a\xd3v\x87\x0d\xf3\x00|I\x070\x1eF\x8c\x07\x8e\
\x06\x9f\xc4\xcbC\xa0\x8f\x03\xf6\xbc:\x03FY#\xff\
\x08\xd6{k\xe8(\xd2\xd6|\x09\xc0WL\x86\xd2#\
\xc0Q\xa1C9\x88\xf5\xc0c`\x8fAi\x15\xf8j\
(\xfc\x01~\xbf\xa1\xe9\xefE\xbb\x1b<r\x0c\xb4\x9d\
\x00\x85S\xc1N-\xcf\x990\x9d(94\xeagr\
\x10\xec\x1c\xac\xfb\xa1\xd0\x81\xa4\xa9Q\xff\xb1k\xe3n\
\xd0\x7f\x1f\xd10\xddFP\x02V\x01\x8b\x81\xdf\x02\x8f\
\xc2\xd0c\xd8\xdc?\x87\x0d\xabA\xf9\xca\xc3\xa04\x1d\
|&\xf8i\xc0<\xa0\x8b\xc6\xb9\x86\xb3\x1e\x0as\xb0\
\xae\xe7C\x07\x92\x96&K\x00\xcb/\x07\xfbN\xc0\x08\
\xb6\x02\x0f\x80\x95\x1b\xfc\xce\x87\xb1y\xdb\x02\xc6\x93\x7f\
\xde7\xaa<\xc9\xca<(\x9d\x0ev&a{w?\
\xc4z.\x0dX\x7f\xaa\x9a'\x01\xf8\xea\xd1\xb0{5\
pl\xc65?\x0e\xdc\x09\xf6\x0bh\xbb_c\xd0\xeb\
\xcc\xbd\x00+f\x01\xe7\x81\xff%p\x06\xd9\x7f\x8e\xcf\
\xc3z~\x9dq\x9du\xd1D\x09\xa0\xff\x16\xf0\xab\xb2\
\xa8\x89\xe8(\xbf\x00\xfc.\xac\xe7\x89\x0c\xea\x94\x03\xf1\
\x15\x93\xa1\xf8\xd6\xf2\xf0\xeds\xc9\xe6\xd6\xf6jh\xef\
i\x86d\xdf\x1c\x09\xc0W\x1e\x07\xc3k\xa8\xef\xd5\xe5\
M\xc0m\xd0~;6\xe3\x0fu\xacGj\xe5K\xa7\
@\xe1\x0a\xb0\x8f\x00\xc7\xd4\xb9\xb6\xab\xb1\x9e\xaf\xd4\xb9\
\x8e\xbak\x92\x04\xd0\x7f+\xf8\x87\xebT\xfaz\xe0\x06\
\x18\xb8]\xe3\xc7s\x22\x9a\xcd\xe9\xbd`\x9f\x05\xa6\xd6\
\xa9\x96M\xd0y\x026}{\x9d\xca\xcfD\xfe\x13\x80\
/\x9d\x02mkx\xc5\x83,\xa9\x18\x06\xbe\x0e\xbb\xae\
\xd7\x85\xbc\x9c\xf2\x07\x0f\x85Q\xd7\x02\xd7Q\x9f\xde\xe1\
g\xb0\x9e\x1b\xebPnf\x9a \x01\xf4}\x03\xf8`\
\xca\xa5\xae\x81\xc2EXW\x7f\xca\xe5J\x08\xde?\x1d\
|!\xd1t\xedi\xda\x0c\xbb\xa6\xe6\xf9\x00\x91\xef\xb1\
\x00\xde7\x15\xf8\x9b\x94K\xbd\x1f\xdaOW\xe3o\x22\
\xd6\xbd\x1av\x9d\x09vw\xca%\x8f\x83C>\x9er\
\x99\x99\xcaw\x02\xc0\xae%\xdde\xb3~\x08\xedo\xd6\
\x9avM\xc8\xe6m\x83?]\x08\xf6\xad\x94\x0b\xfex\
\xf4\xacB>\xe57\x01\xf8\x92\x89\xe0W\xa4W\xa0\xdd\
\x05\x9b/o\x86[;r\x00v\xee0t]\x09,\
L\xb1\xd4#\xc1\xde\x9fby\x99\xcao\x02\xa0\xe3\x1a\
\xe0\x90\x94\x0a{\x18\xfc\x92\xe8\x03\x22M\xcd\xac\x04\xed\
\xef+\xaf\x19\x90\x12\xbf*Z<&\x7f\xf2y\x11\xd0\
\xfb&\x00O\x00#S(m=\x14ga\xb37\xa6\
P\x96\xe4\x85/;\x02\x0aKI\xed6\xa1\xbf\x07\xeb\
\xbd#\x9d\xb2\xb2\x93\xd3\x1e\x80}\x82t\x1a\x7f\x09\xb8\
B\x8d\xbf\x05\xd9\xac\xadP\xba\x84h\x9e\x844\x0a\xbc\
:\x9dr\xb2\x95\xbf\x04\xe0K\xc6\x80\x7f$\x9d\xc2\xec\
\x86fy\xa6[j`\xb3~\x07\xf6\xb9\x94J\x9b\x13\
\xcd8\x9d/\xf9K\x00t\xfc\x030&\x85\x82V\xc0\
\xe0\x97R(Gr\xad\xeb\x9f\xc1\x1fL\xa7\xac\xfc\xf5\
\x02\xf2u\x0d \xba\xdd\xf2$\xd1\x14TI\x94\xc0\xce\
j\xb6\xc9\x1d\xa4F\xde\xdf\x05\xfe\x08\xa9\xdcRn\xeb\
\xc5f\xf6%/'\x1b9\xeb\x01\xd8\xdf\x93\xbc\xf1\x03\
\xdc\xa6\xc6//\xb1\xee\x15\xc0\xbf\xa4SX\xf1\x13\xe9\
\x94\x93\x8d\xfc\xf4\x00\xa2\xe7\xba\x9f\x00\x8eNX\xd2\x16\
\xb0\x13\xb1\xee-\x957\x95\x96\xe1+\x0f\x83\xe1\xb5$\
\x1fE8\x08\x9c\x88\xf5<\x93BTu\x97\xa3\x1e\xc0\
\xa8+I\xde\xf8\x01\xbfA\x8d_^%Z\x09\xe8\x8b\
)\x944\x02\xc8\xcd\xe3\xc1\xf9\xe8\x01\xf8\xdaN\xd8\xb9\
\x16\x98\x9c\xb0\xa4up\xf8\xf4V^\x0dV\x0e\xc2\x17\
\xb5\xc3\xb8G\x81S\x92\x15d\xdb`\xf0\xb8<\xcc\xfd\
\x98M\x02\xf0e\xbdP\xb8\x068\x158\xbc\x86\x12:\
\x81I)\x04\xf2\x01\xac\xf7\xdb\xc9\xcb\x91\xa6\xe5\xfd\x17\
\x81/H^\x90m\x00\xafa\xfe\x08\xdf\x0e\x85\xdfC\
\xf1+\xd1m\xca\xfa\xaa\x7f\x02\xf0\xe5\x93\xa2\xe9\xaf\x19\
]\xf7\xba\x0e\xeeI\x18:\x19\x9b;\x148\x0eid\
\xd1\x9c\x83+\xc0_\x1b8\x92\x17\xa10\x13\xeb\xfac\
=+\xc9\xe0\x1a\x80]F\xf8\xc6\x0f\xf8\xcdj\xfcR\
\x91Y\x09\xb8!t\x18\xc0!\xe9\x0ev\xdb\xbf\x0c\x12\
\x80\xf7\xd4\xbf\x8eJl\x03\x8c\xb9=t\x14\x92\x17\xab\
\xef\x00\xd6\x84\x8e\x22\x8b\xb6\x93\xc5]\x80\x09\x19\xd4Q\
\x81\xdf\xac\x0b\x7f\x12\x9b]\x5c\x04\xbb)t\x18\xd4\x7f\
b\xd3LN\x01\xd2\x9e\xab\xafZ\xcf\xc3\xd0\x7f\x04\x8e\
Arg\xf0{D#NCJs\xb2\x9b\xfd\xca\xa2\
\x07\x10x\x81N\xfb*6wg\xd8\x18$wl\xee\
P\x03\xac.\xdd\x14\x09\xa0\xee\x7f\xc4A\xec\x826\x1d\
\xfd\xa5F;\xbf\x03\x84\x9c\x1e\xae)\x12@)\x83:\
\x0e\xe4\xfb\x9a\xdfOjfg\xec\x02\xbb=`\x04u\
o;Y$\x80\x81\x0c\xea8\x00\xffZ\xb8\xba\xa59\
\x14o%Z\x0e.\x84\xba\xb7\x9d,n\x03\x86\x1a\x14\
\xf1\x10\xd6\xbb,P\xdd\xd2,l\xd6Z\xb0\x14\xe7\x0f\
\xac\xaa\xf2\xa7\xeb]C\x06\x09\xa0\xb0\xa4\xfeu\xec\x8f\
\x7f=L\xbd\xd2\x84\x02}\x96\xbc\xee\x8f\x02g\xd1\x03\
X\x08d\xbd~\xda\xf30*\xcd\xa9\x9f\xa5\xa5\xad\xbe\
\x93h\x22\x9a,\xbd\x08\xed\xdf\xabw%\xf5O\x00\xd6\
\xf3\x02\xf0~`w\xdd\xebz\xd9-\xd8\xb4,\xeb\x93\
f\x96\xfd\x83AC\xc0\x87\xb1\x19O\xd5\xbb\xa2\xec\x86\
\x03\xfb\x8aS\xa1t\x13\xf0\xf6\x0c\xea\xfdo\x82^|\
\x94&R\x04\xdf\x06t\x80\xfd-\xf5\xff\xec\xfe\x12\xda\
\xae\xcbjZ\xb1l\xe7\x03\xf0\x15o\x86\xe2\xd7\xc1N\
\xca\xb4^\x91|X\x0fv\x0d\x0c.\xccj\xe0ZF\
\xf3\x01,?\x1f\xf8<\xd8\x19\x99\xd4'\x92o\xcf\x80\
\x7f\x15:\xe6\x97g*\xaa\x9b\xfa&\x00_~\x16\xd8\
\x17\x81\xdc\xcd\x97.\x12\x9em\x03\xbf\x1d\x86\xbe\x8c\xcd\
\xddP\x97\x1a\xeaQ(\xbe\xfc\x02\xb0\xcf\x03\xa7\xd7\xa5\
|\x91\xd6\xb2\x13\xf8\x06\xf8?a\xbd\xeb\xd3,8\xdd\
\x04\xe0\xcbO\x03\xfb2:\xe2\x8b\xd4\xc3`\xd4#\xb0\
\xeb\xcbw\xd7\x12K'\x01x\xdf)\xc0\x97\x80w\xa7\
V\xa6\x88\x1c\xc8\x8e\xe81\xf7\x17o\xc4\xe6mKR\
P\xb2\xc6\xeaK\x8f\x85\xb6\x7f$\xba\xcf\x9f\xcb\xe5\x91\
Er\xec9\xf0/@\xcf\xfc\xf2TfU\xab-\x01\
D\xd3'\x7f,\xba\xc0\xe7\xb5\xcc\xf2+\x22\xe9y\x08\
\xec\x03X\xf7\xeajw\xac>\x01\xf8\xb2iP\xb8\x03\
\x98U\xf5\xbe\x22R/\xdb\xc1\xde\x86u\xdf_\xcdN\
\xd5%\x00_2\x06:\xd6\xd0\x10\xf3\xfc\x89\xc8>\xb6\
\xc0\xc0\xa4h\x1e\x83x\xaa\x1c\x0b\xd0\xf1\x09\xd4\xf8E\
\x1a\xd5X\x18\xf9\xeejv\xa8v0\xd0_W\xb9\xbd\
\x88d\xeb\x82j6\x8e\x9f\x00|\xe9\x14`f\xb5\xd1\
\x88H\x96\x0ao\xc4=\xf6\xa9}\x15=\x806=\xd5\
'\xd2\xf0|\x22\xac\x98\x1aw\xebjN\x01\xe6\xd4\x10\
\x8d\x88d\xae\xd4\x1bw\xcbj\x12\x80n\xfb\x89\xe4B\
!\xf6\x92b\xd5$\x80\xae\x1a\x22\x11\x91\xcc\xc5_S\
0\xde\xe3\xbb\xbez4\xec\xae\xf1\xf6\x9f-\x00\xfe\xae\
\x5c\xd0\xa8\x97\x97\x0a+\xb5\x83\x1f\x05mGE\xe7-\
L\x00\x8e\x01\x9b\x0e\xde\x0d\x8c\xab\xad>\x91\x86\xb4\x11\
\xe8\x03V\x01OG\xdf\xdbF\xb0\x17\xc0\xf7\xb3vE\
\xe9X\xb0o\x01\xd3j\xa8\xeb\x94\xb8\x1b\xc6|~\x7f\
\xf8\x84\x1a\x82(+-\xc6z\xb7\x94\xbf\xd9\xb2\xcf/\
\x0f\xbc\x02\xab/\x9f\x04\xcc\x04\xeb&:\xfd8\x97\x0c\
\x16K\x14I\xc1\x0b\xc0\xbd\xc0#P\xe8\x83\xc2\x0al\
\xc6sU\x96\xf18\xbe\xfc\x16\xb0[k\xa8\x7f*\xee\
\x858\xe3\x03\xaaH\x00\xb5\x8e\x1b*\xd46\xb7y4\
\xeey=\xf0?/\xfd\xcc\xfbO\x00\xce\x03?\x0fx\
\x13\xea%Hc\x18 z\x1e\xff\x1e\xe0\x1e\xe8Z\x8a\
Y\x0a\x8b\x89\xd8\x9fj\xdc\xb1\x13\x96M\x06\xd6U\xda\
0\xee\x08\xbe\x04=\x00R\x19\xb7\x0c\x80u?\x0e\xcc\
\x07\xe6\xe3\x0b\xda\xe0\xe49`o\x06.A\xd7($\
S\xb6*\x9a\xf2\xbep7lz\x18;w8\xfd:\
J\xbbj\x9f\xb8\xbb\xed$RL\x00\x93j\x8c\x02\xe0\
\xf9\x04\xfb\x1e\x98]\x5c\x04\x1e.\xbfn\xc0\x97\xcf\x00\
\xbb\x14\xb8\x0c\x88}\x1fT\xa4\x0a\x8f\x83\x7f\x1f\x0a\x0b\
\xb0\xee\x15\xf5\xaf\xae\x10\xfb\x99\xfe\xfd\x88\xd5\x06b&\
\x00;\xba\xf68\x8a\xd5\x9e\xfb\xd4\xc6zW\x02\x9f\xc5\
\xfds\xd0\xf7\x0e\xb0\xab\x80\xb32\xa9[\x9a\xdd\xfd`\
_\x85\xae\x9f\xd7:\xee\xbe6\x85\x17k_\x1f\xd4\x8f\
\x8dUC\xcc\xd2\x92$\x80\xc1\xda\xf7\xad\x81Y\x09\xeb\
\xfd\x09\xd6\xf3\x17\xe0\xaf\x07\xffi\xa6\xf5K\x13\xb1\x9f\
@\xe1uX\xcf\xd9X\xf7O\xb3m\xfc\x00\xc5\xce\xda\
\xf7-\xa4\x99\x00lb\xed\x81\x1czH\xed\xfb&d\
\xbd\x0fc\xbd\xef\x04\xe6\x01\xff\x17,\x0e\xc9\x9b%`\
\xe7`\xdd\xef\xc2\xba\x02\xadm\x09`\x09\xeez\xa5\xda\
\x03\xf0\x04C\x80\x87\x0e\xad}\xdf\x94X\xcfb\xe8\xfe\
\x0b\xa2\xeb\x03\xcf\x86\x0eG\x1a\xd6s\xc0e\xd0}\x1a\
\xd6\xfd\x9b\xd0\xc1\x90l\xe8}J\x09\xc0\x17\xb5\x03G\
\xd6\x1eG[\xb8\x1e\xc0\xde\xcc\x1c\xeb\xf9\x01\xd8L\xb0\
\xff\x0a\x1d\x8e4\x9c\x850b&\xd6\xf3\x83tn\xe1\
\xa5\x22A\x02\xb0\xb4z\x00\x13\x0e'\xd1\xe4\xa1\xc5\xc6\
\x9a3\xd0\xba\xb7`\xdd\x97\x83\xbd\x93z\xdd\xa1\x90<\
\xd9\x02\x5c\x86\xf5\x5c\x8c\x9dZ\xeb}\xf7z\x99\x5c\xfb\
\xae>>\xceV1\x12@\xf1\x88\xda\x83\x00\xe0\xf8\x84\
\xfb\xd7\x87u\xff\x14\x8a\xb3\x81\xa5\xa1C\x91\x90\x0a\xe7\
G=\xc3\x86\x94\xe4\xd9\x96\x8e\xe8\x11\xfe\x83\x8b\x91\x00\
Jc\x12\x04\x01\x14NN\xb6\x7f\x1d\xd9\xecg\xa1\xf3\
\x1c\xa0?t(\x12\xc4p\xd8\x8b|\x07\xe1K:\x80\
S\x93\x15\xb2\xb3\xe2\x93\xb21\x12\x80'L\x00\xde\xd8\
\x0b\x82\xda\xf4\xedP\xbc\x14\xa8\xc3\x93\x5c\xd2\xe0\xda\xf1\
\xbe\xd9\xa1\x83\xd8\xbf\x11\xd3\x81\x04\xb7\x01\x01\x0a\x15\x13\
@\x8c\x07\x81\xda\x8e\x80D\xd7D\xde\x82\xaf8\x11\xeb\
\xfac\x92B\x12\xf3\x95\xe3`\xf71\xd0vL\xf9\x16\
\xc9\xd1\xc0T\xb0\x13\xc1O\xa2\xf6g.%\xdf\x16\xe0\
\xcb\xbf\x01\xac\x87\xc2\x06(m\x80\xe1\xe7\xb1\xb9\x9b\xc2\
\x86\xe5\xefI^\x86\xa5\x91\x00\x92\xf6\x00\x18\x01\xa5E\
x\xdf\xf5\xd0\xbe\x08vm\xa8j\xeds_y\x18\x14\
;\xca\xdf\x1c\x01\xd6\x09\x8c\x82\xe2\xe8\xe8}\xe1p(\
\x1d\x06\x8c\x03\x1b\x1b}\xdd\xf3\xde\xc7\x115\xf4\x090\
\xdc\x09m\xe5B\xf7\xbd\xa6\xa9\xd5\xccZ\xd8\x89`7\
Eo\x9d\xe8\xb3\xd0\x01\xde7H4\x8e\xe5\xf9h\xb8\
naKy\xd8\xeef\xa0\xfc\xbe\xb0\x1d|;\xf8n\
(l\x03\xdb\x19\xbd\xdf3\xeau\xc4p\xd4\xc3\x8c\xc9\
\xfbF\x01S\xc1\xdf\x05\x5c\x93\xfcOK%\x010*\
y L\x06n\x8fz\xd9\x1d\xe0};\x80\x03%\x81\
\xd1\xaf\x8ck\xdf\x9e\xf9\x9e\xdeHa\xaf\xef\xf7\xd7\x80\
\x1b\xe5N\x8e\xe4\xd4\x08\xe05\xd1\xcbx\xf5\xe7i\xef\
\x9f\xedy\xbf\xef6\xbb\xc1\xfb\xf6\xfeA\x11\xd8w-\
\xbf1\xbc\xaa\xf7\x99\xd6\x01\xa9\xf2\xc1;N\x02\x18\x99\
B$\xfb:\xac\x0ee\x8a4\xba6`l\x86\xf5U\
<x\xc78\xef\xb5\xc6x\x90GD\xaaU\xf1\xe0\x1d\
\xe7.\x80\x12\x80H.y\x1a\x09\xc0\xc2?\xcb/\x22\
5(\xa4\xd2\x03P\x02\x10\xc9\xa5Tz\x00:\x05\x10\
\xc9)]\x04\x14ia\xa9\x5c\x03h\xab\xbc\x8d\x884\
\xa0\x8eJ\x1b\xc49\x05P\x02\x10\xc9\xa5\xca\x07\xef8\
=\x00=#/\x92K^\xf1A?\xf5\x00D\x9aW\
\x1a=\x00\x8d\x92\x13\xc9'K\xa3\x07P9\x8b\x88H\
#\xaa\xdc{W\x0f@\xa4y\xa5r\x0d@\x09@$\
\x9f*\xf6\x00\xe2\xae\x0d(\x8dm'\xd1\x9a\xf3\xcf\x02\
\xcfD/\xdf\x00\x85\xe7\xc0\xb6B\xf1\xcf\xd1\x84\x15\xc3\
\xdb\xa0}\xaf\xf5\xe6\xba\xb6\xc2\x1fF\xc0\xae\x91\xd0\xd6\
\x09\xc5\x91\xd1$+>\x92h<\xfc\xa8\xe8k\xe9H\
\xa2)\xaa'E_mb\xb4h\x85\x1fM\xa2)\xe3\
\xa5\xbe\xac\xe2\xc4\x021\x12@\xd6\xcb!\xc9\xfe\xd96\
\xf0\xc7\xc0V\x96\xbf\xae\x02\x7f\x0al=\xd6\xbd%A\
\xc1\xbb\xcb\xaf\xda\xf8\xca\x11\xb0{by5\xda\x93\xc1\
\xa7\x81M/\x7f=\x1e\x1dd\x02\xf2b\xa5-\xe2\xfc\
\xe7T,DRU\x02V\x81=\x0c\xa5U\xc0\xa3\xd0\
\xf1\x186\xe3\xa9\xd0\x81\xed\x97\xcd\x18$Z\x86z\x1d\
\xf0\xebW\xfc\xceW\x8e\x80\xe1\xa9QB(\xf5\x80\xcd\
\x01\xe6\x90l\xb5i\x89\xcd+\x1e\xbc\xe3$\x00\xf5\x00\
\xeak#\xb0\x18\xf8m\xf4\xda\xf5;l\xde\xbe\xd3F\
\xe5S\x94\x1c~_~\xfd\xec\xa5\x9f\xfb\xcac`p\
N\x94\x10l\x0ep\x1a\x90`\x1d<\xd9?K\xa5\x07\
\xa0\x04\x90\xae\xf5\xc0\xbd\xc0\xaf\xa1\xf0@\xf0\xd9\x92C\
\xb0\x19\xcf\x01w\x95_\x11\xef;\x05\xecl\xf0\xb3\x81\
s\x88\xb9\xb6\x9d\x1cT\x1a=\x00+j\x82\xcdD6\
\x03\x8b\x80{\xc1\xee\xc5\xbaW\x87\x0e\xa8!Y\xcf\x9e\
\x9e\xc2|\x00|\xd94(\xbc\x01\xec|\xf0\x0b\x88&\
\xcf\x94\xea\xa4\xd1\x03\xa8|\x1e!\xaf\xf28p'\xd8\
/\xe0O\xf7a\xe7j\xd1\x91j\xd9\xac\xb5\xc0Z\xe0\
\x9b\xf8\x8268\xf9t\xe0m`o'\xf1\x8a9-\
C\xd7\x0022\x04\xb6\x08\xf89\x0c\xdf\x89\xcd^\x17\
:\xa0\xa6b\x17\x17\x81\x07\xca\xaf\xeb\xf0\xa5\xaf\x85\xb6\
\x8b\xc0\xdf\x07vR\xe0\xe8\x1a\x99\xee\x02\xd4Q\x11\xb8\
\x0f\xec\x0e\xe8\xf8q\x03\xae,\xdb\xbcl\xf6*\xe0\x0b\
\xc0\x17\xf0\xfe\xd3\xa1\xf4^\xb0K\x80X+\xe2\xb6\x90\
T\xae\x01\x0c\xeb\x1a\xc0KJ\xc0C\xc0Bh\xbf\xa3\
|1KB\xb2\xee\x87\x80\x87\xf0\x95WA\xf1\x1d\xc0\
\xd5\xe0\xaf\x0b\x1dV\x83\x18\xac\xb4A\x9ck\x00\xb5?\
$\xd24\xbc\x0f\xec\xdb\xe0?\xc2z\xd7\x87\x8eF\xf6\
#\xba\xe5\xb8\x10\xf7\x1f\xc1\xa3\xe7A\xe9:\xe0\x8d\xa1\
\xc3\x0a,\x8d\x04\x90\xe0)\xb1\xfc[\x06|\x0a\xeb\xbd\
7t \x12\x93\x99\x03\xbf\x02~\x85\xf7\xbf\x01\xfcf\
`^\xe0\xa8\x02\xb1\x8am7\xce@\x9f\x8aY\xa49\
\xd9m\xd0>\x0f\xebQ\xe3\xcf+\xeb\xbe\x1f\xba\xcf\x04\
n\x0a\x1dJ\x18\x95{\xef1O\x01Zm\xf5\x5c\xbb\
\x0b\xba>\x8ai\x1cD\xeeE\xff\x87\x9f\xc6\xfbf\x00\
o\x0f\x1dN\xc6*\x1e\xbcc\xf4\x00\x0a-x\x0aP\
\xba^\x8d\xbf\xd9\xd8\xb7CG\x10@\x1a\xa7\x00\xdej\
\xa7\x00\x83\xb0\xa6?t\x10\x92\xb6\xd2\xb3\xa1#\xc8^\
\xe5S\x808\xd7\x00Z\xad\x07\xd0\x01't\x86\x0eB\
\xd2V\x98\x18:\x82\xecU\xee\xbd\xc7\xe9\x01\xb4Z\x02\
0ho\xf5\xdbG\xcd\xe8M\xa1\x03\xc8^:=\x80\
\x81\x14\x22\xc9\x19\xfbp\xe8\x08$E\xbe\xa0\x0d\xfc\xaf\
B\x87\x11@\xc5\xb6\x1bga\x90\x9diD\x923\x17\
\xe2}3C\x07!i\x99\xf6\x16`r\xe8(\x02\xd8\
Qi\x838\xa7\x00\x15\x0biB\x06vm\xe8 $\
-\x85\x0f\x85\x8e \x904z\x00\xadx\x0a\x00\xe0\x97\
\xe2+5\xd2,\xef|\xc9D\xe0\xad\xa1\xc3\x08\xa3\xf2\
\xc1[=\x80\x03k\x83\xe1\xabB\x07!I\xb5_I\
\xebNL\x9aF\x0f\xa0\xbdU\x13\x00\xc0\x15\xf8\x92\x8a\
k\xacK\x83\xf2\x05m`\x1f\x0c\x1dF@\x15\x13@\
\x8c\xccX\x18h\xe19AFB\xc7\x00\xde\x17:\x0e\
\x91\x1a\x94\xd28\x05(\xb4\xe85\x00\x91\xbc\xebL#\
\x01\xb4\xf4)\x80H\x8eU>xWN\x006m7\
0\x94F8\x22\x92\xa5\xca\x07\xef\xb8\x0b\x7f\xb6\xe2\xc3\
@\x22yV,\x1f\xbc\x0f*n\x02\xd0i\x80H\xbe\
\xc4j\xb3q\x13\x80.\x04\x8a\xe4K\xac6\xab\x1e\x80\
HsJ\xb5\x07\xa0\x04 \x92/\xa9\xf6\x00\x9ac\xb5\
Z\x91\xd6\xb15\xceFq\x13\xc0\x96\x04\x81\x88H\xf6\
b\xb5Y%\x00\x91\xe6\xa4\x04 \xd2\xc2t\x0a \xd2\
\xc2\xd4\x03\x10iaJ\x00\x22-,\xcd\x04P\xda\x9c\
$\x12\x11\xc9\x5c\x9a\x09\xc0\xd5\x03\x10\xc9\x974/\x02\
\x96\x94\x00D\xf2%\xcd\x1e\xc0\x91J\x00\x22\xf9\x92b\
\x02\xb0\xa9/\x02/&\x89FD\xb2\xd4\x9e\xeas\x00\
\x80\xa9\x17 \x92\x0f\x03\xd8\x8cX\xabzW\x91\x00t\
+P$'b\xb7\xd5*\x16L\xf0\xa7\x80\xfd-\xb1\
<\xba\xbar\x1a\x8dm\x03/\x86\x8eB\x82(\x00c\
B\x07\x91@\x91\xfd\x8f\xd4}:n\x01\x968\x04\xef\
\xbb\x0f8;q9\xc1\x94\xa6b\xb3\x9e\x0c\x1d\x85\x04\
\xe0\xfdc\xc1\xf3\xfc\x8c\xcbb\xacg^\x92\x02\xaa9\
\x058\x90\xed)\x94\x11PQ\x93\x9d\xb4\xac\xc1\xbc\xff\
\xdf'n{i$\x80\x9c\xff#\x8e\xc9y\x02\x93\x9a\
\xd9\xdc!\xa0\xe2\xcc\xb9\x8d+\xf9\xba\x9d\xad\xde\x03\x18\
\x8a3u\xb24\xb5<\x1f\xc0\x12O\xd6\x9bF\x02X\
\x9fB\x19\xa1<\x1b:\x00\x09.\xc7\x9f_{*i\
\x09i$\x80\xc5)\x94\x11\xcaoC\x07 \xc1\xe5\xf8\
\xf3\xeb\xbfKZB\x0a\x09`\xf3=\xc0\x9a\xe4\xe5d\
\xce\xc1o\x0b\x1d\x84\x84V\x98Ot;-o^\x00\
\xbb;i!\xc9o\x03\x02x\xff\x09\xe07\x02\xb3\x81\
q\xa4\xd3\xb3\xa8\x97\x1d\xe0O\x83\xfd\x1b\xd6\xf3\xc3\xd0\
\xc1H\x03\xf0\xfew\x80\x7f\x12\x98B\xf4\x5cK#+\
\x01O\x80}\x0a\xeb\xfeM\xe8`DDDDDD\
DDDDDDDDDDDDDDDD\
DDDDDDDDDDDDDDDD\
DDDDDDDDDDDDDDDD\
DDDDDDDDDDDDDDDD\
DDDDDDDDDDDDDDDD\
DDDDDDDDDB\xf8\x7f\xcf\xd2\x06\x14\
\x0e^\xba#\x00\x00\x00\x00IEND\xaeB`\x82\
\
\x00\x03\x9a\x9e\
\x89\
PNG\x0d\x0a\x1a\x0a\x00\x00\x00\x0dIHDR\x00\
\x00\x02\xd1\x00\x00\x02R\x08\x02\x00\x00\x00\x8a\x8f\x0e&\
\x00\x00\x00\x09pHYs\x00\x00\x0e\xc4\x00\x00\x0e\xc4\
\x01\x95+\x0e\x1b\x00\x00 \x00IDATx\x9c\xec\
\xbd\xd9r#I\xb2%\xa8f\xbe\x00d02\xb3*\
\xefR\xdd-\xd3-W\xa4{\xde\xa6\xff\xff+\xe6e\
^FF\xe6\xf6\xb4\xf4\xad+w\xa9%32H\x02\
\xbe\x99\xce\xc3\x81\x9dP\xba\x83\x0c\x10\x84\xc3\x17\xd8\x91\
\x94*\x06\x08\x02\xe6n\xeaj\xba\x1cUu\xaa*\x09\
\xc7\x80;\xa3\xaaM\xd3\x84\x10\x8a\xa2\xc8\xf3|\xeaE\
\x9d\x03{\x09Y\x96\xa9\xaasn\xeaE-\x0f!\x84\
\xde}s\xce\xa9j]\xd7m\xdb\x16EQ\x14\x05^\
\x9ch\x81\xe7 \x84\xd0u]\xd7u\xce\xb9\xcdf#\
\x22\xaa\xdau\xddBE}r\xa8*\x9e/\x88\x01n\
o\xdb\xb6\x22\xb2\xd9l\xbc\xf7\xcbz\xfa\x92\xea\xb8\x08\
p\x94\xd8[\xa7\xaa!\x04\x08\x86\xf7>\xcb2\xef\xfd\
d\xeb{'\xac\x18\xb4m[\xd7u\x96eeY:\
\xe7B\x08\xdf\xbd\x10\x97l\x8e\xd7\xc0;\x0b\xe1\xc0?\
\xf3<_\x90p\x00\xbb\xdd\x0eb\x9d\x0e\x92\x8f\xc3>\
/\x10\x0f\x1c\xd2m\xdbz\xef\x97ev\x84\x10\xea\xba\
\x16\x91,\xcb\x96\xa5\xf5\x16\x04\x9c.]\xd7\xa9*n\
\xf2\x82\xeesUU\xaa\x9a\xe7yR\x1d\x1f\xc1Pi\
\x00!\x04Z\x1e\xdb\xedv\x82\x95}\x00\xb4G\xa1\xf7\
NWz\xc9\xe68\x09\xaa\xda\xb6m\xdb\xb6\xce9\x98\
\xfc\xf2\xd2\xdc\x9b\xa7\x07\x00\xb1\x80\xd6\xc0\x9a\x13.\x08\
\xeb\xbe\xc0\xecp\xce\xe1\x5c\xe9\xf942\xb5!B\xf9\
\xe4b \x1b\x08i\xe4y\x8eWf(\xc3\xeb\x00\x9f\
DH\x08\x15\x88L-\x18\xaf\x81\x0bN\xbe\xcaE\xc0\
s\xb6\xb7\xdd\xf0X\x10C\x85=:|\xc3\x0c%\x04\
\xe2\xd14M\x9e\xe7EQ\xf4\xcc\xe8\xb7\xd7\x9cl\x8e\
SA\xe1\xc0?\xade7O\xdd\x01\x0b\xba\xeb\xba\xed\
v;\xb7\xb5\xad\x12\x8c\xa2\xfb\x88Y\xddvkv@\
e@\xcdeY6\xabu\xae\x15\xf4[p\xc3a\xe7\
\xc9,\x0f\x15,\xb5\xeb:\xfaW\x09\xa3BU\xab\xaa\
\xc2\xf3H\xc1\x98\x15z\x0e6\xc4\x03\xab}o\xdcn\
1Q\xbei\xc1\xc4\x0aL~\xe8\x0e\x98\x1a\xb0B\xe6\
&%\x10\x8b\x10\x02\xd2lS/\xe7&\x90e\x19r\
+\x10\x0f\x9a\xa7\xf3\x81\xa5(!\x194O\x05\xb7&\
X\x07\x17io\x11i\xdb\x16Q\x84I\x97v\x1c<\
QRp\xf4j@\xf8\x5c\xa2\xdf2\x14\x8ciE\x05\
\xf9A\xfe\x8c\xf8(\x84\x19\x14\xa5w}Z\x8as\x9c\
\x04\xcb\x1f\x0c\x116L:!\x86~\x12s\x84sX\
\xdeM\x01\x0fg\x08\x01\x8f\xd50\xcf29p\x9c0\
f\x8e\x94\x8a\xcc\xcfh^\x0d\x86\xb7\xd7f\xf1\x87\x81\
\x84i\xb7\xa3GlLRqM\x80\xf7\x83\xd3\x1d\xaa\
{>\xb9{,\x00\x94yUE>\xe5\xbc\x84lJ\
\xd4\x9d\x04\x9b\x0b\x874\xd0SA@l\xf2\xb5I\x8c\
\x99\xd3$Jq\xd1+\xc3\x8a\x07tw\xd34\xb3\xa2\
g\x92\x0dm\x8b\xb0&Wg\xb7\x00{\x93I#\xad\
\xaaJ\x22\xb7\x86\xb6\xe9\x84{\xc1\xf4q\x22\x8dN\x02\
\x08\x06O\x16\x92\x8e\xa7^\x97\xc8K\x06\x18O\x96\xf3\
b\xfc)\xce\xf1n\xe0\x5c\xcf\xb2\xac\xeb:24\x11\
\x19\x9b|a\x90W\xe7\x5cY\x96\xc9\xe0\xb82z\x1e\
j\x08\x01\xb4\x7f\xec\xc5\xe4\xe7:\xf2)\xcb\x22A\xaf\
\x00\xccg\x89\x08jh\xf9s\x08\x01\x9b\x02\x13p\xf2\
\xd3\x05u\x8f3\x11\xd7[\x83%wC0X14\
\x07~7\x18'\xd0f\xc8\xa7\xc0$:\xe3\xa3\x92\xcd\
q&\x90[a\x9d\xa4\x88\xf0\x98\x07\xb9fT\x119\
\xca\x82\xa6c\xfd\xae\xca\xa5\x84\xf1`\xeb$mv\x9c\
\xfe\xc1H\xdbd\xab\xe4\xa1\xad\xa0/D\x84)\x951\
\xbe7\xe1\xbd\x80\xee\xae\xeb\xbaG\xc7\x83\x84\xe0\x9f\xa3\
\x9e7\xfcp\xb8\xb0\x9b\xcd&\xc9\xc6\x1c@\xd2U\x96\
eh\x9c\x83\x13\xe7\xca\xbb\x83/\x85\xfb$\x22eY\
~<\x00\x96l\x8e3a\xab\x00\x10\x90D\x80t\x12\
\x85ny=sp\x98\x12\x08\x88\x07\x9an\x91)\xc6\
_\xc9\x98\xb1t\x8ah\xd7u\xe8\xdb3C~I\x82\
\x88X\x05\xc2\xcc\xcbk\xd5\x95c|;\xbc\xa6D\x1a\
\x9d\x0fX\xa0\xd0\xf3X`\xa4\x8ej|\xf4\xbe\x02\x0c\
0\xb9\x9cx\xa4\xc3\xe9Lp\xcb\xc1$\x1d\xd6\xb3\x5c\
\x0d\xb4\x88\x17\xda\xb2l\xdd`=\xaa\x98\xa3\x85\xbf\x1a\
\xfb\xdba\xf14M\x835\xa4\x98\xf9<\xc1\xad\xc1f\
A\xc5[\x0e\xd9Ep\xf4\xa3\x10\xc6\x87\xbb\x92\x0c\x8e\
\xf9\x00G>\x9c\x04V\x12A{\x5c!\xdaAQ\x81\
\xbb\x02\x8a\x8fm*\xf3\x11\xa48\xc7\x99\x18F\xba\xc0\
\xdcl\x9aFb\x9f\xe3\xeb\xac\xa4\xeb\xba\xaa\xaa\xde\xd5\
}6\xe1:\xe8\x11&\x18E\xb7\xee\xec\xa8\xe0\x01\x96\
b\xe6\xf3\x07\x0dD\x90|/N\x11\xeb\xa9,\xf6\x0b\
A\x1f\xc9\xc5\xf5e\xbf\x05\xb0Z\x84y\x96a\x03\xae\
\xf1\xbe\x17)\x15\x04\xefi\x8f~\x5cH\x129\xf9L\
\x0c\xbd\x10\x9c\x22|\x92G\x22U\xd8-\xa7\xe5K\xaa\
\xd1\xc5\xbf.\xe1\x83\xe0~A\xddCB\xc6\xe6s\x00\
\xac\xbbK=Z\x16\x01\xf8\xb5\x22\xc2d\xdce\xe3R\
\xf6\xac\xe2\x9c\x1d\x1a\x1c\x92x\xc43\x83\xcdq\xe4y\
\x8e\xb3\x06\xa9\x96\xb13\xa4\x08\xb9\xb1\x85\x8f\xadR\xf9\
\xb8\xc5\x93\xe2\x1c\x1f\x82\xbd{\x94\x0fU\xdd\xedvc\
x*b\xf4\x02\xdb\x8cz\xefA2\xba\x02w5\xe1\
\xbd`\xd9\x02-\x0c\xdb%}\xbch6|\x14T0\
y\xef\xad\x8f\xcb\xc2\xab\x91\xbe:\xe1\x83\xb0~\xedH\
\xf6\x22'908z\x85\x93,\xe1tX=/\xf1\
\xa4G\x95\x80\x88\x8c7p\x94\xfa\xaa\xaa\xaa\x10\xc2\xdd\
\xdd\x9d\x18.\xb3\x5c\x22#\x9cl\x8e\xb1\x80=\x83\x91\
\xd8\x0bi\xca\xb9;g\xeb\xa90_\x87\xbd/\x13\x16\
\x04F\xd1\xbb\xae\xfb\xf4\xe9\xd3Ed\xc3\xa2\xaa\xaa\xb6\
mA2O\xa7\xc8B\x81D-t\x08\x9eq\xfb\xf8\
\xbfw[ih\xdaR\xbb\xc5\xcd\x15K \xb7\xa3\xeb\
\xba\xbb\xbb\xbb\x8b\x04\xa8l=\x04L\x9c\xfd~\xcfz\
\x19\xb94\xf3,\xd9\x1cc\x01\xf4\x0e\xcb:\xbe\xd4\xce\
Qe,nLe\x02a\x83\xdbd\xfe^\xc4\xe6`\
\x92>\xb1\x02\x97\x0e\x9b\xa8\xb5O\xfa\xd9\x9c-6~\
\x98U\xab\xba\x84w\x019S\xb6+\xfdxs\xbf^\
(\x85)\x95\x91\xc4#\xd9\x1c#B\xcd\xb4\xdf^\x9d\
\xe4G>\x13\x11\x14\x86\xd7\x92#\xbbP\xc0\xab@\x88\
\x1b\x12rvp\x9b\x5c3\x9b\x85M'\xca:P\xd7\
5*\x8f>N\xdb\xaa\xaa\xaai\x9a\xa2(\x12\xc5g\
\xd1 !]D\xd84\xf6lK\x94\xf9\x14v\xbeg\
\xe3\xaf1\x84$\xd9\x1cc\x817\x96\x0d<>>n\
T\xe3\x80i6\x02IU*KG\x17a\xd9|\xef\
\x05\xb4C\xd34\xe8#\x99\xd2m+\x00\x1fm\xba.\
|\xf0\xcf\x08_i\x1c\xfa(\x22\xd7\xa9}H\x18\x1b\
\xb6\xca\x09\x22\xf1\x11\x13\x01\x11\x0e1\x06\x07\xbd\xe5\x8b\
\xadXD\x92\xcd1\x1el\x9c\x1cf\x07\xfa2\xbd\xeb\
\x81\xefU\xa9\xa4i\x08\xeb\x83\x9a^\xa5g\x13Km\
\xa6\x06\x93K\x13V\x80\x9e\x0e\xe1\xf4\xb5SN\x02\xab\
:\xc87O\x05n\xab\x01\x83\x13\xe8\x08u\xb6\xea`\
9\x0cK\xa5z}8..-\xc9\xda\x1d\x0bv\xab\
P\xec\x84\x9f\x11\x16;\xf1C\xf8N\x1e*C\x99H\
X\x1c\xac\x0c\xe09\x87\xa7\xc24\xedko~\xed\xd3\
\xd8\xf8\xab\xd7\xe74\x09\xc9\x12\xd1\xab\x86\xa3\xe5\x81R\
\xb8\xf72\xc3\x18\xe1H\xa3bW\x06\xc4\xbd\xd0\x94\x81\
\xe3\xac\xcfx\xe49U\x0e\x09Y[\xc9\x9fr+\x8b\
\x07e\xa2\xd7\xdeX\x8e\x99\x93\x96\xa6\x8efp\xe3\x95\
H%L\x05K\x1a\x97\x81{\xe1\xbe7k\x9e\x9d\xe8\
\xce8\x8d\x12\x16\x87\x9e\xba\xb6\x92c\xb7\xbe\xa7:0\
\x0b4e\xdcV\x066G`\xbd\x09\x8e\x95\xefJ\x85\
\xfd\x10N\xe9\xbaZ|4\xd9\x1c\x13`hj\x1c\xb5\
E`\xc6\xb2d.\x19\x1c\xabD\x8f\xa8uJH\xd3\
f\xfa\x193O\x15L\xb7\x00\xeb\xc8\xda1~b\x04\
\x06\xef\xc1?ip\xa4\x94\xca\xfap\xd4\xaaxc\x97\
{\xba\x05r\xb2\xdf\xef\xafl\x8f&\x9b\xe3z8z\
\xbaPnz\xb2\xc2}a\x8d~\xf2bW\x89\xa1T\
P0xx0\xe6\xc1\xa6s\x12\x89 d\x05\xda#\
'\xc9\xc9\xba\xa1\xb1L\x09\xad\xde\x86\xb6&$\x04\xac\
\xc04hz\xdd\xe8\x91~D\x04I\x16fiY\x13\
'\xc6@\xe95\xa2=\xaf\xe9\xcbyH~\xf3\xf5\xd0\
\xcb\xe2K\xf4Bd0a\x9c\x1c1\xf0zHKN\
\xc7\xc9\x8a\x01\xf1\x80.p\x06\xbd\xf4\xaa\x8b\x0d\xd4)\
9\x96Q\x98\x5c\x88U\x82\xdb\xca\x1fp`p\xb2#\
\x1d\x12\x1e-\x10\x9bD\x1a]=h}\xd2\xce\xb0a\
r\x17\x9b\x99B]0\x81\x82\xbfRU\xbc\x02}r\
\x1d\xb76\xc59\xae\x0a\xa8\x09Z\xa0\x90\x03\x89&\x08\
D\x84\x9d\xbe\x86\xb9\xfcds\xac\x15!\xc2z$=\
\x9e\x07\x0151\x9c2xJ^&a\x89\xb0\xf6(\
\xc7\xe8\xc8\xcb\x8d\xa6\xde\xe0\xc9\x91\xd4\xc5\x8d\x804a\
\xd8\x19\xec\xf6F\x83\x83F\x09\xcf\x17\x89v\xc6\xc7[\
\x8a\xbd\x17)\xceq=0\xf0\x85\x9e\xf9\x10\x0e\x06\xcf\
)18K\xf0'=!H\x1ad}P3\xa6G\
Dp`\xd0/\x91\xe8\xb9z\xefQk\x8d\x82Iy\
}\xd8R\x12\x92U\x02R\x81~\xf9\xce\xb9\xb2,!\
9\xde{\x16:\xe2\x7f%2~\x92$\xac\x1b=\xfa\
\xb9sn\xb3\xd9\xc0<\x85\xf6\xb0f\x04D\x05s\xad\
\xf9+K\x10\xbc\x9a\xb4$\x9b\xe3z\xb0\x9b:tg\
\xe5X\xf2%\xe1\xd6\x80\xbc\x89\xbc\x0c\xa7\xd3\x0c\xe5o\
\x8f\x22\xc9\xccZ\xc1t\xbb=*\xac\xea\xb0\x01v\xda\
\xaf\x097\x05\xcb\x0c\xb5\xc1QyI7\x9e\x5cK$\
\x9b\xe3\xda\xa0\x10\x14E\x01J9\x1c\x14\xd2\xbe\xde>\
W\x12n\x10v,K\x92\x8d\x9b\x85U\x1dM\xd3\xb0\
_\xa4\xc4\xe1\xe3H\xc9O\xbd\xcc\x84\x19\x81FF/\
\x0f;!Rq\xdd4pf\xc4\x06!\x224>\x12\
\x12zH\xa5\xb0\x09b\x0e\x0f\xff\x12\xec\x0a5\xf5\x02\
\x13\xe6\x05K?\x9fz-\x22)\xce1\x15\xd0\x8d\x98\
#\xbeH\x0d\xa3M:\xf5\x02\x13f\x04P\x7f\xa6^\
E\xc2,@\xae\x0fc\xa2|e>\xe7J\xc2\xdc0\
\x1f\xd9H\x9e\xd3\xf5`\x8bPhmp\xb2\x0e\x93\xb5\
\xa9\xb9S\x82\x05\xf9\x80\xc9\x8b\xbdY\x0cUG\x9e\xe7\
\xf8\x81%-\x1f\x9c\x1f\x99\xb0>Xv\xe0|\x04#\
\xc59FG/\xa3\xc6*\x95a\x1a\x85\x9a%\x1d-\
\xb7\x03\xea\x02\x141q.\x06S\xf54@Q\xa1\x90\
z\xd1\xde hqBH\xea\xba\x1e\xaa\x88\x10\x02\x8b\
\x9e\x92\xd3\xb2>Xj9\xcf\x11\xba\xa9\xf0]\xd1\x8b\
\xc5\xbd\xde&n\xbb\xddN\x1eJO\xc7\xdbX\xa0\xa9\
a{:i\x1c\x03(\xaf\xdb\x16\xbd.O\x09+\x03\
\x1c\xd3!\x93\xdcN\x97\x95\xd7\xdb\xd4\xf6*\xdc\x12V\
\x0c\x96,QBlqJ\xef\xcd<l\x92\xc1\xb1J\
\xd8\xc3\x82\xbb\xcf\xc6\x80G\x9d\xd8!h\x94\x8c\xb7\xce\
\xef\x22)\xafq\xa1q\x025\x1a\xda\xdb:7y\xa5\
kd\xb26\xd6\x0d\xbb\xe9\xf4NP\x93\xe2bs\xc0\
\xde\xdbhy\xa4\xfe\xf77\x05;\x80^D\xc8\xe9I\
z\xe3faw\x19\x8c@\x1a\x9a\xe0\x05\x9e\xfe\xe72\
Q\xe9l\xb29F\x84\x1d@\xcf\x17\xad\xb51\x94\x00\
\x99G\x09u\xc2x\xa0\x1b\xda4\x0d\x06\xd0\xf3Wo\
\xb8 G\x05&a\xc5\x80=:\x8c\x93\xbf&\x09I\
BV\x0fn.<\x134\x09D\xe8\x02\xaf|7\x02\
j\x0f\x97\xa9R\x1c\xc9\xe6\x18\x11\xb0C\x87#\x0f\x86\
\x8el\xc2\xad\x01.,FHS6\x98\x86\xc3?\xad\
\xcc\xb8\xc1\xc4\xea\x84\xb5\x02}$a\x8f\x16Ea\xb7\
\xdbv\x8a\x1b\xfeU28V\x0ck+\xd0\x95\xb5\x81\
\xcfS\x88\x80s\x88s$\xe55\x160ZEb\x0a\
\x0d\xa5\xb06=\x7f\xf4\xe4\x98<\xd9\x96p\x05t]\
W\xd7\xb5sn\xb3\xd9\xd8\xed\xee\xa5W\x00+6\x89\
\xe8s\x0bP\xd5\xa6iT\x15\x06\x87\xed,I\xf2\xe0\
\xf0\xaf\x92l\xdc\x08`s\xb4m\xbb\xd9l\x10\xd8\x18\
\x8e^\x9a3\x12\x87\xf4b`\xd1\x81|x\x00=\xa2\
\xeeeY\xe2\xcfS{\xc1u\x00Q\x8a^\x92\xfe\x0c\
\xf1\xc0'\xa03)SuK\xd18\x09G\x01\xd5\x01\
\xfaW\xd34\x18@oGc\x9c\xf8!vR`\x1a\
F\xbd\x02\xd8\x82\x03\xe7\x5c\xdb\xb6H\xa9l6\x9b3\
>\x0d\x07\x13U\x07\x0f\xack&\xe6\x92\xcdq\x19p\
\xcfP4/\xb1K \xcd\xcfw=\xf9\x1c\xe6\xe4\xbd\
G\x87cY\x9a1\x9b\x00\xc0\x12\xa5\xf6\xdf\xef\xf7\xce\
\x0c\x1f?\xef<\xb0m\xa0@>\xbd\xfc\xba\x13\xae\x08\
\x8dCR\xea\xba\x968\xe7\xefl7\x03V\x8b\x88\x14\
E\x01\xbb6\x99\x1d\xeb\x00|Qn\xeb\x19{J\x8a\
\xa1s\xae\x97\xb6\xbb\x1a\x92\xb6\xba$z\x996\x1b\xed\
<\xd1\xb6c!%\x82\x1cj\x86\x14'\x83c\xa1\xa0\
\xd1\x89\x13\xc5N\x1b?oCq \xa1@\x0e\x8e\xcb\
e\x17\x9cp} \x9f\x02\xd2(L\xd2\xb3?\x8ai\
~\xb0P5M}[\x05p\xb2\xd8\x10\xc5\x19\x1f\x82\
?\xcf\xb2\x0c\x84\xa1a\x83\xa8+\xc8I\x92\xc5\x8b\x81\
\x07@Q\x14\x1f\xa9i\x84`\x913\x08\x9b\x03&\xc8\
e\x17\x9cp50f\xbe\xd9ll\xc0\xfc<!\xa1\
\xdb\x8a$\x8b-\x96KV\xe9\x12\x01{\x14\xbe\xca\xd9\
\xde\xa7\x0d\x8f\xe3g\x181eY\xa2ii\x8a\x87-\
\x14\xc8\x97\xd5u\x8d\x08\xc7\xc7\xd3\xa90p\x11(E\
\x1c\xfd\x8dj\xca\x8b#\xd9\x1c\x97\x01\x0c\x0eT+}\
\xb0eSO\x98z\xc9\x9a\xa48\x16\x04\x1b3\x87l\
p\x07/\xf5xsR\x0f\x07\xcf^`\xdd\x09\xd7\x05\
\x0e\x00\xd6=^\xeac\x19veg\xdbK}r\xc2\
\xd5@w\xc5\x1a\x1c\x17\x01\x88\xa8\xe4\x1d\xda\x19\xc5\x97\
\xfa\x8a\xa3H6\xc7\x05@\xbd\x8f\x08\x87\x5c\x22\x81\xda\
\xdb\x17z\xb4\x96Y&\xa9\x1c\x7f~\xb0[\x8f\xf8'\
N\x94<\xcf\x8b\xa2 \xb7\xe3\xe3\xdf\xc2f\xa6\xb4w\
{ay\xdb\xd24\xc9\xc9\xac`\xb7\x06\xaa\xdf\xfa*\
\x17y\xb4\xf9\x154h\xec@\x96$\x12s\xc3\xd1\x1d\
!\xfdBDz5ng\xc3\xd6\xdb\xc3\x1db\x1d%\
^d&n$\x09I6\xc7G\xc1\xd6=\xe7\x11\x89\
\xdf\x86\xe5\x8d\x92Uj\x09\x01G{\xbc$m2\x15\
X\xbb\xe4\xcc8\xae\xae\xeb\xe0\xa3\x8c\x1a\xdf\xa6\x1c2\
\x9do\x1f\xed$\x12\xf3\x01\x1fj\xb8\xb0\x96\xfeu\xc1\
o\xb1\x9a\x01f\x8d\xaa\xf2\x8b\x92\xcd17\x0cw\x04\
\x19\x10x)\x97\x8dp\xf4@\xd5a\xbb!\xe3Wc\
|i\xb29\xce\x04D\xc4\xb6\xee\xb9\xc23\xcc3\x0c\
\xbd\xa4$\x96\xd8\xf5V5\xf62\x12^\x03\xc2\x0f<\
QX\xa5r\x9d\x09)8\xc30\xe2\x1c\xad\xc6l8\
$a&`Yl]\xd76)f\x9d\x87\x8b?\xc5\
\xe0\x04\xc0\xf2 \xa9(an\xb0\x0108\x99\xacR\
\x19\xf5K\x11\xa7\x874\xe2d\x19\xef(I6\xc7\x99\
\xb8Z\xae\xb4grB8\x90g\xf9 \xbf=\xe1\xb2\
\xb0\x01Ip\xbe\xd0\xd6)\xcf\xf3\xab\x9d\xfd<W\xd8\
\xa1!\xd9\xa0s\x03\xf3)\x08J\xf5HZ\xa3\x86\xb5\
\xe1\xb1\x88\xa9m\xb9\xce\xf7&\x9c\x0e\xe8\x0a0-\xc6\
\x08\x80\xf5`[t0\x83?\xea\xc9\x92\xac\xdd3A\
j'|\x94\x91L7\x8d]\xd2Y\xc5\x04f{\x96\
e,\x84KV\xe3\xdc@\x95\xc1\x08\x07{\x89\x8e\xf7\
\x8d\x1ag\x90\xa2N\x01\xadN\x91\xbbM\x1227X\
\xd2h\xefD\x19\xb5\xf8\x08\xa4\x22\xfa\xd0v\x12i\xb2\
6\xe6\x03\x06\xb3\x11>\xbfN1<\xc8\x82(\xa3\x85\
g;\xd6\x17%}t\x1e\x9e\x9f\x9f9\x0et\xbco\
9\xba;\xbd2\xda\xedv+Ie\xcc\x06H\xb7I\
4F\x99g\x91\x91\xf7\xa8wx \x18\x06+$\xd5\
\xb3\xcc\x0a\xfb\xfd\xbe\xc7\xe8\xbc\x02XB\x853\xcc\xc6\
hS\xact&\xd0\xd8\xebo\xc8\xe1\x185i\xde\xcb\
\x083V\x0a\xa3\xe7\xe2_\x97l\x8ew\x03\xddg\xd9\
\x98\xfc\xca\xdf\xde+\x8b`\x0b\xb2\xd7HF\x89\xe11\
6\x10*g\x97\xfa\xaa\xaa\xc0\xefAK\xb7\xa9n>\
\x9ek\xba,\xdb\xed\xd6\xea\xafD\xf2\x98\x04\x10\x0f\xd0\
)&\x11\x0cK\x17\x80\xf6\xc0\xd1r\xb4d&5>\
\x1e\x0fv#\xe4eB\x16\xf5\x8f\xa3\x92F\x8f\xaeG\
\x8cSDz\x87\x88\xf4\xf2,\x1f\xd7i\xc9\xe6x\x1f\
\x10\xf5RUD\x17&\x87\xc6qP\xaf\xe5\xef\x93\xcd\
1*\xf8\xacZ\xff\x80\xed\xea\xe7\xb0*KJ?Z\
\xee\x94p\x1d\xb0xd&\xaaC\xa2I\xcaz\x96$\
\x1bW\xc3\xf0&\xdb\x0eO\x93\xd3\xb0\xe0\x96\xb0\xf1\x0f\
g\xf7\xc8\xa0j\xe1\x0c\xa4Y\xf6\xef\x00\xb4\x06\x99\xbd\
s\x00\x92p(\xa9\x22\xe1#\xa9\x8c\xeb\xc0\x06\x0c4\
V\xbaOnpX0\xb1RU\x15\xe8G\x10\x8f$\
!W\x06\xe9_\xf3Q\x1d\x12\x85\x81\xcc0\xf8\xd6\xa9\
\xdc\xe9\x0a K\x037\xd9\xb6\xe7\xbaN\x8d\xdb\x1b`\
\x9e\xc5\xa6\xe1\xe4\xcd\x99\xc6\xefB\x8as\x9c\x8a\xe10\
\xcf\x99\x80\xfcA\x98\x1d=Fz\xf2Z\xc6\x03\xef-\
c\x09\x1c>\xcel\xcbT\x0b\x93\x97\xf4\x11\xe6\x89e\
\x10,M\x18\x1b\xf4U\xe6\xd6\x0c\x94$\x0f\x8e\x1b\x85\
~\x93\xa47\xae\x88\xb6m\xab\xaa\x02\xbdw\x0e\xadS\
z\x0b\xb0\x95\x926\x0dw6f\xf4\x00\xcc\x19\xb6\x88\
\xc8\xcdo`\x124\x05D\x96=<R\xf1\xdb\x15`\
\xeb\x1e\xed\xa4\x8cic\x09\xc3og\x13\x08\x8d\xad\x94\
\xa7Z\xdb\xad\x01\xe2!\x22\xb6\xbd\xf4L\xe0\xe2\xa0A\
\xd2\x8fh\x98&\xbdq\x1d\xd8\xc6\x07\x8c\x98\xceJH\
8\xacT\xcd8\xeb\x8f \xd9\x1c'a\xb7\xdb\x89\x08\
#\x1c\xf3| !\xb8\x12-\xa4\xb1\xeb3\x13D\xa4\
\xaek\x90FmJ\xc5}`\x10\xf9\x05\xd1S^\x10\
\x0f\x10\xd1\x93\xcdq5TU\xa5\xaa\xb4G\xe7\xa6:\
X\xb3\x80\xa8\xbe\xaa2\x0d\x9706P\xe3\xe6\x9c\xdb\
n\xb7p\x17E\xa4\xd7\x09t\x0e@\x0bJ\x8a\xc7\x07\
?m^\xd76\x1fX\x16\xde~\xbf\xb7\xb4\xffE\xa0\
\xaa*\x14\x5c\xb1A*\xc9b\xcb\xba\x90\xf9\x00\xe9\x12\
\xfbJ]\xd7l{?\xab\x98\xf9)\xf8\xfa\xf5\xebf\
\xb3!\xbd\x00E\x0ab$?\xc9\xc9\xd9`I\xean\
\xb7\xdbn\xb7s0@O\x04[w\xd8\xde!\x94\xfc\
\xc9\xc3\xfe\xeb\x00\x9e5\x84\x1bY\xe36\xf5\xa2N\x02\
\x94\xc3\xd7\xaf_\xef\xef\xef\xd9yH\x8c%}\x8ax\
$\x9b\xe3U\xa8iw?F\x99\xf2\xa8`\xb1\x93\xaa\
r8P\xea\xff\xf3q0\x05>\xde\xa4\x8c\xeb\x00\xfe\
\x8a\x8b\xf3Y\xf8z\x12\x92\x8b\x80)\x154\xa1\x9fz\
9\xef\x00\x94\x06\xa2\xe8\xa44&V\xe9\xc7a+>\
\xd0\xa4X\x96F\xae\xc2\x9a\xd9\xcd\x96\xc1\xdd\xa1\x15\xf1\
\x86\xcc'\x19\x129v\xcbXd(\x22\x0b\x92\x09\xc2\
\x0es\x02#Z\xa2\xf3z\x9d\xaev+\x06n)\xaa\
T\x96\xdbn\x0b\xfa\x02\xd1\xdd^?\xcae\x9d\x913\
\x04\xabT\xae3\x86\xe9\xb2`\xb32\x1a\xd6x}q\
\x172+\xd8D\xa7e\x80-\xebp\x81r\x80\xd2c\
SJ[\xe7r\xd2\x87\xa48\x87\x0c\xa6\xb3\xb2l\x9d\
F\xe8\x12\x9f7\xda\x168\x1d\xad;\xbb\xc4\xcb\x99\x09\
P\x13\x0b\x9f\xcf\xd2\xbe\x96xK\xad\xa8\xb3 k\x89\
\x172+p\xee\xe3r\xedQ\x8d@\xb4\xe3j3,\
o\x01\x18J\x80\x93\xc5\x92F\x17'*\xb6\xe1\xf2\xbb\
R\xf6\xc9\xe6x\x81\x9e\xc1\xc1\x94\xd5\xe2\x04B^V\
r\xd2\x1a]\xae\x1e\x9c\x03lJ\xc5V0-Z\x1d\
\xb3\x95\x99,-\xd2;C\xd0\x85]\xf4\x83\xa6\xa6K\
&\xb4\x07\xfb\x0d.Z\xd4\xa7\x02\xef\xa7\x8dp\xf4\x88\
\xa2\xb3\xbd\xb1C\x157\xbc\x1c\x17\xa7\x15\xca\x09\x0e\xd8\
R\x9f\x8a\x91\x00\xd3^\xcd8\xd0\x8f\x97\x06]\x1f\xfa\
\xb29&\xab\x15\xc8\xf0\x98z\x81\x8b\x04\xabL{=\
Z\xa8\x9d\x97\x95\xb4b>\x85,\xb6\x101\xf5\xd2\x96\
\x0az,\xa3\xce}\xbc\x02\x5cl\xc5-\x22\xd0\x84M\
\xd3\x80\x96>\xf5\xd2\x16\x09\x8d\x83\x08X\xc4D\xe5\xcc\
\xc4\xc4\xd4k|\x07\x90\xa0GE\x02H\xe8M\xd30\
E\xfb]M\x98\xe2\x1c\xdfNh8|m\xdb\xa2.\
h\xeau]\x0c\xbc@\x98\xa5m\xdb\xa2\xce\x82~\xd8\
BS\x03\x1f\xc4w\x9d\x0c\xa6`\xa1 v\xbb\x1d\xf2\
Ssk\x0aw)0X\xdak4\x82\x1fnSH\
\xbe\x0b\xcb)n\x9a&\xcf\xf3Yu\x1a\xbd\x14X\xcf\
\x02J\xac\x95\x84[\x93\x8aw\x8565\x0e\x06\x87\xee\
\xa5\xf6X\xd9Mc\xe3v\xa8\x8e\xb7\x03\xc0\xc9\xe68\
\x00w\x8d\xf3u\xa6^\xce%a\xb7\x9fC\xbflv\
`\x89\xd9\xc4\x8b\x80yk\xe7\x9c\xb5\xc0\xe8|\xf0D\
A\x13\x0e\x1bB\x5c\x1f\xe8\x8d5M\xc3*k{7\
\xa6^\xe0L\x01\x8a\x0f\x1bW\xaf\xe9FYC\x13z\
\x83\xb2\xb1\xd6\xa7\xe0\xbb8\xd1\xe6\xb0\x13\xf2\x10\xde\xb0\
*wMB\x22/U\x07\xe2\xa6oPU\x92\xcd!\
\xf2r\xbe\xce\xca\x0c\x0e\x19<$\x1a'\x83\x88\xe91\
7\xe5\xfa\xa6\xc6\xf0\xfe\xf4\xfe\x09\xda\x17z\xb4\xac\xfe\
^\xb1K:\xd3\xb4\xb7p\xd5'\xe2hn\x1b\xbe\xca\
ZUG\xefb\xeb\xba\x96Xb\x9dT\x07\x80F\xa2\
\x12\x87\xa7\x00\xfar0\xc2\xa29\xc5\xa7\x00\xe6\x05\xd8\
?\xce4e\x1e\xb2!o\xdd\xe6\xd0Xp\x8c\x94\x0a\
\x1a\x00\xaf\xcc\xef\x1f\x9a\xd5\xe4B\x92\xecvk\xba\xa3\
\xf7$\x0c\xbdyF8\xd0\xf8\xab,\xcb\xc5\xf5hy\
/\x90\x88\x850\xc0\xccr\x0b,\xe7\x1b\x15\xfa\xb2\xc0\
\x0dY\xed\xb6mip\x0c\x1b\xc7-\x1aGm,V\
\x02\xcfp\x82\xcc\xf5\xd1\x13\x09\xfc\xc0WPT\x8f\x93\
\x85oX\xdf\x1d\x83T@\x7f\xc2\x81w\xce\xbd\xd6\x99\
\xe6\x16m\x0e\xcb\xca\x1e\x0e\xcbXA%\xc2)\xd08\
[\x01wc\x95I\xe87@\x9b\xc3\x0e?\xf3\x116\
\xabB\x8a\x83\xac]*z\x1a\xd3\xce\x93LG\xcb\x10\
LS\xd2,[\x9f\xeax\x8d\xf3\x04\xae1.\xff\xee\
\xeen\x8a\xa5\xcd\x02\xcc)8\x83^\x84\xc3\xb6\x0d\x5c\
\x9fCKX\xdb\x8b\xb2qt&\xdcm\xd9\x1cC\xad\
J\xe6\x0b\xcbb\xd7\x1aI>\xaa\x10)\x1c=\x97\x85\
'.\xfe\xb9\xca\x1b\x22&\xa7F\x0b\x9d\x0f\x89\x8b\xc4\
r\x06\x81\xd6\x97\x85=\x0a\xab\x16arAo\xder\
\x0a\x1f\xb0O\x10\x1b\x22\xb1I\xf1ZUG\xcf\xec\xe8\
9l\x88\xeb\xe0\x19\xe9\x85C\xf8'W^\xf0eq\
\xf4\xa9\xc7\x8b\xbc|\xe4\x9b\x90=A\xa4\x1coc\xcf\
\x85\xb5\xda\x19CX\xf1\x186\xd1\x07\x1c\xe7,\xac\x1e\
\xf61\xb0\x11\xc2\x8b\xcc\xe7]4B\x08UU\x0d\x85\
\xe35/gqx\xcd\xdeB_\x0ah\x8a\x10B]\
\xd7\xbd\xb2\x94\x1b\xb13\xde\x80M\xc3\xc1c\xbb\xf1\x1b\
\x22/G\xc5\xde\xb8\xea\x10\x91\xfd~\x0f\x0av\x8f?\
\xbb\x1a\xb3\x03\xd0X\x81B\x0di\x0byh\x80R\x1e\
\xd6\x17\xf4z/^\xcb\xe0\xdf\x8a\xcda%\x80\xde\x1b\
\xb2\xb07b\x81\xbe\x01X`H\x22\x0ckAW\xf0\
\xf0\xd8\xd6\xef\xf6\x95\xfd~_\x14EQ\x14h-\x8a\
\x17{\xd5\x07+S\x9d\xe7\x01\x06\x19\x22\x827nv\
@u\x90\x12x\xcb\xb7\x02\x80\x05f\xeb2\xf8\xab\x15\
\xa8\x0e\x00\xc1?\xfe\x9ce\x19\x8b\x1c\xbd\xf7\x9c\x92\xc1\
JQ\xfb\x87\xb2\x8a;p6X\xd5E\xd5\xb1\xaa\xca\
\xae\x13\x01\xe3k\xf5D\xe2\xd3\x01\x17V_\xf6`\xe5\
\x09\xedf6X\xf9\x0c\x0cw\xd9^\x9d\x88\x80\xd3\x83\
\xac<\x03\x1e<\x5cS\xb4\x03\x0f\x8b\xc4\x145\xa6\x06\
\xde\xe0m\xc1\x03B\x82\xcb\x0d\xde\x81!\xf0\x98@o\
\xa0T\x92\x0f\xce\x0aT\x07`u\x05HN\xc8J\x97\
e\x19Bx||\x84+\x8f7\xf7Z\xc5\xdf\xb8\x90\
\xe0\xceh\x9c_V\x96\xe5\xfa\x03\x83\xbd,,.~\
\x05\xc32.\x0e\xdc\x10hUT\xe1\xaf\xcf\xa3\xd5\x88\
^xo\xbb\xdd\xc2}\x91\x98s\xe1\xd1\x22\xb7-!\
||HxBH9\xcfs\x04\x93\xa7^\xe0\x95\x00\
\xb1\x01!\x9f\x1d\xe2\xd7q\xa0~\x1c`^\xa3+\x1a\
\x8ed\xb6\x1c\x5c\xfa\x83C\xf9\xe7\x85`\xeb\xe1\xa4\xe1\
\x11xxx@vIU\xab\xaa\x02\x89\x01\xaf,\xfd\
\xf2?\x02\xde:\xeaU\x88\xc7J\xec\xd07`\xb9]\
$\xc4\xb19\xf1-\xcb\x84\x85\xe5\xfe\x90\xe8\xb0\xa6:\
I\x9c\x19 \xcc\x82\x19\xca6\xf0H\xaf\xe0\xaaa\x8c\
2\xd4Q\x14\xc5\x8a\xa9\xe6o\xc3\x8a\x84\x18\xfe \xd9\
\x0c\xab\x1f\xce\xa2/;b\xdd\xc8U\xbf\x17GU\xc7\
{\xe7~\xcd\x16\xc3\xe3\x03\xaa\x03\xee\x99s\x0ee;\
\xf6m\xe0v\xdcr\x10\xfd\xa8\xea\x90\x18\x1cr\xbb\xdd\
\x0e\x91R\xbc{\x05\xeck\xe6\xde\xec\x85hl\xdd\x93\
f$\x9e\x02$\xe1`\xb0\x83$\xd5\x13\x8cY\x99k\
\xd8\xf1\x1e]\x03.\xc8P\x00P\x15L\x1e1\xdao\
@\x8f\xe0\xb7\xdb\xed\xd6{\xbf\xdf\xef\xbd\xf7x\xf3B\
\x87\xfc]\x1c\xdct\x96\x89\xf6\xe6 \xae {m\xb5\
\x87\xedV\x02\x83\xe3\xb5\x96\x03\x09\x84\xadu\xdal6\
\xb2(N\xc3kj-\x84\x00\xaalY\x96\xac\xe9\xdb\
\xef\xf7\xf6\x11@v\x09EL]\xd7\xad\xc9a\xfb8\
\xa8BU\xf5\x90\xa3]Y\xfd\xbdM\xbf\xc9\xcb\xba\x9d\
dp\x9c\x02\x17\x1b\x96 \xcf2\x7f\x9b\xbd\xa7,\x18\
\xdaEl#\xcfs\x9c\x19P\x82\xac\xa7\xc7u1Y\
\x00\x16-\x9bR$9y\x0dP\xa6\xce9\x18\xa6e\
Y2n\xb4\x02=\xdb\x8b\xa2[\x0eG\x12\x89\xef\x82\
\xaa\x03\xd5p\xc3<\xd4\x9c\xef\xe1Q\xe68\x827\xb6\
\xac\x0f\x81\xcf\x87\x87\x07\xb4\xfc\x92X\xc3\xc2\x0a\xb8\xa4\
=z\xe0\xdd\x80\xd6\xcd\xa1dq\x1f\xd7q\xa7\xecU\
0=\xbf\xe2\xe9\x5cc\x80\xc76\x9c<2\xa4\x5c\xc4\
\xa4\xab\xeb\xc3*\x0bK\xc5\x90\x98ym\x9a\x06\xf1\xbc\
\xaa\xaa\xf8W\x9c\xd9\x06\x7f\x85\xf3\xab\xd8f\xb1\xf7\xe1\
7\x0e{\x1f\xd8\x95\x01\x13G\xe1\xd5-=Q;t\
s\xd1\x8f\xd5\x8e\x90H\xf8.p\xae\xc0]\xc1\xa3d\
\x8f\x9cI\x97v\x1c\xbd\xf4P\xef\x1cD\x0b\x1f\xba+\
P&\x0c\x00\x83 \x88\xa0\x0e\xfe0\x85E\x87x\xe1\
\x10Bw\x80\xdf\xd1\x93\x8f\x85\xc2\xae\xdfF8\xe8\x8d\
M\xb8\xb6e\x01\xa1B\xe4\x17\xf6\xfb=\xc2\x00\xf3\x14\
\x0f\x9bU\xa9\xeb\x1a\xfe7\xe7\x86\xa0L\xc9\xc5\x96\xde\
hd\x0e\xfb\x03\xbfB\xa4\x14\xa2\x82?\xef\xd9UK\
?M\xc7\x00\x8e\x96\xcdf\x03\xea\xdc\xfa\xaa\xee\xeb\xba\
\xe6t\xaet\x8a\xbc\x0b\xb8i\xb4\xf2\xa1:\xe6\xe9\xd3\
\xdaG\x1b\x8f?\x92\xb0\xfc-\x227\x22\xc2\xfaX\xf6\
\xe4\x10\x91\xfb\xfb{\xbc\x19B\x02\xcd3\xcf+\x9d\x09\
r\xda\xa4\xb0\xe0\xc8\xb9\x9dza\x17\x00/\x8a\xadZ\
\xd2\xc9q:\xd8\xd3\x02\xc5o\xac\x10\x93\xf9\xe5\x1d\x9c\
iU\xceb\x0ax'\x12\xa3\xa3\xf0S\xd1\xfaLb\
=\x1b\xc4\xc3\xc5j.\x89E\xb3\xa0t\xd8\xcf_\xdf\
\x81z\x11 \x00\xb6\xddn\x9b\xa6\xd9\xef\xf7\x8c?/\
\xf1^Y\xe5\x10\x22\xc0)\xa6\xf6X\xe2u]\x1f6\
Z\xc0'\x0b\xcf\xda\x0ce\xc3F88\x06\xe1h\x03\
b\x94z\x8a\x08r\xb5u]C\xab \x9f\x02\x06\x18\
SK\xf3\xa4\xbe\xcd\x01\x876\xcf\xac\x93\x84A\xba\x82\
\xe6z\x94!r88Sc\xea\xa5-\x00\x96\xf2\x03\
\xa3m\xbb\xdd\x92I7Cz\x94}\xc2qN\xc0\xe6\
@\x0c\xa3i\x1aT\xd2\xc3\xd4\x908\x8b\x8bf\x0aL\
\x0a;t&i\x8a\xd7`S\xdd\xcc\xa7@$\x10+\
%ej\xa1\xf7\x90\xf5\x17v\xf8\xf8m\xd6.\x9d\x01\
l:\x8ea\xdc4<z\x94\x8dY\x1d.\xbd\xd2$\
\xe7\xdc\xdd\xdd]o\x06\x138\xe6\x90pV;:S\
H/\x22\xac\xc3\x98\x9b?6C\x1c\xa9\x95E\xc0y\
\xb3\xd9\xd8\xe6\x04\x96\xce-s\x0a\xb0\x1f]\x18S*\
\xc8\xb1M\xbc\xc4\xb5@c/[\x11aM\xc7\xdc\x80\
\xb4\x08g\x1c \xec\x8fN\xa3\x9b\xcd&\x84\xf0\xf4\xf4\
\x84z\xfa\xaa\xaap\x15d{L\xbd\xf65\xa0i\x1a\
\xdcL\xcb\x86\xa1f\x9fU\xaa\xfb5\x9dF\x17v\xf5\
\x93\x84\xaf\x09N\xa8\x017\x82\x13\x16\xa7\x95\x07\xcb\xe4\
\xc0\xc1wwwGy@\xa2\xb6\xeb\xba\xedv\xeb\x9c\
C\xdbbV\xa9\x80\x04\x86\xd7\xf1\x86\xc9/g\x118\
bs0%\xe1\x8f\x8d*\x9e[\xe1\xd3p=\x10\x14\
gF\xc5&|\x1c\xd6\xf4\xe4p#z\x81\xd3\xca\x83\
\x95\x01\xdb\xd5^b\x0a6\xcf\xf3\xaa\xaa@\xe3\xe0\x1b\
(\xe1x\xcfv\xbb\x9d\xf0\x12\xd6\x01\x8d@\x93\x060\
\xa8d~J\x03\x18\xaeJUQ\x86\xb0\xdc\x0c\xd1\x0c\
a\xcfu\xdbm\xcf\x8e&\x99\x5c\x81@\x8fY\x0bC\
D\xd0\xef\xdf\xc5i2\x5c?B\xbf0I\x19\xfaM\
\xa1\xf4\x13q$\xccE.\x0c\xbb\xbb\xcc\xfc&\x0e\xa9\
\xe6\xac\xdf\x9bjIk\x05#\x87\xb0<\xf0\xecM\x9e\
g!\xd9\xc2\xc5v\x99\xdf\xe6\x099\x87E\x96e\x09\
\xae\x06,Q\xbe\x01\xf1\xb0$*\x17\x01\xc4\x83\xcc\x18\
d^\xe6\xdcB~\xa8:`\x8fN.\xd2\xab\x04\x1e\
O\xb0/\xd9`MD\xa6mhk\xab\x0a\x5c\xecj\
\xcf_\xc1{\xd9\xedvUU=<<@{\xb0&\
\x1c\xadWi\xa3\x003\x94\xf3Y\xe1\xd5>\xa4\xcci\
\xa1x\x01\xb6\x1e~5\xab{j\x17c\xbb\xe0%7\
eT\xc0\x9dE\x9f\x1cDJ\xa7\x95\x0a\xc6\xc9\x19\x86\
\x81y\x91eY\xdb\xb6UU\xdd\xdd\xddu]\x87<\
\x0b\xba\x8eJ\xe4\xb5\xa5\x22\xea\x8b\x83\xbb\x00\xf6\xee\xac\
R\xf8DOu@{\xac\xa6\x81\xe6\x9c\x01\xe2\xa0\x9a\
N\xc7S\xddp5\x8d2m\x04WD\x10\xd8@|\
\x14\xb1sd\x93\xc9\x03\xa3\xbb\xc2\x10)>$Q:\
\xde\xc6[\xbd\xcf-\x95\x17\xee\xec\x9c\xdd\xc1ao\xc4\
yFt\x17\x0d{K5\xb6\x12\x87=:\xa1\x91\xc7\
T\xb1\xc4\xc7\x1eG\x08*9\xb3,{zz\x82\x00\
s\xbc\x1f\xc9\x8f\xc9\xe0\xb88x\x96\x93t|4K\
;\x1fP~\x180O\x18\x15<YH8\x9d6\xce\
\x81\xec*\x99j\xd0!\x9b\xcd\x06<0\x89=~0\
\x1f\x15r\xc2\x12\x15\xcb$Mj\xe4\x14\x1c\xb19z\
\xc6\x1a\xdd\xd99{\x00\x1a\xc7\xd6\xe5y\x9e\xb4\xc6\x18\
8\xca\x9b!I\x13\x8f\xdf$\x06\xbe5}H,\xc7\
)\x82nNwww\xe8e\x8e\x81\xa8\xd0\x1aww\
w\xd6\xcd\x9dU\xe8nM\x08q\xb0\x13{(M\xbd\
\xa2>,\xc9`\x9e+\x5c:z\x8e\x0a\xcbP\xd5\xcc\
\xa3\x98*\x83\x8f\x86\x1c\x08\x8d\xe3\xe0\x80\xea@\xd7/\
\xb8\xaf\xf8'\xea:Q\xc1g\xaf\x08/\xa6\xde\xa3\xa7\
\xe3\xa4\x19o|,)\x1c=\x1d=\xad\xcaf\xa7\xd1\
\xd9FqW\x09[\x8c\x007\x91\x96\x07\xdf\xf3q\xa9\
\xe8),\xfb3i_\xa0+R\x925\x9656M\
\x83\x88(Kl\x9cs(\xac\xb8\xbf\xbf\xff\xe0\xc2\x12\
N\x07\xb5\x07\x9b\xdb\x8a\x09h_\xe7\xb0\xb1\x8a\xce\xda\
\x9aX\x1b\x83\xa3\x09\xd7\x04\x1c\x06N\x94\x84x\x1c=\
\x92N\xd1$\xafm\xf1\xf0s\xa8I\xe0N[\x06\xa8\
\x8b\xad8\xd0\xcb\x87\x5c\x0df^\xd8\xad\xf8\xec\xab\xbe\
q\x9c\xfa\x98\xe18G\x8bF<\x9f\x0c\x87\xc8\xa41\
%N\xdf\x99\x03\xab\xe06\xe1\xe3,V\x84\x16\xc0\xde\
=\xc5\x96=\x05Ck\xc3\x16\xa41\xad\x83~_\x18\
\x0d\x03\xc3\x02\xed\x02\x112e\xa1\x0a\xdae&\x86\xe0\
\x95\x81\x10)\xc4\xc3:\x94z\xf5\xf9,=O\x09m\
F\x93\xea\xb82\xec\xc1\x01\xed!\x22\xa8]\xb7|L\
\x92\xb4\xde\xb5/\xbd7[\x052|O\xd7up?\
8\x83^\xe2\xa0i|;\x02\x1e\xec\xd6}\xee\x15'\
|\xc3I6\x87-\x0a m\x029\xda\xc9k\x9cl\
1\xc2\x84+\xb9A\xd8\xad\xe7\xc1_\xd7\xf5~\xbf\xc7\
\xb92\x92lX\x95\x04Cg\xbb\xddB\x1dl\xb7[\
d^\xf7\xfb=\x9c\xd7\xa2(\xe0\xc8\x82X i\x16\
\xf9u\xd1;]\x10\x85F\x93%KK\xbf\x0ez\x02\
\x09\x1a\xe3\xfc\xeb\xf2\xd6\x07k\xde\x91\x07\x06f7\xce\
x\xbc\xc8\xf7\x9c\xaeI^{\xa7\x1b\x94\xf4k\x9c\x93\
\x22f$,\xa2\x1d\xa4|!\x00\xc3\xd4-)\x07\xf3\
\x89\xf1/\x11\xa7\xc69lKy\xe4\xb7\xa6\xad\x0d\xa1\
(\x84\x10\xd8a&m\xff\x84\xc0\xcd\xdfl6 \xd6\
|\xa4z\x88\x15(\xf4r\x86\x0a\xa8\x17;\xc5\xf9A\
#\x98\x81\x16,\x03G\x1d{\xf8\x5c*\x06\x93\xf0]\
X/\x934^\xf8\x09\x13\xf6\x94\x830 N\xde\x9b\
z\x9ap\x05\xf4\x8c<<\x92eY\xa2\x9e\x85\x93\x0a\
\xde\x9b\xc2\xe8y#\x1a[k\x1c\xfd\x10\xd8\xbe\xacI\
a\x0b8\xaeAL\xed=t\x11\x8d!~\x88\x0d\xf6\
'\x9c\x88Sm\x0e\xab\xf1\xb17\xb0\x13\xa7\x8av\x90\
C`Gc\xa4\xbd\x9f\x16\xc8\xcdC_\x806a\xab\
B\xde\xf5p\x92\xd6.1w#Q\x9509b5\
\x17La\xfb\x15\x96\xe1\xe5L\xd9}R\x13\xd7\x87\xbd\
\xdb\xd8J\xe4\xcb\xaf\xc9\xa2\xe0\x1a,\xfd+\x15\x1d\xcc\
\x04\xb8\xf9\x8c:\xb0\xd1\xd6y\xedJ\xc9\x11`\xca{\
\x92\x00\x00 \x00IDAT\x81\xea`9._\xb4\
\xfbn\x8d\x1b(\x07:\xd8`\x16\xa70\xd8eq\xd2\
\x03O\x1d\xcd\x87\x13q0tm\x83+9\xc6\x13k\
E\xcd\xae\x81\x0d\x18R\x5ct>\xc0sK\x8f\xd69\
\x87@\x14\x86,\xc8\xcb\x1d\x1c23z\xb0\x85\xf24\
m\xd1^VLT\x83LRv\x1dEHCD@\
1A\x984\xbc\x9cO\x9dN\x97\xa9@\x7fQD\x10\
\xf0@\xf0\xe9\xb58\xe5\xa5\xac\x81\x1e\xdf\x19\x02Cs\
'\xc9\xc3\x1c\xa0\xb1n\x16\x15\x22\x1c\x01}\xa2\x86\xa7\
\xa8\xd0-\xd1X\x91KF9\xaaaa|\xf88\xe5\
\x11~\x11\x8b\xbaY\x81r4\xf45\x14\xd1$<\xef\
\xc5\x87\xe2\xcc\xec\x92n\x8f\xff\x0b:\x91\xf6\xa3\xf83\
T\xd5\x84\xe5U\x09'B_V\xb1\xda'\xf9m\x09\
\xd1XD\x07O\x14\xb5\xb8\xce9\xb4\xfc\x83^@\xec\
\x14\x12\xc86_,\xbd\xe3\xc8\xb1\xd4\x91vn\xb0g\
\x83\xed\xefr4\x5czY\x9b\x03\x12\xa2\xa6\x15U\xc2\
l\x81X\x05\xad\x90\xe1A\xd0\x03E\x05\xc9\x11fT\
\xf1!x\x1d\xe9<\xda\x9d\xf8Ct\xf4\x02\xbb\x1c9\
Y$\xeb\xa1LR\xf9\xf4\xc5q\x81\xdc6\x06X@\
\xd1\xf7r\xed\x17A03N\x19vcqD\x12\x88\
\xd9\x82\x8a~\xbf\xdf\x8b\x08\x18\xe9\xa7\x98\x1d\x8cp\x92\
\x81\x81\x82\xa9\xcdf\x83\xfc+?\x07\xf2\x00\xd5\x80C\
\x8b\xdcr2\x9dS\xcb\xaf\xd9\x82\xa5\x01l\xe5\xe7\x8e\
q\xfd.\xb2}\xec\x14R\x96e*\x8b\x9d9l\xef\
\x1f2\xf6\x98-\x95\x98\x859\x0a}Y\xff\x1cB\xa8\
\xaaJ\xe2\x91!\xa6\x1a\x96s@9\xb6\x8d\xb1\x16F\
Y\x92\xa8\x5c\x1c\x17\xb094\x8etB\x14\xfd\xe2-\
\xb9\x18?'wu\xc8\xe5I\x98-\xd44w\x01S\
\xec\xbb\x1bG\x8d\x83\xde\x1b\xdb\xed\x16\xbe\x0b:z\xa1\
?\x0f\xa1q \xa4\x98\x9a\x14\x9b\xcdM\xa22+\x0c\
\xbb'\xc1:d\xbb\xfa\x8b\x07\xa5\xa0\xe2v\xbb\x1d\xcd\
\x1aI!\xf1y\xc3\xe6\xc2\x10\x9a\x12\x11D\xa7N\x0c\
\x942\x02j#\x16h*\xca\xae\xb8j\x06e\x93\xb5\
\x0a\xb5\x83\x92\x16N\xa8O\xb8 \xce\xb79\xc8\xc5\xa3\
p\xec\xf7{\xef=g\x82_v\xb7`x:\xe7l\
\xfb\x87$\x10\xf3\x07MFt\x0e\x86\xe2\xf8n\x90\x03\
\x07\x0f::\xa0\x7f\xb9\xc4\x96\xb8\xd4\x17L\xea!\x10\
\x02\x97\x08\x9f\x0f\xf51y-w\xc2\x10!\x0e\xe4#\
\xf0\xcf\xba\xae\xd1U\x05N\xcb\xa56.D\xa0\xa6\xfa\
<Nb\xc2$\xa0\xe5\x01\xa7\xc2{\xff\xae<)\xc2\
\x1b\x88\xbe\xe3\xa3\x9e\x9f\x9f\xa9=\x18\x01E\x0c\x95\x9c\
0f\xfaR\xf6m$\x9cis\xf4\xf8\x80\x1a\xeb\x12\
\xc3\x08s\x92\xf4esbyY\x13\x95\x0e\x95\xa5\xa0\
\xe7U\x1c}\xa4\x87E%\xcc\xc8\xa2\xd3(\xecN(\
\x0b&\xda\x18Dm\x9aF\xcc r\xcav\x12\x92\xb9\
\xe1\xa8\xda\xc1\x0e\x0e\x1f\xf3\x8f|\x0b\xabT`p\x0c\
\x89\xcc\x09\xb3\x05\x1dK\x9b\x83\xeb\x0dq\x1d\x82\xbd\xe6\
\x10\x1c\xa58q\xd6#\xda\x081\xf9Bj\x11\xf5\xcc\
\x89\xd1\x94\x84\xf3p\xe1^\x05j\xe6I\xda\xda\xf7\xf7\
n\x9e\x0d\xc06M\x836S\xec\xc3\x91\xb0\x5c\xbc\xfd\
0\xf3\xb7\xec=\x0c\x97\x14\x0ab\xb3\xd9t]\xb7\xdb\
\xed0~\x89\x96.:\x18\xe2\x13\xdc\xd4#\xa3\x12>\
\x02\x8d\xe3:\xdf5\xc7\xc0\xc6\xc6\xac\xb6\xe9\x05G\xc7\
Zt\xc2Up\x0a\x0f\x8c4/\xc4E\xf0\x03\x18\x1b\
\x88\xc4\xb3\x0d.3z\x904\x94a:\xe7\x18\xa7O\
\x18\x09\x97\xef\x8fDf\x9f\x8bc\xe1\xde\xfb\xe76\x8c\
\xd1\x9b\xf3r\xd9\xa5&\xcc\x10pL\xe5e\xef/\xdb\
\x92\x8e\x0a\x85-\xb4\x09\xc6K\x93\x83\xb2\x5c\xd8j8\
\x98\x8f\xefr:\xa9@l\xe1C\xb2Ao\x01$\x9e\
\xc3\x06\xe5\x8b\x1aK\xa3)\x120,\x10se!\xe4\
w\xd3\xbe\x09\x17\xc1\xe5I\xb9\xcc\xa3\xb3\x8b\xc6\xe9\xb6\
\x02e\xc5\xc5\xa9\x83\xa8\x9f\x1e\xaf\x91v\xc2|\x80\xad\
\x87\xca`\xa9\x1b$\x01\x22D&9Sx0/\xa0\
M&i\xa7\x9dpq@{\x80\x05\xdck\xac\xf26\
H/\xb3\x05n\xa9\xd5\xfd\x8d\x80\x9bN\xc7\x83\xd6'\
\xce\x11\xbc\xde\xabE\x90x`I\xecV\x9706\xc6\
\xed\x03\x0d\xf6\xefy\xe6\x02Ff\x94e\x99f\xd3\xdf\
\x02`n\xb2\xfcDL\xed\x09\xf9\xe7 \x90\x22\xab\x82\
\x12\xd94gg\xad\xb0\xee\xc7{\x15\x08{\xe0\x8eT\
\xbd\x9f0C\x90\xf8\x85\x13G#\xf0\x0a\xa8B(\x9a\
c\x0f\xdc\xcdf\xa3\xe3\x14f'\xbc\x81q\xf5\xf5y\
\xe3-4\x16\xdf\xda\x9cnH3\xfd\xd6\x0e\xc4E%\
\xf29@&\x97\xd8\xe7\x07\xf2\xd0\xb6\xedn\xb7\x93\xd8\
f\x94\x93\xdb\xec\x87\x8cjF'\x5c\x07.N\x0c\xee\
\xbdn\xc3\xe6ChlC\x87\xe6\x92\xa9L\xfav\xc0\
\x1c\x8a\x88\xa0\x8a\x0d:\x84\xcd\xbe\x9cs\xbb\xdd\x0e\x9d\
`8\x80\x89\x04R\xb6(\x9d\xfa:\xd6\x8f\x0bG\x93\
l\x16\x0d\x0e\x0aO\x11l\xaa\xc5k\x95\x0b$\x91\xb1\
\xfd>\x0b\x9c\x92L\xac\x0c\xbd=e\xfc\x13\xea\x03~\
\x09\xc8_`%\x93\xba\xd1\xab\x98\xb5n\xcd\x84\x97\x93\
p)\xd88\x07\xfd\x0d\xfe\xf0Z\x18\x1c\xfd\x09\x11\xe1\
\xa0\xc6p\x83>c\x09\xeb\x03<U\x84.D\x84\xad\
5\xd8r4\xcf\xf3\xc7\xc7Gt\xdd(\xcb\x12\xc1\xb0\
^o\xc9$'W\xc0\x85m\x8e^\x15+\x15\x07\xca\
\x9c\x98n\xc7\xeb\x0c\x8f3\xaf&\x22l\x0dD\xb5B\
\xd3$I\xc3\xb20\xa4\xfe\xd9\xb8\x05\xeaZ\xb1\xd7U\
U\xe1\x90`\xdc\x02\x82!qn\x1c%\x04\xfc\xaf\xa6\
iP\xab\xc2\x0ec\x897\xba\x1aXC\x81\x1d\xee\xc5\
\x8c\xfa\xeb\xba\xee\xf9\xf9\x19\xe2\x81X\x08O\x17\x94\xa8\
\x0c\x07\xa9$\xd9X\x16\x8e\x9e\xfd,\x82E\x970L\
B\x908\x8f\x89\xad\xa1\xf8O\x0a\x12JdE\x04i\
Y\x14\xcaBTz\xa9\xb7$'W\xc0X\xac\x19n\
\x1e\xe2Z<6\xc4\x1c\x0f\x9c\xfe\x87*j$bR\
z~M\xe8\x19\x1c\xc8\xb2\x93\x1cZ\x96\xe5~\xbf\x87\
\xf5\xe0\x9cC|\x8bb`)`\x22\x82\xfe\x1c\x08\x8d\
\xd2vI\xd2\xb2>X\xbfEc\xef&\x8d#@\xc5\
(\x10\x98#x\xcf\xd1DL\xc2:\x80\x07\x9f\x9d\x17\
\x10\xcf\xc0\xd0G\x8es#eX^\xb6\xf9\x81x\xc0\
\xcfA\xc79\xda\xa9I`&\xc1\xb86\x07\x94\x02\xf7\
\x98\xd9V\xbc\x81\xa3\x1dau\xe2O\x92\x1c\xac\x12H\
\x88`\xf7\xe9\xbf\xaa\xea\xdd\xdd\x1d\xacR\xdb\x1f\x1d\x02\
\x83\x0e\xc4\xa0\x8e\x22RZ\xd7u:Zn\x04$\xf7\
@u0\xa7\xe6\xe2\x18a\xfc\x966\x87$\xd5\xb1\x22\
\xf4\xe2\x0d!\x84\xddn\xb7\xddn\xb9\xd78/\x18#\
\x87\xae@\xe8+\xcfs\xf4-e\xb4\x8c\xcdg\xf9\xfe\
T\xa22!\xc6}J\xd54\x82d\xe54\x7f\x0b\xbf\
VcQ\xf5\xa8+I\xb8>zA\x0e\xf4\x10\x14\x11\
\x043\x18#uf\x0e\x5c\x96e\x08}1%\xef\xbd\
\xbf\xbb\xbbC\x90\x03\xf9\xd7\xde\xb7$\xc6\xe8*\xd1\xe3\
\x8a\x92\xaf\x03]\x81d<_\x99p\x9d\x09\xe3\x81\x02\
\xc0\x91\xb0\x8c\x88c\xd64b\xa2\x9cAm\x9b\xf4\xf0\
\xcf\xd1\x04\x8cM}&\xbc\x9c\x04`,s\x8fTa\
\x060\xe8\xa4r\xe3\x11'\x1fi\x01\x09\xb3\x02\xce\x86\
^\xd8\xdc&S\xc1\xe0qq\xe0x\xafF\xda\xe6e\
\xecQ\x94h\x1c\xab\x84\xbe\xac\x92\x85\xaf\xc2X\xa9M\
\xd7\xa2\xc4i\xea\xf5&\x8c\x08D\xc7\x11\xe4\xc0+\xdc\
t\xe8\x10\x16\xb5\xd5u\xbd\xdf\xef\xb7\xdb-\xe3\x19\x1c\
\xdb\xc4v>\x96d\x96\x18\xa3\x93`\xf4#\xbfG\xcf\
\xb1qu\xf2\xc9mRV\x92(\xac\x17\xa8[c\x11\
\x13#\xe4\xce9\x84=p\x90\xa0\xfa\x80YXD>\
\x10J\xa5\x14I\x22|\xad\x14:h\xcb\x01\xfd\xd0+\
P\xd2\xd8A\x0e\x85*g\x8fYHX\x04\xd0Q\x83\
\xbc\x0d\x8cSAx\x03\x03cA\xd7@\xbf/\x90C\
5\xf6\x5c@t\x84<\xf4\x14\x19\x9d\x16\x97\xb49z\
\x0eh\xefEp\x86y\xc68S\xc0\xc6\x88H\xefo\
\x13V\x00\x8d\xd3_\xa1&,\x83\xb8\xaek(\x02\x8c\
\xe6A\xfc\x13\xe7GUU\x08u\xe0gh\x16\xeb\xe8\
LyI\x09\x97F\xef\x18\xa0m\x01i\xc1ac\x19\
\x1e\xf6\x9d6t\x9a\x04c}p\xcem6\x1b\xf0\xbd\
l\x98\x93\xb5\x90\xc8\xc3B\xb7l\xb7\xdb\xaa\xaa`v\
h\xecL\x0a\xeda?\xb0\xf7C\xc25q\xc9\xfc\x96\
3\xd08\x7f\xeb\x8d\xe87\x82]\xf8\xb9\x97\xbeMX\
\x01z\xd1\x08\xfb\x03\x08\xe4\xd0\x17\x9b\xcd\x06=g1\
\xc3o\xbf\xdf#U\xbf\xdb\xedP\xfd\x08\x16Hra\
W\x0c\xab:$\xf6\xe1\xe0?m`\xc3\xbe_\xa2\xcd\
\x91\x04c\xdd`U\xbc\xaa\x96e\x09{\x82\x16\x06\xf2\
&\xde\xfb\xe7\xe7\xe7\xfd~\x0fB:\x08\x1fi\xb6\xdf\
\x0cq\xb18\xc7kG\x02KW\x18\xd8\xe0\xdbz=\
\xc1\x92\xcd\xb12X\x83\x92da&P\xb2,\xdbn\
\xb7p_\x90d\xc1\x0f\x22\x02s\xe4\xf1\xf1\x91\xb3\xe9\
1N\x16E\xf6\xe9\x80Y\x19\x8e\xaa\x0ekg\xf4J\
d\xc5\xd4\x1d\xe0=\xf0\x80\xaf\xb8\xe4\x84qaO\x0a\
\x96,\xd5u\x8d\x7f\xc2QA\x0c\x03\x85\xf7P\x1d\xb0\
K\xf2<\x87\xdf\x82^\xb4eY\x22\xa4\x9a\x86v\xcd\
\x04\x97\xb19z\x0cs2\xc9\xad\xd0@8\xf86\xe7\
\xdc~\xbf\x87`\xa5\xf2\xfau\x03\x86\x85\x8bMx\xa0\
,\x98mAo\x1f$b\xb7\xdb\xad\xf7\x1eJ\x04\x22\
\xc1\x91=jj\xf4\x13V\x09\x12\x8dQ2\x0d18\
\x1a\xe4\xc0\xd8q\xe7\xdc\xbb\x86\xc0%,\x05j\xbak\
@E\xf88G\x1aAP\xa4\xdb\xea\xba\x86\xf1Q\xd7\
\xf5v\xbb\xe5\x18zh\x0cz,tl\x92\x9c\xcc\x01\
\x97!\xd40\x8a\x0eM\xc1\x13\x85A\x0e\x1a\x22\xd6\xa7\
a\xca6\x0d\x9b^1\xc0\xe1BP\x94^)T\x00\
(>\xf8-9\x80\x22\x02\x9a\x18\xe7M\xe3\xe0\x01\xe7\
#eX\xd6\x07\xd8\x0d\x12\x9b\x04\xc2=\x95\xe8\xab\xb8\
c\x8d\xed\xad\xa9\x91\xe6\x8f\xaf\x18\x1cN\xce9\x18\x9c\
;\xefb\x17A\x08\x00\xab\x99 B\xf8\x01\xf2\x03+\
6\xc9\xc9L\xf0\xa18\x87e\x98\xe3g\xd8\xa4\xdc]\
\x17\xa7\xfc\xc9\xeb\xd3U\xf8\x03\x0d[\xfe )\x90\xbe\
@\xe0x`\xd4Jc\x95\xbc\x88\xecv;\xf6\xe7\x01\
\xa5\x1cDQ:\x22\xf8\x13v\xe6\x80-\xa2\xb1\xfdy\
\xef\xe0IX\x22\x86tQFCA\xdf\xa1\xe4\xf4\xa8\
\xe5\xbd\x0fq/\xeb\x1e{\x9f\x9c\x84dq8\xca#\
\x86\xa7\x8aX\x85m\x1b\xd84\xcdf\xb3A\xe4\x83c\
\xdb\xf0\x874/\x90\xb1\x85-\x92\x0c\x8e\xf9\xe0C6\
\x87\xddE\xe7\x1c\xa9\xc5`\xf4\x0c\xdf\xd3\x83\xbe,\x95\
\xee\x1d'ID\x96\x05k\x80\x0e\xf7\x8e\xcd\x86iL\
\x80\xdb\xe1\xe2l\x1dt\x12dt\x14p\xb1u\x07\xff\
\x99\xa4bM\xa0gBw\xd6\xaa\x0ey]\x09\xf0\x0f\
\x87/&Z\xd8Baw\x93\x9b\xc8\xc6\x0a\xa8\x8c\xa5\
\x06@\xb6\x05t\x0d\x9c;pT\xe4\xe5|.F\xd0\
\x93\xde\x98\x0f.\xc6!\x05U\x18Bp\xa2?\xca\x98\
*\xedYf\xee%I\xc9\xd2\xe0L\xb1\x12@\x86\x17\
\xc2\xa1y\x9e\xa3\x859\xfd\xda\xae\xeb\xd8O\xd0{\x0f\
\xb5\xd2\xa3\xf5\xb8TO\xbfF\xd8\xa7\x1b]h\xbd\xf7\
\xdb\xed\xf6\xec\xa7^M\x8b\xb9\x14\x0f[4\xd4@\xa2\
\xbb\x82J7\x89\xfb\xcb\x86\xc5H\xb9bl=\x0a\xdc\
zHb07\x5c\xc0\xe6PS\x06m{G~\x17\
\xcc\xc8\xd2\x8c\x059(I\xc9BA\x17\x04\x84\x1e\xbc\
H\x16\x18B\xa0\xec\xffF\x9e\x17\xf8\x1c\x88\x90\x1d\xe5\
\x11\xa7Sde\xe8eC\x9a\xa6\xc1\xe8\xa5\x8f\x18\x1c\
p|\xdfH\xc7$\xcc\x1cx\xc6\xed\x88\x0c\xb8%\xf8\
\x01\xee\x0a\xdd\x12R\xc1\xe4\xe5l\xe1\x1e\x86\xb1\x93\x1e\
\x9b0\x15.\x5c\x1f\x1f\xb59 \x16H\xb3\x1d\xed\xbb\
\xf2\x06\xec{\x10ogUm\xd2\x1a\x8b\x83\x9a\xc9\xe3\
\x88jp\xf2\x16\x8c\x06\x0c^\x82\xd6@\xcc\x03i\xb8\
\xde\x94\x84\xa3pf@\xe0\xbb\xec\xda\x84\xd9\xc2z\x1a\
8Q>\x12\xe0T3c6\x11\xd2\x17\x075eJ\
.\xb6\x10\xc4+`r\xb8\xd8W\x14\x1a\x00\xda\x83\xee\
\xcdw\xab\x10\x98\x9aa\x81d:b\xa6\xc2G9\xa4\
6+\xcf\xd7O\xdcN\xc6\xcc\x99\xe6G\x82&\xcb\xb2\
\xe1(\xaf\x84\x99\x03\x96\x22}V\x08\x06~E\xaa\x17\
\x99\x5c\xf4K\xf0\xa2\x9d\xc9\xd4\x13\x1e\x1b3G\xbc$\
\xd9\x1c\x8b\x06\xf77\xc49\xc308\xe4\x03\xc7\x00\xf4\
\x0fgV\xa7\xea\xd9\xc5\x81\x1e\x0b\xd9\xe2\xc8\xcc\xa2\x13\
1f\xd6c\x97\xe1\xb18\xe7`|\xbc\x11\x1e\xb3!\
\x0dfx\xc5\xf4\xb1MB2\x09NJ\x96\xb3G\x82\
\x98\x90\x94\xaa\xa2\xcb=L\xceK-\x08\x999\x11\xe1\
\xc7\xb2\xe1O\x8a\xae\xcf\x1cu]\xc3g\x85k\xc2a\
\xb0\x88\x81\xa9\xea/\xbf\xfc\xf2\xf0\xf0\x00\x83\x12\xf2#\
\x22\x96s~\x0a\x9e\x9e\x9e\xa8\x8c\xf8b\xe2\x00\xcd\x19\
T2\xce\x8cX\xda\xef\xf7\xe8\x0bw\xc1/\xc2\xd1\x02\
\xc3\xd4\xfa-Iu\xcc\x1fH\xa3\xc0\xc2@\xff\x15v\
\xfa\xca\xf3\x1cIX{\xd6\x80>\xf8.\xd5\x81yO\
\xecj:l\xa5\x9fp\x05\x9c\x14\xe7\xb0Ao\xb8\xb3\
\xb6\xd6\xf1\xb2{\x86\xef\xc2\xa1%\x22\x1c%\x9aro\
sCO\x8f[\xda\x17c\xa1\xc8\x98\xf0u\xc4?0\
\xb6\x1ef\xeb\x19Y|\x98/,\xafM\x91\xd2\xf9c\
X\xe0\x06\xfa\x17d\xe3\x82{\xe7b'\x06:\xca\xf4\
\x94\x92\x84\xcc\x07G\xa9\x15\x08\x91\x22\xbd\xb2\xddn9\
\x80\x09\xf1\x0f\xb6\x22\xe5h\x953\xa2Y\xcc\xe4\xa2\xa1\
C\x8a\x87M\x823OqP\x02/[\xf7Lg\x08\
\xc1vH!\x8c_I\x87\xca\xfc048D\x84C\
\x98\xc8\xcbae\xacs\x0e.\x0b~\xc5X\x85\xed\xe4\
qJ\xd4\x8dEq\xe4\x12\x8dry\x09\xe3\x00\x1a_\
U\xb1\x8f\xb67\xf1\xc7A\xb9r\xb1\xdd-)\x02\x17\
\xfc\x96\x84\x0fB\x07\xad8`X\xc0\xce\x90X\xc0\xc8\
f_\xf0^z\x02c\xcb\xaaOT\x1d\xce\x0c\x9b\xc4\
\x11v\xe9+K\xf8>\xde\xcd\xe7`\x16\xb6\x17\xdc\xfe\
8lU$\x1b\xc9\xc1\xecH\xf4\x8ey\x82\xe1.K\
\xce\x80\xa9\xa1/\xbb\x173M\x86\xda6y\xc5\x88<\
\xf1l\x80xP\x14%\xa5\xf0\x97\x00\x98\x9e\x08\x89s\
\xf8\xc5\xc5w\x8dgU\x17A\xc2P\xc2L@?\x84\
%*05\xa8F\x86f\x22,\x12\xba1\xe7}/\
#\xaf\x22\x82\xc3Ebl\xec\x83W\x94p:\xde\xf7\
(\x92H\x0c\x83\xe3\xe2\xbd\x13`\xd5\xb2n\x05\xa16\
\xd2\x7fR=\xcb\xac\x00\xf6\x86\x0d\x93\xb2\xa8\x15\xcd6\
\x10\xdcf-\x12\xdb\xfb\xf0\x09\xefu\xe38qs\xd9\
\xf7\x9a\xd1\x0eDeS\xab\xc19\x03\xc9\x0e\x12\x03\xb9\
S#\xa9{+cP \x89z<\x1f\xd8t\x09;\
3q$\x02\xf3b\x12#\x13 \xa7c\xee4>A\
\xcfj \xc9?\xc7gB {\xc4\xd2\x84\xb1q\xaa\
\xcd\xa1qL\x06k\x99\xeca3l\xe5t6z\x07\
\x12\xb2w\xe8\x1cE~{\xc2\x1c\xd04\x0d:\x97\xdb\
\x17\xe1\xaf \x0a\x0a\x8a1\x87# \x17\xcb.p\x1f\
)R\xe0\xcf\xb0J\xc18K\xa1\x8e\xd9\x82\x95\x90]\
\xd7a8\xf0x_$QBP\x0a\x07\x93\xb4\xae\xeb\
\xd4\xf8g>@\x0b8\x84\xbb\xa8\xf0Y\x07[\x96\xe5\
\xf3\xf33\xe6$`r\xbd\x1b\x0c\xf3;o\xdc\xa3u\
\x8a\xe0\xa2\xecv;\x86O\x92x\x5c\x07G\x02\x15\xfa\
r\x0c\x1b\xad\x0a\xa49\xde\xdb\xf8\xeb#\x80\x09\xecb\
e\xb6m\xac\x9e\xea\x14.\x0b\xdeO+\x0f\xc3\xdb\xcb\
\x99[\x1c\xa4\xd4\xab\xaaG\x84C^\xf6)ga\xfd\
e\x8b\x14\xec\xe2\xd9$\xc6&w\xde\xb8\x90\x841`\
\x83\x946\xb9\x06\xd5\x813f\xaa\xb5=>>\x92N\
4TzIB\xce\x066\x1d?\xbfq\x1b)\x1b\xac\
v\x84%ae\x86\x0e\x89\x981^\x88\x98\x8e\xe7p\
\x22\xc9\xe2\x9c\x83\x01dc\xed\x89\x094\x06^M\x8e\
\xf4,\x0f0nh\x96^\x7f'4v\x10B}6\
'O\xa6\x98\xd8\xa5\x00\x0f\xe05{\x9f)\x12\x11A\
\xdd\xda\xdd\xdd\x1d\x1fW6\xfe\x82\xfbRU\x15jR\
$j\x10\xb6`\x19i\xf1\x96\xdb\xd1\xab\xa0K\x8a\xe3\
\xca\xb0\xfe\x00U\x077e\xaa\xbd m\x90\xf5\x96\xc9\
\xf2\xb8\x08\xbe\xfb|Y\xa3\x04ek\xf7\xf7\xf7Hx\
\x91\xc5I\x8a(Zq \x8eNb\x87\x8f\x83\xecG\
Z?\x8e\x15\x94\xc3`\x19x1\x85N\xc7\xc0\xab\xb9\
\x15J\x12\xf9\xbd\xef-\x86\xfe8\xac4\xc3\x8d\x06c\
\x91e\xb4\xc9\xe0\xb8\x14\xc8\xccP\xd3J\xc1\xbe\xa1\x97\
 \x87$ \x1b\xca\xe8\x05[\xf7\xd8\xcftf\xb4\xdb\
x\xebw\x86\xe5\xdec\x95&\xadqe\x90\xb2\x83\xe0\
(\xa4er\xb6\x0d*\xaa\xd8k\xbf'\x90\x97\xe5\xa5\
\xdd\x14l\x88\xf4\xa8\xd3\xd2\x0by\x92\xe1\x1bB\x00\xa3\
\x1c\xfb\x82\x81)x\x84\xa9I\xc0\xfe\xb9\x82\xea\x90\xa8\
\xd9\x18\xa6M\x06\xc7H8bs\xd01\x15\xe3>\x22\
,y\xe5\x8c\xc6P\x11@y5MSUU\xaf\xed\
O\xc2\x07a\xf9Yr\xcc}\x81\x16\x80wrww\
g\x157\xa2PL\xc3Y\xbf\xd6\xb6\x1c\x1dIwP\
\xd3\xc1AA\xf4\x05k\x9b\xfc\xa8\xbbAP$8\xf0\
\x93\x11\xaf\x09\xf7\x02\x817\xb4\x9c\x02\xe9\xd8\x9e\x85I\
H\xce\x86m\xeby\xf462[\x01\xa3\x04\xa3R$\
\xc6>\xf9!\xb03\xf0b\xaf\xed\xd3\xa8\x92CS\xa9\
,KD_ \xb4\xa9\x83\xfeH8bspw9\
`\xfa\xed\xfa\xc6\xf1`\xd3{vm\xe0$\xa2\xee\xae\
7\xfd<\xe1<\xb8XW\xc2\x93\xdb\x86Cag \
%\x8f\x13\x9d\xd6\x9e\x8d% M\x8b(\x94\x1f\x8c\xbd\
\x18Ux\xb8`z-\x1a\x87\x15\xa7:\xc9\xeb\x832\
\x03\xd51\x9f\x13\xdd\xc5.\xe9\xf0\xad\xd9\x18*\xf1\xc3\
>\x02\xba\x1cGc\x03\x18\xb4\xc4\x96Ky\x9eo\xb7\
[\x10\xbf@\xd1\xc3\xa3\x8a\xbd@ob\x11\xe1\x07^\
a\xfdVu\xc0\xad\xe2\xec\x9e\x14J\xbf8\x8e\xabc\
2wD\x84\xe4\x09\xcb'\xbd\xe6NX\x8d\xc0\x1f\x8a\
\xa2\xc0\xe1\x97\xcah/\x02[\xadn\x93h\xfa\xb2\xe3\
'iV\x88\x91\xa2\x87\x0a\xb4\x83M\x7f\xf6>A^\
\xf7\x81.\x02\xbaPb\x82\xa2\x0c\xd1\xd1\xa9\x1d\xe9\xdb\
\x13z\xd08\x15\x81\x15\xf5\xf6WSm\x04\xb5\x07\xc4\
\x03\xfa-\xc4\xe1\x82\xc9\xec8\x1b\xe4\x083\xb2H\xa7\
\x85!\x04\xce\x0d\xa6'\xe0b\xebq\x17;\xa9 \xcc\
\x10\xe2$6\xfb\x15\xa3n\x8a\xcd\xfbHd\x96 \x18\
\xc6\x92\x05{\xb1IB>\x88o\x03\xc7\xed\xad\xa7\xc1\
aCL|\xc3\xf5M\xbf\xa3!P\x1cl(\xa3%\
c \x09\xc4\x19`]\xc9\xfd\xfd=\x12\xde\x8c\x16\xb0\
\xff\x1b3kP\x0a \x82\xb1\xcc]b},#\x93\
W\x8eZ\x0fS\xc8tYXI\xdb+\xc3\xbe\xc2\xaa\
V\x8f\xa3\x098\x90\xaeP\xe06\xdc\x97\xeb.\xf0\x05\
z\xe40di\x91\xbf\xe7\x89\x98\x14\xc8{A\x82\x17\
\x0a\xd7\xc9\x87P\xd5\xaa\xaaz\xf4OD20\x10\x07\
\xa6\x09\x8e\x1b$S\xea\xba\x06\x81c\x92\x0bq\xa6\xde\
\xaa,Kt\xef\x80s5\xabX\xdd\xd2q\x08`\xd0\
J\x15\x11\x1c\x1b\xde\x8c#\x9f-\xacp`\xc1\xbdx\
~R\x22\xef\x05\xb2\xad\xacF!\x93\x8b\x8f\x9f\xcd\xd6\
\xc3\x16a\x18\x0c\xe7\x0d\xed\x95\xc9\xc1\x95p\xf4\x86\xbb\
t\x17\xbb\x1b\x87{9(\x0b\xec?\x18\x1c\xf3Oi\
1\x85\x8f2+{\x0a\xca\xc8\x91\xb95\xc1R\xc5!\
\x00\x22R\x14\x05\x82\xd0h\xc7\xb2\xdf\xef\xe9\xb7l\xb7\
[\xa8\x97\xcdf\xc3(\x88\x9a\xd2\xc8\xa9/H\xc48\
-\x90gj\x92$\x12\x1fG./9\xba\x0c\x95\xd3\
\xe0\x98\xf9\xb1M\x9e ,'Im\xb0\xdf\x0f<Q\
HF\xd0_\x81\x91\xa1\xaa\x98\xa9\xb6\xdf\xef\x9ds \
\x96\xc3<\x05O\xf3\xb5\x99|s\xd8\x02\x5c\x17\xa2/\
\x08\xf83\xf6;\xf5\xd2\xd6\x03\x9e\xcd\xb6\xcf\xc1L\x8c\
\xceS\x00\xcb\x03\x95\xb4V<x\x94N\xbd\xc0\xb9\x83\
\xa9L\xfa'd\xf3\xb0a\x0f\xf2\x14\x22\x82Ze\x98\
&\xd4\xdbtr\x86\x81\xb1\x09A'\x9c\xc4\xd2\xf9;\
\xe1\x8b\xc07\xda0\xf2j\x9c<\xde\xabb\x98-\xe0\
|\xd3\xafb\xb3\xd4\xa9\xd7\xb50 \x5c\xc1\xceZ\xb8\
\x99d\x92#\x8cD&\x07Z\x7f\xda\xcaC*\x17\xfc\
\xc0\x82\xd59\xc0\x99\x9a{\xb2\xc3\xa6^\xd4z@\x8e\
\x17\xfbp O1\xff\xfbL/\x05\x0a\xa4'\x1e)\
\xceq\x22|\x9c\x1dm;kA\x18\xc04\xc7\xeb\x12\
\x9b\x143\x9f\x82\xf9\xd2\xb0W\xf0\x9e9\xc4\xc6z\x9b\
\xce\xd9@8\x1c\xd3D\xc9\x8f\xe3\x9b\xd5\x86\x83\x04n\
.\xcdO]\xce\x04y+\xfa\xf0k\xa7^\xd1\x92@\
'\x83MEm>\xbeG\x03D\x1a\x051\x0f\xaai\
&\xc8\xe7\xe9\x1d\xd20E,}\xea\xe5\xac\x0a\x9c\xad\
\x83v[\x96\xaa9\xf5\xd2\xde\x02\x94\x1bi\x1ch\x07\
\x00\x17<\x1d-\xa7\x03\xcf~\xcfca\x96\x0a\x96\x1c\
\xcdP\x98#\xce\xb9\xfb\xfb{U\xdd\xedvp\x1a\x91\
\x22\x87\xa32\x1fw\x05\x802\xa4\x1b6\xf5r\x16\x0f\
\x8f\x0a\xc9\xba\xae\x11y\xee\x85\x8ff\xae5\xe4\xe5\x0a\
\xc1W\x82\xcb\x02\xc5a\x8d\xa7d\x85\xbc\x0d\x04'\x98\
\x5c\x13\x11<iH\xb8\x80\x89\xc9\xbb\x8dyK.v\
\x8d\xe3\x5c\x15\x1c?3<o\x10\xf5\xcd#v\xbb\x1d\
U\x1be#\x09\xc9\xe9`\xf7\xa4\xb6mY\x0ci\xeb\
\x83\xe6&\x00C\xf4\x22\x19\xd0~4;\x92\xdfr\x22\
x\x97\x86\xc5\x07,V\xe7\x93\x85\xfc\x0b\xe2\x1f\x1a\xc7\
\xfe1\xc2\xc1\xd2\xb9\xa9\xae\xe55`\x85\xe8\x08\xb5\xdf\
\xef\xb1N\xc0\xaa\x8e\xa4@NA\xbffl)Q\x8d\
7\xa0\xb1\x0aCD\xd2\x18\xeb\x13\xc1\xf0\xe6k)U\
\xc4\xc0D\x04\xa9Y\x9a\x17\xd0,\xf0u\x10\xff\x98\xf9\
@\x1c,\x0c\xfe\x8ae\xa4\xeb\xa0\x0dL\xc2\x10v[\
Y\x8d\x0c\x8a\xcfj\x1e4\xe6gYF+\xb3\xa7\xb5\
M\x08\xd6\xaa\x90\x00\x01c.\xc4\xa9%$CHd\
s\xe7yNG\x85\x8a\x1a\xe1\x10pH\xe7|\xb7\xc1\
l\x1b2\xc3\x92\x029\x11\x0e\x16}o\xc0\xf4\xd2\xa1\
q\x8ee\x883bVsic\x80\xf5\x8d8\x83\x11\
\xf0\xe0M\xa3^`\xbc\x14\xd1#\x16\xb6\x91s\xee\xe3\
\x08\xd9\xa9/\xe8;\xc0U\xa0Z\x81M\xab\x86\x0e\xca\
\xfc/\xe4\xfa \x01\x02\x8fXUULxO\xbd\xb4\
\x0b\x03\x81R\xe6\x9a\xd7w\x81\x97\x02\x98\x19l\xf3e\
\xb3\xb1\xde\x8c\xd3\xa3\x9dJ\xb6\x07\xb2\xb1\xf8s\xd8+\
\x17\x99;=6\xc2\xcb\xd1N\xbd\xc3e\xb6\xbe\xd6|\
\xe0\x9e\x9e\x9el\xeb\x9e\xa5\xdf,\xbb\xe5\x8c\xf5!\xae\
\x9ej\xac\x8f\xc2\xb6\xb7'9C\xe3X\x04\x04\x15\x11\
\x15\xb0e u]#\xffmo5\x0f\xefE\x8cG\
\x22g\xd0\xbdl\x83\x96\xf0\x06\xf8|A\x06pHp\
\xaf\xe7|T\x9c\x08^\x82\xc6\xdaot\x8f@\x18o\
\xe9W7\x06\xd8:\x123SX9\xcfh(\xcc\x0b\
1D\x0d\xc6J\xf1O\xdcjw\xad\xae\xa3\x1f\x07}\
Z\xa8\xca\xde\xcc\xdb$'o#\xb7\xa4\xd1E\x1c\x15\
\xa7\x03g\x89\x9d\xdc\x93\xcc\x8e!\xd4t\x06D<\xb9\
(\x0a\x8eV\xb1\xcf\x0f{\x95\x92\x8fi\x93\xf7\x0c\xad\
\xcf0\xa99t>\xc8\x93\xa5\xfa\x90%\xd0\x1e\xa7\x05\
C\x5cl\xe1\x83\x1b\xd8\xf3e\x97\x0e\x8d\xe3{\x18\xce\
a\x1d\xd6:.\xf0\x82@\xbc\xf3\xee\xee\x0e\xb7\x88\xee\
+I\xb8\xde\xfb\xfd~Or(n)\x0fi68\
_\x96\xc5\xefb\xf7\x0eP\xe6aB\x0d\x9bg&\x0c\
\x11B\xc8\xa15\xf0\x8c\xad@\xe72\x82GR:N\
Pz\xb4\xcb\x12\xee\x91\xd0\xb3\xc4\xadz-\xcb\xd2\xde\
%\xcb!\xe7h\x1b\x1bj\xe6G\xe1\x10\x92xr\xcf\
\x5c\x90\x98o\xa6xPq\xb8X\xc80\xf3K\x98\x0a\
]\xd7!\xa5rT\x1e\x96\x8b\x1eU\x05)EVc\
UU\x95&J\x1e\x05\x1e\x99\xaa\xaa\x98i\xa5a\x1a\
\xe2\xcc6\x8e{\x84g\x02\xa3\xc4\x99\x81\xae2E{\
\xeb\xf3`-l\xf4\x94c\xa7\xe3\x15<\x05\xa3\xe2@\
\xf8\x93\x97\x83\x01']\xd2\xc5\xd0+\xbd\xc9\xe2\x94s\
\xe8\x8e\xbb\xbb;{d\xca\x8a.\xfcD\xd8\xebe\xa7\
\xce\xcdf\xc3\x06\xe7\x12\x15\x01z\x05\x86\x10\xd0O\xf0\
\x8d\x8f\xb2\xc6\xdc\xdc\xee\xe7\xd1\xf5PH`j\xb4m\
\x8b\xbc22\xd34[\xaf\xbb\xd2\x19\xa1g\x98\xe2\xfc\
@\x81[Y\x96\xb0\xd5\xd6\x148\xb4\x17B.\xa4\x98\
f\xc7\xa8\xecC:\x09\x166\xb302?\x99\xbf\x1a\
\x86\xf3S\xf8+Z\xf6\xb6\xbf\x16~\xb0\xeabYO\
Yo\xa3Q\xe8[U\x15T\xe8\x9c\xe9\xf3WF/\
s\x02_EU\x0f21\xf5\xf2F\x07\x22\xc0l\xf8\
\xc3P\x18^_\x96\xd0_\x1c\x88\x8b\x82\xb7\x81\x8e\xe6\
xr@\xd1\x00\x81c\xf5N\x9e\xe5\x1d\xc3\xbb\xbd\x85\
\xe7\xe2m\xd8\xa7\x03Qt1\xad\x5cn*o\x8dg\
\xa4\xd7h\x15\xa5\x16S/mb \x02\x84\xc0\x06\xea\
\xd7\x9csp\xfd1e\x1a\x03\x98\xe6O\x0e=\x1b<\
\x5c,\xe9\xf8\x96-\x0f\x96\x1aH\xbc\x03\xe8!\x09\xd3\
s\xfd\xf36\xd5t\x15\x84(\xb0\x9d\x1c3JS\xaf\
qbh\xec\xdb\x03e\x8a\xee\xa2y\x9e#\xcf\x02\xad\
1\xf5\x1aG\x87\xcd\xd1\xda9\xda\xabaG\x9e\x07\x8d\
\xed\x07\x90~B0\xccj\x93\x1b\x01s\x04u]\xef\
\xf7{<\x1d)Q+\x22\xb00\xe0\xe2Cu\x848\
\x15RD\xe6\xd9\xad\xe7\xb2\xb0\x87\x8be\x86\xad\xfb\xaa\
\xbf\x0bjNvU\x80\x07\xbb\xfe\x91WC{\xb3\x8b\
\xb0\xd5Y\xb7\x0c\xb8\xb0 s\x80\xd8\xc1\xd01\x5c\x7f\
\xf8vS/st0\xe6\xc7\xcef\xeb\xe8X\xf3q\
 \xb3\xc0\xb2\xd8e%\xe0/\x08(\x13t:f\x7f\
\x81\x1b?Zp7H\xee\x91X\xb4\xc2\xa9+\xcb\x9a\
\xbfs\x1e\xd8\x8c\x04\xed\xbc%6T\x9cz]\x13\x83\
|s8*\x07/\xee\x06m\x0e1m\x7f\xdc\xba\xda\
\x19\x9d\x8d\x10\x02\xd8\x0c\xb4F\xd9,\xeeF\x1e\x9e^\
\x1e\x815;\xb6\x16\xf4\xa6p\xb4J\x85\x14\xcb\xdb<\
k\x99L\xc1\xd3\x81\xac\x81\xed\x0du\x83\xf10\xb8(\
\x1c\xf0\x86\x17\xa1`\xdb\xb6\xddn\xb7\xab\xd7\x1eL%\
83'\x15J\x83D\x96[\x03\xa5BbU\xe37\
\xc6\xcf\xea\xf9\x1c=\x9b\xe3h\xf1'F\x87L\xb5\xc2\
9\x00\xb7%\x84\xf0\xfc\xfc\x0c7EbM,\xb8\x1d\
\xeb\xbe?VHl\x8c\x87\x13\xecV\xaf7\x87\x80f\
\x00\xf3\x0b\xd4\xda^-\xfd\xea\xa5\xa2\x07\x5c>x?\
\xf0\xe3)\x1e\xb6\x9b\xedM\xdd\x13\x02\x05\xb1\xcet\x1d\
\xbd\xbf\xbf\xbf\x91\x1c\x1c\xads\x08\x86\x98\x91\x87+k\
\xb6y:0\x12\x0f\xdc8\xde\x81\x83e\xb6\xfa8\xc7\
\xdb\xd0\xd8N\x11\xf9\xc8\xe1\x1b\xd6'.\x96\xe0\xb3\xb2\
\x8e,\x17\x07\x0a\xe1468Z\xfd\x8db\xb3\x0d\x1f\
\xc7\xf06M\x83\x19FS/m\xa6\xe0,n\xb6\xfc\
\xb7B\xb2J\x13\xc4^\xd4*/\xf0R\xc04\x19\x11\
a/\xec\x15\x13Kyi\xb4\xc5\x11\xff\x1b\x9e/\xc9\
\xe6P\x89\xe9j\x0c\xc6<j\x87\xadOJ,ea\
}WwA\xc0*E<\xec\x162\xd3\x04\x1d\xb5T\
\xc2\xf3\x06,\xc3cS\x96\x99\xe9\x8c\xb7\xca\x9b\xc6b\
WvY\x9czE\xb3\x86\xed\xde\xb1\xe2\xd9=\xd6\x89\
\x85\xaa\xf4\x11\xc3+\xbd\xb9\x88q\x0f\xb8#hW\xca\
\x8er\xbd\x00\xf2\xa4\x0b\x1c\x05V2V&\xfd\x17\x07\
\xb2\xd4\x10\x0f\x10\x5c\xd6j\xa5Y\xc5\x81|<\x93J\
\xeb\xd3\x92\x97\x82\x8b\x83ED\xa4\xed:g\xda\xe2M\
\xbc\xb2q\xe0L\xbf\xafdp\xbc\x01K\x16d\x9b\x86\
u\xc7J\x8ff\x1be\xd8\x82r\x95g\xea\xdb\x18*\
P\xbc\x820\xa9\x98P\xd8D\x0b\x1c\x11\xd8\xee\xaa\xaa\
\x5c\x9c\xed>\xf5\x8af\x0d\x06\x0c!!\xfb\xfd\xbe\xeb\
\xba\xedv\x0b+d}\xec0\x8dCF\x98\x88\x95\xd8\
\xd57\x1d0\xaf\xc1\x96\x13\x87\x15\x0d\xe8~\x0d\xe8\xe2\
\xb3\xd6\xd9~\x97\x82M\xa3X\x22\xf6*e\xa3\xa77\
z^Y\xb29\xde\xea\x1bh\xc7X\x93\x8e\xbet'\
\xcf\xae\x9fC\xefV)\xfac\xc0J\x0bGo\xb88\
\xeen\xea\xd5]\x18\xc8@\xf3\xea\xd6w\x81c\x80\xcf\
\x17\xcd\x0e\x17g\x88,Zo\x1cEUU\x12{*\
\xae\xef\xea.\x82\xd7\xf8.v\xfe\xc6\xca,x\xf44\
\xb2\x87\xe6\x1b6G\xd2)\x07\xa0\x8c\x07\xae?Z_\
\xe3>\xd2&[\x96qF2\xa0\x05-*\x1a\x1cG\
\xdf\x96 /\xa7*\xe0\x07\xba)l[\xc2a4\x8b\
\xbe\x87\x94\x01;\x0a\xd1\xf6RLx\x1b\x94\x10\x17\x07\
\x14\xf7\xb4\x87}\xca\x96{KY\x8bAGv\xb9\xd7\
2*^S\xaa\x1c^M=\xdc\xfb\xab+\xad\xef\x12\
\xb0\xf2\xcc\xf0\xde\x89\x96h\x92\x9b\xe3\xa0X\xf4\xe6~\
M\xbd\xae\xef\xc3nh\xaf\x13\x1aH\xd4)\xa5r\x1e\
z.\x0b\x9b\x97,7\x01\xc1\x1a?yip,\xeb\
*f\x08\xc8\x86D2\x90\xed\xde\xa1\xcb\x9c\xb4\x80\xc8\
y\xdb\xb6\xf7\xf7\xf7S\xafe\xd9`GJZ\xf6x\
}\x11\x87K\x0f\x90\x8a^Z\xe0\xbbH6\xc7\xab\xd0\
\xd8%\xdd\xd6I\xce\xbf\x1b\xd2\xd0A\x87)\x8a\xce\x89\
)\xa5r\x11\xe0\xf0\xb0%\xf8\x12GuO\xbd\xb4w\
\xc0\xd6 \xa0$\x18\xf3\xed\xa6^\xd7\x1a\xc0Jc\xcc\
\x00\xeb\xf5oX\x0ah\x95B<n\xaan\xeb\x82\xe8\
e[\x90\x9f\x85\x07\xc8\xb1ps>S\x8e\x02J\xc3\
\xc5\xe9K\xf6X|\xfbr\x92\xcdq\x1c\x8c\x8f\xc1&\
\x15\x91\xb2,\x1713p\xd8!\x80Iz^\xc2\x9c\
\xd7\xbf,\xe0\x5cq\xce\xa1\xcaz\xea\xe5\x9c\x83a\xc3\
\xd9U\xd2c\xaf\x0c\x8d#\x03\xf1\xb8-7z\xc4\xd3\
q\xb9\x9709\x8e\x9e\x1a<Y\x16wc-%v\
\xb8\xf8\xef\x1e\x91I\xb3\x1c\x07T\x06\x8c\xb8\xa2(\xa0\
\x97\xd54\xb8]\x04X\xf4h'\xcb$+\xf3R\x00\
{\x7f\xbb\xdd\x8a\xc8n\xb7\xc3\xcc\x9a\xa9\x17\xf5>\xb0\
\xe9\x19\x0d\x0eR\x10\xa6^\xdaR\xa1\x11\xde\xfb\xb2,\
\x8b\xa2\xc0M^\x9cl\x88\xc9\xd6\xe3hIRq\x1e\
\x86\xa7\x06o)ZC1\x197C\xd8M\xd78>\
\x97\xbd\xce\x86\xd6\xd2w\x8f\xc8\x14\xe7\xf8\x0e46\x05\
\xefu,\x98?\x18\xe1\x00w\x09\xc4\xd8e\xd9Ls\
\x06\xce\x95^-\xdc\x82\xb2W\xc8\x0dqV\xd9:J\
\xb4\xe6\x06j\x0f\x8a\xc7\xb2\xeaK\xf7\xfb\xbd\xdcX+\
\xbc\xeb\x80\xc7\xaeu\x0bI2\x959=\x89\xc3\xd2\x1b\
\x10\xd7\xc8#~\xef:\x93\xcdq*\xac\x8e\xb6\xc21\
9\x98\x06r/\xa7\x1b`\xb5\xd0\x17k\xed\x7f7+\
\x90\xd8\xcf\xf1\xbcx\xddV\xbeL%6\xc3t\x09\xc4\
CbFy\x92U\xdd\x0e\xe8 \x86\x10\xect\xa7\x19\
\xb2J\xa9%\x90\xad_eM\xf8\xac\x00\x19@\xf0\x00\
\xe1FJ\x05\xf7\xe2j\xe9\xce^f\xc4\xba\xa9,\x88\
\x85\xb5q\xf6Q\x92l\x8ew@\xe3\xac<;\xa0y\
\xf2\x83|x\xb6Ij\x5c=\x054v\x1b\x84\xbe\xc8\
\x07m\xb0'\x17\x15\xae\x07\xe6\x91\xedP4\x93\xb5\xad\
\x18\x0c\x86\x91\xde1+\xa9\xb0`=\x02\x03`\x09c\
\x03'\x0b\x84\xc1vI\x97\x19\xd0\x07i1_\xa4\xb1\
S\x92\xa7w\x00w\x1cv(\xdc\xc4\x99$\xe1zV\
'r\x84Vv\x13\xae\x03\x8aGUU\xd0\xda\x12\xe7\
\x1e\xcd\xe1h\xa1G\x85F\xb4V}L\xbe\xb6\xb5\xc2\
\xba\x04\xe8\xdd\xc9\xa4'(\x84\x13\xdey\x1d\xb4\x88\xd0\
\xd8P\x121\xb9dp\x5c\x0d\xa0\xdcIl\xf3\xcaZ\
k\x99\x9a\x5cEq\xb5\xa4\xc0\x8f \xc59\xce\x01\xca\
@\xa0\xb8\x11)\x9d\xc3\x89\x22\xc6 M\xc3\xdb&\x04\
\xddD1\x8d\x80\xe6 !\xac\xef\x059:E8\xae\
\x80\xa1\xab:,%\x9bjm\xbd\x88=\xb8\x05\xa8\xef\
M\x11\x8eI\xc0f\x833\xa9L\xc6bp\xa0\x94e\
)\x97P\x17\xc9\xe6x\x07\xac\xfa`\xcd:\x9c\xc59\
p3IGb\xc7\x88\x99\x84\xe6n\x13\xb6\x1f\xf0\xe4\
\xba\x83\x85\xdf8\xea\xec\x89\x92l\x8eQq4\xf5\xa9\
\xa6K:\xb6c\xa2\xd5}[\x0f\xfb\xfa\xcf\xe4\xb4\xbb\
A\xf0I\xa4I\xca\xc3e\x92\xc5\xf4\xca\xa4/\xb5\x8c\
d\xc9\x9e\x04\x1b\x05e1aY\x96eY\xa2C\xc3\
\xc4\xeb3\x22b\x99\x04s\xb0\x84n\x16\xc8\xb3\xa0N\
\x12\x8f\xee\x84pq\x84a/\xc2!q\x82\x1d$<\
a$\xe0\xf1\xd4\xd8\xf2\x95E\xf8\x10\x8f\xa9W'\x12\
=\x16\xef\xfdf\xb3A\xfbv.8\xe1:\xa0\xae\xce\
\xf3\x1cA\x85\xaa\xaa&9\x5c\x18\x8a\xeb\xb5\xba\xbf\x88\
<\xa48\xc7\x99\xb0\xc4\xc0^\xbb\xd2+D\x17z_\
\x8154M\x83~\x00\xe3}o\xc2{qtJ\x05\
\xfbQ^\x8d\x8e\xfe\xf8\xf8\x08\xf9L\x9c\xe2\xb9!\x84\
\xb0\xdb\xedP\xb0\xd0\x13\x8614\x89\x8d\xbbhl3\
j\xdbb^\xf0\xbb\x12>\x08\xf6\xfa\x1cv\xa4\xbc`\
x\x12.\x07g:\x82\x8e\x86\xc6\x10h\xa1{\x91o\
!\x92\xcdq\x010\xe9\xa5\xb1\xb7\xd25\x93\x1a6\xcb\
\x83\x93,\x1d*\xb3B0`>\xc2[\x8c\x00\x00 \
\x00IDAT\xd4\x1a\x1c\xb1\xf1\x0c\x0e\xab\x92\xea\xba\
^V\xef\x90[\x03\x1cJ5\xd3\x9d\xae\xf6\xd5d\x8c\
\x0eG\x90'\xcc\x01dxP\xbd_Vu\xf4\x8e*\
\xa6_\xc1 \x1eC\x1e\x92\x02\xba\x00\xe0A\x22\xc8\xc1\
n\xc7\xbd\xdd\x1a\xcf\xb6\x83\x94$\xd2\xe8l\xc1\xb1\xe6\
\xcc\xe2\x8b\x88s\xee\x0a\x06\x07\x83pG\xdd\xe8\x84\x99\
\x80\x15\x22\xecwl\x7f;\x9e\xea`|4i\x8fy\
\x82U\xf7p,\x87\xb2q\x91\xaf\xe8\x19\x1cc7Y\
Hq\x8eK\x82*\x1e6\xa9\xb5<.\xce\xd4\x1bv\
\x92\x19\xe9\x8b\x12>\x08\x12\x80\xd8\xdf\x85$\xdf\xf1\xbe\
\xd1\xc5\xd1\x5c]\xd7\x95e\xb9\x94\xe6\xb9\xb7\x09J\x08\
\xc4\xa37\xa5s\xa4'\x1a_W\xd75\xa7\xd0\xa59\
;\xb3\x02;\xfd\x88\x09G\xa1~\xe4\x82\xf2@\xd9\xc3\
W\xb0\xc3\xc2x\x5c\xc0ds\x5c\x06\x8cP\xd1S\xa1\
\xe2\x18i\xe7\x86\xa3\xb9\x12\xe6\x86a70X\xa5\x88\
\xa2\x8fZ\xee4,bJ\x98-\xd4\xb4\x9bd=\xcb\
\xc5\xab\xac{\x1e-\x92}6\xc2\x91\xdc\x95\xb9\x81\xce\
\x03\x89\xde,\x85\xbb\xa0\xea\xc0\xc7\xda3\x0b\xe6\xceH\
\xda)Y\xb5\x17\x00\xed6\x9c%W ~\xdb\xc2\xb6\
dp\xcc\x1f<QH\x07\xab\xeb\x1a,\x9c1\xbe\x0e\
I\x1c\xb8\xb0\xd6\xe0\xb8\x14\xf3<\xe1\xb2\xa0fgy\
$\x9en\x9c\x04\x17\xff:|2\x5c#\x18\x1c\xb6\x03\
U\xc2|@[Pc\x7f\xd2<\xcfQ)y\xa9g\
\x99GI\xaf\x84~<o9\xc59\xc6\x02\x0a\x16d\
P\xdc\xfc.z\xe9\xb0>\xc5\x86RR\x19\xfdra\
\x87\xb3\xf0\xf1>{\x08_\x8f\xd0\xceQ\xb1I<\x16\
\x0a\x8d\xdd\xdbX\xfa\xde+o>\xe3\x03\x87\xa1\x94T\
\xa5\xb2 P9X\xda/\x8bM\xe4=R\xc1\xc0\x09\
JTpB]\xad\x11H\xb29F\x04\x1fo\xf6\xb5\
\x05\xde\xbb\xb5V\xd1\xb0\xa0\x9f\xd5S\xc9;Y\x10l\
\x92\x85\xe5N\x1f\x9f\xc3g%\x04c\xd3\xc9(\xba\xf4\
\x15$\x5c\x09\x8cx\xab\xea\xa5\xda\x95r\x0a\xf9\xac\xa6\
T&\xbc\x17\xa4_\xd8\xdc\xfa)\xaa\xc3\xea\x1f\x9eM\
\xc0\xd5tE\xb29\xc6\x05\xfd\x15:+g'\xc9\xb0\
Sh\xb8\x9ex\xe6\x0bEO/\xe0\xc9\xc7\xce\xf2\xc9\
?{[_\xabsK\x86\xe9\xb2@\x0b\xd22\xfb>\
\xee\x89\xc2]Ah-%d\x17\x87\xe1S<\x9c,\
\x7f\xe2\x87\xf0T\xea\xfd\xe1uZ<$>\xc7X\xe0\
\xfe!IF\xd2\xd6\x19\x1f\x02@e \x05\x9bX\x81\
\xcb\x85\xddS\x9b\xbf\xff\xf8\xc8@\xb4\x0e<\x9a\xcbK\
X\x22`j\x94e\xc9\xa2\xd6\xb3w\x13Qt5]\
|f2\x9f2\xe1D\xe8\x00\xe8\xd9\x05r\xd8\x89\xb2\
\x81\xd4\xccQ\x83\xe3jHq\x8e+\x81eih\xe3\
\xf1\xae\xbf\x85\xbb\x83X\xebf\xb3I\xf5l\xcbE\xcf\
\xe0\xc0\x0f\xa4\x03k\xec\x0au\xc6\xc7\x22^\xd2\xfbs\
~]\x8as,\x0b\xbd\x8d\x1b6\x86:\xe5\x13l\x95\
\x0a\xff<E8\x16\x8d\xa1\x02\xd1\xd81\x81c\xd8\xde\
@\x88\xe3'\x8fv\xe0\xb8N\x9c#\xc9\xdf\xb8\xe0\x93\
?\xb46\x86\xfcPye\xbf1)CD\x8evG\
N\xc7\xc9\x82\xe0\x5c\xdf\xcagJU\x07COl\x8c\
\xdd\x8a\xc7PS\xc0\xcb\xe9\x1dH\xc9\xe0X.z\x9b\
ns+CE\xc1\xba\x06\xabL\xa8\x19\xa8=\x12\xa7\
x\x058z\x82\xd8\xe2\xa3!z\x04sH\xd1QI\
H\x1c\xd2\xb5a\x98\xcb\xa7\x1c\xf0\x9f\xc3]'\x95\xec\
\xfa}\x91\x13\xae\x89\x9e\x89@\xa9\x18\x86\xb5zDT\
\x88G\x22\x8d\xae\x18\xe8\xca\xf0\xc6\xe6\x1e5D`\xa0\
 \xa5R\x96e28n\x07,~\x9e\xa1BH6\
\xc7\x94x\xdb\xda\x103\xd4\x18\xbd\xe7RTc\x95x\
;\xa4\xd9\x1b\xaf0,b\xea\xban\xbb\xddN5\xf3\
:\xe1\x0a\xe8\x05\xba$\x9a\x9b0I\xed\xd6[\x19`\
\x8d[J\xa9\xdc\x08\xde\x08mB\x84\xe6\x90\x97O\x82\
xm\x90\x01$\x22\xb0'\x00\xd8\x13\x90\x09\x86\xd0\xd9\
\xfa\x1e\x7f\x9b\x0e\x95Ub\x98p\xb1L1\xbe\xa1w\
\xae\x90G6\xe4p$9Y\x19\xa0\x0a\xd0\xa1A^\
\xd2?A\xd4\x10c\x95\xb2\xfa\xa9\xd7\xcf4aex\
#p\xce,m\xefL\x99\x03\x92\xcdqU\x90\x0b\x86\
\x7f\x92\xe1\x81\x08\xb9\x88\x90H\x8cc\x86mn\xa1q\
\x92\xeeX\x1f\x18\xe5\x02SXb\x07}\x0c\xee\xc1\xb4\
\x14\xe6\xf2\xe9\xd1\xd2k9\xca\x02KX%@\xfd\x81\
\xa8p\xe8\x06\x03\x1e\xb6\xebq\x96e\xf8\xf9\xe2\x0d\xd4\
\x13f\x08\xfa'(\x90Dt\x1c\xca$3\x98\x89\x00\
\xa4\xdc\xca\xf5\x00\xbd\x00\xe7\xc3v\x15\x94\x98x\xe3o\
-\xe4\xe5A2\x13\xb9I\xb8\x148X\x0b5ll\
\xd7\xc1\xdd\xb7sh\xa9>\xec'\xf4\x88A\x92\x84d\
\x8d`\xd7Z\x17Go\x90(J\xf9\x81\xf6\xa0\x84\xf4\
\x04#I\xc5Z\x01y\x80\xf6\xa0\xcb\x8a\x03\x05[\x0f\
\xa7e&\xa3\x97R\x9c\xe3z\x80\xff\x0a\x8d\xa0\xb1\xfc\
\x15\xbf\xb2\x8ct\x08\x8a\x1d\x1e\x98\x94\xc5\x8a\xc1f\xb2\
<K$\xea\x08fO\xd0u\x83\x91\xb0\xde'$9\
\xb9\x05PN4\xd6E\xf7\xacR\x08\x86\xed\xd3\x90\x04\
\xe3\x16`\x0b\x94 \x1e8b\x18\x17\xa7\x90\xcc\x81\xcc\
!\xc9\xe6\xb82\x98\xa1\xc7\xe9b\xed\x0c\x08\x04\xdaC\
\xa5\xe0\xd3-\x83!\x0dk\x880\xf9\x92d\xe3fA\
\xd3\xc1\x9e\x1f)\x08\x9a\x00\xc0\xf8\xe0\xf0\x14x\xb6h\
u?+\xd5\x91l\x8ei\x00VGQ\x14L\xc5A\
\x8f\xcc'\xeb\x960\x09\x18*\x97H\xee\x81\xc1!\xf1\
\xa4\x99\x89\xe2H\xb82l\xa6\x952@\xed\x91\x94F\
\x82\xbe\x1c\xa1\x80P\x07\xc3\xa5\xa4\x8bM\x8eds\x5c\
\x1bV_\x1c}CR\x1f\xb7\x0c{\xb4\xa0+\x03^\
\xb7e,\x097\x88\xde\xee\xdb\x80\xa8\xb5S\x13n\x19\
\xa4q\xf0\x9fb\x82\x1c39Y\x92\xcdqm`\xe3\
\x19\xfb\xb2\xf5\x903\x91\x89\x84\x09\xc1\x88\x97\xc6~_\
8]$1\x01o\x18L\xc8J\x1c\xc2\xc2_]y\
(h\xc2lAV\x07\xe4\x81\xaa\xc3\x1e1S\xafQ\
$\xd9\x1c\xd7\x07m\x0e\x11\x19VQ\xcf*\xf1\x96p\
}\xb0\xac\x89d\x8e\x9ea:\xf5\x02\x13&\x80\x0dr\
X\xe7\x04?\xb3Je\xb2\xf5%\xcc\x00\xd6\xe6\xb0\x0e\
\xed\xdcz\x92\xa6Z\xd9\x11a7\x9b\x9e\x8a\xad\x86\x1d\
\xde|F\xd4\x13\xb1c\xad\xa0.\x80aa\x1b:\x1d\
\x9d\x1d\xca\xf78\xe702#\xb5iY=,K\x83\
\x02@\x87D_\xe9\x88\xaf\x83\x99;\x09\xab\x81\xed\x7f\
\xaf\x83*\xe8\xae\xeb\xd0\xe4\xbe\xf7W<q\xa076\
\x9b\xcd\xf5W\xdeC\xb29\xc6\x85\xc6\xc26\xb4\xff\xc2\
?{\xf96\x82VH:W\xd6\x0a\x1d\xb4\x0el\x9a\
\x86\xa3\xfb\xde`l\x90 \x96,\xd1\xd5CM\xf5c\
\xdb\xb6EQX&\xe0kB\xc2:\xc9\xc4\xedX1\
\xac\x02\xd1\xd8\xa6\x05e\xd2lS\xdbC\xaf\xe7\xd3U\
\x97{\x0c)\xb72.8e\x18\xff\xa4\xbd\xf9\xda\xf6\
\xdb\x10:e\xe5\x9a\x0bN\x18\x15Vep<\x9b\xf5\
]^\xdb\xee\xe4\x1b\xdc\x0e(\x0f(t\xe4\x8b6\x5c\
:4,^;r\x12\xd6\x04K0'\xf7K\x06,\
\x1f\x8b\xb9\xd9\xa0)\xce1\x16\xa02\xda\xb6\xc5\x80\xa5\
\xd7,P\xfb\xcfda\xdc\x08\xd02\x12\x11\xaf\xcdf\
c\xf3\xf1oX\xa2|T\xe7\xa6D\x12.\x8e\xb6m\
\xeb\xba\xce\xb2\xcc\xf6\x06\xb4\x18\xeam\xeb\xfe&5\xb2\
nt]W\xd75\x1b\x13\xbf\xb1\xdd\x96\x06$\xf3\x90\
\x8dds\x8c\x05\xf4*~M&`\xa2\x0e\x9bX\x8b\
I\xdf\xa6\xa3e\x95\xa0\xb5\x81\x8a\x83<\xcf{\xf1\xd2\
\x9e\xb4\xccAM$\x5c\x13\xe8\x82/\x22\xcc\xaa\x9c.\
\x00\xf4}\x93\xcc\xac\x12,gC\xbe\xfe\xbd\x1bMf\
\x98LGHO\xa7\xda(\xe0H6D8\x8e:%\
\xc3\x1c-\xc3\xa7\xbd\xd1\x1b\x09K\x87\xcd\xc1s.\x06\
\x02`\xbd\x0c\xfd\x89N-\x1a\xe7\xf3\xf5$'\xab\x01\
LR\x11)\xcb\xb27\x95\xe9mX\x01\xb3\x83${\
\xbfMX4\xc0\x15\x0d!\x80,l\x99\xa4C\xf4^\
\xb7u\x0co\xbcml$>\xc7\x85\xa1q\xdcNQ\
\x14\x1c\x8dq\xf4 y\xc3\xcc\x84\xf1\x01\xd5\x03o\x98\
\x1f\x9e\xdc\x97\xe5\x82\x0cb\x847\x98\x88}{O\x8f\
\x06\xc9l\xda.\xc5\xc3\xd6\x01\xaa\x8e^}\xc1\x19\xfb\
\xdb4\x0de,i\x8c\xe5\xa2\x17\x01\x855\x89\x9d\xb5\
s\x97^\xdb\xe2a\x8d\x82\x88@\x05\xb1\xbe\x89.\xf1\
\xd5\xe4$\xe5V.\x8c\xb6mQ\x89\xf0\x1a\x87\xe3\x14\
\xb0(\x0e}\xaf9\xf2~>sz\x12N\x04\x9fg\
\x94\xa8TU\xb5\xd9l\xca\xb2\xfc\xf8'\x87\x10\xaa\xaa\
b\x01\xad\xfd\xae\x8f\x7fx\xc2\xf5\x01;\xd2{\xcf\xe7\
\xfd]\xe0\xf9\x84@\x1a\xb23eY\xa6\x0a\xb8\x85\x02\
\xfa\x9f\xc1\x0c\x8e\x8d\xddn\xb7g\x7f&>\x10\xc1\x92\
\x9ei{\xb5\xc3%\xd9\x1c\x17\x03D\x84a\xf3\xf3T\
\x7f\xcf\xb0\xb5\x93\xcdS\x15\xdcr\xc1\xc8\x84s\x0e1\
\xf3\x8b\xd8\x07\xc8\xecJlk\x9b\xac\x8d\x85\x82\xaaC\
D\xce\x0e\x5c\x0d\xab(\x99\xbcO\xaac\x89@\xca\x95\
\x9d{`\x8f~\xb0\xff\x0a\x0d\x8b\xba\xae\x91\xfd\xc7i\
%W\x0c\xa2\xa7\xdc\xca\xc5\x80\xb2Xr8>\xfe\x81\
\x90\x06|,\x8f\xa8t\xae,\x11M\xd3 (\xca2\
\x84\x0f>\xe1l\x1c\xe7\xbd\xaf\xeb\x1ai\xb8dv,\
\x14\xac\xa8?/\xc21\x04T\x07,]\x18\x1f\xa9W\
\xd8\xe2@m\x8f\xd89\xc4\x83,\xc0\xf3\x8cH\xfeU\
Y\x96\xa8\x8d\x92h\x95\xa6\xdc\xca\xc2\x80\xe2\xa5\x0f\xa6\
T\xe4\x95\xb2\x85\x10\xa1\xaa\x1f\x09\xac%\x5c\x1f\x88r\
C\xe9\x0fe\xe3<\xcb\xa3\xd7\xb8\xc5\x06\xd8\x92G\xbb\
8\xa8\xea~\xbf\x87Mp\xf1\xbd#\x85(\xa9\x8e\x85\
\x02\x11\x8e<\xcf\x8b\xa2\x90K\xe7O\xa1\x9d\xd0J\xee\
R\xae\xf2w\x91l\x8e3a\xb3\xa7\x96\x953\xd2\xb6\
\xb1\x09L\xd7u=B\xfb\xf5I@\x09G1,y\
\x85\xff\x8aV\x92ta?\x1e\xc3\xd4A\xe7c\x11\x09\
!\xd4u\x8d\x0a\xba\x14\xf0X\x0a\x18\xe1\x18O\xe3\xc3\
-\x86\x9a\xb2G\x0bG\x09\xf2\x9dIff\x02\xb6w\
\xab\xeb\x1a\x0c\x0c\xc4G?\x12\xe1\xb0\xb0z\x03g\x0a\
\xd2\xbe\x10\x0f\x19\x99\x19\x96l\x8e3\x01\xbdO;\xb1\
G$\x1e\xe9\x1bE\x04\xb4A\xdb\xf6#i\x8dy\x02\
\xa4Q$M\xe9\xa3\x8c\xbaA\xd0\x1d\x22b\xcf\xb0T\
\xeb4[\xb0\xd1\xc2u\xa6`<??g\x11V$\
\x92\x02\x99\x09\xecI\x0f\xd9\xb0\x0d\x17F\xfdj\xfbu\
PV2\x9a\xeaH6\xc7\xf9@a\x9b\x88\xb0p`\
l\xd0\xec@\xb4\xe3\x8d\xe6\x1fWXL\xc2QX\x1f\
%\x84`K\xa6\xaf\x03\xfaFTUI\x1ef\x05<\
\xb0\x88K1I\x7f\x85\xefE\xa5\xe5kT\xc4\x14+\
\x9d\x16\x1a\xa7{\x22\xf8\x84\xa7\x18J^\xae\xe29\xc0\
GBP\x96'\xcbE\xc2*=$\x9b\xe3$\x0c3\
\xe8\x22RU\x95\xc4\xd6=\xd7\xacb\x85\xee \x8bp\
\xa8;\x92\xe2\x98\x16\xa4\xfd\xf6\x9a\xc2\x8d\xba/6\xe1\
\xd2EPg%L\x85\xde\xd63\xcdq\xe5$:\xbf\
\x1d\xacRh\xb3\x1ee5\xa9\x8e\x09\xc1\x03\xde\xc6G\
\xaf\x13\xad\xb49z\xe8.\xced\x18Cq%}t\
\x12\xac\xc1A:'\xc8\xe1\xef\xea\x15\xf8^\x0c\xb7\x9c\
=\xb3m;9\xdb\xf9'i\x8diAF\xa7\x8dp\
\x5cG\x9bkle\x0bU\x85e$\xffur\x0cU\
\x07\xfb\xc2]y_\xa8\xb2hy\xc0o\xb9\xe6\x1a\x12\
\x8e\x02O.9\xbf6!;F\xb0\xe1\xb55@e\
UU\x85xX\xca\xad\xcc\x02\xd6\x12D\x84CF\xab\
b=z`p\xcb\xd8\xe4\x989Z\x9e:\x17_I\
\xc2)@P\x14\xfc\x1e\xbb#\xf8-R\x1e#}\xaf\
\xf5\x87469F\xb4\xe3j\xb9\xbf\x84\xb7\xc1\xac9\
\xf3)\xd7|`m\xb0\x16\xa6\xcfEJ\xed\x12.\x08\
\x1c\xf6\xe8\xe4F\x09\x19\xd5\xe6\xb0\xc5\x10V<@~\
\x1f#P\x9al\x8e\xef\xc3N\x5ccg\xa7\xeb\xd0\xbe\
N\x01\xcat\xb1$&\xe1\x92\xe5q}\xb4m[U\
\x15\xaa\xda\xa6-X\xb5\x86N\xaf\xbb\xa5\xd5,)\x04\
2\x1e\x86\xc4L\xf0\xcd\x9b\xa6yxx\x98n]/\
\x80~\x94\x22\xc2@\xfa\xd5\x5c\xea\x1b\x87}B\x19\xae\
\xde\xef\xf7\x22\x02WV&z0m\x8a\x07}A\x10\
q\xf9`_\x10\x8bds\x9c\x0a\x06\x15\x90\xda\x98\x8f\
\xe3\x08Q\xe8\x05<\xf8\xabt\xa2\x5c\x07\xa0\x04\x8a\xc8\
\xa8%\xd3g\x00r\xdb4\x8ds\x0e\xfe\x13\xb4\x09\xd9\
\xe9\x09W\x00\xf9\xe6W(p;\x1dVu\xa4Z\xa7\
+\xc3\xba\xb2\xc3\xfa\xc7\x09\xb7\xc0F>PWE\xee\
\xd1E\x16\x96l\x8eS\x81n\x8f0\xfaf\x18E\x80\
R\xa3\xd4\xba8\x9fv>\xb6\xd1\xfa`\x1fN\xdc\xfc\
3\xa6K_\x07\x0c\x96\xb2\xb9\xd0\x0c\x17\xb9V\xd8\xd6\
)\xf318\x08KZ\x84\xf4\xceP\xbf\xad\x0f\xb49\
\xd86\x90.\xc1\xacn\xbe-\xcf\x1c*\xb73b\xa5\
)\x8cv\x12,\xaf\xa7\xd7Hgrh\x1c\x05\xb7\xd9\
l\xf2<G@LD@\x10\x9bzuk\x06\xc4\xa0\
\xeb:\x06Eg\x15\xe1\xb0@\x91\x82\x15\x8f\x84\xab\x01\
MS\xf0x\xf6\xc6\x88O\x0e\xc8pY\x96EQ \
K;\xb7\x15\xae\x15\xd0\xcf\x1a'1\x81t\xa5q\xba\
\xe7\x84\x0bC`\xc3\x16(\xa06\xb3\xaa*\x98\xce\xbd\
\xe5\xbdw\xb5)\xce\xf1\x1d\xb0|\xc8\xce\x1f\x9f\x9b)\
\xca$\xbd\xc6\xb1p.\xb5\xc1\x1e\x1f\xb6\xee\x91\xcda\
\xe7\x09\xcc:F1\x0b\x9d*d\x09\xf1\x86\xb9\x89\xf4\
\x0a\xa0\xb1w0B\xd3\x888\xcej4t\x8f\xfb\x85\
b\x16HE\xf2XF\x85\xc6\x96\x92T\xd7\x08\x9f\xcf\
\x81\x8d\xd73\x09z\xa1\x5c\x88\xf1G\x0e\x97ds\x1c\
\xc1\x90\x82\x87\x22\xa2\x19\x06\xbe,\xa8\xce\xc8*\x9d\xf9\
A\xb8t\x84\x10\x10\xe1\xd8n\xb7pY\xdc,\xfb\xd0\
sa\xfa\xb2\x01\x80\xa5\x9e\xccY\xb0O\xc3w\xf5\xd8\
u\xaeN\xf9\xffP\xd3]\xd7m6\xdb,\xcfB\xd7\
\x1dT\xf6[\x0b\xc1\x9f;\xed\xbf\xe9\xe51 \x22\xfa\
\xbd\xcby\xf9{\x1d|\x88\x88\xa8\xc6\x13\xa5\x0b>\xf3\
\x22\xa2A\x9b\xb6E\x81UQ\x14~\xd1\x121c\xc0\
\xb6C\xbe\x1e\xb5!\xf3d\xef2\xaa\xc1\x93\xe5\xf9\xf9\
\x19\x93\x1c\xce\xce\xda'\x9b\xe3\x80^\xc8\x08\xaa\x99\x8d\
\xe8\xe7S\xa5r\x22T\xb5\xaa*\xe8\xb8K\x0d\xab\xbc\
q\xf4Ne\x18\x1c\xa0G,\xf1\xf6rX%G9\
\xd8\xab\x98\x9d\x09\xf2\xb6\x96r\x22\xd2}\xef#\xfc\xd8\
f\x87\xaa:Q\x11\x15Q\xedBS\xb7\xceIQn\
\xa5\x7f\x96`\xa9*\x8e\x06\x8a\xf2\x15\x15Q\xc9\x83X\
\x85\x1e\xcc\xf5\x07\x11\xf1\xe2}\x9b\x7f{\xcd\x1d\xfe\xfa\
\xc5m\xf2\xaa^E\x84k\xe2;\xe2\x9b\x5c&G\x8e\
\x0dUi\x1a\x0dA\x9d\xb8\xb2\x90\xcc\xcf\xcb\x80^.\
l\xdd\x07)\xe7\xd7o)\xf9q \x01\x87\xd8\x0c\x16\
\xff\xae\xc0L\xb29\x8e\x03\xbe \x83\xa2K|\xea\x10\
\xf9\xefug\x9f\xddY\xb2(\xf0\xee\xa1\xc8\x10q\x82\
\x85\xb2t\xc1\x01B8\x1d\xe45\xbc\xbeX\x09\xf9.\
\x0b\xc1]%\xd4\xa1\x12\xba\xb6mC\x17\xbc\xcf\xf2<\
\x17?\x10\x0f\x1d,\x04\x16\x81\xe3\x8f\xdf\x83Sc\x88\
h4&^\xfc\xd3\x8bs\xf1k\xa2\xc1\x11\xac\xf1!\
\xe2\x9dl\xccR\x8c\xc5)\x12\x82\xb6m+\xa1+\xe6\
Th\xb3P\x0c\xdbXWU\xc5\xf2\xf5i\xd7v\x06\
\xd0\xda\xae\xeb:\x119\xe3|L\xc2$2\xd0\xb3\x1a\
;\xcf/\xd7\xe0\x10\x11P: \x1f\x9c|\xbb\xd0k\
\x99\x09l\xda{\x18@Z\xd6i\x8d\x9c}\x96e\xcc\
\x1e.\xbc`\xe1\xbb\xcb\xbe\xcau\xa94]\xd74m\
\x96eyY\x88{\xc5yu/l\x0b}\xf9\x83\x93\
o\x11\x90W\xbe\xc45\x8e\xd6C/\xbeq\xb8\xccB\
|\xae\xde|\x9b\xa2\xbd\xb5}\xaf\xbe4\xd4TDE\
\xbd8'\xe2\xbd\xb8B\xbbV@II\xaa\xe3#\xb0\
\xb7\x0e\xdaCD\x16}K\xb1xPJ\xf1\xcfw\xfc\
\xedh\xabZ*l\x1f\x0e\x16\x9d.N8\xc8*\x80\
4\xd4u\x0d\x86\x07\x12\x87\x8b\xbb\x9c\xf9\x80\x11\x8e^\
\xbamq\xf1B\xc8@\x96e\xdb\xed\x16\xdd\xcc\x16\x9e\
\x86\x9b~\xd9\xaa\xda\x85\xae\x0d\xea\xf2\x22+ru\x9e\
6\xc4\xb7\xf7\x88\xaak\x18i8\xbc\xf8r\xed\xce\x84\
(D\x5c\xfcu\xef\x02\xbf\x17]\xd37\xd3MND\
T\xb2\xd6\xbc\x14b ( \x10\x939\xc9\x8a\xa2m\
\x14Y\x80\xa2(\x92\xea8\x0f\xa4L\xf1pa\xe3/\
\x10;\x96uW\xa1\xeb\xb2,+\xcb\x12\x1e\x8bD\x1f\
\xe6\x94\x0bI\xb9\x15\x91\x97\x8d\x168~\x89\xbd\xabe\
f\x94\xc0\x13aW\xce\xee.\xa9\x9e\xe5#@\xefj\
\x11a\x05\x93\x1c\xeb8\xb98X\xfe<\x9b4L\xbd\
\xa8e\x80\xaa\x03%c]\x08\xce\xfb<\xcf\x9c#\xff\
\xf2EDCE\xc3!-bs=/\xfe\xe9\xa4u\
\xc2zf\xf7\xf2?\xbc\xe4\x9d\xbel\xe9\xa6/\xbfG\
$8\x135\x89?|\xfb*\x15q*\x9e\xcb\xd3\x97\
9\x9a\x10\xdf_\x88d\xacg\xa1\x0f\x93\xf0^h\x9c\
\xae\x87\xb2\xa0+Ob\x1a\x0f\xacg\xb1u\x9do#\
\x09\xd07\xa8\xe9\xe6\xc9\x9ek\xb2\xb4\x83\x84BL\x83\
\x09\x89\x00\xef=X\xf4\xf8m2;N\x81=Qp\
0\x8b\x08\x22\x1c\xb6J\x05X\x96\x9cX \xb5\x0c\x9d\
\xd8u\x1d\xfb\x86\xc9\xcb;0\xe7\x0bTTz\x90M\
\xe9\xbe\xbd\x8eW^\xcbr\x0c>\xe7\xf8\x86\x1e- \
\xb4\xbf\x85\xea\x10qy\x9e{\xe7TB\x10\xf1\xe2\xf4\
\x05\x03T\xb9\xa8o\xcc\xceC\x1c\xc3~bP\x1b\xe7\
\xe8\xff\x80?\xe9D{\xbf}i\xe4x\x09\x8e\x9f\xaf\
\xf8\x16\xfe\x80,\x8a\x93\xa2\x1f\x851\xac\x12\x15U\x15\
\xef\x0e\x91s\xe4\x9a\xc9v\x9c\xb9<L\x08{g,\
\x03\xcc\x12 \xac\x96\x9ep\xa9g\x83'#T\x07X\
\xa5\x90\x10z,\xafI\xc8\xcd\xc59\x8e\xde\x08\xdc\x04\
6\xfeZ.\x87\xe3(\x86\xa5\xbf2\xe0\xfe\xac\xe9z\
/\x05>W\x1aG\x0f\xa0\xc7\xeb\x8a\xcd5;n\x94\
\xe3\x8bm\x9d\xed\xd4\x0b|\x15\x1a\xbe\x19\x1c0\x10U\
\xf4[\x03\x12csh\x84\x8dT1\x5c\xfc^\x9b\xc3\
\xaa\x0e\xccD\x10p&\x9c8q`z:\x13B\x08\
\xa2M'\xce\xf9\xccg\xfe\x9089\x1c\xf3\xaaA0\
u\xd6g\xe23\x11\xdfO\xb2|C\x90\xf0x\xb0T\
\x1c\xac\x0d\xaf\x88M\xb8\xc3\x9f\xb4\xbem%\xbe$\xce\
\x1d1^2\xafw\xf1\x8e\xa1n\xf6\x08\xe1\xf5\xdbW\
\xc6V\xb6(\x95\xc4\x85\xa7N\xc7C\xf4l\x0e\x89\xe2\
\xe1\xcc\x1c\xf2\xf5\x81<\x95^\x8a\x00\xb0\x8f\xd2\xcd\xd9\
\x1cG1lw\xbfV@\xbdr\x00\x07\xd2\x8a\xc9e\
\x19\xc2\xb6YC|\x08\xfab\xf9\xf5\x1d\xdfAO<\
\x5cl\xa2?i\xc2\xe5$\x1d\xa5\xa6y\xa2\xf3\x87\xd4\
\xb2\x06\x0d!\x04\x0dEQ\xf2\xfcF\xabG{E<\
Am.r\x98\x85\xb4\x81O:s/T\x87\x06\x91\
\x00JD,\x15\x09\xb1\xc6\x04W\x91\xbb\xf0\x09\xe9\x0b\
\xd4\xc5:\xdaC\xb4\x0b\xbc\x88W\x94\xdc\xc2PQ\x0d\
\xce\xc7\xe5\xab\xaah\xc8\xf0q\xe0\x9b:w\xa8\x04v\
\x91\xa9!^\x82\x97\xc07\x88\xb8\xae\x0bzx\xf3!\
\x12Tz|>.\xc4\xbd0Lz\x89\x99x\xdf\xf0\
, \x97/\x22x.N\xd9\x9d[\x03\x03B\xe0\xd2\
\x15E\x81\xa2\xf4\xa9\xd75\x224\xf6Tu\xb15\x14\
\x94I\xcf\x87O6\x87\xf0P\x99\xe74\x84\x91@\x8f\
vhz/1\xa3tq\xd0\xbf\x87l\xb0\x8fE\xef\
\x0d\x13\xaep$\x90\xe96'z\xc7\x80\xadp\xe4\x1d\
\x87\x8e\xd10\x07TU5\xd0<\x10\x11Q\xef\xdc\x8b\
\x0ba\xb5\x8e\x18{\xc5\xce\x10\x97h\xa3\xdb\xa9\xe2\xf8\
[\x1b8\xb4|s\xa7\x9dHw024\x1cl\x0e\
\xa7N4&Y4\x04\x847\x82;\xbc\xb3\x13\x17D\
\x1b\x91\xee`\xb2\xe8\xbd\xc8\xfd\xe1\xbc\xd7 NE\xdb\
h9\xc4\xfb\xe0K\x11/\xeaT\x9d\xc0\xe6\xf0\x85\x88\
|\x8b\x9b\xd0\x0a9\xbc\xe2\xc5\x17\xe2\xb2x\xb3P\xc7\
\xf2\xe8D\xc4y'>\xbe\xdf\x8b\x9aF&/m\x0e\
\x00-\x07E\xc4\x96X'\x0c\x813\x18\x06.[\x9b\
\xcbzU\xeb\x89\xaa\xe3Vl\x8e7|5\x9c+k\
\xe2\xf5|\x17\xb8@\x94`\xb8\xd8\xdae\xc9u\x92\xa3\
\xc0\x1a\x1c\xbd\xf1\xf4\xab\xd4\x1d<e!\x09\xbd\xd1S\
\xd3.\xadgsh\xcf\x04\xd1\xa0\xd2\xb9\x98V\xc0o\
\xf5%\x8a\xe2\xde\xc5:\x91\x8e-A\xcdUK\xe4\xde\
c\xdf\xd1\xd8\xa6i\x9a\xba\xae\x11\xf8\xa9\xaa\xea\xf1\xf1\
\x91\xc5\xe7 p|\xf9\xf2\xc5\xc5&\xc5!\x84\xd0\xec\
\xa5\xab|\xe6\xb3\xcc\xc1z)7y\x9e\xfb,\xf3Y\
\xee\xb2,\xcb\xf2\xcee\x7fr\xae\xf6N\x9d\xeb\xbc\xb4\
\x99\xeb2\xd7y\xdfz\xd79\xa7\x99S\xdf>H\xfd\
I5\x04\xedT[\xd5\xf6\xfe\xd36C\xbeET\x5c\
\x10\xf1Y\xfe\x93\xf3E\xe6s\x97\xe5\xe2sq\x99\xb8\
L|\x1e\xff\xcb\xa4\xf3\x12\xbc\xf8L\x5c.\xbe\x10W\
\x88\xe4\xe22\x91L\xd4\x89d\xe2T\x1c*[p[\
\xbc\xaaw\x92\x8b\x1a\xfb\xc3yy)\xe4\xc8\xd9Kl\
\x0c5|4\x12\x084\x5c\xe0\xd0My9Kve\
\xb0\xb1\xc3\xb7U\xc7M\xd8\x1clP!qbM\xef\
\x0dK!\xca]\x04v\xc7Y\xbb\x85$\xdc*\x1f\x86\
\xf3\xa0\x86gn+H\xd7A\x1a=\x11<\x5c\xa7.\
\xa3\x0do\xdb\x1c\xaa\x9dJ\xeb\x9dw\x22m\xe8\xda\xb6\
\x09]\xe8Bh\xea\xba\xaa\xaa}U\xb5m[\xedB\
\xd3\x84\xfd~\xff\xf4\xf4\xf4\xf4\xf4T\xd7\xf5/\xbf\xfc\
\x023\xe2\xf1\xf1\xf1\xe9\xe9i\xbf\xdf?>>\xb6m\
[\xd7uUU\xe8A\x8c\xee\xd4P\xa3p\xee\xe1\xbd\
\x00P\xb2\x1c\xa4\xe2\x9c\xcb\xa5\xcd\xb4v\xcey/\xde\
\x8b8uN}&y\xee\x8b\x22\xcb\x8b,\xf3\xd9\xc3\
\xdd\xa7\xb2\xc8\xef\xef7\x9f>m>\xdd\xe5\xdb\xd2\xfd\
\xf0Pn6\xfe\xe1\xd3\xe6\xe1as\xb7)?\xdf\xfd\
\xf6i\xfb\xa5,\xf3\xcd\xa6\xd8l\xf2\xbc\x90\xa6\xdd\x8b\
\xeb\xbcG\xf9m\xf0\x1a|\xd5z\xf1\xcee\xdee\xce\
\xe50\x11\x9c\xe0\x9f\x99s^7?\x84\xe2^\xb2\x5c\
\x5c\xe1\xb2R]\x99o\x1f\x82/$+}\xb6qY\
\xa1\xee>\xe8\x7f\x10Wx\x9f{\x97{W\x8a\xe4\xa2\
\x99H\xf6-\xda\xe1JqYOcPK\xb0\x89\x11\
L\xae\xb8\x17\xebW\xa1\xdf\x05\xdd\x95\xa3\x0f\xce*o\
Q\xcf\x0d\xe3\xc92\x0c\xa5\xaf\xd6\xe6` \x94W\xce\
zhx\xf6\xf4\xe7z\x7f\xb5>i\xe8\xa1w\x8dH\
\xb9\xb1\x04\xf4\xa8\xee\xc0\xc3s\xfd\xa5^\x19|l\xd8\
\xbf\xd5\xf2\xa1h\x95\xca\x0dX\x1b\x22\xd2\x85CQe\
\xd75\xa1k\x9d\xe8fS\xc6\xe2\x908\x8c\xca\xab\x88\
s\xeaE\xfd!\x18\x11b@\x1e\x94\x01\xdf\x88k\x11\
\xc7\x17\x97\x89x\x15\xcf\x0c\xc1\xa1`\xb3\x03\xe5\xa0\x15\
mDj\x91N\x9c\x88\xc7\x07zq^\xc2NB#\
N%s\xd2\xb5Z\xd5\xae(\xa4\xd5\xb6\xd3\xaaj\x9e\
\x9e\x9e\x1f\x9f\x9e\x7f\xf9\xf2\xeb\x97\xaf_\xfe\xfc\xe7\xbf\
\xfc\xe5/\x7f\xfd\xed\xeb\xd3\x97/_~\xfb\xfa\xf8\xf4\
\xf4\xfc\xf5\xf1\xf1\xe9\xe9\xb9\xaa\x9b\xb6\xba\x0b]\xd6\x85\
\xb6\xed\x9a\xb6\xab\x83v]h\x83\xa889\xa4'\xb4\
\xf6\xa1r\xba\x11-E2\xf1\x22\xbe\xad\x9b\xe7\xdf\xfd\
\xee\xc7\x9f\x7f\xfe\xc3\xa6\xfc\xbc\xdfu\xff\xf8\xc7\xff\xcb\
g\xc1\xfb\xac\xeb4t.\xcf\xcb\xb6\x0d\xde\xe7\x87\x8a\
\x10qN\x1a\xe7j\x5c\xbb\x13u*\x22\xc1Ip\x12\
\xc4\xe1\x07\xe7\x9b\x8d\x13\xef\x9c:\xa7N\x82w]\x9e\
k\x96\x89\xf7\x92e\x92\xe7\xd9f\x1b6w\xba\xd9\x94\
\xf7\xf7\x9b\xcf\x9f\xef??l~\xfa\xf1\xee\xee\xce\x7f\
\xfe\x5c\xfc\xf8\xe3\xf6\xc7\x9f\xee?\x7f\xca~w\xff\xb4\
\xc9]\x99\xe7^5S\xf5\x1a\x9c\xb6]\xb5\xf3\x12\x8a\
L4\xb4\xads!\xcb\xc4\xa1\x226S\xc9T\x9cH\
&>w.s>\x13\xc9\xc5}r\xae\xc8\xb2\x8d\xcf\
\xee\xbc\xbb\xf7\xd9'\x9f\x7f\x16\x7f/\xf9\x83\x14\xf7\x92\
\x95R>H\xb6\x15\xe7\xc4\x15\x22\x99H.R\x88\xe4\
\x22\x99H\x16\xd4\x85\x10B[\x87\xd0\x15E\x91\xe5\xa5\
\x88S\x15\xe7<\x94\xabD)8l6\xfe_EE\
cL\x0a\xbfQ\x95Jp\xcf\x22\xe3Ulc\x12\x8d\
o\xc4G\xba\xa0\xa2H\x10\xe1?\x11u\x92\x8bl\x9d\
\x1e\x92i\x8ef\xa9\x13\x95N\xa5\x13\x09\x99\x94n\x84\
Q\xea=\x8dJ\xb2\xedr\x07#|\x104*\xe0\xb1\
\xa8*\x98a\xb8\x15k\xa3/\x1cTa\x84\x88`$\
,\x80\xeb\xc7;\xadEF+\xec\x16\xe4\xa3w\x8d.\
\xd6\xdc\xdbj.\x89\xf5\x1a\xee\x96\x0ak\x19\xffd\x97\
\x9ba\x05\xd3-H\x08\xe0\x9c\xa8\x88\xf7\xe2]\x11\xbc\
\x0b]\xd34\xb5\xf7>\xcb3\x11\xef\x9cS\xa7AB\
<'\x22|\xb4<B'\xdaI\x91\x89\xdf\x88\xa0\xb0\
D\xc5\x85z\xf7\xe83\x97\xe7Y$N\x06\xf1*\xd2\
\x88\xab\xc4W\x22{iw\xd2T\x22N\x1a\xdd\xef\xea\
\xe7\xa7\xfd\xdd\xf6~\xb7\xdf}}\xfc\xedy\xf7\xf8\xf8\
\xf4\xf5\xeb\xe3\xe3\xff\xfb\x8f\xff\xe3\xb7/\x8f\x7f\xfe\xd3\
\xaf\xff\xfe\xa7\xbf\xfe\xfb\xbf\xff\xe5\xb7\xaf\xcf\x9dfM\
\xdb6M\x1b\x82\x88\xcb\xf2b\xe3\xb3\x1c|\x0aU'\
\xce\x87\xb6\x92\x90\xa9tA:u!H\xa7N:\xd5\
\xa0\x12T\x82\xbaB\x9aOY\x10\xf5!\xf8\xaeu\xea\
ZW\xd4\xf7\xf7\xf9\x7f\xfcO\xbf\xff\xf4\xe9sS\xe7\
]\x977U\x97e\x22.8\xf1\xa2\xbe\xaa\x1b\xef\xf3\
\xe0\xd5\x89\x04U\xd5\xa0\xd2\x89?\xb0(\xc0\xbe\xf0N\
\x9c\xaa\x93N\x1c\x08\x1c\x9a\xfb\x5c\x82h\x10\xd5\xa0\xea\
Er\xdf\xba,V\x8cx\xe7:\xefZ'NTC\
\x10\xfd\x92;\xcd\xf3Pdm\x9e5Y\xd6n6n\
\xbb\xd1\xbf\xfd]\xfb\xd3\x0f\xdb\xbf\xfd\xfdO\x7f\xf7\xf3\
\x8f\x7f\xff\xbbO?=\x14\x7f\xf8\x9bO\x7f\xf7\xfb\x9f\
\xcb\xa2\xd5\xf0\x5cl7\x85\xfe\x16\xc2\xaf\x22\xa8~u\
\xb1\x04\xc6IG\xc2\xaa\x06\xad\x0e\xd9\x16)U\xb6\xad\
\x96]\xb7\x11\xd9\x8a\xdb\x88+\x9d\xe4U\xfe\xd0\xe5\xf7\
y\xb1-6\x9f\xb2\xf2\x93\xcb\xef\xb2\xe2A\xfc\xd6\xe7\
\xf7\x92m}\xbe\xf1Y!>\x97N\x83Jh\x0b\xef\
7\xce\x15\x122\x0dY\x17\xbc\xaa\x13\xc9\xbco\x9d\xa8\
\xf7\x99x/Q/\x1f\xfa\x81\xc0dp*.;\xbc\
\xa8A5xq\x99G\x83\x13\x8d\xb2\xe8\x0e\xc6\x87\x13\
U\xaf\x0e\xc5\xd1\xdf\x8a\x90U\x9cH\x07\xfe\xad\x8b\xa3\
lL\xadpp\xdf\xef\x8e\x7f\xf6\x93\xd2w\xe1B\x08\
`\x07\xde\x8e\xba\xb0\xe0\xd9\xc1*\xeb\xba\xae\x11\x0fs\
\xbd\x82\x965\x81\xd7\x85A\x5cy\x9e#)\x0b\x97\x1d\
y\x04\x9c(\xcb\x9a\xaf3\x1el\xf1\x8e\x1d7*\xb7\
t\xd0\x22\xa2\xde\xbb\x09\xb7\x09\xea\x05\xa8~\xd5\xb0\xaf\
*\xe7\x9c\xcb|\xe6s\xef3\x11\x0d\xd2\x1c\x12\xff\xe2\
\xe5P\x90\xa9 Q:\xd8\x1d\xf5\xbd\xeb$#C\xc0\
\xb5\xd2}\x11\xbf\x17\xf7,\xe1Y\xba\xbdt\xcfR\x7f\
\xed\xba}\xd3>U\xcd\xd7\xbay\x0c]\xf5\xfc\xfc\xf8\
\xd7\xbf\xfc\xf2\xeb_\xbf\xfc\xfa\xcbo\xbf\xfc\xf2\xdb\xff\
\xf7\xa7\xed\x9f\xbf\xca\xaf\xbf\xfe\xf5\xf1\xf1\xb7\xdd\xeei\
\xbf\xdf\xa9h\xdb\x86\xd09\xef\x0a\xe7s/[\xd7=\
(\xca5\xc4\xab\xb8\xa6\xd3\xae\x13uN\xd4uA\x83\
\xaa\xcbj\x916h\xe8\xb4;\xd8\x19.\x0b\xeaU\xf2\
\x102\x11\x9fw\xdd\xa6\xad5\xdc9)\x9d\xcf\xc4\xd5\
\xad\xfc\xf6\xb7\x7fx\xf8o\xff\xfb\x7f\xfe\xf5\xcb\xe3\x1f\
\xff\xe9Om\x9d\xd7\x7f)\x0b\xbf\xad\xeb*\xcb|\xb9\
\xc9\xaa\xfa\xc9\xe7\x22\xaeU\xe9\x82\xb4*\x9dH\xee\xfd\
\xe6`s\xa8\xd3C\xe9\xaa:\x98#.\xa8k\xdb\xed\
.\xb8 \xe2\x9dz\xd1\x5cB\xa6m\x96\xf9R4\xd3\
ND\x9c\xcbv\xbe\xa82_H\xf0\xd2\x8aW\xef\x05\
\xf9\x92\xe0\xb4\xcb2\x97ge\xdb\xdc\xe7^\xf2\xac\xdb\
\x94\xed\xc3]\xfd\xe9n\xff\xbb\x1f\xc3\x7f\xfc\xc3f\xbb\
\xd9\xfd\xfew\xf9\x7f\xff\xef\xff\xf5\xbf\xfdg\xb9/\xfe\
\x1a7\xd0\x89:\xe7\xb8\x0d\x22\xe2TB\xc8k\x95\x10\
4\x04\x0dA\xc4y\xe7\xb3,\x88v(6V\xcd\xe5\
S\xa6['ypY\x90\x5c]\xd1i&~\xeb\xb3\
m\x96o\xb3\xbc\xe8\xb2\x1f\xaa\xe2\x1f\x8a\xfc.\x84\x22\
hy\xb7\xfd\xb9(~\xf2\xfe\xb3\xb8{\xf1\xf7\x22\x1b\
\x91\x5c\xb2gqu\x8c[8\x95L$S\xe7D2\
\x06\xbd\xb4=\x98E\x87b\x9d\xc32\xc37Bn\x1c\
\x0d\x03{\x82\xff}kf\xe6E\x8bg$\x98D\xf2\
\x17\xd3k\xf0QN\x0f\x14\xda1\x1e\x96x\xdc\xb0\xc6\
\x8d\x1dnn\x1360\x8c\xbc$iO\x0e\x19\xeb\xa9\
Wx1\x0c\xcf\xc8\xe7\xe7\xe7<\xcf\xcb\xb2\xa4\x1f\xcf\
\x80G:Wz`N\x01\xac\xe3[\x1b\x0b\xa7\xaaH\
\xe4c\xba\xf4\x8d\x5c\xf5kP\xed\xc4}S\xff*.\
\x1c&-\x07\xe7\xa4(J\xef5\xc8S\xb49\xb2\x83\
\x8b)>HPA\x83\xacn\xe3\x9cwA\xa4\x91\xf0\
(\xed/\x12~\x95\xa7\x7f\xd1\xe6\xafm\xf5\xe7\xae\xfe\
\xa5k\x9f\x83~\xad\xc3\xbf\x89\xa8\x13\x17TC\xf0\x7f\
\xfc\xa7\x7f\xfb\x7f\xfe\xef\xff\xf5\xf4\xb5\x0b\xdd6\xcb>\
\x856\xd3\xbb\x07\xcd\xf2\xa2\xc8\xc0o\xc82\xff\xe9\xfe\
^\x11PW\xef\x9c\xf7\xe2\x5c\xdb\x89\xf3\xdee\x22>\
\xa84m\xe8:\x09*m\x1b\xea\xa6m\xda\xf6y\xff\
[\xdb5UU\xed\xf6\xd5\xbej\xeaV\x7f\xfb\xba\xaf\
j\xdd\xed\xba\xe7\xa7v_\xb5U\x17v\xa1k\xea<\
te\xd7\xe5m\xd3I&\x7f\xf8\xc3\xdf\xff\x97\xff\xf2\
\x0f\xff\xf2/\xbf\xfe\xeb\xbf\xfc\xba-\x7f\xfc\xbc)\xca\
\xdc\xff\xf6\xdb\x97\xafO_\xb3\x5c\xc4\x85\xe0\xc2!\xd4\
\xefT$\x04-\x82\x96\xa2^\xd5\x81\x96\xaa\x07\x87;\
\xa8\x04\xd5N%\xec\xf3:8uA\x9c\x1c\x12,N\
}\xees/\xde\xa9x\xe7]\xa8$\xecED\xbb\xd6\
iWx\xf5\xae\xd9\x14r\xbf\xf1w[wwWl\
\xb7\xd9\xdf\xfc\xed\x0f\xf7\xf7\xe5\x8f\x9f\xef\x7f\xfa\xe1\xee\
\xc7\x1f\xf3\xcf\x9f\xdc\xcf\xbf+\x7f\xf8\xacy^\x95E\
\xfb\xd3\x8f\xdb\x87\xec)\xeb~\x13\x91x\xd2\xc7P\xc1\
\xb7\x02\x98,\xb8;\xac.f\x1f:u\x9dH\x10\x87\
\x13Z\xca.\xcb\xbbL\xc4\xabC\x82\xc6\x07\xc9T\xb2\
\xa0\x0e\xb6]\xf0\xdad\x8dsy\xd0\xacm\xf2\xa0\xdb\
,\xfb\x5c\x94?\x15\xc5\x8fE\xf99\xcb\xee\x9d\xcf\xe5\
\xee\x7f\xd3\xfcG\x97o\xa4(%\xdf\xc6\xec\xcc!A\
#\xe2DKi\xb7\x87\xa2\x99\xd8\xd2$\xd8\xa6i\x82\
\xfc\x88:q\x88\x96x\x95,\xc4\x88Z\xb49$\x7f\
\x16\x891\x1d\xf5\x10\x0fT\xf7\xc4:\xe5#e8\x97\
\x02\x89\x93\xe4p\xd8\xa2\xa7[C\xef\xd4@\xec\x07\x94\
\xca\xb5\xd9\x1c\xf2\x92\xe4\x05&\x07\xb3\xf2\xd6wg\xb9\
\xca\x8d\x1b\xa4=\x80\xfbC\xd6\xcb\xcad\xe3\x0d\x90h\
\xbc\xdcy\x8f\x97\x85J\xe3\x04\x1d\x1d<\xfesp<\
\xdb\xd0u\x1d\x8e\xfa,\xa7:\x17G\xe2\x82\xb4\x22\x9d\
H\xa3\xda\xba\xf6\x7fJ\xf7\xef\xcd\xfe\xb1\xde\xfd\xd2\xee\
\xfe\xa2\xcd\xaf\xbe\xfd\xe2\x9a/\xd2\xfe\xe6u\x97\xbb\xce\
gMp;\xb4\xd3P\xf5*Y\xd7\xe5\xa1+\x9c\xdc\
\xe7\xf9\xe7\xcc\xdf\xb7\xad\x0f\xbev.8\xa7\x1a\xda\x10\
\xda\x10:'!\xf3\x99sN\x83\x8a\xba\xccu\xb9T\
0\x8fTE\xc5ip*\xfeP\x05\xea\xbc\x8a\x16\xe5\
VU;\xd5\xae\xd3.\xb8.\xb8\xa6uM\xeb\xf7\x95\
V{\xad\xea\xee\xb7\xd0\xfek\xf5\xf5\xe9\xb1{~\x96\
\xe7'yzl\x9e\x9e\x9a<\xbb\xfb\x9b\x9f\xff\xd3n\
\xe7\xf6;\x97g\x9f\xea\xaeV\xd1\xaf_\xbf\xfe\xaf\x7f\
\xfa\xe7_\xbe\xfc\xea|\xee|\x1e\xd4u\xc1\xa9zu\
q\xde\xab\xfa\xa0\xa2\xe25\xb8\xa0.\x88\x04\x09\xa2!\
hP\xd1.8\x11\xd5\xd0JhEk\xaf\x8d\x936\
s\x9d\xd3\xd6IW\xe4~\x9b\xb9Oe\xf6\xf0\xe9\xee\
\x87\x1f\xee~\xfaa\xf3\xc3\xe7\xe2\xe7\x9f\xb6\x9f\x1f\xfc\
O?\xe4?\xfd\xb4\xf9\xe1\x87\xed\xa7{\xff\xc3C\xbd\
)\xb3\x22\xcf3\xe72\x1f\x9c\xb4m\xb3\xcb\xb3\xb6(\
T\xb5\xae\xab\xa7BB\xe9#\x1f\x82\x14\x1ct\x0f;\
\xbc\xe8U\xee\xb0\xd5\xd0\x8b\xce\xa9\xf7\xa2\xda!G-\
\xa2\x1e\x9d\xccl\xe7\xf5\x8c\xe4\x15\xfc\xa6\x13\xd9\x89\x8a\
d\x85\xb8B\x1a\xb7o\xb4\xeb2\xc96>\xdfd\xd9\
\xc6\xf9l\xef\xfe\xbe\xf5?fY\xe1\xf3\x8d\xcf\xb6\xea\
\xca\xcd\xdd\x8f>\xdb\xf8\xfcN\xca{\xc9Kqw\x22\
?\x88\x03\xc5\xa4\x10)DJ\x95\xa2\x93R\xc5G\xd3\
\xa2S\xe9b-\xcd\xa1\xa2\xc6C\xfa\x0e\x8d\xda\xf5`\
-\xf9\x103+\xb0<2\xd1\xec`\x97\x14\xa3\xd8\x1c\
\x1a\x1b\x7f\xf5\xaaTn-H\xfc6\xc8\xca_[n\
\xc5\x0e\xc9\x94\x98X\xb232\x10\xe7\xd9l6y\x9e\
\xef\xf7{\x11\xd9n\xb7\x13/z\x1e\xe0\x13B\xe1\x10\
\x11\x94\x95O\xbd\xb4\xd1\x01\xa9PU\xb4\xb2a\xce\xf1\
\xb6\xf5E-\xd2\xaa\xf8 9\x18\x88\xe8\x84-P\x1f\
u\xd5\xd6\xe1\xf3(4\xb4H\x00\x00 \x00IDA\
T\xdd\xbd\x08\xce\xa3F\xdc\xb3\xc8\x93\xe8W\x09_\xa5\
\xfe\xa5~\xfa\xcb\xee\xf9K\xd7\xfc\x9f^\xff\x18\xdaZ\
\xba:\x0bM\xaeM\xa1]\xa6u\x16\x1aA+\x0b\xcd\
\xa5\xbb?\x186\xe8T\xe1D\xc4u*]\x10\x11\xe7\
|\xe1B\x95\xb9\xce9\x84\xdd\x83\xb8\x18\x8bW\x95\xd0\
J\x96I\xa6\x12\x1ec\xe7n\x14\x5cx\x11wp\x82\
=~.\xc5e\x07\x0e,\x8e-\xa46\xa4P)T\
\xfc.\x97_\x8b\xb6\xa9\xc5\xbb{\xef>5uV\xd7\
\xfe\xf9)|\xba\xff\xb9,~l\x1b\xff\xe5\xb7\xea\xdf\
\x9e\xb2\xe7\xda\x05\xf5\x7f\xfc\xe3\xbf\xff\xe3?\xfeSU\
\xbb\xa7\xc7\xaei\x8a\xba\xc9\xda6\x0f!oe\xd7\xca\
WU\x1f\xd4\x05uA\x0f\x0ey\x10\x0d\x1aT;Q\
)\xab2\x17\xc9|\x9bgM\x9e\xed\xf2lw\xb7m\
?\xddw?\xfeP\xfc\xfc\xfb\xfb\x9f\x7f\xfe\xe1o~\
\xfc\xf4\xfb\xcfw\x9f?\xdf=<\x14\xf7wn\xbb\xe9\
\xca\xbc*\xf3*\xf3;\x95\x9dhU\xf8f\xab_\x9c\
SQ\x17Z\xe7\xd4;\x97\x1d\xeaZC'\xa1\x13/\
\x92\xdd\x89\x94\x87\xdd\x11\x04\x92h\x82\xe0\xff\x83\xf8\xfa\
\xdb\x99} \x02;\x09\xdf\xa2\x0dm\xd6\x06\xd7\xc5b\
b\x15\x09\x87\xae\xae1\x06\xe1\xbb,o\x1eD\xc3\xc1\
&\xf1\xdai\xd7\x84V\xbdj&>sY\x967A\
\x82s\xceg\xe27`\x8a\x04\xb7q~\xe3\xb3\xad\xcb\
\xb6>/\x9c\xbf/\xb7\x7f\x90\xfcN\xca\x1f$\xffQ\
\xb2\x1f$\xfb\x9d\xb8\x9fD\x1eD\xefD6\xaa\xbe\xf5\
\x07\x9bC\x0e\xdb\xdc\x8b\x86\xa8\x97\xad4\x08\x96\x04\xf1\
m\x0c\x808\xd1LBqx\xd78q\x0eUE\xe5\
0\x0d\x0e\xab=z\x83\xeco\x07C\x15\x8ap\x80C\
\xea\x01u\x1c\x8bhd\x0bO\xb4\xd7\xabGD\xd0p\
b\xb7\xdb\xe5y\xde3#\xd0\x88\x02W\xc7\xea\xc7\xa2\
(\xe0\xd0\x0fKg\x13\xc4\xf4\x1c$\x19\xcaJ\xc8\x0a\
H0\x1c[e\xa7\xaa\xce\xa0\xff\xd5|P\x89\xb4m\
'Ar\x9fm\xe0\x9ax\x91\x10\xbaL\x1a\xefU\x1a\
i\x1e\xef\x8a\x22H\xb9\x17\xf7\xab4\xff,\xf5?\xc9\
\xee\x7fV_\xff\xc7\xfe\xe9\x8f\xda\xfd\x92gM\xe9Z\
\x1fZ'\xaa\xaaN\x83SE\x94\xff\xd0aSD\x5c\
#\xd9Wr\x0eD2\x09\xb9h\xaeZ\x8a\x14\xe2r\
\x95<\xe4_\x83\xaf\x14\x7f\xee\xc49\xc92\xa7\xda\x89\
v\x1a\xba\xa0A\x82w\xb2uB\xee\xb8\x07\x1d\xc1\xc9\
7\xdfC|\xd6\x85V$\x04\xe9\x82\x06\x97\xf9NB\
\xdd\x86\xbc\xd8\xf8\xacPu]\xf5\xd0V\xbf\xff\xfc\xf0\
)/3\xd9\x94\xa2!\xd4uUU\xbf\xfe\xf6k\xdb\
\xd5\x0f\x0f\xf7_\x9f\x9f\xe4\xe1gWn\x7f\xfa\xe9\xf7\
M\xa3\x7f\xfe\xcbom\x9b\xfd\xfa\xcb\xfe\xe9I\xff\xfa\
\xd7\xdd\x9f\xfe\xf4\xf8\xd7\xbf>>>\xfa\xe7\xe7M\xd3\
t\xfb}\xb3\xaf\xda\xbaU\x15\xdf\xb4m\xd5\xd4AC\
\xb1)\xb6\x9b\xfcSh\xee\x0a\xf7\xc3\xe7\xed\xdf\xfc|\
\xff\xb7\x7f\xb3\xfd\xe9\xa7\xec\x1f\xfe\xcb\xef\x7f\xfa1\xfb\
\xdd\x8f\xc5f\xabN\x1a\xd5/\xce\xfd&!\xa8vN\
\x83h\x979\xf1(\x91u\xe2\x0f\x07X&m\xab]\
Pu\xdeg\xe2\x9c \x9e\xe2\x98\x19\xb9\x13-ED\
|&\xa2\x12:\xf1\xeeP4\x12Z\x0dAB\xe3\xf5\
)\x1c\x82/\xce\xbb\x5c\x83w\xea\x0e\x94\x08\xf5\xa2Z\
e*\x9b\x0c\x01c\xefU\x0e\xefPA,DT\xd4\
gz'\x0e\xc9\xa3\xae\xf3 \xe7v\xadtU\xbd\x0f\
N?=\xdco\x9f\xa5\x0c\xb98\xdfvN|\x91\x15\
w]\xe7;\xc9\x83\xe6\xce\x17\xde\xe7!\xf3;'\xe2\
6>\xfb$\xfeA\xfd\x0f\xe5\xf6\xef6\xf7\x7f\xc8\xb6\
\x7f+\x9b\xdfI\xf9Y\xfcV\xc2\x8f\x22w\x87\xf6\xec\
\xce\x8bdA\xb2pH\xf7\x88\x8ad\x22E#\x8a\xe1\
vY\xa7\xeeP_\xed\xc4y\xc9\x5c\xf0Nd\x84\x9a\
\x15Q\xd5\xa7\xa7'\x1c(KW\x89\xd7\x81C\x02{\
A)\xa8\xde\x90!kE\x82\x02Y\x96%\xceK\x5c\
\x0eR'\xe0\x06\xe2\x13\xf0\x8as\xae\xaek\xef}o\
(y\x02aST\x08\x00\xc8Z\xda\xda0\xddh'\
\x8c$r\x8fE\x08\xcf\xde\xabJ\xdeI\xdev\x1e\x89\
\x8c2\x17\xd7\xed\x9c\xee%\xebD+\xa9\x7f\x95\xeaK\
\xbb\xfbs\xbb\xff\xb7\xe6\xf9\x9f\xb5\xf9W\xdf\xfe{\x16\
~\xc9\xf4\xb7L\x9e3\xd7J\xf8t8\xf9\x9c\xc6C\
Qb\x18\xfc\xe0\x87J\x17\xfdf\x17\x04\x96\xad\x04q\
\xce\xc1qw\xae\x0d\x9d\x8ax\xe7\x9d\xf3*z\xf0\xb9\
\x0f\x9f\xa6\x22A4\x17\xbd?\x14]\x8a\xa8v\xfeP\
X\xa3\xaa\x01\x99\x02\xef\x0aq\x22.\xa8\xeb\xd4\x05u\
\x9d\xcb\x5c\x1b:\x97em\xd7\xd5u[\x86\xff\xf0P\
\xfc\x1f\xb2\xf1\xd2|\x95P\x89W\xc9\xbc\x94y\xd8=\
\xfe\xfa\xe5OY\xdee\xa5\x0b\xf2Pn\xee\xb6\x9f\xee\
\xea\xfd\xee\xf9\xe9i\xb3\xbdk\xdb\xf0\xff\xb3\xf7\xa6A\
\x93\x9d\xd5\x99\xe09\xefr\xd7\xdc\xbe\xfc\xf6\xaaR-\
R\x15%\x84J\x1b`V\xe1\x05\x19cO\xb38\xe8\
\x09\x1c\xf6@0\xe3\xb1\xa7\xdb\x81=\xfe1m{\x82\
\xe91\x13\xf6xbz\x1cn\xcf\x8f\xb6{\x1c\xd1x\
\xc2\xd8\x1e\xc6\x80\x86\xa5i\x8c@\x08\xccb$\xa1\xc5\
\x88B\x08$\xd5\xbe}[\xae7\xef\xf2.g~\x9c\
\xcc\xab\xa4JR\x83$D\x09\xd5\x89P)\xbf\xfc\xbe\
\x9b\xf7\xe6\xbd\xef\xf2\x9cs\x9e\xf3\x1c\x8e\x94x'\xbd\
\xc3\xb2\x0a'\xb9\xaeJ7\xc9\xcb<\xaf\xca\xcaY\xeb\
\xacs\x8e<\x0a\xd0\xa1\x0e\x02\xd1I!\x0aD\x92\xe8\
4VQ\x88J\x18g\xc7J\x18\x89\x16\xa8\xf2\xde\x02\
\x96R\xb9\xa9z;y\xf2\x1e\x81\xd1\x00\xef\xa8\xe8\x00\
+\x19\x0a\xa9\xa5\x0c\x10\x14\xa7r\xf8\x8eM]k\x22\
\xe1\x11\x1dy\xcfe*\x9e\xbc\xf5\xd6L\x93_\xe4\x81\
\xbc \x12(\xc0\xf3\x8f3\xd2\xce\xb4\x1cd*\xb8n\
Hx\x94J\xa9\xa2\xc8\x938\xf2\xcep\x01\x08N\xd5\
Q\xa7;\xfa\xf4`\xbe@@NzX\xef\x9d\xf3\x80\
\x98\x92\x05\xf0\x80b*\x5c\x06\x12\x84\x9c\x06)@\x00\
\xa2\x17\xa2\x94H(\x095`\xe81r\x14:\x08A\
$B\xc7*H\xa4\x0a\x93\xe6K@\xb6AE\x10\xa4\
\xa0\x1a S\xc0\x18d\xc3c\xec!\xb4\x84\xd2\x83\xf6\
\xac\xa7J\x16\xbd\x9b\xd5j\xe3\x14v \xff\xfb\x5c\xcf\
\x91)\xef\xbe.\xcaxn?\xff\xc7\xd2\xa6\xe4\xca\xb2\
,\xad\xb5OJ\x9d\xbb\xac(\x84\xf3l\xd8:c\xc2\
\xbf\x9a\x81q\xe1\xbd/\xcb\x12\x00\xb4\xd6u\xb3\xbb\xfa\
5\x7fG>\xfc\x0a\x99\xe3\xe9\xad\xce2p\xf0\x90\xf3\
,\x97\xcf`x6F3%V\xc6\x9d?\xf6\xad\x10\
\x9e\x81\x09\xa1\x9c\xaf*kt\x10*\x09\x9e@\x09\x14\
\x5c\xd4\xea\xc7`\x0a\xc0M\xca\xfe\xa1\xb7sv\xd8\xdb\
\x10\xbeH\xb5\x0f\xa8\xf2\xe5H\x0b\xd2\xa0\x11[\xe0=\
P\x03 \x98F\xbc\xc1\x81`*\x85\xe5\xcc\x83GB\
\x1fa\xd5\x05p(,\x80\x05Q\x12\x16\x9er\x12\x15\
A\x09h\x09l*\x97\xc8\xe8\xb2\xac\x9c\x07\xa5C\x1d\
h\x0f@\xc0E\xb6\x04\xc2\x13\x81\xab\x00\x91\x04\x02\x22\
I\x81\x88\xce{\x0b\xe0\x10=o\x93dA\x09\xed\xa7\
\xc8\xc692\x9c\xc7\x11D\xc2S$E\x1ci\x00\x03\
vR\x95=cs!\xa4Ta Z\x22N\x83r\
ll\xd6\x88\x22\xa9\x16\xc1\x02\x8c\x0b\xccz\xaa\x1ci\
/C\xe1\x11hZ\xcc)\xd0G\x82\x12\x89(\x91\x09\
\x92(\xac\xb5\xde\x93\x07'\xa6[\x9f\xb70\x92\x8a\x84\
@\xf2\xde\x1b\x03\x95o\x04\x9a\xbcG\xceqH\x00\x0a\
\xc1\xe8'z\xc5!xcAH\x94\x0a\x94\x06\x14\x12\
\xa5\x8f\xe3\xdc\xa1\xb3\x88\xa0\x94N\x95L\xb4N<)\
\xef\xc1Zg\x8c\x8d \xd74\xf1d=9\x01\x1e\xbd\
@\x0f\x02,z\xcfr\xe8@\x02L\x08\xc4\x1cX\x8f\
\xe8<XO\x16\x84\x17\x12\x00\x1d\x22\x04>$'l\
^*\x0f\xc2\xa3/\xbd\x14\x88 \x10\xc5T-\x83o\
=\x09\x00\x81(\x81\x94\xf4,,\xa6\x15\xd7\xdd\x18\x0b\
z@\x98!z\xd0\x02\xc0\x92-Pq'<\x96\xe8\
\x10\xc2\xab\xd0\xc7\x84\x96\xa0$\xcc\x08\x11\xa4 Dk\
\xbc)\x9dE\xb0\x88\xc5f\x17DS\x05\x0d\x19vD\
\xd0\xf5r!]\xd8\x07\xba+\x82E\xa1\xdaJF \
\x04 \x011\xd5G#D\x0e\xe4\x8c\xb9\xc2Me8\
7\xf8l\xa7y\xed\xf4\xd6\x8ay\xdc\xb5\xea\xca\x02\xf2\
}\x9a\x02\x00)e\x18\x86\xac\xf2\xcb\x90\xed\xb2\xcd?\
\xd5\xfc\x0c.<\xe1 \x07\xcd*\xbb\xd8[e\xe0\x19\
\x86!g\x01\x98\xb4Qk\xb2\x22b\x9e\xe7u7a\
\x9ai\xa2\xff\xa8\xbf\xd9\xe5h4\x13\x84f`\xca\xac\
\xec\x1f\x0f\x94&\x84\xe0\xaaq\xae\xe0\xba<G\xfb\x8f\
\xd6\x88\x90Hi\xad\x11\xc0{\xa8J\xab\xc1HY\x01\
N\xa0\xd8\xce6Of\xc3\x87\x01\xbf\x02d\x12Md\
}\x9e\xd9\x0a\x82F\xb4\xbb\xacTa\xa57\x82\x9cp\
\xa2 4\x5c\xb2J\xe8\x08\xbc#\xc3\x91\x06@G@\
\x00R\x90C\x10B\x84BD\x02\x9b\xbc\xf6\x08\x04!\
@\x08\x04\x84<\x1fG\x02\xa38\x02\xd4`}Y:\
\x10\xe8\x91<:\x02\xef\xc1\x0b0\x0a\x0a \xe6k:\
\x8f\x0e\x80\x10\x04\xcb\x8b!w%\xf1\x00(\xc0:\x22\
@\xa9\xc9\x82\xd2\x0a\x84\xf4\x16\xbd\xf5J\x05\x18C.\
\x1e\x19e\xdb\x10Z\xd5P\xde)g\x12e\x5c\xac\xba\
\xae\xd1\x18\x0f\x0bc]\x17}U\x94\x9er\x11\x08\x15\
E^T\xceWH\x0e\xc8#\x02\x82\xf0\xe8\x9d\xb0\xc8\
I\x22\x10\x00 \xb5PH,\x08\xc6\x1cV\xee\xacF\
\x1e$\xa0R\x02\x95\x00\xd6\xe3\xf0\x00\x9e\xc8\x02B\x0a\
\xb4\x00\xae\xf2dP8\xd4\x84\xca\x83`\x0a\x03+\x96\
\xeb\xdc\xa6$\x22\x1d\xa7q\xd8\x09\xa3\x05\x90M\xf0!\
P\x00^\x80#\xe7@\xfa\xf3\xe06\xa1*\xc1U`\
\x0a0\xb9\xb5#p\x9e\x1c\x81sD\x0e\xd0;\x91\xa3\
\x98\x86(\xb8\xe7\xad\x07O\xe0\xbdc\x1dW/<\xb6\
\x1a\x8d\x8a\xc8z[N*\xa5\xf4\x5c?:\x00\x02I\
V{#f\x9a\xf3\x00\x00\x82Y\x16\x1e\x9c\x05\x10 \
\xa0\x10\xae\x94\x0e\x11\x02\xed\xa5\x04\x22\x03\xe4\x10-r\
\x8d\x0cxt\x0d4\xbbXU\x83\x99\xb8\xce\x1a\x02\x13\
IH$\x80 O\x1eU\xcf\x93\xb0F\xba2,}\
l \x9d\x5ch\x81l\xabh1\x8a\x17\xe3\xb4\x0dQ\
\x07\x92\x15\x08\x9a ;\x02\x9a\x00\x0d\x80\x84 \x04\xd0\
3v\xcfs\xc3\x5c\xa4Y;@n\x1c\x11\xc7\xf1\x95\
\xd5\xe3\x072\xac\x15|i\xd6\x14\x8e;\x8f\x5c\xb6\xc0\
\x8d}n\xc6Fu;\x19\xf6\xc5k\x1d\x0eN\xa9\xf0\
\xf53\xbb\x87\x13.eY\xc6q\x5c\x83\x0c\x86V\x97\
U \xe7\xb2\xb2y\x12\x10\xcd\xfag\xd6\x9d{^\xd0\
7\xad\xd6\xe1\xb8\xc2\xe1x*s\xceH)\xad\xc3\xca\
R\x18\x08Sy\x93\xf7\xb6\xcf>:\xdc|\xccM\xce\
V\x93-\xa8\xb6\xab\xd1\xf1\xa2\xc8\xf2\x22/\xaa\xa2(\
\x8b\xcaz\x02\x89\xa8\x11\x03\x14\x01\xa0b\xed\x07\x9e\x9e\
\x1c\x8f\xb7\xc6\xe1\xacn\x13\x01\x08\x1d(#P\x08!\
$\xebF! \x82\x12\xc0mJ\x84\xc0$\xd2\xc6\x1a\
\x0fb\xa1\xbbr\xf5\xa1\xc3\xbb\xaf\xda\x07A@\x08\x1e\
\xbd\x17\x0e\x80\x84\xb7\xb2\xcc\xbd\xb7\xdeW\xde\x95\xe4K\
\xefs\xf2%QId\xbc\xaf\x80\x1c\xdaB+QT\
%\x11\x84Ql\x9c\x9f\xe4U\x147\x95N\xac\x850\
J\x93\x85%\x872+\xb6\xa2D\x04\xa1tNX\x13\
\x99J\xc7Q[(\xbb\xb5s:\x88Ha\xc3[G\
T*\xe9\x10*r\xa5bb\x89%r\x88^:Q\
Y1\xc1i\xe2\x00\x91\xc0Y\x03\xe4\x01-\x90\x03r\
@6\xb09\x92\x05 \x81 \x85@A\xceU\xc0u\
\xc6\x08\x80 \xbc\x02\xa7\xa6ZkR\x80P \x03\xeb\
\xa5\xf3\xda\xb1\xfe\x87\x08\xc3\xe62\xea\x18\x82\x08P\xc2\
\x14z\x11\x98\xcaV\x85\xb1\xa5s\x16\x9cG\xe7%\x82\
\x12^R\x05&w\xc5\x08]\x8e6G_\x22x@\
\x1c\x93\x00T(4\x80v^9\xaf\x1di)c)\
#\x94\xa1\x10\xaat\xdez\x12BV\x95\x89\xe3d8\
\x1c\x11\x22\x11zF(@\x1e\xc8!\x93lH\xe2\x94\
\x89*\x11\xa4\x04\x04\x12\x08J\x0a\x8eJ{o\x11\x8d\
\x92NI_\x95#)\x8c\x94\x16\xd1\x019I>\x02\
\x00\xf2\x00OdD\x98\x86\x03|\x12O \xf9G\x01\
\xa8<(\x8fJ\xc8\xd0za\xbd\x00\xd4(\xa4\xd5-\
\x13\xad\xc7\x8d\xf5\xb8\xbd\x1f\xd2\xfd\x10\xec\x02X\xf0\xd4\
\x00\x88\x04\xcc\x92*\xcf\x85k\xc9nj\xbdz\x5c\xfe\
\x0c\xc8\xcb\xcd\xa6\xb5\xb2uJ\xbb\xee1q\xd9v\xdf\
`\xcc\x81\x88\xcc\xfdd\x001\xef\x85s\xcc\x9cY\xb1\
\x9cj\xb1\xd6\xb2w^\x96e\x14Eu\x22\x9f\xc5I\
\xaf\xc49.\xb5K\xd5|\xf9\x16\xd5t\xcb\x9a\xde\xf1\
\x02\xb5\xc9d2/\x148_\xbdu\x05\x7f\xb0Yk\
\x84T\xce\x01\x0a\xcc\xc6\xc5\xe7\xef\xfc\xec_\xff\xdf\x7f\
\xd1\xdb8\xa1\xfch\xb1-$\x14P\x15\xeb\xcd\xb50\
\x0a\xd2f\x12\xc6\xda\x09\x9f\x95Y\x7f<\xb4\xde\xe5\x95\
\xc9\x8a\xb2(Jc\x84w\xc2{\x22\x0f\xde\x02za\
K\x87$\x81$oR\x84\x95\x95C)\x04\x8b\xf4)\
D%QJD\xf2S\xf2\x82\x00\x11\xc5\x07\x0f_\xfb\
\xfa7\xfc\xd4\xcb_\xf1\xea\xe5\xd5u\x0cB\xe7\x09\x04\
\xd24}1\x15*\x07r@\x06|\x05T\x81\xcf\xc1\
\xe5\xe0K\xb2\xb9u\xa5w\x95\x9bl\x84\x1aX\xd6,\
i4\x80\xa0(L\xd4\xe8@\x98@^\x01JH\xba\
`\x94\xf7c\x91 \x08\x07\x1e\x80\xb4\xcd\x9dJ\x9a\x10\
\xd8bp>j\x85\xc6*\x1dD\x00\x00T\x029 \
\x0fB\x80\x15\xe0\x04'\x14@\x16SJ\xac\x9f\x8d\x22\
O@\x0e\x5c\x05\xb6\xf2\xd6\x807\xc2U`'P\x8d\
\xcarT\x95\xb9sF\x08\xe1\x5cE\xbeB4(\xac\
 #\xc9\x85Q\xa4t\x08\xa8\x9cWy\xee\x9d\x8f\x84\
jF\xd1\x82N\xbb\x10\xb7\x80\x048\x0b\xb6\x04[\x80\
+\xc8N&\xf9\xd0{\x03\xe0\xb5\x14JI\x12\x0d\xa2\
H\x00\x009[\x16U>)\xb31z\x0b\xce y\
\x89\x082t\xc9\x1a\xa1\x06\xd4\xe4\xb5s\x81q:\x9f\
\xc0ph\xb6\xb6F\x1b\x9b\x83\xe1 ;\xb7s!n\
\xa6W\xed\xd9\xfb\x91\xdb?\x9a\xe76\xd02/f\x8a\
j\x1e\x9c\x07\x8bPH\x00\x01\x02A\xce\xc0b\x1cA\
\xa3\x89\x81\x16Jb\x1c\x05K\xc9J\x1a$Q\x14$\
\x89Zh\xa7\x9dv\xb2\xbe\xb6\x10\x06\x14E\x22\x0a\xa5\
V\x18\x88q\x84\xe7\x19\xc0\x90w\xe0\x9d \x87\xde\x09\
\xf2\x88\xa4$*\xa9\xa8*\x80h\xda\x01\x17\x08\x90\xac\
)\x85D\xc1\x08E\x80\x95\x8dL-O\x0a\xe1D'\
n\x1fh-\x1e\xd6\x9dk X\x03h\x03\xa6\x80\x11\
\xa0\x06I\x04\x12\xb9t\x16f\xf5V\xc0\xda\xfb\x8a@\
\xce\xcf\xfci\xb9\xcf\x13o\xccD\xd6I\x14E\xe1\xbd\
\x8f\xe3\x98}\xf5+en?\x90=I\xad\xecS\xe9\
Q\xd67\x94\xab\x90\x9f\xef+\x9d\xbb\x06F\x18uw\
`F!\xf5\x16\xa8\x94\xaa;\xba1&\x8d\xa2H\x08\
Q\x14\x05\x22\xb2\xf0\xfb\xf3\x7f\xf1?6V\xd7\xb3p\
qP}3/\xe7\xbb\xca\x83\x04`\xdaK\x85\xab\xa9\
k\xd1\xb3\x17\xa71\xcfi\x9e\x11\xcc\xce\x06\xdf+\x9e\
Y\xd6\xdaS\xa7N}\xe1\x0b_\xb8\xf3\xce;\x8f\x1f\
?>\x1e\x8f\xfcT\xbf\xc5z\xef\xc0;-\xac\xd6:\
I\x12\xa5T\x9e\xe7\x93|\xc2\xfe_\xbd\xaax\x0c\x08\
5\xcc:\xc5#\xcep*\xcdTr\x80\xac+%\xab\
\x9az\xcf9~k\x8c\x10baa\xe1\xc0\x81\x03\xaf\
|\xe5+o\xbe\xf9\xe5\xbbw_\xb5\xb4\xb4\xe4\x89\x8c\
1J*\xe6eZc\x8d5\xce9\xef\x0c\xd9\xd2\x93\
s\xdcK\xc5\x1b\x22\x03hQx)A*TR\xc4\
\x95\x0b\x08\x8c-\x91L#\x0d\xc2\x00\xb5$\xef\x8a@\
C\x91\x0f\x85\xc0\xce\xca\xb2j$\xd6\x1a\x00\x1f'\x11\
Ha\xcb\x5cE\x1a\xa2\x00\xca\x098\x0bq\x0c\xb0\x04\
\x22\x02\x00\xe7,\x0a\x14R9g\x85\x10\x00\xe8\xc8\x0b\
\x14\x88#\x82\x1d\xa0i\x82\xa8\x16\xfd\x9ci\xc2s\x17\
\x10\x0d0\x01\x1c\x02\x8c\x01\x00\x5c\x00U\xe8+O.\
G\x1az\xeaWU\xe9=JDo+[\x96h\xbd\
\x04\xa5D\xa8U*T\x0a\x22\x04\x10`'\xa6\xca\x9c\
\x9f\x183\x02\xa8\xe2(@B\x81)R\x026$\x17\
X5\xacp`,\x10\x84\xce\x87\xa5\xd5\xce\x85y)\
\x07#\xb7\xbd\x93]\xd8\xe8m\xf5\xab\x13\x9b8\x18f\
[[[\xfd\xfe0\xcfK\x16X\x0b\x82(\x8e\x12\xad\
\xc38\x8eC-\xd38z\xc7;\xdeq\xd7]w\xf5\
\xfb\xfdF\xa3\x91&)\x01\x09!\x83 @\x04\xc7\xe5\
0sS\x9f\xa6,\x07\xcb\xbdy\x9ds\x93\xca\x95\xc6\
VUY\x16\x93\xaa,\x9c\xad\xf2\xc9\x08\xbcE\xa4P\
\xab(\x8e\xd2\xd0\xac.\x96\x9dv\xb2\xdcm,u\xa3\
nK\xb5Rj&\xae\x99R\x1c8\x89\x95D\x17\x96\
\xa3H@Y\x16a\xa0\x81\x1cx/%\x80\xb7\x00\x1e\
\x04\x02y\xf0\xdaC*$\x01ZB\xf22\xf4\xe1\xb2\
\x0b\xaf\x82\xe4Z\xdd\xbcN6\x0eB\xb8\xee\x14\x00\xb4\
\x85O\xa0\x04\xf4\xdc=f\x0bD\xe6@8X \xdf\
@\x041\x95\x88\x9df\x8b<\xd4\xaa\xeb\x86\xc0\x128\
\x97\x83\x96\xc1E}\xcb\xae\xd8\xf7oO\xae\xcfQ\x0b\
C]\xa4\x8ft\x99\x84\x0480^3@\xf9G^\
%\xe7C\x1d\xb5\xcc9\xaf\x9eW2\xf7\xcf\xc6.b\
\xef\xf2\x08a\xb6\xf6\xe50$\x9e\xde\xeaq\xcb\x9d0\
\xeb0^}\xe5/\xce\xfc\x1a\xe7U\xf9u\x1d\xf0c\
4\x9f\xe7y\x96e\x1f\xfc\xe0\x07?\xf7\xb9\xcf\xe5y\
~\xe6\xcc\x19\x9e><\xc5x\x00\x90w\x81\x9c\x02P\
\xfe\x84\xe9-E\x14\xb3\xa2U\xeb\x85\x07\xf1D\xc1\xea\
\x1c\xfe\xe3\xa3\x88\x98\xe5@\xce{\xf2\xc4\xfd\x5c\x0e^\
s\xcd\x9b\xdf\xfc\xe6\x9bo\xbe\xa5\xb3\xd0q\xd6\x95e\
\xb5\xbd\xbds\xee\xdc\xb9\xed\xed\xed~\xbf?\x1c\x0e\xcf\
\x9c93\x99LF\xa3Q\x96eeYz\xe7\xc8{\
\x22\xef\x9du\xdex\xe2\x06g$\x15*-\x94\x92J\
\x89\x06\xaa8\xd0R\x8af#\xbaj\xf7\xca\xf2Rg\
q\xa1\x09T\xedl_\x084v\xda\xcd(Mv\xef\
\xdb\xab\xb5\xae\xaaRHH\xd3xq\xb1\xdbh\xc4J\
\x0b!0I\xa2\xb4\xdd\xf44\x14\x81\x04\x1d\xcc4.\
%\xa0\x04\xd4\x00\x02\xac\x07\x22\x90\x92\x84\x80'\xfch\
p\xce\xd2\xac\x88\x97\x88k93\x04\x8f\x88\x84(\xb8\
*\xd5\x13\x90\x01\xe9\x80r\x97\xed\xf8\xa2\xd0RB\xa8\
\x80J\xc8\xfaf\xb0%\xd0K\x81\x80\xe8\x1c\x94\x95\xb5\
\x95\xa3J\x86Q $J\x8d\x1e\xa0\xb2$dL\x94\
\xa2hX\x1bN2o]\xd0j/7\x1a\xed\xb3\x17\
\xb6\xbe\xfc\xd5{\xef\xbd\xef\x9b\xf7?\xf8\xadI\xe1\xb3\
\x89E\x19.\xaf\xac/\xad\xad\xaf\x1d\xb8\xaa\xd9lu\
:\x0bi\xda\xd0J[\xeb\xc7\xe3\x89snkk'\
\x9f\x14\x9e\xfcd4\xdc8\x7f\xbe\xd9lN&\x13~\
\xf4\x8dF\xa3(\x8a\xa2(\xa6\xb4\x06\xf2EU\xcc\x0f\
*)e\xa0\x03\xa9\xa4VJ)%\x95ZXZ\x89\
\xe2$M\x92f\xb3\xd1H\xe3(\xd4\xdd\x85\x0eGA\
\xf2<\x1b\xf4\x07\xa3~v\xf6\xc4\xe6\x85s\xa7O\x9f\
||\xd0\xbb \xa8\x08\xa4I#X\xee&\xbb\xd6\xba\
W\xed^Y]\xee\xee\xbbJ\x1e\xd8\xd7E2ZZ\
%*\x93\xefDA\xe5\xaa\x01\xf8,\x90N)\x0f$\
\x9dS\x08\xa0P\xa2P\x80\xaa\xc2\xa8\x84\xb8\x94-\x8a\
\xbb\xba\xb1\xac\xd2n\xa3\xfbR\x08\xae\x02\xbd\x07h\xd5\
C`\x90\x85>r\xf0N{\xad)$\x01$+\x98\
V\x09\x09.\xc5\xa1\xa9\xaa\xbfwd\x8a\xb2\x0cd(\
\xc5\x95>\xba\xcf\xdc\x9eR\x13\x8c\xf3\xf7\xac\xc7\x80\xb3\
f-?\xf2\x08\xd2\xcc9\xa2\xf9.\x5c\x00\xc0\x81\x8d\
\xfa\xc2.\x8a\x99sI\xcb\x0bbw\xbcl\xed\xa2\xa9\
\xc5\xb1%\x98\xdbi.\xf3\x89GS\xdd\xee'\x22\x1c\
\xf5\x05\xff\xc8G\xf5\x8f\xc4.\x0a\xfc04WJ\x95\
e\xb9\xb5\xb5\xf5\xf9\xcf\x7f\xfe\x83\x1f\xfc`\x9e\xe7E\
Q\x0c\x06\x03\xdei\xa6\xac\x8c\x1as\x90\xf7\xa6TJ\
\x0a\x14\x00 \xe4\xb4-\x17\xa2\x103\x90\xe1Qz\x9a\
\x82\x1b>\xb0\xe6\xfc\xcf\xb4\x90I\xca'j\xb0\xa5\x94\
\xfb\xf7\xef\xbf\xe5\x96[\x92$9\x7f\xfe\xfc\x99\xb3g\
\xb767\xb7\xb6w\xf2In\xad\x0d\xc3\x90c\x96\xab\
\xab\xabQ\x14\xa5i\xdan\xb7[\xadV\x14\xc6i\xdc\
PJ\x05\x81\x0eB\xa5\xb5\x9c\xd6\xd0\xa2\x07\x22\x22G\
\xe4mU*!\xaa\xaap\xb6j5\xe3V#6\xd5\
D\x22\x9d?\x7f\xba\xc8\xc7Z+ Z\xecv\x17\x16\
:B  I\x81\x84\xbe\xaa\xca<\xcf\x9c3R\x0a\
)a}\x85\xc2\xc0'q\xd2h6\x9a\x8dF\x14\x85\
a\xa0\xc30\x94Z\x81\x94 \x05\xa8\x06\xc8\x16\x08\x00\
\x22\xef\xdc\xb4\x86t*\xc7\x85\x04\x04dP\xf5\xc1K\
\xf0\x11\xf9\x08\x80\x88J\x949*g\xc7\xc3\xf1`$\
P\xb7\xe2\x04\xb4\x023\xa1\xed\xb3\xe3\xe1\x86\x92&\x8a\
\xa4uei\x0ak=\x0a!P7\xe3u\x00\x09R\
\x03*\x10\xb1\x97inTQ\x05\x16\x92\xd2\xea\xe1\xb0\
<}\xb2\xf8\xdaW\x1e\xfe\xdc\xe7\xee\x1c\x8c\xc6\x8bK\
+\xeb\xbb\xf7\x5c\x7f\xc3\x8d\xab\xeb\xbb\xd7w\xef\x11R\
m\xef\xf4\xb6\xfb[\xe76\x8e\xf5\xfb\x83\x8d\x8d\x8d\xad\
\xad\xad\xd1(+\x8a\xb2\xaa\x8cs~4\x1a'q\xa2\
\xb5\xceF\xa38\x8e\x89|\x14\xc5[[[JI\xad\
\x03k-\x07\xc2\x05\x22J\xee\xf9\xf7\x84y\xefjU\
\xc6)\xa3\xce8\xcf\x9aa\xac\xf4N\x1e\x11\xc2@u\
\xda\xcd]\xbb\xd6w\xedZ\xefv\xd6WW\x0f\xef\xde\
\xb5\xbe\xd4\xed\x903\xd9\xb07\x1a\xec\x0cv6/\x9c\
=y\xfa\xe4\x89\xcd\x8d\xf3U\x91{\xb9\x936`\xef\
\x9e\x95\x97\x1d\xbej\xd7J|\xcd\xbe\x85Vb\xba-\
\x0aDn\x8bm\x84*\x8e\x1cB\x06\x0e%iA\xca\
[\xf0$@j\x08\x02\xa7eI\xbe$\x1f\x05\x87\xa3\
\xd6\xd5z\xf1\x1ah]\x03\xc1^\x03\xcb\x15$\x00\xa0\
\x014\x01V\xceC\x85\xa1\x00\x80\x9ar4\xd5R#\
\xf4\xc6:\xe7\x00\x85\x8e4|\xefJ\xf8b[:\x9e\
\xa5=\x09\xe6\x98\xf7hyl1\x07\xf3G\x1e\x88\xe6\
\xeb\xe1U\x92W1^%\x83 \xa8I\x1eZk\x86\
J\xbc\x0br\xf7\x10\x16l\xb922\x9e\x8d]\xba1\
\xd7\x05D0\x03\x7f\x973\xa4\xab\xaa\xea\xc5\xdc]\xfa\
Rc\x8c^?>~s0\x18|\xecc\x1f\xfb\xc2\
\x17\xbe\xf0\xd8c\x8fM&\x93\xa2(8\x9ae\x8c\xa9\
\xd9\xd9O\xcc>\xef\xf5\xec@!PH)\xa5TR\
r\x98\x83\xf1\x89q\xde\x11\xc1\xac\xa6\x9d}\x83\xba\xd0\
\x8c1\x07\xc7>\x9cs~\x96\xd3!\xef\x11\xb1\xd1h\
\xec\xdd\xbbwyyyyyeqqiii\xa9\
\xd9l\xb6Z\xadf\xb3\xc9\xd5\xef\xac&\x8c\x88@B\
\x89\x88\xcf\xc8\x08c\x16k\x01@\xf0\xde\x11\xf9\xdc\x96\
J+g\xad1\xa5\x14$\xc0#\xb9$\x89$\xc2\xa0\
\xbf=\x99\xe4Z\x08\xb4Nk\x8d\x08JK\x22W\x96\
EY\x16\xd6\x19\xae\xa0!ou9P`\x88\x8c\xa9\
\xc6\xd9d+\xcf\xb7\xa5,\x93\x04\xd3T\xa6\x89\x8a\xd3\
@'KAsW\x9a\xc6A\x10\xe8@\xebP\x83\x80\
\xa9\x8e\x081\xe7\xb2\x02\xec\x01\x05\xe0R\xa0\xd8CI\
r\xe4`\xd3V#2\x10\x8a\x05\x15\xae\x83\x17\xd0\xdf\
.\x06\x9b\xde\xe6JX\xefsc\x0b\x94\xa8\xb4Ra\
\xa4\x82\x10D\x00e\x04\x18\x81j\x96\xa5(}\xa2\x92\
U#:\xc7\xcf\x0c>\xf5\xb9/\xdd}\xdfC[;\
\xa3\xfdW\xdd\xb4k\xe5%KKKa\x1c\x0eG\xfd\
\xed\xed\xcd\xf3\x1bg7\xb76\xceo\x9c\x1b\x8d\x07\x95\
\xa9\x9c\xb5\xe8\x9dD)\xa4B\xe0z_t\xdeW\x95\
\xb1\xc6.--u:\xed\x8d\x8dM\x14X\x95\xd5\xda\
\xda\xea\xd6\xf66y\xe2\xef\x15\xe8`\xfa\x88\x81\x1c\xb9\
\xef\x19X3\xbf\xd0\x13\xcd\xfe\x15@\x80\x04\x9e\x1c\xd7\
\xc7X[\x02\x10\x90\xf3\xdeYc,9\x1f\x00\x02j\
\xa5\xd2$i7[\xedf\xbb\xddl/-.\xae,\
\xad,v\x17\xdb\xcd\x96\x95\xc9p<>{\xfa\xb1\xd1\
\xce\x99\xad\xb3\x8f\x14\xc3\xd3K-\xda\xbf\xbbq\xc3u\
W]{\xcd\xfa\xf2b#\x0a7\x95z\x04\x0cBE\
\xca\xcb\x08\xb5\x00\x01\xd69g@\x90\x8c4Da\x99\
\xa7\xa5j\xd8\xa8\x09\xed\xbd\xf1\xd2\xcd\xbau\x03\xa8\xc3\
D\x0b\x5c\xf6\xab\x04\x00Z\xc2\xb9N/Se[\x09\
\x8e\xaa\xdc\x0aP*\xd2\xf3\x02\xea/Nw\xe5Y\xda\
\x7f^\xfb\x9c\xc9\x13\xec\x1d\xd6\xd1\x8e\xe7\xe7.\xcf\x9f\
\xa8\xae\x8f\xad\xe13\xbf\xc3\x01\x8c(\x8a\xfc\xac\x05y\
\x9d\xa2\xe6]\x90\xf1\xc7\xe5\xbc\x1d\xbe \xec\xa9X\x96\
\xf3i\xb8\xcbV\xd1\x95\xf5Z\xea\x01|\xc5j+\x8a\
\x82\x9f\xdah4z\xe0\x81\x07\xfe\xe0\x0f\xfe\xc0\x183\
\x1c\x0e9\x96\xae\xb5\x0e\x82\x80#\x1c<\xfb\x00`\x0e\
.\x00x\xf0\xce)\xa5\x92$\x09\xc3\xb0.\x82\x13R\
\xf0\x06VVeY\x95\x9c\x7f)\xcb2\xcb2>]\
\x1d\xb0\x84i\x92\x85\x101I\x92V\xab\xbdg\xcf\x9e\
#G\x8e\xdct\xd3M{\xf7\xeeM\xd3daa\xc1\
\xda)\xab}\x16_!VD\x80\x19\xf0%\x0fR\x06\
\x00 \x85d\xaca\xadu\xce\x03PM\xfb(\xbd\x11\
J\xb2\xfe\xa9\xb36\xcf\xb2(\xd4q\x146\xd2\xb4,\
\xf3\xc1`\xe8M\x05\xc6Zc*SI)P\xa0\x14\
\x02\xc0[g\x88\xbcs\xd6Y\xd7\xc4\x96FAT\xf5\
{\xe7N\x9e|\xf8\xfc\xf9G\x17\xbbZ\xca\x5c\xcaR\
+\x1b\x84\x02}\x8en\xd2n\xb7\x934\x8e\xa2 I\
\x93\xb5\xb5\xe5$\x09\x83PGQ\xa0\x03\x0dJ@\x91\
\x81\x03c}\xe5LEC/\x86JO\xc8U\xa9n\
iX0\xa3\x80\x5ca\xdd0\x1b\x8f\xb4\x96a\x10\x94\
\xa5i6\xbb2j\x82n\x82\x88\xc1K\xebP\xc5\x0d\
\x80p{\xa7T\xd1J\xd2\xdcs\xfc\xcc\xe8\x0f\xff\xcd\
\x9f\xff\xbf\xb7\x7f\xf9\xa6W^\xff\xdf\xbd\xf7\xbf_X\
\x5c\xfe\xc6C\xdf\xbc\xff\xfe\x07\xee\xbf\xff\xbe^o[\
*\xb4\xaeR\x92\xe2$l\xb6\xd20\xd4\xde[S\xf9\
\x18\x17\xcb\xd2Xc\x94RI\x92*\xadG\xc3\xd1x\
\x9c\x0d\x87C\xa9\xe4\xfa\xdaz\x7f0p\xce\xc7I\xd2\
j6{\xfd\xbes\x16\x01\x1b\xcdf\xa3\xd1\x90Bp\
=-\xe1\xf7\xec \xf3\x8b6\xbf\xf0\xc6\xcd:\xd5z\
 OD\x81\x96eY\x14E\x0e\xe0\xb5\xd6\xa8a\xe2\
F\x02\x05\x11xO\x02\xa4wd\x8c\xabJ3\xc9\xf2\
\xb2t\x00\x00J]}\xe8\xd0\x8d\xd7\xbf\xf4\xa7n}\
\xcd\x8d\xd7\x1dZ_j\xdd\xf7\xb5\x7f\xf8\xe2g?\xfd\
\x8f\xffpw\xac\xe1\x15/?\xf4\x8a[Vn\xbe\x09\
\xd7\x16\x9b\xb14\xae\xd8\x86\xa2\xaf}\x19\xa1WB\x81\
\x97`\x01,\xc1\xdaRE6/\x0b\xe3\x94\x08\xd6E\
xu\xe7\xea7B\xe3\xa5\x10\xee1>52\xd0\x02\
\xd5\xb4\xc5\x8c'\xe4\xfeA\xe8\x9dw\x86\x04I)\x83\
i7C\xbc\xc2:\x7f\xe6\xf6t\xb9\x95\xf9\xfd\x9e\xa9\
au\x17x\xb8\xa4\x90\xf29\xb9\xef\xf5\xc5\xccgF\
jr\x06G5j\xaa0\xccD\xcd\x99\xcf\xa8\xb5\xe6\
\x8b\xac\x09q\x00pE\xeb\xe9\xb9\xb2\x8b\xc6\xc9\xa5\xb0\
c\xba\xd9\x5cf\xf0\x8ef\xbdc\xe6\xab\xda^\x84\xe1\
\xd0:\xaa\xa1\x94b\x14^\x03\xf4\xaa\xaa\xee\xb9\xe7\x9e\
O}\xeaSw\xdf}7'S8\xb6\xc1\xe5`\x5c\
\xd1\xc6\x8f\xb8~A3\xd3Rk\xa5\xf5TK\x10\xa4\
\x90Q\x14\xe9 \xe0\x9b\xab\xb4J\x1b\xe9Bwam\
mmqq1\x8a\xa2\xba\x08\x7f\x9e\xd5\xcb\x19\x934\
M\x17\x17\x17WVV\xa2(\xea\xf7\xfb\x5cXTS\
\xca\xea\x02\xf8y\xe9\xfdz\xc8\xc1\x8c\x8f\x02\x00\xd6r\
\x07KB@!\xa4s\xceZ\x87\x88:\x0ep\xa6\x8e\
\xee\xac+\xf2b<\x1a\x92\xf7a\x18\xa6IZ\x14E\
Y\xe4\x12Q\x0a\x91ec\xe7-\x11Yk\x10\x11\x05\
8gG\xa3\xd1\xa0?8\x7fz\xeb\xd4\x89Sg\xcf\
\x9c\xdc\xde\xbaP\xe6#k2\xf2E\xa41\x0aE\x1c\
\xe9f3\xdd\xd5\x85\x03\xab\xb2\xddiGQ(%j\
-\x9d7DVi\x91$q\x9a\xc6A\xa0W;\x0b\
Q\x14F\x8d\xd0B%C\xd2\x01I\xac\xd0WT\x16\
\x9a \x10\xa22CGc@\x14 \x83 \x16i\x07\
t\x07J\x09\xba\xe3\x5c(u\xd3B8\x224N\xc7\
\xc9\xf2\x89\x93\x83\x0f\x7f\xf4\xb3\xf7|\xfd\xdb\xcbk\xd7\
\xec?xm^\xd9\xa3\xdf\xfe\xf6w\x1e\xfd\xee`\xd4\
G\x85a\x18()\xa5D\xad\x15\x80\x93\x08D\xde\x93\
\x93B\x04*rU\xa05k$zSU\x9e\xc09\
W\x14\xc5p8,\x8a\xe2\xc0\x81\x03(\xe4\xf1\x13'\
\xb4\xd2a\x14\x86a\x98OrcM\x9a\xa4\x8b\x8b]\
\x22\x90R\x02\x82\xf3\xd6\x13\xb7\xd2T\xd6\x1a!\xeap\
\xf8\xf4!K\x8fH\xd3\x98\xd3\xb4\xf8\xd5Y!\x10\x80\
\xa6\x14`\xf2\x84 \x95r\x8e\xdb\x1e!\xcdH\xc6\xc6\
\xb8\xb2\xaa\x88@i\xefl\xe5\x8c]^^\x1a\x0f\x06\
\xddv\xe7\xa6#\xd7\x1f<p\xf5\xd5\xfb\xf6\xdb\xaaz\
\xfc\xf1\xc7\xce\x9e<\x9am\x7f{\xa1-\x8e\xbct\xed\
\xc8K\x17\xf7\xaf\xc9T\x8d#\x18)3\x0e\x04BQ\
\x80T9\xe4*\xd6Z\x07@\xc2\x97*7\x89\x0f\xf7\
$k/\x97\xeb/\x87\xd6!\xaf\x97\x00Z\xc2\x07\x80\
\xe0\x81\x1cX\x14h\xbdu\xc6\x22\x888\x88\x905R\
\xe4\xd3-\x86W\xec?k\xdfo\x8f7^\xbby\xe5\
b\x01\x0f\xb8\x04\x22<\x03\xab\x97\x9ey9\xf3\xf9?\
\xe0\xe5\x8fKNj\xc6h\xbdZ1\xf1\x9e\xbd\xa88\
\x8e\xe7\x01\x07\xbf\xfe\xb1\xd1\xcd\xbc\xfc\x8d\xe3a\xbc\x07\
\x5c&\xb7\x9d7Hkm] \xfd\xa25\x9a5\x0a\
(\x8a\x22\x8a\xa2\xba\xd7\xcc\xc6\xc6\xc6\x9f\xfc\xc9\x9f\xdc\
s\xcf=D4\x18\x0c\xca\xb2\xe4\x89\x83sR{5\
\xd5\xb4\xde\xf8\x01\x803\x98\xa1\x8e\x94\x94D$\xa4l\
\xb7\xdbi\x9ah\x1dt\xda\xed\x85\x85\x85]\xbbv\xed\
\xdf\xbf\x7fem%m\xa4A\x10\xb0\x02\x1b\x00\xf0<\
E\xc4(\x8a:\x9dN\xb3\xd9l\xa4\x0d\x1dh\x0e|\
 \xe2p0<u\xfaT\x9e\xe7\x5c\x18U\x8f%^\
y\xe69[\xc6\x98)6\xf2\x06\xd19\xef\x05\x0ak\
\x1d\x11$I\x1a\x85\x11\x11dY^\x96\xa5RJ \
T\xa62\x95\xb1\xce\x12\x81\x14\x8a\xbc\xef\xf7\xfa\xd6\xda\
\x85\x85\xae\x12R(Y\x9a\x12\x01\xce\x9f?g\xaci\
6\x1a\xde\xd3`\xd0?y\xf2\xc4\x89\x93'N\x9e<\
y\xee\xfc\xf9\xfed{<\x1ey.\x92%\x19\x88P\
\xa2\xee\xb4\xba\x0b\xcd\x85f\xdan5\xdb\xcb\x8d|\xbd\
=Y\x5c\x5cl6\x1ba\xa8\xc3HK\x09Y6\x1a\
\x0c{\xe3\xf1h0\xe8\x8f\x86}2\x85\xa7*+G\
\x87\xae=t\xe8\xd0K\x8f=vb\xb0\xd5\xdb\xb3\x96\
\x1e\xd8\x13\x1e<\x106\x1bco3\x89\xa8t\xa0\xa3\
\x14\xc2\x06@\x04\x10\x83l\x17U\x10\xad\x1c\x18m\x8e\
2\xa3\x5c\xe7\xaa(Y\xfc\xc4\xc7\xef\xf8\x87/\xdc\xb7\
k\xd7\xa1\xb2\x10\xdf\xfa\xd6c\x1766z\x83\x1e\x80\
K\x1b\x09(i\x91\x04\x0a\x89R\x08)\x90\xef\xddT\
\x19Kp\x97`\xf4\x04\xc4\xf2\xf00\x15\xca3Y\x96\
\x8d\xc7\xd9`\xd0_[[\xebv\x97\x1e?v<\x08\
\x03kl\xbb\xd3\xe6\xe8\x17\x026[\xcd\xaa\xac\x00\x00\
\x05\xa2\x00\x1d\xe8\xc9$\xe7\xf0R\x18\x06\xd6:\xc1\x8a\
+B\x0a\x81\x91\x8c\x04 L\x8by8\xe9\x05B \
\x01x\x22!P\x80v\x85\xf4\xe4\x01AH$\x00G\
\xce\x91%\xf0\x95\xa9FYF\xe4\x03\xca\xa3@\xe4y\
\xb9g\xef\xbe\xad\xcd\x9dI^V\x95\x0d\xa3\x98\x00\x1b\
\x8d\xd6\xcb^v\xe4\x957\xfc\xc4\xcb\xaf}E6>\
\xff\xb9\xcf\xfe\xedC\x0f\xfc\xfdK\x0e\xa8\x9f\xfb\xc9C\
?q\xe3Z*v\x02\xdfoF\xbe\xcav\x82\xa6\xb6\
\x83\xa1\x12\x11\xe8\x04\x1cA\x94\x92\x97=\xd7\xaa\xa2\xbd\
\xe9\xfa+\x9a\xeb\xb7@|\x10`\x1d\x84\xf4dI\x89\
\xc2\x9a\xa2\xaa\xa4V\xa1\x0e\xd4\xb4\x92\x96\xe4s!f\
\xfab\xb6\x1f\xac\xaf,o\xf0L\xe6\xe2\xb5\xa0\x16\xf6\
xf\xa7\x7fz\xc0H3\x85\xf2<\xcf\x83 `\xae\
FUU,\xf0\xc5{\x89\x94\xb2,\xcb\xaa\xaa\xa2(\
b\xee\x12\xcc\x96\xa7\x17\x04\xb7\xf1\xc7\xc6j\x92&\xcc\
\xb2\x18\x97>\xcd\xe7\xf3Y\xd0\x8c\x04\xcdJq\xcf\xdb\
y/O\x9b\x92\xfe\x84\xe08GUU;;;\x1f\
\xfb\xd8\xc7>\xf4\xa1\x0f\x19c\xb2,c:T\x8d\xda\
\xeb\xe6D0s\x0c\xf8\xf9\xf2\xbe\xc2\xee\x871\xa6\xd3\
\xe9\xee\xde\xbd{\xcf\xee=\xcb\xcbK\x0b\xdd\xeeB\xa7\
\xb3\xb4\xb4\xd4]\x5c\xec\xb4\xdbA\x10p\x87\xb5\xaa*\
\xb9\x93\x22'G\xc6\xe3\xf1\xc2\xc2\xc2\xf2\xf2r\xab\xd5\
\x8a\xe3X)=U~\x02@\x04\xf2\xb0\xb1\xb9y\xfe\
\xfcy!D\x14E@$\xa4$\xf2<p\xe6\xa5\xfc\
\xe6U\x85\x9c7\x84\x86\xc3\x1b\xd68\xa9\xe4\xd2\xd2r\
\xbb\x93Y\xa9k\x00\x00 \x00IDAT\xdd!\x82\
\xaa,=\x91V\xaa\xcc2cL\x91\x97\x1c\xbd\x00\x10\
\xa62\xbd^o\xa7\xb7#\x85\x02\xc00\x8e,\xb8I\
6\xb1\xce\x0a!\xb6\xb7\xb7\xbf\xf9\xd0C'O\x9d:\
y\xf2\xc4\xe6\xe6f\x9e\xe7\xd6\xd9J\x95*\xd2J\xaa\
V\xa3\xddHZ+K\xeb\xbb\xd6v\xaf,\xae-/\
\xad\xb6\x1a\xad$J\x03\xe9$\x94RHk\x8d\xf3V\
\x08\x04\xf4\xde;\x00\x8fHeY\xe6\xf9xc\xe3\xdb\
\xa7N\x1f\xaf\x8cW\xaa\xb9s\xc1|\xe3\xeb\xdf\xb6\x93\
b\xa958r\x9d\xfb\xd5\xff\xfa\xfa\x1bo\x16\xd56\
6h\xbfJb\xd0\x01\xa0\x00T\x1eC\x11/T\x14\
\x0er\xd2q;n\xef~\xf0\x98\xf8\xe2\x97\xee\xdb\xba\
\xd0S\x22\xb9\xe7k\xf7\x9d<~\x16AD\x81\x0a\xb4\
\x10\xe8=Y/\x05\x09!P (\x81\x12A\x22\x08\
\xefX\x8aL\x00\xa1'GA5\xc3\x1c\x9e\x88\x9cw\
\x93,\x9b\xe4\xb91\xd5d\x92\xa5iz`\xff\xc1s\
\xe7/\xb0\x06c\x1c\xc5\x004\x99\xe4\xfc\xa9\x8d\xb4\xe1\
\xbd\xd7\xa1^[_}\xf3\x9b\x7f^k]\x95eQ\
\x16\x88\xa2\xaa\xaa\xb2,\xb2l2\x99L\xaa\xb2\xccG\
\x13_\xd9\xcaTy\x91\xe7y^\x99\xca\x13\x19k\x8c\
\xb3\x02\x85\x10(HD\x18\x00\x92\x94B(A\xc2;\
o\xac\xafP\x12\x81/\x8a\xc2\x83o\x89N,\x93q\
6\xb2\xde\xa5\xad\xc6f\x7f\x9b\x90rS\x18o\x01\xa9\
\xb2\xc6\xe6r\xady\xe0\x0d\xb7\xde\xfa\xd6\xb7\xfc\xc2\x81\
\xab\xd6\xbex\xe7\xc7\xef\xfc\xf4_7\x83\xfe\x9b~\xf2\
\xea\x97_\xbf\xb8\xba\xe8B1\x08\xb7\x1f\x89\xe3\x08\x5c\
`\xac\x94qD\x01\x96h\xbc\x08J\x1b\xa2Xl\xb7\
\xf6\xcb\xc5\x9f\x80\xb5\x9f\x820\x01/@\xc5c\x03 \
\x03\xa1\x83\x99Z\x1b!x\x0d\xfa\x0a\xe6x6\xf6\x83\
a\x0e\x8ev\xf0\x02\xf4\xeci\x83\xf3\x9b\xd0\xac|\x1f\
/\xda\x96\xf8\xfd,\xcb80;\x99L\x98\xb8\x0e\x00\
\xdc,#I\x12\x06\x22\xf3\x98c^\xbe\xfd\x0a\xe6x\
\xde\x8cf\xb5\x09\xfcd\x19v\xcc\x97\x87<o\xcfb\
>\xdds\x99\x04]~\xe46\x99L\xe28\x1e\x8f\xc7\
\xde\xfb;\xee\xb8\xe3\xf6\xdbo\xdf\xdc\xdc\xdc\xde\xdef\
p\xc6\x7f\xc3\xd3\xad\xce\xa4\xb0\xf1|\xe7*\xf4\xc9d\
\xc2hc\xdf\xbe}?\xf9\x93?\xf9\x9a\xd7\xbc\xba\xd5\
j\xb3\xfc\xf3|\x94Q\x08\x94R\xb1O\xc2\x00tV\
\xa5\x02\xeb\xeb\xebi\x9a\xa6i:\xd5G\xe1Na0\
\xfd/\xcb&\xdb[[\x93<WR*\xa5\x08@k\
];\xe2\xf3D\x81\x9a\x11BD\x00d\xc9\x10\x11K\
v7\x1a\x8d\x85\x85\x858N\x88\xc8T\x95RR\x08\
YN\xb2(\x0c\x85\x98V\xd4\x17y\xae\xc3\xd0;?\
\xce2 (\xcb\xd2z?\x1c\x0f\xcb\xaa\xda\xdc\xdc|\
\xe4\xdb\x8f\xdc{\xef\xd7\x8f\x1e\xfdf\xaf\xd7\x1f\x0c\x07\
\xd6\xd8(\x8a\xa28J\x16Z\xcdVkiy\xf1\xd0\
\xc1\x83k\xab+\xdd\x85N\xa3\x91\x86A \x85p\xd6\
Xk\x88\xa4\x90\x11\x222\xd7V\x08\x14R8g\xad\
5\x88\xdc\x81\xc1\x13\xf6\xe28\xde\xde\x1a\xdfs\xf77\
/\x9c\xee\xe5\xfd!\xe5\xbd\xbd\xcb\x83_\xfe\xe7\x87n\
\xba\xbe\x00\x7f4tW5\xe5\x0d\x18\x86 $\x80\x00\
\x159\xd5\xa80. \x16Q\xf7\xf4\xf9\xde\x07\xff\x9f\
O\x96x5`\xfc\xddG\xbe{\xec\xf1\x93\xde\xfa4\
M\x8d\xb1\x92eK\x05\xa0\xe0\xd6yn\xd6\xadw\xda\
\x0f\x05I\x00\x08\xef\x80<y\xf0\x85\xab\xbcw\xd6\xd9\
\xaa*MUyb5zRJ\xf25\xef\xbf\xea\x9a\
<\xafz;;\x8cV\xe38\xd9\xde\xd9\x0e\xb4\x06\x80\
]\xbbw#b\x18\x06*\x90\xef}\xef{[\xcd\x16\
\xc14$\xc6\x83\x87h\xaa#\x0a\x8e\xd0\x83'_Y\
S\x96ee\xcc(\xcb\xc6\xd9x8\x1c\xf6\x07\x83\x9d\
\x9d\x9dQ\x7f4\xde\x1af\xe3\xf1`4(\xabBj\
\x19F\x9a\xc0\x93\xf0R\x08\x0f^H\x11A3R\x91\
ufskc\xdf\x81\xbd[\xfdM\xa1\xc0\x81-\xaa\
\xa24\x13k-x \x03\xce)\xef\x82}{_r\
\xdbO\xdf\xf6\xca\x9b\xae[l\xe2\x17?\xfb\xb7\xa7\x1e\
\xfb\xea\x91kW\xdf\xf8\x86#G:;fx\xca\xf8\
Jh\xf4Py\xb4A\xa4\x95\x0c\x80\x847\x12\xbc\xac\
\xc2\x03\xa6}\xd3\xc2\xfa5\xb0\xb8\x9f\x8a\xd0\xe9%\x95\
.9\x08-\x08?-\x8f&\x0d\xea\x0a\xe6x6\xf6\
\x03\xe4V\xea\x8c\x06\xd7\x83\xd4\xbd\xd3\xf0Y\xc8\x873\
\x5c`\xfa\xe1\xa5u1u@8\xcb\xb28\x8e\x01`\
4\x1a-,,\xd4W\xb2\xb3\xb3\xd3\xedv\xd9\xf1\xe2\
\xf6\xb0?Z\xdf\xfa\x8a\xc1\x0c\x98r\xdc{\xbe*\xf5\
\xf9\xa4\x1e_\x89p\x5cd\xcc\xbe\xf4\xde\xe7y\xfe[\
\xbf\xf5[\xdf\xfa\xd6\xb7Z\xad\xd6\xc3\x0f?\xbc\xb4\xb4\
\xc4x\xdd\xcf\x1aVq\xca\x12\xe6\x92\x984+P\x1a\
\x8f\xc7\xcc\x00\xbd\xed\xb6\xdb\xde\xf5\xaew\xed\xde\xbd\xab\
?\xe8\x91'\xe7\x1d\x00\x04:\xe0\x04\xbf\xd6ZIi\
\x8c\x9dL&\x00\xa8\xf5\x944\xda\xedvw\xed\xda\x95\
\xa6)\xab\xd9\xb2\x92\xa3V\xday\x90\x02\x00\xc19\xea\
\xed\xf4\x86\xa3\xd1\xb4];\x02\x22*\xa5\x89\xa6$\xd3\
\xf9\xaf\xc3\x11\xd0i\xfd\xadT4\x15\xc3p\x00\xb4\xb8\
\xb8\xd4j5\x85@\xe7}Y\x16\x81\xd6(\xb0\xcc\xf3\
$\x8a\x00\xb8/-\xe5y\x1e\xc6\x11\xa2\x98L&I\
\x92\xf0W.\xcb\xca{?\xc9\xf3\xe1p8\x1ee\x1b\
\x1b\x1b\x9b\x9b\x1b\x8f=v\xec\xc4\x89\xe3;;=c\
\x0c\xa2Z[[}\xc9K\x0eu:\xad4\x8d\xb2l\
\x18FZ\x08\x90j\xaa\xd4\xee@9\xaf\xeb\xca\x1d\xd6\
}g\x1e\x89\x98\xaa\x96@iF[[\xbd\xaf}\xf5\
\xfe~o\xbco\xf7J9<\xd5\x0e{o|\xf5\xd2\
\xcb\xaf\x95\x91\x7f4\x12[q|\x90\xf0j\x10\xd2\x83\
&\x19c\xd04\xa2]RS$\xab\xdf9\xbe\xfdK\
\xef\xfa\xf5#7\xbe\xb6\xd3\xb9\xe6\xfe\xfb\xfe\x89\xb7\xe4\
(\x0a\x87\xa3a\xab\xdd&\x98J\xcdsk\x19A\x8e\
/\xc1\x13y\x80</\xb4\xd6\xdeS\x96M\xaa\xaaB\
\xa1\x8a\xc2U\xa6r\xde\xc5Q\xd4l5\xe28\xd2Z\
\x09\x01\x88P\x99rgg\xa7\x95,\xb4\x1b\xed\xb3g\
\xcfq\x15t\xab\xd5\xee\xf7{\x80H\xdew\xbb\xdd(\
\x8e\xa5\x14\xdd\xa5\xce\x7f\xfbk\xbf\xa6\x95\x9e\xc6\x95\x05\
7\xb6\x9f5mq>\x90\x9a<\x19c\x1cy\x14R\
HI\x00BJ\xa9\x94T\xd2\x13\x81\xf5\x01\xa9\xc9$\
\xcb\xcb\xe2\xfc\xf9\xf3\xdfx\xe8\xa1\xc7\x8f=\xde\xeb\xf7\
\xb2\xc9\xa4\xaa\xaa\xbc\xc8\xad\xb3\x8b\x8b+J\xe9(\x0c\
\xb2\xf1h}\xf7*\x82\xcf\xb2\xa1\xf7.\x8c\xb4V8\
\x18\x0e\x06\x83\xcd\xb2\x1a\x15\x15\xc6\xe9\xca8\xc3\xf1\xd8\
'a\xfc\xc67\xbc\xee}\xff\xea\xbd\x8bM\xf8W\xbf\
\xfd\xeb\xbe\xdc\xf9\x8d\x7f~\xe3\xcd/m\x0a\xdc4\xc5\
\xf1f\xec\xccd\x14\xab\x84\x9cR2P\x81\x06i\x0b\
\x1f\x0d\xa9\xebd\xb7\xb9\xf4\xb2\xc6\xc1[!\xb9\x06\xa0\
\x03\x94Z\x0c=zBB \x0d\xf2\x0a\xe6x6\xf6\
}a\x0e\xbaD\x9b\x01f]\xf5\x00\xe0\x22\xb5\x83\xef\
\xdf\xea\x92\x07\x98\x913j\x7f\x88\x97\xc8Z\xf5\x8b\xd7\
\x05^)\x92$\x99\xd2\xa1\xbd\xcf\xf3<M\xd3'\x95\
\xc5\xbcb\xcf\xb3]\xc4)\xae\xcb\x9dj5\xdb\xe7\x0d\
sTUU\x93F\xaf\x8c\x076\xef\xfd\x89\x13'>\
\xf1\x89O|\xf4\xa3\x1fe\xf4P\xcf\x1d\x9e\xc8<\xf5\
jr\x15\xcf\xc1\xfaX\xf61\x82 x\xd5\xab^\xf5\
\xd6\xb7\xbe\xf5\xd0\xa1C\xd6Z\xef\x9d\x90\xc0\xc1N\xf6\
I\x9059\xc8\x93'!\x85V\x1aQ9\xe7\xb5\xd6\
\xadVkii)MS\x98E)f\xfc0\xa1u\
 \x10\x88\xa0,m\xaf\xb7\x93\xe7\x85\xd6j\x9a\x1e\x95\
\x92\x88\x00\xdc\xf7\x88P\x03\xb0\x9b\xc1\xc9\x1a\xe7\x9c\x90\
\x81\x07\x8d\x80eU\x12\xd1\xea\xeaJ\xbb\x9d\x08\x01\xd6\
BU\x95q\x12\x02@\x9e\xe5I\x12\xd3L[r\x9c\
ei\xa3A\xe4'\x93,I\x12@t\xd6e\x83\xd1\
p8\xb4\xd6MA\x83'\xa9\x94\x9c\x16\x01+\xad\xa4\
0\x99\x12H\x04\xf7\xdc\xfd\xf5\xc5\xa5e\xa9BS\xd9\
\xb2\xb2eiLe\xadu\x04\x15`I\x9e\xf8\xf2\x89\
[\xcc\x03o\xc3\x04\x04\x88\xd2\xb9\xe4\xf3w~i\x92\
\x8d\x03\xed\xbc;\x16\xe0co|\xed\xc2\xcf\xbcr-\
5\xdb\x98\x0d\xc0iH#\xea4\x1d(\x94M\x90\x0b\
\x16:\x13\xbbP\xc2\xf2\xc7?}\xdf\xff\xf4\xbf\xfc\xbb\
\xebo~\x83\x10Q\xff\xecI!\xbc\xd0B\x85\xb20\
\xa5\x0aue\xadGA\xa8\x08\x15\x81P\x16\x85!O\
\x8e\xbcs\xe4\xb8\x99}\x18\x87\x95)/\x5c8\x9fe\
c)5\x11\x02\x81T2I\xe2F#M\xd2\xa8\xd9\
l \x82s\xc6\x93\xef\xf7z6\xf7\x07\xae:p\xfa\
\xf4iS\x19O>MS\x22\xc8\xf3\x89w^\x07z\
}}\x17\x0a\x00\x05\xbf\xf9\x9b\xbf\xb9\xb8\xd8\x05@k\
\x0c2<aC\x00@o\x9c\x12R\x08\x91\x97\xe5\x0e\
\x07\x8eF#\xeb\xbcuNH\x916\x1a\x8d$h&\
\x18'I\x1c'Z\x07Bjgi\x9c\xe5\x93,\x9f\
\x14E\xaf\xd7\x1f\x0d\xc7\xc77N\x5c\xd8\xbaP\xe6\xc5\
\xb0?\x9c\x0c\xb3\x85vg2\x18+P\x0a\xb98[\
\x12\x1aG\x93\xdc\xdaqU\x95\xe4\x0d\x81\xb5v4\x18\
\xecY]y\xc7\x7f\xf1\x96w\xff\xd2/\xdd\xf1\xa9\xff\
\xf8\xa9\x8f}\xe0mo>\xf4\xa6\xd7\xb7W\xa3G\x92\
\xf2t\x93<LR\xf0\x1d\xa7R\x1bk\x17\x95R\x95\
\xe0\xcd O\xad\xba:Zx\xf9\xc2\xae\xd7\xe3\xd2\xf5\
\xa0\x96AD4\xed\xc6\xeb%^F\x1c\xf9\x17\xa2\xfd\
`\xb9\x15\xb6z\xf3\xa8A\x03\x22\xd6\x15\x22\xdf\xff\xd6\
\xc2\x845n\xb2\xc5\xb8\x81e\xcba\xa64\xc59f\
vA\xd8a\xad\xe1H\x8dQ8\xe8\xc2\x0c\xd3:\xe9\
\xf3\x83~\xa3+\xf6\x9c\xd8E\x8f\x9e\xe9\x1d\xbc\xfd3\
v\xfc\xe1\xc1\x0e\x9au=\xe0f\x8f<\xa8~\x18'\
\xba\x9c\xadf\x86\xf2\x8f\x8c\xda\xf9\x86\xfc\xc5_\xfc\xc5\
?\xfe\xe3?>\xfa\xe8\xa3\xce\xb9\xe1p\x98$I\xdd\
\xd0\xb1\xa6\x8b\xc2\xac\xbc\xa5N\xa60\xce\x18\x8f\xc7U\
U\xdd|\xf3\xcd\xefy\xcf{\xd6\xd7\xd7\x93$a\xa9\
\xc0\x9afQ'1\x89@\x08\xa1\xb5\xf2D\xce:!\
\xd0\x18\xdbh4\xd7\xd6\xd6:\x9d\xce|\xcc\x89\xe6\xac\
\xaaL\x14\xc5@\xd4\xeb\xf7G\xa3\xa1\x92JH\x81\xb3\
\xaeo\x04\xe0\x9c\xad1G\xcdf\xe5\xe5B\x08Q\x14\
EQVa\x18\x97e\x99\xe7\xf9\xea\xeaj\xab\xd5\x0a\
\x82\xba\xdd\xd2\x14\xfb\xf2\xb9\x94VB\xa0\xb3NH\x11\
\x84aU\x96y\x91\xb7Z\xad\xaa\xaa676\xad\xb1\
\x00\xc4\x95/RJ\x81\x02\x10\x83 h\xa4\x8d$M\
\x02\xad\x058\x00:q\xec\xc47\x8f\x1e\xfd\x99\x9fy\
c\x9c4\x9c\xb1\xce{cx\xa4\xbb\xa2\x1a\xf5\x06\x17\
vv\xc6\xd9\xb8$/\x8a\xbc r\xde\x9b0\x90U\
Qu\x17\x16\xc7\xe3\xc9\xdf\x7f\xf6s\xfd~\xdei\xb4\
L~\x86\xca\xaf\xff\xd2\xdb\x0f\xdd|HvC\x05U\
U\xf6\x07A\x80\xb8\xd0\x06T\x10.\x16\xb6\xed\xf4z\
\xe6\x17;+\xd7\xfd\xde\xbf\xfe\x93\xcf\xddu\xdf\xb5/\
\xbd\xf9\xd8\xf1\xd3R(\x01\xde\x98\xca\x91\x13RH-\
\xa7\x88\x0f\x04\x01Z\xe7+cL^\x99\xb2\x22\xf2i\
\x9apc\xcb \x0c\x8c\xb3J\xc9~\xafw\xfa\xcc\x19\
\x8e\x5cK!\xa5\x92R\x08\x14\xa8\x94\xecv\xbb\xddn\
\xd79\xeb\x9c+\xca\x22\x1bf\xcbK\xcby\x9eon\
nr-\xf4\xf2\xd2\xf2\xe6\xe6&\x11Yg\xd7\xd7\xd7\
\xe38\x22\x80\xf7\xbc\xe7=\x87\x0e\x1dTJ9\xe7\x01\
\x81[2q\xac\x8b\xf5\xc4\xfa\xbd\xde\x97\xbf\xfc\xe5/\
|\xe1\x8b\x9b\x9b\x9b\xa51\xde9O\xe4=\x01\x82R\
Jk\x99\xc6Awq\xf1\xf0\xe1\xc3\x07\x0f\x1el6\
\xdbUUi\x1d\x94e\x85\x88\xac\x05\x135\xe2\xa2,\
\xc2 \x00\xc0\x8f\xfc\xdd\x87\x0f^s\xb0\xd3j\x9f8\
~\xe2\xf8\xb1\xe3\xe3\xe1(\x08\x82\xb4\x91\x108\x02(\
\xac\xa9\xac)+\xc3\x1a$\x82\x80\x9c\xbff\xff\xfe\x7f\
\xfd\xbe\xf7%\xb1\xf8\xfd\xf7\xfd\xdau\x07\xe4\xff\xf8\x1b\
\xff\xccm\xde{\xa03\xc4\xfc8\x98fQ5\xacZ\
2\xe9\x18|\x118)\x82\xc8\xebFN\x89\xd5\xcb\x9d\
\xf5\x9b\xa2\xd5\x1b\xa1\xf52\x10\xbb+\x97x\x01\x84\x99\
\x04\x10\x90H\xc2Y\x99\xb0\x03a\x08\xc0\x83$\xd0\xe2\
\xb9\xe9%\xf7ck\xcf\x04s\xcc\x1b/L\xbc\xba\xfd\
\xa0B\x9f\xb5\xb3\xc2>V-{\xca\x9eq\xfd\xf9\x5c\
\xbc\xc7jN\x5c\xa82\xaf\xb5\xcc?\xce\x1fr\xc5.\
\x13\xab\xb7.F\xa5\xf5\xf0\x98\x8f\x88<\xb7\xa7{q\
\xa6T\xf8\x8b\xd7\xe4\xaa\xda\x0d\x90Rr\xc3\x94?\xfe\
\xe3?>v\xec\xd8\xd6\xd6\x16\xf36\x8c1\x5cHR\
\xa7N\xe6?\x8ao`\x9e\xe7\xfc\x09\x9c\xcd|\xcb[\
\xde\xf2s?\xf7s\xf3m\xbb/z\xc1\xff\xd6\xfc\xd3\
\xba\x97M\xbb\xdd^XXh6\x9bZk\x064\x17\
EL\x19&*\xa5\xaa\xaa\x1a\x8dF<\x97a\x8e.\
\x0as\x1a\xed\xf5\xa5r\xc8\x93y\xa6\xcc\x81\x05\x80\xb2\
,\x93$\xd9\xb7o\x1f\xdf\x90^\xaf\xb7\xb9\xb99\x1a\
\x8d\x10\xb1\xdb\xed\xe6y^U\x15K\x89t\xbb\xdd\xa5\
\xa5%\x06%L\x0b\xdb\xdc\xdc\xd4Z\xb3\x93\xc3I%\
^\x88\x82 H\x92$I\x12N*!bQ\x14w\
\xddu\xd7\xa1C\x87\xf6\xef\xdf\x0f\x00\xfc5\xeb\xd4\xb3\
G\x03\xc2\x02\x05D\xdaZ\xec\xf7\xfa\x93\xc9\xf0\xc2\x85\
3U\x91\x8d\x07\xa3@\x86\x9f\xbd\xe3\xce\xcd\xde\x858\
\x8e\xd1\x97`\x8e\xbd\xedM\xbb\xae\xdfoV\xe3\xa1\xc6\
\x14*\x9fgc\xd9\xb0A\xa3\x0b\xaeQ\xba\x14\xe2\xfd\
\x19\xad\x94j\xf7\xef\xfd\xfe\xff\xf9\x95\xaf}\xf3\x86\x1b\
_\xf5\xe8w\xbe\x93\xc4\x91\xb3\x16\xb5\xae\xd5P`\x86\
\xb9\x99M\xcff\x8c\xe1\x1b\xdb\xe9t\xda\xed6\x11\xc5\
q\x5cU\x15\x0b\xdb\x9f9sf8\x1c\xd6Ufu\
\xb0*\x0c\xc3\xc5\xc5\xc5$I\xd8\x0f\x1c\x0e\x87,C\
p\xfa\xf4\xe90\x0c\xad\xb5\x8b\x8b\x8b\xc3\xe1\x90)\xc9\
\x9dN\xa7\xd3\xe9Xko\xbd\xf5\xd6W\xbc\xe2\x15,\
\xbb\xc7N G:9\xf9\xde\xef\xf7?\xf2\x91\x8f<\
\xf8\xe0\x83\xadV\xab\xee\x845o<\xd2\xf8Ah\xad\
WWW\x17\x17\x17\x8d1\x83\xc1\xa0\xddn\xf3\xa60\
\x1e\x8f\x17\x17\x17\xfb\xfd~\xab\xd5\xea\xf7\xfbq\x1c\xff\
\xec\xcf\xfe\xec\xcd7\xdfl\x8ca\xd9\xdc\xaf|\xe5+\
\xedv;\x8a\x22~R\xd6\xda<\xcf\x01\xa0\xdf\xef3\
\xc2^XX\xf8\xb3?\xfbw_\xf9\xe2\xa7>\xfd\xb1\
\xff\xf0\xaa\x97\xae\xfd\xe6\x7f\xf5J=\xf9Z7\xf8N\
H\xb1);\x16\xd6\xf3`\x8b\xacI!\x95\xda\x8b\x10\
\xbc\xc2J\x06\x05.\xa9\xd6K\xdb\xbb\xdf\x80\x8b?\x01\
bonB\x19T\x00\x84\xa0%\x081\x15\x0f\xf3\x80\
\xce\xa3\xf7\x80\x1eP\x82\x94WP\xc7S\xdb3\x5c\x9a\
k\x87\xb5f\xc2s-\xdc\x0f\xb4\xdc\xf3_\xb27\xcc\
\x07\xf2\x0b\x9e\xf6\xb5\x96W\x18\x86\xbc\x8cr'\xfa\xba\
\x22\x9f\xd7Gn\x0f1/\xdaq\xc5.\x13\xab\xeb\x0b\
hV\xd22?6\x9e\xdb\x87U\xc7\xea_l\x80\x83\
\x8dg\x0do\xf6\x0c\xc4\x83 8q\xe2\xc4\x87?\xfc\
\xe1\xcf|\xe63\x5c\x04;O\xaa-\xcbr\x1e\xff\xd5\
ff\x0e\xbb\x94r2\x99\x04Ap\xdbm\xb7\xbd\xed\
mo\xdb\xb7o\xdf|\x1b\xc5K\xd9\xd9u\x8c\x93\xb9\
Y<y\xb9>\x85I\xdf\xf3\x1b\xe4EG\xb1\xfc\x06\
\x03\x0e\x0e\x97\xd6\xd0\xa4\x8e\x5c\xd2\x1cc\xb4\xbe\xe6Z\
\xab0\x8e\xe3\xa2(\x00\x805\xda{\xbd\x1e\xef\xbe\x00\
\x10\x04AY\x96\x9b\x9b\x9bi\x9a\xb2\xa7>\x18\x0c\x86\
\xc3\xe1\xb9s\xe7\x00\xa0(\x8a4M\x97\x97\x97y\xc3\
\xaeo\x08\xdf%V\x0d\xe1\x0ev|F\x22:{\xf6\
,\x00\x1c8p`\xfe\xeb<\xc1X\x07\x09 <\x0a\
\xefI+\x5c\x5c\xe9tl\xbaw\xdf\xae\xf1pH\x96\
\xfe\xbf\x8f~b0\x984\xc2&\xb9A>9\xfe\xda\
W-\x1f>\xb4\xb0\xda,uA`%\x98\x5c*\xd2\
!\x02\x06\xa0\x96\xc2xa'\xd7\xc9\xe2\xea\xef\xfd\xee\
\xff\xfe\xd0C\xc7\xaf\xbb\xee\xc8\xc9\x13'\x93\xa4\xe1L\
\xa5\xa4\xac\xe6\x04d\xd9y\xab\xaa*\xcfs~\xd0n\
\xda\xcbf*\x1a\xcbX\xb3Vg\x09\xc3\xb0\xd3\xe9\xf4\
z=v\xd5\xea\xfa>\x0e-\xf7\xfb\xfd \x08\xf8A\
h\xad\x8b\xa2H\x92\x84\x9f\x11\x00\xf0\xa8\xe0\xaa\xf8<\
\xcf[\xad\x96R\xea\xc1\x07\x1f\xect:\xe3\xf1\x98\x13\
\xdf<\x0eYn.\xcb\xb2;\xee\xb8\xe3\xd4\xa9Si\
\x9a\x0a!\x98xW\xa7\xed\xea\xbbj\x8c\xe1ZHc\
\x0cW\x09\xed\xd9\xb3\xa7\xd9l\x0e\x06\x83]\xbbv1\
\x04\xdc\xda\xda\xe2\x0e\xe15\xa6\xe4\xfe\x82\x0b\x0b\x0b\xdf\
\xf8\xc67\xea\x0c\xa0\x942\x0c\xc3 \x08\xe28\xe6=\
\x85G~\x96e\xff\xe2_\xfc\xcb\x9f\xfd\x99W\xef\xda\
s\xf5?\xdes\xdf\xcb\xafm\xbe\xfeH\xcb@\xa00\
D\xa1\xc9x\xb4F\x11)\x024\x1e\xc1K\xc2\x90$\
`>\xde:6\xc9Dku\xd2X\xbf!\x8e\xaf\x02\
\xb7\xcb\x01\x10V$\x0a\x8f\x02P\x13\x85\x04\x02\x08\x00\
-B\x06\xa0\x01\x92g1\x9b\x7f\xccM\xbe\xff\xfd\xef\
\x7ffG\xce;:<d\xdd\xf7\xea\x84~?\x9bJ\
\x1d\xda\x05\x00\xde-x\xc82R\xae\xdb\xd3\xd7a\x8c\
\xc9d\xc2Y\x98\x8b\xe2\xf6\xdf\xff\x19\xaf\xd8\xf3l\xbc\
^\xb0C\xc9k\xdfs\xae\x92\xeeg\x9d\x90y\xa8<\
\x87\x9f\xfcB1F\x09\x88\xc8B\x9f\xd6\xda;\xee\xb8\
\xe3}\xef{\xdf\xd1\xa3G'\x93\xc9`0\xa8}\x03\
\x0e6pVe>l@DEQh\xad\xdb\xed\xf6\
h4\xea\xf7\xfb\xd7\x5cs\xcdo\xfc\xc6o\xbc\xf3\x9d\
\xefd\x0c\xc1\x1d\x06p\xce\xf8\xd8K\xdfa?aa\
aauu\xb5\x0e\x0f\xc0\xdc\xc6<o\xfc\xa6\xb5L\
8\x05\xbe\xaaZ:\x0c\x9e\x22\x1f\xc7{\x1e\x17\xfd\x22\
\x22\x83\x09\x00h4\x1a\xe7\xce\x9d\xe3\xcdi^\xc0\xb0\
,\xcb^\xaf\xc7\x1b3\x8f\xc3\xed\xed\xed\xa3G\x8f~\
\xf8\xc3\x1f\xbe\xfd\xf6\xdb\xe38\xde\xbf\x7f\x7f\xed\xb70\
\x8d,\x8e\xe3F\xa3\x11\xc71or|\xa9\xc6\x98\xa3\
G\x8f\x1e>|\x98\xfd\xefK\x07\x1b\x12\x22HN\x0c\
\x01\x82%\xa7\x94\x1c\x8f\xb3F\xa3\xf9\x9f>\xf5\x99{\
\xef\xbeO\x00D\xdeRu\xfa\xc8\xf5\xd1\xdb\xdfz\xb8\
\x1d\x8cE1V\xa4\xa1,\xab*\x03\xe5U\x12\x92\x5c\
\x1f\xe4K\xb9mvw\x1fy\xfb\x7f\xf9\xeb\x8f<\xbe\
\xbd\xff\xe0\x91\xe3'\xcf\xeb \x1e\x0e\xfai\x928k\
P\x08\x9aI\xbaqC\xbe\xf1x\xcc\xcc\xdc\xf9\x10\x11\
C\xc0\x9a\xe9\xcf\x02\xf6\xbc\xcc\xf6z=f\xee\xd77\
\xaa\x96?\xe0\xdd\x9ao)G\x8f\x98\xf6\xcb\xbf\xe5\xd8\
\x12?5\xfe\xf0\xc5\xc5\xc5\xdbn\xbbmee\xa5\xdd\
n'I\xb2\xb2\xb2\xb2\xbc\xbc\xbc\xbc\xbc\xbcg\xcf\x1e\
\xef\xfd\xd7\xbf\xfeu>\x9c\x88xt]\x14\x93\xe6\xc1\
\xc9\x17\xcf\x91\xec\xa9\xa4\x8a\x10\xb7\xdcr\xcbo\xff\xf6\
o\x1bc\xee\xbf\xff~\xde \xf8Cz\xbd^\xa3\xd1\
`d9\x1e\x8f\xef\xbd\xf7\xde~\xbf\xcf\x17V\x14\x05\
?\xe5F\xa3\xc1\x1f\x1e\xc7q\x9e\xe7\xc6\x98\xe5\xa5\xe5\
7\xfe\xccO\xff\xf4O\xff\xf4\xa7>\xf9\x9f\xca|\xe7\
\xd6\xd7\x1d\xd1\xb2GF\x80\x09\xc8*!\xc7\x91\x12\x01\
\x05\x82\x1cz\x0b\xce\x09\xf2\x81\x94Z\x90)\x86\x93\xfe\
Ym\xb7tlA\x1d\x12 \x05T\x04%!x\xd0\
\x0e\x15\xf7f\x01\xf0\x08F\x80D\xd0\xcfx.\xff\xd8\
\xdb3_\xa0/Z\x0b\xa4\x94A\x10\xd4d\x8b\xefg\
S\xe1O\xa8\x85\x05yJ\xf0\xafx\xaa\xb0\xe7\xca\x0e\
\x96R\xaa\x16W\xe6\xcf\xe7\x19\xf2\x22L\xdb\xbf\x80\xac\
.\x81\xe6u\x9c\xf7\xb6\xda\x1d\x7fNNA\xb3\xfa\xed\
\x17m~\x8d\xf3V\x8c\xba\x9a\xcd\xe6\xd1\xa3G?\xf4\
\xa1\x0f\xdd}\xf7\xdd\xfd~\x9f\x93\x0e\xbc\x8e?\x11\xff\
\xf7\x9e\xd7n>\xbc\x0e!\xf0\x03:w\xee\x5c\x1c\xc7\
\xefz\xd7\xbb~\xfe\xe7\x7f\xbe\xd5j\xf1\x0e\xc1\x13\xf3\
\x22\xa81\xff\x02g5\xea\xfc \x96\x96\x96\x96\x96\x96\
\xf8,sl\x8f\xa9\xdc\x0e|\xaf{\xc0O\xb0\x1e\x1e\
8Wv;\x1f\xed\xa8Su\xfco\xbdA\xf2f\xc6\
\x07j\xad\xc7\xe3q\x14EL\x92\xe5]\xaa\xae\xae\xe7\
\xf4\x0d\x87\xf1O\x9d:u\xd7]wmoool\
l\xbc\xff\xfd\xefO\xd3\xf4\xf5\xaf\x7f}\x9dR\x89\xa2\
(I\x12\x96\x92\xab\xd7\x1c\x008}\xfa\xb4\x94re\
e\x05fY\x95\xf9\xa7\xc0\xff\x07\x0f\x8e\x9c\x03'\x95\
R\x02\x8a\xaa\x98\xe4\xf9'>\xfe\xc9\xcf\x7f\xe6N$\
h\x04\xdae\xe7_r0~\xc7[\xae\x0f\xe1T\xe0\
M\x84\x08\x96\xc8f\xd6\xe7J%\x0e:\xa5]\x1c\xdb\
\xa5Fc\xfd_\xbe\xf7\xfd\x8f\x9f\x1a^{\xe4u\x8f\
\x1d;+UT\x94U\xa7\xd3\xb1\xa6\x14BxDk\
LY\x96\xdc\xe5\xb5\xaevf\xac\x863\xfe\x0a\x03,\
\xf6\xcd8$\xcco*\xa5\xba\xdd./\xadu\xe4\xb8\
>\x90o\x1d\x87:8\x9e\xd1h4F\xa3\x11\xc32\
\x06\xa0\x1cX\x1a\x0e\x87i\x9a\x9e:u\xea\xcf\xff\xfc\
\xcf\xcb\xb2\x0c\xc3\x90\xc3Kl\xcdfskk+\xcf\
s)e\x9a\xa6\xce\xb9,\xcb\x1a\x8d\xc6\xa5\xe9\x15\xfe\
c\xbeZ\x1e6g\xcf\x9e=|\xf8\xf0\xee\xdd\xbb\xbf\
\xfb\xdd\xef\xde~\xfb\xed\xa7N\x9d\xeat:\x8c\xad9\
st\xea\xd4\xa9\xc7\x1f\x7f\x9ca\xd3\xe9\xd3\xa7k\xe7\
\x93c\x1b\x1c\xdcj\xb5Zub\xa5\xd7\xeb\x9d={\
\xee\xde\xfb\xfe\xe9\x97\x7f\xf9\xdf4\xbb\xd7<\xfc\xd8\xc3\
\xc7\xcf\x97\xd7\xeej\xdbj\x18{\x0c\x10\x01H\x81\x03\
4\x00\x16\xc8\xa3# S\x95=\x1d\xdb\xa5\xc8\xe7\xae\
2\x1b}\x18\x9f\x8c\xf7\xaf@\xeb\x1a\x88cI\xca\x92\
&\xd4\x0e\x80\xcb\x91\x11\x00!Dx1\xaeB\xdf\xbf\
=+\xcc1\xbf\xa0\xc0\xcc\x7f}\xd2\xf1\xf4\x9f\xfd\x10\
?\xd7\x15\x16fQA\xce\x01s\xe4\x90\x97\x83\xba\xa8\
\x8f\xc1\x0a\xce\xd2\xbdp%\xc8q\xf9Y\xbds\xf8Y\
\x07\x1cN\x09_*F\xfe,\xcfb\x8c\xe1}\xe5E\
\x9b_\xe3\xe93\x1e\x8f?\xf0\x81\x0f|\xfc\xe3\x1f\x1f\
\x0e\x87\xc3\xe1\xb0\x8ec\xf3ok\xa8Q7l\x839\
\xc0\xc1q\xf5\xe1px\xc3\x0d7\xbc\xeb]\xef:|\
\xf8\xb0\x9f\xb5b\xa6\x19\xc3t\x1e\x07<)\xf8\xf0\xde\
'I\xb2{\xf7\xee4Mq\xaeR\xa9\x0e\x90<)\
\xd0\xe4D~]8\xc3\x9f3O\x86\xad/\xb2\x06\x1c\
\xecd\x03\x00\x13A\xaa\xaaj6\x9b\xfc\xc7\xd6\xda4\
M\xf9\x9b\xb2\x18I\xa3\xd1\x90R6\x1a\x0d\x86eU\
U=\xfa\xe8\xa3\x9f\xfe\xf4\xa7\x8b\xa28~\xfcx\xbf\
\xdf'\xa2\xbf\xfc\xcb\xbf|\xf5\xab_]s8\xa2(\
\xe24.\x9f\xae\x1e\xc6\x8f>\xfa\xe8\xde\xbd{\xd9\x1d\
\xaao\xc8\xfcM \x07\xe4@H\x89\x8a\x8c/6w\
\xb6\xce\x9d\xdb\xda\xbc\xb0}\xf7\xd7\xeeV\x92\xd28\x10\
&\xeb\xa4\xc3\xb7\xbc\xe95M=\x10\x94G\x22\x00S\
\x01\x10\xc1\xd8\x89J\xa8.\xc0\xfa\xa8\x5c\xdau\xf5k\
\xff\x87\xdf\xfd\x9f\x1f\xfc\xd6\xb9\x97\xdd\xf0\xfa\xc7Oo\
\x85qg8\x1c-\xb4[\xd9p'\x8d\x82\xb2*\x0a\
k\x8b\xb2\xac\xaa\xca\xcf\xfa\xf1\xbaY\x07>\x9eV<\
\xbf\xf8\xe9\xbb9\xb9z1kA\xd5\xedv\xb7\xb6\xb6\
\xe6\x17R\x9a\x89\xcc\x96e\x19\x04\x01?}\x8e@,\
..\xf2\x17\xe4\xfc\x88\xd6\x9a#jY\x96\x15E\xd1\
j\xb5\xce\x9d;\xc7\xeb3C\x13\xce\xc5\x0c\x06\x83<\
\xcfi\xd6\xba\x8fA\xe1S\x85\xbb\x88\x88\xa3&,A\
\xc6\xd9\x93;\xee\xb8#\x8a\xa2\x0b\x17.\xc4q\x5c\x96\
%\xcft\x86\xc5eY\x96ey\xea\xd4))e\xb3\
\xd9\x0c\xc3\x90\xf7\x8bz\xc0\x14E\xe1g\xddI\xd9\xbc\
\xa7G\x1f;QY\xd5Y\xbc\xfa\xdc\xf0\xc4}\xdf<\
\xb5\x7f-\x16n\x9c\xa0\x0c\x95\xf6\x04\xde\x16\x0eI\x00\
\xa2@\x01\x08\x80\xa1\x14\xae\x18\xbb\xaa\x88\xa3\x18uP\
M\x86\x17\xbe\xf3\xb7\xabW\xff\x14\xac\xdf\x02\xb0KQ\
b\xa6[\xa8%\xf0\x00\x12)\x02\x80+\xb5\xb4Oc\
\xcf\x10s<\xe9\xb8\x81\x19\x1b\xe8\xa9\x8e\xaa'0\xce\
\xa8\xf2\xf3\xf14\x9e\x1e\xac\xfdU\xb3\xc6x\xac0\xfe\
\xe5\x80*^\xd2\x8b\xfcJ\xa8\xe3\xf2\xb4K\x1f\x10/\
:5_\x8c\xb7\xa8\x8b\xb0\xe6\xd3\xfc\xc8VWg\xf0\
\x87\x10\x11W`\xbex\x8c\xe3\x7f\x9c\xec\xe0M\x94\x88\
677\xff\xf0\x0f\xff\xf0\xde{\xefm\xb5Z\xcc\x00\
\xad\xdb\x94\xd4\xfb=\xe3\x8c\x9a\xa4\x89\x88\x5cb\xc0\x89\
pD|\xfb\xdb\xdf\xfe\xeew\xbf\x9bc\xd1,x\x03\
s\xd9\x93\xfaG\x98{\xb8uM;\x22\xa6i\xca\xf9\
\x94yf\xe5\xa5\xc7\xd6\xb8\x01gr\xec\xbc\xd5]d\
\xf5\x22\xc0\xaf\xfdLo\x8aW\x03\xbe\x09\x9cce\xbf\
\xf6\xfa\xeb\xaf\xe7\x8f\xda\xda\xdab}w\xe7\x5c\x18\x86\
\x1b\x1b\x1bQ\x14-//\xf7z\xbd<\xcf\x1f\x7f\xfc\
\xf1\xcf|\xe63\x8c<\x86\xc3!\xdf\x8a/\x7f\xf9\xcb\
\x0f=\xf4\xd0\x8d7\xde\x18\xc7q\xb3\xd9d\xca\x02s\
AXl\x90\x88\xbe\xf3\x9d\xef \xe2\xae]\xbb\xf8\xca\
y3\x0e\xc3p>\x80\x04N\xa2\x87\xf1d81\xc3\
\x93\xe7N\x8e&\x93F\xd2\xb9\xebs\x9f\xcdG\xfdN\
C\x92\xed\x81\xdb\xfa\xb5\xff\xe6\xd6ng\xa2\xc1\x92\x09\
\xc1+P\x00fkb\xb6}\xd0$\xbdX\xd1\x81\xa4\
s\xfd\xff\xfa\xc7\xff\xe1#\x9f\xf8\xe2\xeb\xdep\xdb\x83\
\xdf\xfcn\xd4\xe8\x08\xc2(\x8a\xcb\xb2L\x1b\x8d2\xcf\
\x06\x83\xc1 \xcbXq\x05.\x81>\xfc\xd09}\x06\
\x00UU1\x13\xae\xbe\xcez<\xd4O\x96!\xda|\
T2\xcb2\xee\xdc\x1b\x04\xc1d2\x09\xc3\x90c\x18\
L\x06\xeat:\x83\xc1\x80\xa9!\x93\xc9$MS\x8e\
\x09\x95e\xd9l6\xf9\xd6\xf1\xbf\xbd^\x8f\x97w\x9c\
Q\xbb.\xf2T\xeb\x00\x18\x03\x0e\x1e\x1eL&-\xcb\
Rk=\x18\x0c\xa2(\xaa\x0f\xe4\xef\xc5\xd1\x9d4M\
\x19\x193\xa7\xa7\x86V\xf5\xdd\xb0\xd6\x8e\xc7\xe3n\xb7\
\xcb\xd3\xa1(\xcb\xde`8)\xfc\xde\x03\xd7\x1d{\xe4\
\xcb\x8f\x1f\xbfP\xfa}\xed(\x96^\xda\xa2\x14\x9a\x84\
\xc6\x02*\x04!@\x0a\x92\x08\x12\x09\x01\xa5@\x01\xd6\
\x80wJTIx\xf4\xc2\xf1\xdeJ\xb5\x83{n\x03\
\xb1\x1b\x8bT\x87\xe0Q!\x80\x00\x02\x02O\xf0\xa2\x8c\
\xb7~\xbf\xf6\xfc%\xbfi.\x93R\xcb'3o\x08\
\xe6\x8a`y\xb4\xf1\xf8\xe6` \x1fUS\x11a\xb6\
\x5c>oW~\xc5\x9e[\xe3GY\x93<.\xf2h\
\xeb\xdd\xe8\xa9p-\xaf\xa4\x1c1\x96/\xcaV\xb1\xf5\
\x1dc\x22\xcbx<\xfe\x9b\xbf\xf9\x9bO~\xf2\x93\xe3\
\xf1\x18\x00\xb6\xb7\xb7\x9f\xc6\x95\xac\x1dAD\xe4\xe8\x02\
\xdf\xc9={\xf6\xbc\xf3\x9d\xef|\xdd\xeb^7\x15\xba\
\x8ecN\x81\xc1S3F\xf9,\xec\x98Zk\xb9\xdc\
`\xbeJ\xf9i\xc2N|,\xcd\xda\xd5\xce\x7f ]\
RMS\xef%5\xc2\xa8=\xf2y\xd8\xc1\xa4\x90(\
\x8a\xca\xb2\x1c\x0e\x87L\x84d\x0ad\x96e\xc7\x8e\x1d\
s\xce=\xf0\xc0\x03w\xdf}7G8\xca\xb2L\xd3\
t4\x1a5\x1a\x8d4M\xff\xe9\x9f\xfe\xe95\xafy\
\x0d\x93\x22\xf9&3w\x81\xcf\xeb\xbd?w\xee\xdc\xb5\
\xd7^[\xf7u\xaa\x97,\xbeHkm\xaf\xd7\xcb\x06\
E\x7f{X\xbaQ\xe1\xb2\xb8\x15\x05J\xff\xfd\xa7>\
\xdd\xdb\xdcL4(\x1a\x00m\xbd\xe9M\xd77\xd3\xed\
@\x18t\x1e\x5c\x0a\xde\x81\x9b\x80\x19\x95\xe4\xe3t9\
\xb3\x0b\xe9\xc2\xe1\x0f}\xfc+\x1f\xfa\xc8\xa7_{\xeb\
\x9b\xce\x9c\xdfj\xb4:\x85\xf1D\x95\x94\x02\x88\x86\xc3\
\xe1\xa0\xbf\x93\x8dG\xa5\xb5~\x0e\xd2\xd5\x18\xa2\xf6\xe9\
a\x0e\xb4\xf1-\xe2:&&s\xf0V\xfd\xa4\x83\xa4\
~\x0a5@\xe1\xa8C\x10\x04u\xde\xa4\x1e\x1b0\x83\
\x83u\x07.~\x9fah=\xd8.}\xa6\xf5\xf0\xa0\
\xb9*6\x9c\xc5\xcb\xf9R\x8b\xa2\xe0\xe8\x05\x135\xe6\
\x81\x0b\xcc\x907\x97\xd5\xb4Z\xad\xda/\xadI\xa3r\
&mW\xc7\xc5\xe3FT\x9ab8\x1cmo\xf6]\
EEV\x86J\xa1\xb1\x9e<HI\x08\x1e\xc8\x0b.\
\xe6$\xcf\x02\xae\x04\x88(\x98\x22J \xbc\xc3\xfcL\
;\xa5\xd1\x85/\xc66\xd7{\xde\xa0\xc2\x83P-\x80\
\x06\x8f\xe0<!\x96R\xaa\xe7sc}\xc1\xd9\x0f\xeb\
\xd6\x5c\xea\xb0\xd6\xef\xd4s\x95\xa5Eka1n\x0c\
\xcb\x8czN\xc4\xf2\xf2W\x8bJ\x01\xc0\x93\xfaCW\
\xec\x05g\x17\xe5\xc5\xe0)\xf8\x01\xf0d\x85\xb58\x93\
\xc1\xad\xdd\xeb\xe7\xf3\xca/\x07\xe3\xf54\xcb\xb2$I\
\x1e~\xf8\xe1\xdf\xfd\xdd\xdf\xcd\xb2\x8c\x88\x98F\xc7\xec\
9\xae\xc2\x98?\x84_\xe0\x8c\xa00\x99L\xda\xed\xb6\
1\xa6\xdf\xef\xff\xe2/\xfe\xe2\xaf\xfc\xca\xaf\xc4q\xcc\
\xdd\x5c\xb9\xa5Q]_\xf04\x98C\x08\xc1\x91\x80\xe5\
\xe5e&p\xcc\x9f\xf4I\x03\x90\xf3+\x83\x9fS\x1e\
\x83\xefu|\xe7\xad\xde\xbax\xff\xe0\x9d\x06f\xe2\xaa\
\x0c^\xb9\xb6\x82\xbd\xf34M\x89\x88\xeb\x1a\xf8\xcb\xf2\
6\xf6\xd5\xaf~\xf5\xee\xbb\xef\xd6Z?\xf6\xd8c\xdc\
6\xd29\xd7l6\xf7\xec\xd9\xd3\xe9tN\x9d:U\
\xe7s\xf9\x90\x9ar\x1b\x86\xe1\x89\x13'\x94RL\x8a\
\xac\x19f\xac{1\x18\x0c666vvv\x86\xc3\
!X\xd1J;A\xaa\xaa\x12\xb5\xd2\x0f\xdc\x7f\xff\xf1\
G\x8f\xc5R\xc4\xd2\x14\xc3\x93\xaf\xb8i\xf5U\xb7,\
%\xeeqI\xe0M((\x06\xc8\xc9\x94\xc6\x99\x8aR\
r\x0b\x90\xec?\xfa\xf8\xf0\xdf\xfe\xd9\x07\xff\xe0\x0f\xff\
\x8f?\xfb\xf7\xff\xbe\xd7\x1fEI*%J\x09@n\
\x92\x8f\xfb\xbd\xed\xd1\xb0o\xad\x051\x85\x835\xbe\xa4\
Y\x95\x0aO\x8d:\xd7P\xb3\xe2\x9a\xcd&\xa7E\xb8\
\x0e\x96#\x8e4W\x10t\x11\xd0w3\xfd{\x22\xe2\
\xed\x9fA-\x00\xf0\x08aV)sJ\xf8\xa3\x88\x88\
C\xd7\x1c;a\xca\x7f-\xad4\x0fb\xeak\xc6\x19\
\xd7\xb5\x06\x1c\xfc9<\xc7k\x9ajMX\xa9\xc7\x09\
\xa3\xc9\x85\x85\x05Dl6\x9b\x1b\x1b\x1b\xec\xa6\xba\x99\
~.\xa3\x13\xaeH\x88\xa2(\x8c\xc2\xf3\xdbg\xf6\xef\
?\xf4\xd8c\x8f}\xe9\x0b\xff\x90B%=\xc4\x1a1\
\xaf\x08\x90d\xe8\x05:\x00O(\xa6H\x03\x90< \
\x22x\x00\x14\x84\xe0= \xa5\xe0\xf2\xe1)\x11\x8c\xc7\
\x17\xc6\x89\xcb\xc2\x03?\x07\xeaeP4\x00A\x85\x82\
\x04\x8f\xe7+\x98\xe3)\xed\x87uk.\xda\x09\xe6\xd7\
\x11F\x9d\x1c\xb9e\x821Oo\x00\xe0pq\xed\xc7\
pp\xb8\xceP\xd6/j{\x1aG\xea\x8a]\xe6\xf6\
\xf4\xe4\x00\xb6y\xa8\xcaV\x07\xd8yU\x85Yl\xff\
\xf9\xbb\xee\xcb\xc08\xb6<\x1a\x8d>\xf0\x81\x0f\xfc\xd5\
_\xfd\x15W\x8a\x8e\xc7cv\xc1\xc30d\xed\x8a\xf9\
C\xfc\x5c?#\x9e\x8cI\x92loo\xaf\xae\xae\xfe\
\xce\xef\xfc\xce\xad\xb7\xde\xcan=\x0b\x93\xd7\xf5\xeaO\
\x836\xf8G>dyy\xb9\xdb\xed\xd6\x1b\x18\xcc\x11\
8\x9e\xf4\xfak\x07\x97\xd3\x1f\x97>\xbe:\xaaQs\
\x14\xf8z\xear_D,\x8a\x82\x8b\x11\xd8-\xd9\xbd\
{w\x14E\x83\xc1\x00f|\xf6 \x08\xc4Ll0\
\xcb\xb2{\xef\xbd\xf7\xc1\x07\x1f\xf4\xde\x9f<y\xb2f\
\xba\x04A\xb0\xba\xba\x1a\xc7\xf1\xee\xdd\xbb\xf7\xed\xdb\xc7\
9)>;C\x99\xf1x\xdcl6\xab\xaa\xfa\xeew\
\xbf{\xe0\xc0\x01\x1e~\xec\xf1ommUUu\xf6\
\xecY\xe6\xeaj\xad\x1b\x8dF C\x85\x22\xcf\xc7R\
\x8b\x07\xee\x7f\xf0\x81{\x1fL\x82\x18\xab\xcc\x14;\xd7\
\x5c\xd5\xf8\x85\xdb\xae\xd3pR\xe0\x04\x5c\xcc\x0e5\x88\
\xd2c5\xca]\x94\x1c$u\xb8\xb5r\xcb\xc9\xa3\x8f\
\xfe\xfe\x1f\xfd\xd1\xdf\xfc\xf5\xdf\xee\xf4zq\x12Z_\
I\x81Dn4\x1a\xf6vv\x8aIF\x08J+O\
OL\x99zi\xad\xef\x1e?n7\xa7$;\x9f\xcc\
\x82\xb9\x92\xe0\xf9\x1f/\xb2\xbaj\x1a\x11\xb9\xfbD\xfd\
\xa4\x18\x820\xae\xe5`[\x14Ea\x18rx\x8c\xbd\
\x02)\xe5p8\x9c\x07\x1c\xf3\xc0\xf7R\xa7\xb4f\xf3\
p\xa2\x87\xb1\xef<\x13\xe5\xa2\x8b\xe4\xf1\xd0j\xb58\
b7\x0f8\xea\x90\x0f\x7f\xf1:v.5..u\
\xce\x9c9\x91\x8d\xfa\x8d\xb8\xbcjm]A\x01X\xa1\
\x90\xde\x91E\x04\xd2\xd23\x98\xe3\xebt\x80\x9e\x19\xa2\
D\xc0\xbd\xf1\xb0\x121z\xefF\x82N\x94[\xde\x14\
\xa3\xc6\xde\x014\x0f\x0b\xb5\xe4!\xf0\xa0\xc5\xb4\x03\xed\
\x15{r\xfb\xe1\xc21?+\xca\xaf\x97\xaa\xfa\x1d\xce\
\x0b\xf2\x04\x963\x0dc\x8e\xd1\xcd{\x128W\x82{\
)S\xe4\x0a\xe0xA\xdb\x93\xe2\x09~\x8ds6\xff\
\x07\xf5.\xf5b\x8ex\x95e\xf9\xa5/}\xe9O\xff\
\xf4Owvvx?\x00\x00\xa6\x1d\xb0G\xf8T \
\x8cf\xea\xa2\xec\xfc\xbd\xeeu\xaf{\xf7\xbb\xdf\xbd\xb2\
\xb2\x22f\x92\x1e\x5c\x03\xc9d\x8e\xf9\x1aQx2\x5c\
\x88\x88q\x1c\xaf\xae\xae6\x9bM\x9c\xcb\x89B\x1e\xbf\
\xa4\x00\x00 \x00IDAT\x5c\xfa\xe0\xe6\xed\xd20\
\x86\x98)\x85\xd4\xfbJ\x0d8j\xd2(\xbb\x22\x1c\x04\
\x0d\x82\x80\xabCy\x01q3\xc59\xef\xfdd2\xe1\
\xa2\x0c\xde\x02\x07\x83A\x18\x86\xfd~\xff\xce;\xef\xfc\
\xd6\xb7\xbe\xa5\x94:q\xe2\x04\x7f5\xee\x1d\xb3\xb4\xb4\
\xb4\xba\xba\xba\xbc\xbc|\xe4\xc8\x91\xfd\xfb\xf7ooo\
\x1f8p\x80\xd7\xab\xdaY'\xa2S\xa7N\x85a\xb8\
\xba\xba*\x84\xd8\xdc\xdc\xbcp\xe1\x02\xe3\x8c\x1a\x9d4\
\x9bMN\x07\xb8\xd2\x81'\x07\xe5p\xbb\xff\xe0\x03\x0f\
\x16E\xe5\x9c]i'\x11$\xefx\xebk[\xc9\x86\
-/\x00\x86\x80J\xa0\x00*\xc0\x8f,\x15(\xd3,\
k\xef9\xfcj\x88\xf7\xfe\xec[\x0e\xffo\x7f\xf4o\
\xcf\x9d;+\x90LU\x84q<)\xf3\x22/\xb2\xf1\
\xd8\xdaJi\xa5\xa4D\xc0\xca\xd8:TP\xa7xx\
\xc1\xa4Y\xb9J] \xe6f\xc6\xdb3\x00\xb0~F\
\x1dT\x98\x1f!4\xcb\x1c\xd5\x05/B\x88\xc9d\xc2\
T\x5c>\xd1<i\xd7\x18\xc3\x94\x0e\xae\x85\xe1A\xc8\
\xa54y\x9e\xfb9e\xdb\x8b\xc2\x1b4\x97[\xe1\xdf\
\xd6|X\x98\xa9M2\x92`\x07\xe3\xa2\xf5\x81f\x15\
pJ\xa9\xed\xed\xed:\xa2C\xb3\xc2F\x98\x85:\xb8\
\xc4\x86\xdb\xd1%it\xf6\xf4\x89XK\x0dt\xf3\xcb\
\x0e\x939\xa9\xb0B\x0c,8\x03\xa0@+\xab\x11\x89\
\xd0\xa2p\x04\x16g\xf8\x03\x00\x09\x10\x09\xa1\x0a0J\
\xb1pZy!\xfa\xdb\x17\xee10Z\xd8\xff\x06\xe8\
\xdc\x88\xb4\xcf\xd9\x06\xca+\x1c\xd2\xa7\xb3\x1f\x22\xe6\xe0\
A@\xb3\x0e\xda\xf5\xfc\x9c\x8f\xa6\xb2/\x02\x00\xfc\x07\
\x1cI\xab\x13\xf68\xcb@_\x1a\xe1\xb8b/t\xab\
\x17\xbb\x1a\x89\xd6<A\x9c1x\xe0\x92H,\xc3\x0e\
\xae\xe2\xbb\x88@\xf7\x021\xce%a\xbd,\xcd\xf9n\
\xfc\xd2\x02X\x00\x89\xa0\x80\xc4\xf4=\x9a\xca){\xb2\
\xa3\xf1\xf0\xcf\xff\xec\xff\xfa\xbb\xbf\xfb0\x07\xf6'\x93\
\x09\x93@Y1\x93\xeb\x12a\xee\xf6\xb2\xd5\xeb>\xe7\
\xbc\x83 \xf8\xd5_\xfd\xd5_\xf8\x85_\xa8YS\xb5\
3\xc0E\xe9u\xb5\xcbS\x01\x0ev\x1b\xd6\xd6\xd6X\
\xeb\xa9\x8eF\xcc?\x0ez\x8a0$?;?G\x81\
\x9c\xdfx`\x0e\x5c\xf2Z\xc1\x17\xc3[ \x1f\xce\x0c\
\x92\xba\xaa\x82\x17\x16N\xc52\x9c\xe2\xddW\x08q\xee\
\xdc\xb9\xbb\xee\xba\xeb\xd4\xa9S\x00\xf0\xe8\xa3\x8f\x86a\
X\x14\x85\x10\xa2\xddn\xaf\xad\xad%I\x92\xa6\xe9\x0d\
7\xdc\xb0o\xdf\xbe,\xcb\xce\x9d;\xc7\xbcE\x98Q\
\x959h\xf4\xf0\xc3\x0fw:\x9d\xe3\xc7\x8f?~\xfc\
\xb81\x95\x92\xb2\xd1h$il\x8cA\x00g\xad5\
\x955\x04\x04\xde:\xad\x95\x8e\xc3{\xbf\xf2\x8d\xad\x9d\
~3N\xdb\x0a\xc6\xdb\x8f\xfc\xb3\xb7\xfd\xc4\xaeE\x91\
Ov\xd2DS%\x015\x22\x80-\xac\xcfrSU\
\xb2\xbd\xbe\xff\xd5\x10\xef\x83d\xfd\xae\xcf\xfe\xc7;\xef\
\xba3\xcf\xf20\x0c\xff\x7f\xf6\xde<Z\xb3\xeb\xaa\x0f\
\xfc\xed}\xee\xf0\xcdo~5W\xc9\xaaRU\xa9$\
Y\x96,\xdb\xd8\x96\x05\x9e\xb0\xddx\x00\xd3\x06\xdc`\
cXq\xb2\x02\x0d!@'M\x9a\x10\x08!f\x91\
,V\x87\xb8\xcd\x22\xddN\xa0\x13\xba;\x0c\x06\x13b\
\x82\x01\x0f\xd8\xc2\xd6h\x95\xe5\x92JRIU\xaa\xf1\
U\xd5\x1b\xbf\xe9\x8e\xe7\xec\xfec\x7f\xf7\xd4\xadW\x92\
,\xcb\xb2\xb1\x94:K\xab\xf4\xde\xf7\xbe\xef\xde\xfb\xdd\
{\xce>\xbf\xfd\xdb{\xffvd\xa2$\x19\x17e1\
\x1c\x0e \xd2i\xb7\x0d\x1b\x81\x88\x93\xb8!\x00\xf9\x15\
\xa1wF\x1f\xbd\xcf\x08\xf6\xb2\x1c\x9am\xad\x0fZ\xef\
\x92\x22\xd4z\xe6\x8d\x9f$\xb8\x9cg\xd2\x8a0\x0dm\
x^\xa4\xacT\xf3\x01x\xdd\x17u \xf5\xbcz\x10\
\xbd\x99\x1e5\xd6\xa7D\x1dv\xf8k\xf0\x13@\x9f,\
\x00}\xd0\xaa\x17\x82+\x8c\x86\xa2gc\xccx<\x0e\
\x82@\xa4:\x88s \xc5\x08$\x90\x22O\x9d-\x81\
V\x9a\xa5\xd7^\xbbo\xf9\xf4JY\x0c\x16\x17\xc3W\
\xdev\xb0L\x1f5\x04a8)\xc9\x82\x99!\x84K\
\x0d\x05\x09\x90I\xe7c\x81\x880\x18\x8dH\x92\x84\xa3\
&\x8bs\xe9\xea\x96nocx\xf8\xfc\xe3\xa3\xf9]\
\x99\x99o\xc6h#'DZ4\x0d\xed\xd3;Y2\
 \xed\xbcsi\xb1\xd3e\x06@jf\x01/^\xdc\
\xf2\x0d\xc1\x1cu{\xa7\x11_W\xabC\x91Z\x0c\xaf\
n\x16\x95$\x97\xaa\xfe\xdb9\xa7n\x8d\x97\x19\x95\xab\
\xbdT^\xe0Cju\xd1\xdejh\xf5\x9dZ\x19%\
r}X\x1a@]W\x00\x801\xc6\xd7S\xbc\x00'\
\x83\x00\x05@\x02\x86\x98\xcbL\x0e\x89\xf6\x1e+\xd1'\
\x8c\x0c\x9a\xb0M#\x1d\x94\x00\x00\x0b0\xc4\x14\xff\xed\
/>\xfe\xdb\xff\xf1\xb7O\x1c?\xaf4\xa1\xcf\xdd\xd3\
\xf5\xa2b\xcfR1\x8be\xd5\x94@\x19r\xef\xfb\xde\
~\xfb\xed\xefz\xd7\xbb\xae\xb9\xe6\x1a\xbd\xedz\x1b\xf5\
\xce\xfb\x9bO\xb5*\x83z\x92\xaf/H\x9e\x9e\x9e^\
XX\xd0\x94,<M\xc1\xda3\xd0\x90\xcae\x02\xd0\
,.T\xad\x0c\xa4bb4\xcc\xe1M\x87\xab\xc44\
u\xdb\xd3_\x95\x04M\xd3tnn.\x8a\xa2\xa5\xa5\
%\x00\xfa\x11%B\x06\x83\xc1\xe7>\xf7\xb9\xe3\xc7\x8f\
\xf7\xfb\xfd\xe5\xe5e\xfd\xac1F\xe5\xcf\x9b\xcd\xe6\xe2\
\xe2\xe2-\xb7\xdc\xb2m\xdb6\xa5\xdf\xc7\xe3\xf1\xd2\xd2\
\xd2\x8e\x1d;\xb4\xc8v}}}8\x1c\xae\xac\xac\x14\
Eq\xe1\xc2\x85\xf5\x8d\x8d\xb0\xd1\x08\xe2\x18b\x93\x22\
K\xf219\x07g5\xe9\x90\x99\xe1\x08\x92\x07Q\xe3\
\xae\xfb\x1f:~n5\xee\xcd\xb3l$\xfd\xa3\xefx\
\xc3\xdeW\x1c\xc8M\xfad'\x0c\xad\x9d\xb2\xc6\x99\xd2\
\xc2\x02E\x8e\xb2,$\xe6\xf9ky\xfb\xa12\xdcr\
\xf4\x91\xd3\xbf\xfe\xaf~#\x19\xa5Q\xb3\x99\x17E@\
\x94e\xf9h42d\xb4\xcb.@LL\xc1e\xd9\
N\xa8P\x9a\xaftuUG\x08]\x5c\x0a \x94\xbe\
R\xc2\xa0\xd3\xe9(\xa1\xb5\xbc\xbc\xec7{\xaf\xdab\
\xab:\xea<\xcf;\x9d\x8e\xf6\x9d\xd0[\xa4y\xc7i\
\x9a*\x9e\xd0g7\x1e\x8f\xd34m6\x9b*\x01\xa7\
H\xe5\xe2\xc5\x8b\xa3\xd1hffF\xd3?\xeb\xb0F\
\xae\xe0\xcf\xea9\xb9\xbe\xa0F\x01\xa2\x8a\x85\xcc\xcc\xcc\
x\xfeI\xe1\xa0~#\x05\xd9\xbd^\xaf,m\x147\
\xc5\x95E\x9e\xd9\xb2`\x02A\xd2\xf1\xc8L\xdcYW\
d\xb4\xba1\xdc\xbf\xef\xc6\xdf\xfd\xaf\xff\xb9\x0b\xf7m\
\xb7^\xe3p\xb1$\xb0\x89\xc8\x9a\xc8\xd8F\x19\x08\x5c\
\x19y}\x11\x03\x18\xad\x98\x85@\xe9;\x0b\x88\xb5\x1c\
\x81(\x01\x5cL\x90q\xd2\xe3V\x9a\x1dO\xb3\xbfn\
\xaf\x8f1w\x08\x9d\xeb`w\xb8\x00\x16R\xc2YX\
\x02\x18\x14\x80\x03ar\x04\x01\xc8\x01\x02\x12\x90\xd5\xa5\
\x22 \x87@@\x02@^\xcc\xbdk\x9f\x1f\xcc\xb1\x09\
{\x9a\x9a\xeed\xb3\xd9T\x9d\x7fM\x0b\x1d\x8dF:\
\xe3u\xe6\xe9<V\xb5\x00W\xd3\xf5\xf3\x15\xdeu\xcf\
\xe9j$\xe5E3\xbc\xaf\x83\xeaYS-#\xdd\x97\
)\xf9\xfd\x06\x97\x175\xbc(\x86(\xe6\xa0\x0av\xe8\
\x0f\x81\x9b3\xa2Z\x08#\x04\xab@\x1f\xb0\xab\xfd5\
\x134\x7f\xf6\x7f\xf9g\x87\x1f|\xb4\xd1\xec\x89\xbb\x0c\
\xd6o\xba'J&kB\x83\xc6(50\xaf5\x1d\
?\xf6c?\xf6\xeaW\xbf\xba\x0e\xfd7\x85B\xfc\x8b\
\xfe\xe9\xd4=Z%\xe45\x81\xe39\x87\xb7\xfc3\xf5\
\x17\xaf:N\x8aB\x14\x8eh\xa6\x88\xd2\xe6D\xd4h\
4t\xfb\xd1=\xcc\x97\x83\x02H\xd3\xb4\xd3\xe9\xa8o\
\xa3\x7f\x22\xa2(\x8aN\x9e<y\xdf}\xf7\x1d;v\
L[r\xa8\xba\xb6s\xae\xd9l.,,\xa8\x5c\xe6\
\xab^\xf5\xaa\x99\x99\x19\xc5deY\xf6\xfb\xfd\x07\x1f\
|\xf0\xc4\x89\x13\x83\xc1@*Y\xdb\xb2\xd2\xecg\xa2\
d8\xac<W\x81\x08\x01\x86\x99\xc4\x19\x13\x80L)\
%Sxni\xed\xee\xbb\xeenO\xf7B\x8c%_\
\xb9\xe9\xfa]\xaf\xb8\xe5`\xd4J\x06\xab\xc3\xee\x96\x19\
I\x93\x181l\x0e\xce\xe1F\x83\x8c]c\xeb\x96m\
w \xde\x9b\x8c\xa2_\xf9\x95\x7fY\x16\x09`\xb5\x9e\
(I\x12\xdd_\xdd\xd3\x88\x1e\xd5\x89(\xaaz8\xeb\
\x13\xd7\x80\x82g\x0b4\xfdV*\xe57My\xd1\xe7\
\xebU\xed\xaf<\x8b\xe7\x98\x15\xdey\xb2\xc1W\x9c\xd5\
\x7f\xf5\x1dRt\x0bXZZR=\x1e\xcfp\xd4'\
\xc0\xa6\xb5\x5c\x0f\xa2\xe9+\xbe\x89AY\xb5h\xe9\xf5\
z\xcaf\xe9\xec\xd5\xf0P\x92$\x8dF#I\x12@\
\xf2<\x0dL\xd0l6\xc5\xc5eY0s^X\x10\
iUm\x96\x97SSs[\xb6l;{\xe6X+\
L\xdf\xf8\xed/\x1b\xaf/5c10,\x06 a\
+T1\x8a\xcf4H\x84\x04 \x10\xc4\x01\x0eH\x1b\
q\xd6ON\xf4Oe\x8b\xc5\xba\xd9\x1d\xa0\xd1\xe6\x1c\
@@\xa6\x11\x98\xb8\xba\xad\x22\x94\x93)\x01\x07\xdb\x04\
\x18p\x10\x03\x12\x88\x10\x81\xc5\x01\x100^\xbc$\x07\
\x9e/\xcc\xe1\xb7\x10\xdf\xdd'\xa85\xf4\xd2\x10\xac\xae\
j\xa5d\xd5\x91\xd2\x9dF\xf91\xaaz\x80\xe9\x1c\xa5\
J\x8b\xb0\x8e3\x9e\x8e\xaa\xbd:^(C.O-\
tU\xd1\x81wd\xdd\xe5bP\xaejvZ\xdf \
\xff\xb6.\xfey\x1aU+\xca\xc9\xd6E\xb5\x9f\x85 \
\xec\x80\x1c A\x9c\xba\xe2t\x9a\x9f[\xdfX\xf9\x9b\
/\xdc\xfb\xd1\x8f\xfe\xc1\xfaz\xd4ln]Y\x19\xc7\
1+\x99X\xb7\xd1\xa8\x01\x05\xad\x17\xf5E(\xea\x1a\
\xbe\xfa\xd5\xaf\xfe\xc1\x1f\xfc\xc1\x9d;wj\xf4\xc1\xd7\
\xc1nZeu\xf0\xe1\x81\xa0\xabd\xb8Z\xad\xd6\xd4\
\xd4\xd4\xec\xec\xacg\x9b\x9e\xc3\xa83\xed\xfe\xc8\xaa\xe0\
\xa4\xcb_9N\xdd\x17\xbb\xdd\xaeTI\x1b\x22\xa2\xc8\
I\xaf\xcd\xf7\x9d\x9e\x9b\x9b3\xc6\x0c\x06\x03\x95\x19u\
\xce=\xf2\xc8#w\xdey\xe7\xe9\xd3\xa7\xd7\xd6\xd6\x96\
\x96\x964\xea\x9f\xa6\xa9\xcar\xb7\xdb\xed\xed\xdb\xb7\xdf\
z\xeb\xad\x8a`\xbcW\xd3j\xb5\xf4\xbc\xfa\xfe,\xcb\
\x14\xd6\xe8\xd6k\xad\x15[\xd6\x0a\x85\x99\x00f\xe3\x9c\
\x80\xcch\x9c\xc6q\x5c8\xf9\xec\xe7\xee\xeav:\x01\
r\xca\xd7\x17{\xf6\xcd\xdf~s\xbb\x91\xa3\x18vg\
gP\x88\x93\x10E\x04\x9bA\xc6\xfd|X\x86\x8b\xd3\
\x8b\xaf@\xfb\xe5\x90\xad\x7f\xfa_\xfe\xf4\xf1c\xc7\xd2\
l\xad\xd9h\xab\x13\xaf\xcb\xe1\xca<\x06\xd4\xd0\x86\x7f\
\xd1V=\xd5|\x5c\xd2\xc3\x05\x85b\xfa\xdc\x89h4\
\x1a\x9d?\x7f^\xf1\x87\xa6_xVl\xd3\xfa\xaa\xa7\
\x91\xea;Q\x95M\xa9\x91\xd7\xd2\x15\x00\xda\xe7e8\
\x1c*!!\x22\xda\xbex4\x1a\xd5/u\x13\xfe\xf0\
_\xc7Ui\xc2\x1a\x17S\xa4[\xdf \x92$\x99\x9f\
\x9f\x8f\xe3\x98k\x0d}\x88h<\x1eO\x04Z\xd2T\
\xd9Qq!\x11\xb2\xa2\x8c\xa3\xd8\x82\xe30j\x98\x90\
\x82`<\x18}\xdf\x8f\xfe\xf0\xc3G\x1f\x1e\x8d\xce\xde\
\xfa\x92\xc65\xbb\x9aMN#\x8b\x00\x01\x8b!\x221\
\x02\xbar\x8b\xd9lpDd\x92\xdb1\x89\xb8X\xb1\
I\x99_\x0cM\xc6\x8c\x8d\xb51\xb2ao\xebJ\xb0\
\xb0\x9by\x8e\x8b.0\xeb\x08\x8e\x94\xcc`\x07!8\
\xcf\x1b*x\xd5\x18\x0eA\x00K\xd0\xdc\x03\xf3bm\
O\xfb|\xc6V\xd4^\xe8\x84P\xa8\xebg\xaaO\xd1\
\xd0%\xe1\x17\xb6\xfe\xc9\xcf\xfb\xa2(\xb4\x0a\xab\x1e\xe2\
\xf5\xc7\xbf\x8a9^\xe8c\xd3\xd3TCc*e\xee\
M\xef\xd1?\xbd\x88\x88\x0d`\x12\xb2\xdd<\x08\x02q\
 \x01D\x9c\xa5\xc0\x80\x87._\x1a\x8cO\xddu\xdf\
\x9f\x7f\xec\x8f\xfe\xf8\x91GN\x87\xe1\xb6<\xb3\xc3\xc1\
\xb0\xddZ\xc8\x8b5\xc0m\xba3u\xb3\xae~\xad\xf2\
\x8b\xe3\xf1\xf8%/y\xc9\xfb\xdf\xff\xfe\xeb\xaf\xbf\xbe\
\xd9l\xae\xaf\xaf\xab'\xca5I\xa8+I\x0e\xd4b\
4>\xebBE\xcd\xa7\xa7\xa7u\xcby\xce)V>\
\x93\x03\xd5f\xa3\xbb\xbb\x82\x89\xd1h\xa4[\x8e\x06S\
t\x9elll\xd8\xaa\xf3\x9c\x1a\x16\xdf\x1awnn\
\xae\xd7\xeb\xa5iz\xe6\xcc\x19\xe5$\x8e\x1c9r\xd7\
]w\xad\xae\xae\xae\xaf\xaf///\xa3\xe2N\x16\x17\
\x17\xe7\xe7\xe7\x9b\xcd\xe6\xae]\xbb^\xfe\xf2\x97\xb7\xdb\
mu\xf1\xf5z<\xd7\xa2{\x9en\xf9:\x03\xfdD\
%urI\x03\xf3,D\x22\x1c\x84A\x92&\xbd\xe9\
\x99$I\xef\xbe\xf7\xbe\xc1(\xefvB#\x83tx\
\xfa;\xdf\xfa\xda\xad3\x12a\x08\xe4()s\xc4\xa6\
\x89\xd4\x81\xcb$\xef'\xa0\xf6\xdc\xc1x\xdbk\xc1\xd7\
=y\xbc\xff\x91\xdf\xfc\xf7\x22\xa5\x01\xca\xbc\x18'y\
\xbf\xdfW\xfe\xc6\xf3|\xb8\x9c!\xa8#\xf8\xfa\x0f\xca\
\x10\xf8\xaa\x0dek4\x8fG# \xc6\x98$I\xb4\
\xf6DE\xf9l\xd5\x88x\x13\xd5a\xab\xd6\x8cj\x9c\
[\xad\x96T\x9d\x87\xb5\xf6\xc7O\x12\xc5\x1ci\x9aj\
j\xc5\xea\xea\xaa\x16OQU\x12_\x8f\xa7(KG\
W\xe4s\xf8\x14\x0d\x9d\x00\x1a\xd3Qo$M\xd3\xb2\
,5\x8fU\x1f\x8a\x92@zRE?\x86\xa1k\x22\
\x8c\xe2\xb8\xd9\x8e\xe3FV:6\x86\x81~\xbf?=\
\xb7\xf0\xc1\xbf\xf3?\xff\xfd\x0f\xbcw\x94\xa4?\xf2\xc3\
o\xef\xc4kM\x19\x1b\x0bF\xc0\x14L\xf0\x00\x84\xe4\
\xf2\x15z\xc5z\x158\x80EX\x00\x12\x82\x881%\
\x07\x09SY\xc8\xd8a%\x1f\xf7\x97O\x9c\x9e\x1e\xec\
kl\xbd\x15S\xd7\xc3\x05\x8c\x1e\x13\x1cC8t\x10\
Bi\x88 >e\x84 \xeau\xd8I\xcce\x92\xf5\
u\x15s<\xfd\xa8\x13\xa4\xae&:\xc4\xd5\xf0<\xad\
\xad\xba\xd2+@\xf6d\xa0\xd4\x92\xbf|s\x87MV\
\xf5\x05\x18\xbf\xbf:\x9evx\xe3\x85\x1a\xfe\xd09\xe3\
79O\x89\xfdm_\xec7d\x90f\x98A\xb9\x0f\
\x81X@\x10]\x80=5X_?}\xe6\xf4\x17\xbe\
x\xd7'>\xf1\xe7\xa3\x04\xad\xe8\xd0\x99\xb3C\xe6\xa9\
^w\xfe\xfc\x85\xd5N\x07j\xb7\xf58u\xc7W\x7f\
\xd6mF\xa3\x12o|\xe3\x1b\xdf\xf7\xbe\xf7i\xa1\xa3\
:\x8b*V\xad\x02\x15\xfe\x08\xf5M\xcb\xff\xeb\xd3x\
\x8d1\x8dFcqq\xd17Y\xfdz\x1e\x8aO\x19\
A\xad\x8aR}\x5cWu6\xf0n\xb7\x22\x8fz\x02\
\xc7\xfa\xfaz\x1c\xc7A\x10\xb4Z\xad\xa2(\x16\x16\x16\
Ddyy\xf9\xc2\x85\x0b\x9dN\xe7\xf0\xe1\xc3\x9f\xff\
\xfc\xe7\xc7\xe3\xf1\xd9\xb3g\xb5JE\x93\x8e{\xbd\xde\
\xae]\xbb\x8c1\xdb\xb6m\xbb\xed\xb6\xdb\xd4\xc5\xa7\xaa\
=\x87\xee\x9d\x9a1\x9a$\x89\xba=\xea\x0eQ\xa5\x1b\
\x01\xc8\x04dy\x8aJ\xc8\x11\xdb\xc2\xb2\x89\x9c\xd0#\
\xc7\x8e\x9dx\xf2d\x1c\xc6F\xc6\xa6\x5c\x7f\xed\xad\xd7\
\xbc\xe2\xc6\xad2>\xc5-\x07\xb1y\xe2`Z\x00C\
\x06p\xe3~\x9aSogg\xebmh\xee__\xc5\
?\xfb\x95_\xda\x18-\xc5QJ\x12\xe4\x99\xdd\xd8\x18\
dY\xd6\xeb\xf5\x949\xa6\xcb3\xa9\xe9\x8af\x11\xa8\
\x99G\xf5\xe5\xb4g\xbdV\xb1*\xe6P\xcd\xb4n\xb7\
\xabE=\x1e\xca\xd43-6=)[\x89k)\x04\
\xf4\xb1oOZK\xd5\xa4B\x9f\xd7`0x\xe8\xa1\
\x87T\xfb\xd5U\xe5\x87\xb6\xa6\xb2_\x9fo\x9b(:\
Te\x07\xb6&'\xaa=\xbc\xf4EM\xfe\xd5x\x8d\
bS\x05:EQt:\x9dsy\xc6plBb\
\x13\x80\x1a\x8dV\x14\xc7A\x96\xa7I\x1a\x04\x86\x83\xe0\
\x07\x7f\xf0\x87\x1e\xb8\xfb\xde\xc3\xf7\xde\xfd\xb6\xd7L\xbd\
\xe6U[\xc3\xe1\xe1\xc0\x0e\x02\x0b\x22\x03f\xa1R\xd8\
\xe1\xab;8\xe2\xa8 \x18\x02\x09\x02\x08\xc89c\x02\
\x00\xce\xa6\x8c<\x0e\xa4\x13Kj\x97\x87\x17\x8ee\xa3\
\xc7\xa7\xb6\xdc\x86\x99\x97\xa2y\x0dh\x96\xa5\x0dg\x04\
\x91\xa3\xc8Q\x01\x12\x9f\xd4\x05\xed\x11G\x0c\xb2@\xa9\
\xb52/N\xab\xf7<\xc6V\xbc\xd9\xf2I\xe6\x8aF\
}\xfd\x92\x0a\xf8\xab\x10\xaf\xfe\xec\xe5\xe1\xd43\xd3\xd4\
Q//X\xb7\xa1x1\x90\xeaW\x07<\xe5\xeb7\
6o(\xbd\x05T6\x1bU\xba\xa2Tz\x82/\x8a\
Ar\xa5)\x11'\xb6$\x03\xc0\x01\xce\xe6\xe7\x07\x83\
\x87\xee\xbf\xef\xe8'>q\xe7\x03_:.\xaeW\xda\
\xd6pd\x9b\xf1\xce\xb4(\x07\xc3~\xaf\x17Y\x9bn\
\xc2\x1c\x5c\x89\xc1S\xd5\xa3k0\x18\x1c:t\xe8{\
\xbf\xf7{o\xb9\xe5\x16\x9f_\xa5\x19\x1e\xa6\xeae\x7f\
\xe5\xe2z\xba\xe7\xd2l6ggg\xa7\xa6\xa6Ps\
'\x9e\xe5w\xf6N\xad\x1e\x5c7Q\xd4$\x19P\x19\
\x90$I|V\x87\x86\x03\x14p4\x1a\x0d\xad\xb3\xd0\
\x12\x15u\xd9\x95\x03\xd0h\xcb\xe9\xd3\xa7O\x9d:\x15\
\x86\xe1\xb1c\xc7\xee\xba\xeb\xae\x95\x95\x95s\xe7\xce\xa9\
f\x1a\x800\x0c\xb7l\xd9\xb2s\xe7Nc\xcc\x81\x03\
\x07n\xba\xe9&\xaf%*\x95\x5c\x90\x82\x1b\xe5\xed\x15\
m({_\xff\x9a\xd6\xda@\xab\x1a&\xbe)\x81\x88\
\xd9\x0c\x86\x83\xc5\xad\x0b\x8f=\xf6\xe8\xd1G\x1e\x02\x95\
\xcd8*\xc7+\xd7\xed\xe9~\xf7[\xbe\xcd\x94KQ\
KP\x8e\x00D\x8dVY\x88\xcd\x13p?)F\xa5\
\xe9v\xa6nD\xfb\x80\xd8\xa9\xff\xf2\xc9\xbf\xf8\x9b{\
>95\xcd\xe9h=\xa2\x99A\x7fM[\xc6\xebN\
\xbf)\x00\xe1\x91\xc7\xe6\xb9UkG\xa7T\x90g\x10\
5f\xa4l\xc4x<n6\x9b\xfe\xcdJc\x98\xaa\
]\xcb\xa6\xc7\xca\x95\xe6\x9b&R\xf8\x1bBUE\xa1\
\xd6W\xeb#Vn\xfb\xec\xd9\xb3>\x83\xb5\x9e=\x8a\
\x1a\x19\xf3\x94\x93\xc7\xe3\x0c=\x91JT\xfb\x80\xbbs\
n<\x1e\xe7y\xae\xcfn4\x1a\x8d\xc7c\xc5\x1cy\
\x9e\xf7z\xbdF\x1c\xe7\xe98\x08L\xdch\x04Q\x18\
7\x1ayQfY\x1e\x86!\x93\x1c\xb8n\xdf\x9b\xde\
\xf0\x1d\x7f\xf7\x83\x1f\x9ck\xe2\xef}\xe0\xad6=\x1e\
\xbb\xd5@\xb2\x80\x22\x90q \xb0\x80Xk\x82\xf4*\
\x05\x10'\xe4\x8be\xf5\xf2H\xc8\x94\x04\x01\x02\x08\x13\
\x1b\x10\x03,E\x11\x06&4\xa18\x91\xb4\xdf\x0e\xb9\
\xdd\xa2\xb1}bcih\x86Ov\x16nDs7\
\x1a;\xc03$Mc\xc9\x99\x84),,\x07\xa6\xe3\
\x9c!\x82u\x10\x02\x1bc!\x02\x17\x81_\xac\x1b\xde\
\xf3\xc9s\x00P}@\x8d\xb3\xaa\xb3\xa5\xba1:\xfb\
\xd5[\xd2\x00\x8a\x16\xf8\xa1JRCe:\xf58W\
\xf3F_\xc4\xa3\x8e&\xb9*\x9a@\xcd\xd7\xa9\xe7-\
\xd6\x01\xca\xdf\xe6E?oc\x13\xec\x10gK\x0ex\
\xdc_ku\x9a\xc9\xb0\x7fq\xf9\xec\x9f\xfd\xb7?\xfe\
\x93\x8f\x7f\xda\xda\x19\xa6\xc5a\x12Y\xd70\x1c\x14\x85\
#\x94\x86K')\xb3\x99\x10\xfczD\x22\x9f \xa9\
\xd69M\xd3\x1f\xfa\xa1\x1f\xfa\xae\xef\xfa.\x9fm\xe7\
\xaa\xa2\xb0K'\xae\xd1\xda\x9ea\xc2\xe5*)\x1a\xf2\
o6\x9b333\xbd^\xcf\xbf\xf9\x19\xbe\xde\xd3E\
|\xfcN\xe9#&R\xcb\x11\xf6[\x94'\xf9\x89h\
0\x18h\xca\xaa\xa6+\xea\x0fJ\xcf\xa8<\xc6\xae]\
\xbb\xfa\xfd\xfe\xf9\xf3\xe7\x1f{\xec\xb1^\xafw\xfa\xf4\
\xe9\xcf|\xe63eY>\xf9\xe4\x93\xc3\xe1Pk8\
\xa3(\xda\xb9s\xe7\xdc\xdc\x5c\x10\x047\xdex\xe3\x81\
\x03\x07\xe28\xd6 \xaf\xcf\x82\xd4\x1f\xb8V8\xeag\
]=\x22\x00\x90\x88\xbd\xb4\x03M\xfe\xef\xa6\xa7{\xfd\
\xfe\xfa\x91#\x87\x89l\xab\x09\x9b/\xf7\x1a\xf9w\xbc\
\xe6e3\xad2\x1f\xac#p0\x02\x07\xd8\x92\xad\xb3\
yQ\xca\xc6FZrg\xff\xd4\xce\xdb\xc1;\xce\x5c\
\x1c\xfd\xdf\xff\xdf\xbf\xe7h`\xc5\x12\xd9\xfez:\x1a\
\x17D4==\xadHQ\xaat\x16?6\xdd\xd8:\
\x05\x22\xb56Uz\x07\x8a\xa2\xe8v\xbbZ\xff\xa5\xde\
\x9d\xf2\x1c^TT?\xc5O\xd5PB3L\x01(\
k\xa2\xc4\xa4\xe7-T\xda\xc0\xa7\xf4j\xd7{\xe5\x8a\
\x1a\x8d\x86\x16\xe5\xa2&-*U=\xbc\x07.~\xd6\
yk\xa0_Y{\xd9{\x16\x9c\x884J\xa8\xc52\
Dt\xe2\xc4\x894M\xa5\x92zr\xceMM\xf5\x12\
\x83vw\xca\x91iu\xba&\x8c\xd8\x04A`\xba\xed\
\x16\x8b\xfd\xf5_\xfb\xd0\xc7\xff\xe8\x0f\xcf\x1e;\xfa\xae\
7\xedx\xe9\xfe\xa9\xf2\xc2\xbda04\xb0L\xc6\x11\
@\x16\xb0\x10\x22\xb0V C\x99,\xbd\xd9\xfe\xb6\x08\
\x00!v\x9a\xcaCb\xc0\x06\x08\x00&\x0e\x01\x815\
D\x01\xc8\xa1ppi\xc38F\x9a'+\xcb\xa7\x1e\
G\xb4\xad\xd1yI\xab\xf3\x12nmC<\xc5$R\
P\x18N\xa3,\xc9\xb59h\x80a\x19i\x01\x0a\x0c\
\x11JH\xf4\x0c\xcb\xec\x85<\x9e\xb7|\x0e\x8f\xc4=\
\xe0\xa5*\xd7]'\x96F\xdd\x94\xf4\xcb\xb2L\xe7\xa5\
W\x0bP%]{y\xf7\x8d\xab\xe3E6\xea.\xb2\
\xda \xcf\x87\xd5\xf3\x0a\xa5\xd6\x0b\xf0E9\x19\xa4\xda\
\xb8\x00\x88\xb36\xcb[\xddv>\xee\x7f\xf9\xf0\x03\x7f\
\xf4\x87\x7fp\xf8\x81\x13\xa5\xdb\xeb$Z]\x1f\x9b0\
\x22S8\xc9\x04%\x90\x13\x0a\x08D\xe2z\xacW-\
\xef\xea\xeaj\xa3\xd1\x18\x8dF\xbbw\xef~\xff\xfb\xdf\
\x7f\xd3M7)\xab\xa1\x5c\xb4\xb7\xf2\xb8\x1c4\xf8W\
<I\xe9\x11\xa1\xd6^\xf6z\xbd\xb9\xb99_\x13\xfb\
5\x7f\xd3\xcb\xa3\xf8^\xe6\xcbo?\xfeEe8\xd4\
\x1d\xd7~]\x0a\x92\xbc\xe4T\x18\x86\xda?%\xcf\xf3\
m\xdb\xb6-//\x9f>}zzz:\x8a\xa2=\
{\xf6|\xe2\x13\x9f\xb8\xff\xfe\xfb\xd7\xd6\xd6\xd6\xd6\xd6\
\xfa\xfd\xbe\x02\x0b\xed97333==}\xf0\xe0\
\xc1\xbd{\xf7\xb6\xdbm\xc51\xf5{\xe2/\xef\xabL\
6\x11G\x98\xf0\xe0D \x12\x00\xce\x06&x\xe0K\
wo\xac_l4\xc3\xc8d\x5c\xac\xbc\xfe57\x1d\
\xb8f\xba\x18\x9f\x8ecu\x98\x0d\x00\xb8\x92\xac\xe52\
\xeb\x17I\x19,\xee\xdc\xfb:4\x0e\x8c\x92\xd6\xbf\xf9\
\xcd\x7f}\xfc\xe4\xe1\xd9\x19.\xf2$I\xcb\xd5\xf5\x81\
s\xd2\x9d\xeav\xbb\xdd$It\xcb\xafsE\x9b\x1e\
\x99\x5c\x91\x97\xed*5\xb3\xb2\x1a\xd6Z\xad;U\xa6\
\xb9\x1e%\xa9O\x83+\x07U\xb5\xd3\xba\x18\xd5V\x8f\
\xc7c\xfd\xab\xce\x10\xcfD*\xf8\xf0\xbdQ\xdc\xe5\x9a\
\x1c\xf5U\xefi\x15\x0f\xef\x5c\xad\xf7\xa7b\x1a\xc5\x85\
\xbae(\xe3\xa5\xed\xe9\xf5\xd4\xe7\xce\x9ds\xcei7\
\x1c\xcd\xf2\x89\xe3\xd8\x15q\x10\x04a\xa3\xc5\xc6dY\
V\xe4\xf9\x8em[\xa5\xc8~\xe9\x9f\xfe\x93\xe5\xb3'\
\x7f\xf7\xa3\xbf\xb9\xb3\x87\x9f\xfc\x91\xb7\xa5k\x0f\xcf\xb7\
JJ\xf3 j\x96\x19\x1c\x15\x8e,P\x90\x0b\x98\x98\
\x0dY\xe7\xc4\x0931sU]F\x04\x22\xbd@\xce\
\x89\x98\xc0\x04\xaab \x0c\x02\xc0\xa0\x10\x14\xc1\xc5\x90\
\x00\x923e\x11\x8d\x19}\x92\xf3E\xfa\xe48;\x92\
mli4\x16\xc2h\x96\x9a\x0b\x1c\xcc\x9a`\x0e\xc1\
v\x0e\xb7\xdaa\x83\xa2i\x0e\x10\x07\xb0D\x82\xe0E\
\x9cF\xf0|\xc6V\xeamx|\x89\x8a\x1a\x0eM\x1a\
E\x95J\xadR\x80\x5c\xa9\xdd\x01\xd0W|\xd1\xca\xf3\
rUW\xc7\xb7\xda\xf0\xae\xb6>b\x9d\x03\xde\xf4\xbb\
\xcbE\xa8\x9e\xca\xd1|\xf1\x0d1A\x00\x90MF\x9f\
\xf8\xd3?\xfd\xc8G>\xecl\xd3\xda\x85\xac\xc8,9\
\x13\xb7s\x9b\xb1\x10\xc8\x02\x8e\xc5A@ \xebD\xf7\
;\xef>\x12Q\xab\xd5\xca\xf3\xfc\xado}\xeb{\xde\
\xf3\x1e%\xcf\xf5u\xdf\xfb\xf4\x19\x00\x87\xfejk\x0d\
\x14\x95!\xe8\xf5z333\xbe\xab\xe7\xb3\x89\xa7\xd4\
\x8f/W\xc4n\xea\xd2\xa2u\xfc\xa1\x1b\xa1\x1a\x10\xc5\
=q\x1ck<E{v\x8cF#5\x11\x9a\x00\xab\
\x95\xb4\xe7\xce\x9d\x03\xb0g\xcf\x9e/~\xf1\x8bg\xcf\
\x9e\x1d\x8dF\xfa\xaf\x96\xbd4\x1a\x8d-[\xb6\xcc\xcf\
\xcf\xcf\xcd\xcd\x1d:t\xe8\xc0\x81\x03\x1aYx\xca|\
\x94\xa73;R\xcf< \x12\x08@L\x10\xe8\x9e\x83\
(\x0a\x0e?p\xef\xc9\x13\xc7\xba\x9d0\xcd\x06\xb6X\
\xbf\xed\x86\xadw|\xdb>\xe4\xe7a\xc7hF\xb0$\
\x10\xeb\x9c)S\x14#\xca\xd3\xc4v\xa6w\xbe\x1c3\
7\xe5Y\xfb\xcf?\xf5\xd9?\xf8\xc3\xffwn..\
\xc6\xe3\xf1\xd0\x8d\x07\x94K9\xd5\xebt:1\x00\xcf\
\x09y1\xb4Ml\xc7\x95\x84\x81\xab\xb4\xdd|\x8f\x12\
\x85\x1dZ\x19\xab\xc7\xd4x\x0d\x9e\x1e\xb8\xd4\x87\xa2\x07\
\x9f\xd2\xa1\xb8V\xaa.kJl\xa3bD\xbc^\x9f\
\x9eBW\xb7\x17\xa9\xab\x87\xd5\xfc\x8c\xe2\xcb\xeb\xd4\xfc\
+>\x9fWO\xad\xc1\xf7\xd5\xd5\xd5s\xe7\xceEQ\
\xd4\xef\xf7\xdb\xed\xb6\xa2d\xadZ\x98\x9a\x9d\x0d\x19V\
hjj\xaa?\x1a\x13df\xaa;\x1en\xfc\xf4O\
\xfc\xd8`\xf5\xfc\x87~\xf9\x9f!\x1d|\xf8C?\xba\
\x7f+\xd2~\x1f\xd9 \x8e\xe2$q\xc4\xe48\x03\x97\
\x04\xcb\xae\x05b1\xd6\x183Q@\xd1(\x1aa\x82\
7x\xd2\xdf\x1ed \x01\x08 \x07r@\x0e\x06\xc8\
L\xca_\xd9\x02\x04\xb2\x90\x92\x5c\x11\xd8\x8c\x091\xe5\
N\xc6.\xef\xbb\xf4D\xea\xa2\xb4l\x0a\xa6\x1b\xcd\xdd\
\xcbk\xcd\x93g\xf1\xfa\xb7\xbc\x0fq\x13e`\xc4\x98\
\x00\x05J\x80@/\x9a\x98\xf2e\xe3y\xe39\x5c%\
J\xa3\x93FK\x98\xfc\x8eb\xab\xa6*:\xe3\xb5z\
Ec\x96\x8a\xc7\xd5\xbf\xb9Jr\xbc\xb8\x87\xab\xc9\xb7\
P\xd5\x05\xca[\xbdz\xb4\xc5\x0f5a/\xa6Yq\
)\xb6\xa2;\xb2\x88+\xb2_\xfd\xd0\xbf\xfc\x93?\xf9\
\xd8\xa1C\xd7?\xf6\xf8\xf9\xc2F\xa5\x88\x85\xcb\xca\xac\
\xd1\x0a\x9d\x94\xe2@B\x22L\xc2$j\x94'\x1b\x8c\
\xee\xdcI\x92dY\xf6\xe3?\xfe\xe3\xefy\xcf{\x96\
\x97\x97}\x14\x5cU\xc0}\xfb\x95M c\xd3\xaf>\
\x8fADT\xc7zzzZ\x01\x87\xfb\xda\x9b\xda\xd4\
]\xf3:\x09\xea\x83\x05z\xf1J\x8bjHH\xfd\xda\
~\xbf\xbf\xb1\xb1\xa1\xf2\xa6Q\x14\xa9\xb2\xbb\x8aP\xa9\
\xea\x94\xb2\xee\xcb\xcb\xcb\xeas\xdf\x7f\xff\xfd\x8f<\xf2\
\xc8\xd9\xb3gWWWG\xa3\x917/\xfb\xf6\xed\x9b\
\x9a\x9a\x0a\xc3\xf0\xe0\xc1\x83\xd7]w\x9d\xad\xfaJ*\
\x0ek6\x9b>\xb6[\x87n\x9b\xbe\x02]\x1e\xb9p\
$D$\x10fR\xd8\xb1\xbe\xb6r\xe4\xc8\xe1F\xcc\
y\xda\xef\xb4\xc3\xe9(|\xd3\x1d7p\xb9\x12b\x1c\
\xccM\x95\xab\x17\xb8\xd1,\xadX\x9b\xa3,8\x1bI\
\x96P\xf3\xfa\xce\xd6[\xe1\x16\xce\x5c\x1c\xff_\xff\xe1\
\xa3\xdd^\x84r\x9cmP\x914\xfb\xeb\xc3\xc6Lk\
j\xb6\xcb\xcej\xef4\xd40G\x1da\xd4ol\x9d\
\x11\xf4\x10\xa1\xae\xb0\xa7R\x9e\xcax\xb9\xaa \xf9)\
\xe7\xc0\xa6;\xe0y\x0e\xbf\xf1OOO{7\xa0\xae\
}\xa0\xf3\xcd\xd7\xd3\xeaG\x94\xc2\xf4\xec\xb52U\xda\
J\xd0O\x06[\xb5\xb6p5\x19\x1e\x1fa\xa9\xa7y\
\xe9\x0c\xc9\xb2L\xb3\x91\xfa\xfd\xbe\x1eG\x13_H\xac\
\x94\xf9(\xcd\xcf\x9e\xbf(d\x1a\xcd\xe6\xecK\xae\xf9\
\xc5\x0f\xfd\xcb\xd5\xa5\xd3\xff\xe8\xa7\x7fr\xb8:\xfc\xb9\
\x9f\xf9\x917\xbc\xf6\xe0\x99\x87?\xd6\x0c\xd7\xba\xcdh\
\xb4\x91\xb5Z\xf3Y\xe9\xc4Xp\x16\x08\xb3\x0d\x01\x06\
\xacaV\x86C\x9c\x80\xe0i\xad*\xc8\x12C\xaaB\
V*\xc1\x85p\x0e8\x80I,D\x1cg\x96\x1d\xc1\
\x91Xr\x16N\xd89\xb8\x82\x5c\xc2\x18\x18\x13\x10\x99\
^\x14\xa7\xa3\x0bR\x0e\xec\xc5\xe8\xbf\xfe\xa7O\x7f\xf6\
\x13\x9f\xfa\x81\x0f\xfc\xec\xc1;\xde\x02\x17\x94i\x11w\
\x1b\x90\x17\x8f\xc5\xdb4\x9e\xb7|\x0e\x9dvJ\x9a\xf9\
4\xc0\xb2\xd2\xc3W\xdb\xe1U:4\x9fC\x01\x8a\xe7\
ED\xe4\xbf\xcf6\xa1\xff\xfd\x0cuV\x82\xaa\x9b6\
3k\x0bP<=\x93!W\xe4\xca\xbd\xa0\xc7\x95\x85\
\x01\x7f\xfd\x99O\xfd\xd6o\xfe\x1f'\x9f|bff\
\xe6\xa1#\x0fR\xdc\xc8y(`Ga\xbb\xdd\x1e'\
\x85H\xc8\x88Y@\xe2\xb8*\xe2w2\x91\xa0V\xdf\
q\xff\xfe\xfd\x1f\xf8\xc0\x07\x0e\x1d:\xb4\xbc\xbc\xac\xc9\
w\xea\xff\x89\xc8`0\xf0\xfd\x04\x9e\x81\xea\xf0\xfb\xae\
\x1a\xf1\xb9\xb9\xb9\x99\x99\x19e\xce\xe9\xa94F\x9f\xf6\
\x0b^1<\xb6\xd8\xc4m\xb8jh\xfa\x97\xee\xfd^\
\xbdJ/[\xb7\xa8\xf5\xf5u\xfd\xa0jx\x00\xd0l\
\xd30\x0c\xef\xba\xeb\xae#G\x8eXk5\x87C\x0f\
\xd2h4\xf6\xee\xdd\x1b\xc7q\xaf\xd7{\xe9K_z\
\xcd5\xd7\xe8\x89|C\x19\xd5\xea\xa8'\x8d=\xdd4\
\xdb\x04;\x1c\x88&\xa2\x0aZ\xe1(\xf7\xdd{\x8f!\
1F\xac+\xb3$}\xfd\x9b_9;\x85\xa0\x18\x05\
\xa1\xc3p\x10\x84\xcd\x12a\xe1\xac\xb3\xc4eAE\x22\
y\xba\xe5\xda\x9b\x11\xed\x81\x99\xff\xbd\x8f\xfd\xce#\x8f\
\x1f\x99\x9d\x8am\xdf%\xebAQ4\xe20\x9e[h\
\x15efJP\xad\xad\x9dT\xf2\xa0\xf5\xd47\x0f\xe9\
|\xb2\x8e\x7f\x8eT+\x09\xf4\xd4Q\xb3\xd9\xec\xf7\xfb\
\x00\x94\x07\xaaS_\xcf\xb0\x06]\xd5e\xd7\x93\x0a\xfe\
z\xbc\xcd\xf7|\x8c\x12*>\x9e\x8e\x9a\xa4\xa9^L\
\x1c\xc7\x9dNgvv\xd6_\xb9\xb2V:\xb4U\x9b\
f\xf5\xfa\x8b\xd4S\xb7\xdbm\x8d\xe9h\xd4L\xf1\x07\
\x00\xed\x00\x00 /\x8aN\xb3\x95\x15\xae\xd5i\xc5\xcd\
\xf6\xb5{\xf7\xfd\xc0\xf7}\xef\x89'\x1e\xff\xd5\x7f\xfe\
\xbf\x15\xa3\xe1O\xff\xc4\x0f\xbf\xe3-o<\xf5\xd0\xc7\
z\xc1\x88el\x9c\x09M#\xcb\xe1B#\x81c\xb2\
\xe4\x88\x112\xb13\x85\xe8sg&\x0dq\xf8\xb9!\
\xcasE\x15\x03\xe1\x1cJ\xa1\x8cL*\xb0\x10\x16W\
\x88\x14\xd6\x8cm8`\x17\xb2\x8b\xd96\x8c\x8d\xd9\xc6\
\xect\xb2Y\x94%\x90 9\xd1\x08fP\x94\xd7-\
\xec\xfb\xae\xdbo\xfc\xf5\x8f|\xf1\xc2\xb9_x\xcb#\
\x8f}\xe7\xbb\xfe\xc7\xe6\xd6-\xc8R\x84\xf1U\x9e\xe3\
\xb2\xe1\xab\xf3]\xd5\xc2G_\x91\xaa\x02\x85\xaa\xdel\
\x1enk\x8c\x16U\x9ei\x9d\xaa\xa5J\xa2\xdf\x8fg\
\xcf\xe5^\x1d/\x88\xa1\xd9\x7fZ\xdf\xcfU\xfb%\xfd\
\xd33\xa3L\xaa\x9a9QM\xa8\xf4oebX8\
`\x92cv\xa9\x0d\x0a\xaa\xba6\xa2\x92\x8a\x12\x99A\
\x14HD\x16p@\x09\x04@\x88\x92\x90\xa2\x00(\xb6\
\xe3p\x12\x03\xa6\xb5\xe5\xd5\xff\xf0\xdb\xbf\xf3G\x1f\xfb\
cf\x8e;3\xeb\xa3\xa1\x84\xd3B\x06\xce\x11\x88\x85\
\x8aq\x1a\x82\xad+\x08\xc4D \xa8\x00ii'\xca\
\x98\xea\xfd\xdf|\xf3\xcd?\xf5S?5==\xad\xf2\
\xa3\xa8\xb0\xbe_\x95\xa8eT\xa8\x11\xd7\xb8\xbeO\xee\
\xd3MB\xbff\x10\x04\xdb\xb6m\xeb\xf5z\xf5\x9cJ\
\x7f\x13\x9e\x81~\xf7r^\x1eU\xd4\xfdW\xcdgT\
:S\xff\xe4\xe9\x0d\xef\x99\xf4\xfb\xfd\xc1`\xa0G\xd0\
\x9c\x03U;\xed\xf5z*$\xaa\xd5\x13\xbe\xbe\xfa\x93\
\x9f\xfc\xe4\xb1c\xc7DD\xa3\xfbA\x10$I2=\
=\xbdc\xc7\x0ef\x9e\x9b\x9b\xbb\xe5\x96[v\xed\xda\
533\xe3KC\x15\xd0(V\xf3\xdb\xa1\xff\x82\x9b\
\x90\x87\xbfi\x97\xc8\xff\x91m\xb6#G\x99\xa34n\
u?\xf3\xa9;\xcf\xaflt\x82VT\x8e\x82|\xed\
\x8e\xd7\x1ex\xe5\xbe\xd9(_\xe1(s\x94\x0b\xc4\x14\
\xad\xa0(\x82t\x1d\xe8\x0f\x93d\xe8f\xa3\xf9\xfd\xdd\
\x1do\xb2X\xbc\xff\xde\xfb>\xfe\x87\xbf\xdb\x09L\xd2\
\x1f'\x83\xf1\xd8\xa5\x16\x98\x9a\x9d\x0e\x05\xc3$\x11C\
\xcc\x5c\xb8$-2&\xb6\xce\x11\x0cQ \xce\x08X\
 N,\xe9\xb4 &\x88u\xaeDi\x98\x9c+\xc5\
Y\x221&\xd0\xed_\xdb\xadi\xa6\x85\x92F\x9aN\
\xa7p\xa1\x1e\xa3y\xca\xa1\xb9\xbd\xbe1\x1eU\x99\x22\
\xea=\xaa\xee\x5c\x92$\x9e\xba\xd6\xba\x12\xcd%R\xa6\
M\x9f\xb2\xde\xff\xa2(\xfa\xfd\xbef\xf5i\xf8,\x8a\
\xa2f#\x8cC\x13\xc5\x8d\xd2\xda\xb5\xf5\xf5\x95\xd5\xb5\
\xa2\xcc\x85\xd9\xc2\xa5\xce1\x021@\x91\xb0H>\x16\
\xc3q \x91+\x85\x88!\x8e\x85\xa3\x80\x9c\xb5\xc9x\
`:h\xcew\xbb\xdd\xf9m[w\xcf\xf6\xa6\xfe\xcf\
\x8f|\xf8\xde\xcf~\xea\xe0v\xfc\xaf\xff\xf4{\xde\xf0\
\xaa\xad\x83\x8b\x1f\x8b\xcc\xe3\x866\x98\x83qZ\x9a\xd0\
\x88K\x22\x0e \x11\x891\xc4\x14\x15 2l.\xb9\
\x06\x22\xd0\xc4\x97\xd2N^d\x02,&\xb2]\xc2N\
 \xa1X\x22\xb8I\x078\x10\xbb8(\x08bH\x98\
\xc0\xe4\x5c%\xbc\xa1\xc9=\x0c4\x10\xee\x82uhH\
9:y\xeb\x8d;\x0e\xed\xc1\x13\x8f>\xf4\x9f?\xf2\
\xe1\xc7\x0e?\xf2\xb3\xbf\xf8\xcb\x98\x9b\x87\xb5\xd2,\x0b\
\x82 H\xf2\xb4\xc1a\x83\x0cT\xa7\xd48\xcbb\x81\
\x10\xc1\x0b\xd1A\x7f\x8e\x98\xc3\x87\xe8<R\xf6\xf2\xd5\
\x0a\x84\xeb0V#\xca^\xa3\xc6UJ;\xf5\x03\xd6\
m\xd93;\xbeW\xc7\x0bn\xa8+\xa3\x1b\xdb\xd7\xfa\
X\xa5\x92~\xf1\xbf^\xe9\x95~s\xa6\x8a\x02\x0d\xf1\
\xa4gENk\x82\xfb$\xe0\x0f&T\xde\x09\x01\x11\
@R\x96\x99\x0d( vp!\x03E\x9e\xe7\xf9\xfd\
_z\xe0\xa3\x1f\xfd\xed/\xdeu\xcf\xdc\xfcbY\xd8\
\xf1`XZ1\x1c\x89SAe\xdf\xeeI\x9d.\xa7\
\xb0\xc6A\xb4\xf3\x83\x9a{\x00\xcc\xfc\xde\xf7\xbewf\
f\x06\x80\x07\xeeRi\x9f\xf8~\xcf\xb3\x95\x00\x00 \
\x00IDAT\x9aI-\x04\xf5\xe9\xbaJ-H\x95\
\xdc\xe7\xefg\x18\x86\xb3\xb3\xb3\x1a\xd7@M\x0a\xc2\xfb\
\xb5:\xbc\xff\xade\x8d\xfe\xb1zF\xc4\xf3\x97\x1e\xf1\
H\xd5\xde\xf3\xca\xee\x1b\x9e{\xd7\x8f\xc4q\xac\xe1\x8f\
4MWWW\xf5\xd7^\xafw\xee\xdc\xb9\xb2,\xbb\
\xdd\xee\xfa\xfa\xbas\xee\xce;\xef<q\xe2D\x9e\xe7\
\xa3\xd1H[j\xa8\x9d\xd9\xbd{\xf7\xf4\xf4\xb4&\x8d\
.,,8\xe74#D\xc9\x1e\xa5\xf7\xf5\xab\xa9\x5c\
\x18\xae\x80\x1a\xf2T\xb9\x1d\xfab+n\x06L\x1b\xe3\
~k\xba\xf5\xe8c\x8f-\x9d_\x0aLd\xa8\xa0b\
x\xc3\xb5[^\xf7\xf2\xbd\x0d\x1a\x06\x94YX\x81!\
0\x1c\x90\x8f`2\x8cW\x87c#\xad=s\xd7\xbe\
\x1e\x8d]\xcb\x17G\xbf\xf2\xa1_][Y\x9a\x9a\x9a\
ZY\xe9\x8f\xc6i\x89\x22\x88\x83 \x942\xcbI\xa0\
\xd3\xc4\x95%9\x07F\xc0\x0c\x908'\x02\x22ab\
\x11\x9a\x80%+\xca\xfa\x1bc\x00#\x96\x9d5\xce\x1a\
cX\xa3\x1b\xf5\xf0\x8a\xef2\xa1_\x8ak\xbapO\
\xb7\xb2\xea\xdc\x09*n\xc3\x1f\xc1\x0b\xa2\xa3\x96#\xac\
\xd0\xd0'g\xd4'\x98\xbeGuE/\x9d\x1d\xce\xd9\
\xac\x117\x820\xb4\x22\xce\x81)t\x028\x11G\xc2\
\x02B\xc8m@\xa9\xb2B$\x07i\xce)\x0aqe\
)q\x1c7Z\x9d\xc8tE(bN\x06\x17?s\
\xd7\x9f\x8f.\x9e}\xe7\x9bw\xfc\x9d\xef\xbb\xfd\xc6\xdd\
a\xbe\xfe\xf9\x96\x5c\x0c\xe3\x8c`\x81\x00A@D\x01\
@\xe4\x00-6!2n\xb2\x88\xfd\x8a\x07P\x96 \
\x85\x1a\x04\x11\x88\xf3x\x04\x95\x1e)!D=\x16B\
\x01\x1c_\xca\xf2\x16T\x80\x83*\xbb\xc0.#6\x0c\
\x97\x07\xc6M\xf5\xf0\xda\xdb\xf6\x9c?\xfddL\xf2\xe5\
;\xff\xe6C\xff\xe8\xe7\xfe\xeeO\xfc\xe4\xdc\xa1\xfd\x14\
2\x05\x9c\xb8,\x8e\x1aP\x8du\x99\x80\x16Q\x1b\xf1\
\xc2\x1c\xcf\x0as<\xe5\x22\xd4\x8d\x84j\x91x\x1f\x91\
\xf5sW-\x8e2f\x9e\x94{\x06\x0eC.\x8f2\
^\x1d/\x82\xa1\xfb\x13j;\xe2s>\x08W\xdd&\
q\x85\xea\xc37a\xd0\xa5\x16\x91\xde|\x00\xc4P5\
B\xc0\xb8 \x90\x00\x80e\xb8\x00\x02\xeb\x90\x84@`\
$p\x803\x10\x86\xd8\x95\x95\x95\x8f}\xec\x8f~\xef\
\xf7\xff\xd0\x09\x16\x17\x17\xf2\xc2fY&\xa00\x0c\x9d\
\x13k\xed&\x05\x0f\xbf(\xea\xfc\x81\xdf\xf8_\xf7\xba\
\xd7\xdd|\xf3\xcd^a\xdao\xf6\x97\x5c\xf3*\xa9\xb0\
N\x17)8\xd0\x9a\x08O;5\x1a\x0dM\x1a\xa5\xaa\
q\xab\xad\x04\xb3}=\xa4\xdf\xa2\xf4 \xaa\xdcP\xaf\
i\xac?\x11\xa9Z\xa2(m\xaeU\x18\x8ax\xfc\xeb\
z\x16_f\xe9\xf3\xca5\x8fd}}]D\x9a\xcd\
\xa6n\x99\xe3\xf1xcc#\x0c\xc3O\x7f\xfa\xd3\x8f\
=\xf6\x98vE)\xab\x1ef\xd3\xd3\xd3[\xb7n\x9d\
\x9e\x9e\x9e\x9f\x9f\xdf\xb7o\xdf\xf6\xed\xdb\xd5GW6\
\xc8\x13<\xde\xb9\xbfr\xd4\x91\xd0\xa5\xe7^\xdf\x8f\x8d\
$Y\xde\xe9\xce\x0d\x87\xc9C\x0f\x1e#\x8bf\xecB\
\x0c\x03\xe9\x7f\xfb\xeb\xde4\xddk\x18^\x83MY\x22\
\xb2\x11J\x81\x1d\xa1\x5c\x05\x8f\x86\xe90l\xefk-\
\x5c\x7f\xef=\xc7\x8f\xf7/>x\xf4\xf8=\xf7\xdc\xb3\
m\xdb\xb6\x95\x95\x15\xd5\xb6\xd2\x9bIDi\x9a2\x88\
]P\x8c\x12\xc9a\xc4\x90S\x95\x14K\x13\x94\xc0\xc4\
\xc69\x06\x0c\x84\x88X3\x8bI\x02\xb8\x80l\xc0\x12\
\x12b\x8a\x85\xd9*\xfd\xa0\xf7\x5ck\x7f\xbc\xdd\xae\xe7\
O\xd4Q\xe3es\xbeF\x8f\xf9)\xa4\x0c\x87Tm\
V\xd4\xe6\xbbZj\xb0\xcf\xc2\xd1%\x7f\xa5\xa9\x0f\xaa\
6\xe3\x93O\x891\xe1B^\xda4\xb7D\x14\x87Q\
`\x8c\xb3\x16E\x06\x11\xedm'\xd4\x16\x88E\x224\
\xa40\xe5\xb0(\xc4\x11!nt\xa2\xb8S\xe4`K\
;\x82\x9d\xe2F\xab'\x1e?z\xfe\x89\x97\xdf2\xf3\
\xee\x0f\xbe\xf1U/]\x9c2\xcb\xcb\xcb\x8fw\xc3\xb4\
\xd9v\xb0\xa6\xaa7\x99,\xb2\xea\xdajs\xd6\xd9\xfa\
\xa5:\xc5\xe5\xc6\x80*\xad\xf3I%\xad\xd3\xb7\x03\xc2\
l.\xb54\x80\x8f\xc5x[\xb1\xa9\x85\xb4\x00pb\
\x19pY\x09!Bz\xf3M\xfb\xbfp\xe7\xd9\x0b\xab\
Cpx\xfc\xe1G\xfe\xed\xaf\xfd\xab\x0f\xfc\x83\x1f\xbf\
\xe6\x15\xb7\x84\x9dV\x03$\xf5\x1e,:CA/\xdc\
\x10\xc0\xb3\xc5\x1c\xb8\xec\xb1LDjQ\xcbr\xf7Q\
\xdb\xbaK\xa4\x8c\x9c\xfaCR\x8b2>\xe5\x9a\xd7\x82\
(\xb5\x0b\xcf\xdb\xf7\xbb:\xfeV\x87\xf2\xd8\xfaL\x9f\
\x1b8\xf0VOc\x01\xf5:\x97o20\xa5I\x10\
\x7f\x12\x19\xd1\x90\x8a\x00\x0a8\x84\x10X\xa0\x00B\x08\
\x15%R\x0ba\x84\x16F\xb2\x22(\xfb\x08\x0b\xb8d\
\xe9\xcc\xe8\x1f\xff\xfc/>t\xf4\xe8\x96\xc5\xad\x17\x97\
W\x04\x5c\x96\xc2l\xd8\x04\x00\x0b\xdc\xd3\xa9\x0fz\x1b\
\xad\x81\xcb4M\x1b\x8dF\xbf\xdf\x7f\xf7\xbb\xdf\xad\xb5\
\x18~\xcf\xf0\xbei}=\xb6\xdb\xedz\xb2\x9ef\xff\
\xb5Z-\xcd0\xed\xf7\xfb\xaal\x1d\x86\xe1\xea\xea\xaa\
\xc7\x01\x0aMtS1\xc6t\xbb]\xafq\xa9\x9b\x99\
/O\xf0\x17\xe9\xc1P\x9d\x0eQ\xcc\xe1*\x99s\xcd\
A\xf1\xd0GD\xfa\xfd\xbe~#\x1f\xd4\x8f\xe3X5\
(/^\xbc\xd8n\xb7\x8b\xa2X[[\xebv\xbb\xd6\
\xda\xbf\xfc\xcb\xbf|\xf0\xc1\x07u\x9f\xd3\xedS\xa5\xa2\
\x16\x17\x17gfffgg\x0f\x1e<\xb8\xb8\xb8\xa8\
{\xa4\xa9\x9a\x8fx/\x1c\x95A{:\x10\xbc\xc9\xc5\
\x92K)\x1dH\xcbQ\x106L\xd0>\xfc\xa5\x07\x93\
~\xd9m\xc5\xb0\xcb\xd6\x9e}\xd3\x1d\x87\xae\xdd\xd3\xc9\
G\x17\xe3N\x06\x93Q\xd9A\x11#O\xe16\xc0}\
\xb8\xf1\xb00\x12/\xa6\xe9\xd4\xdf\xff\x99\x9f\xbf8\xe6\
\x1d\xbb_\xd2j\xb5\xd6\xd7\xd7\x15\x12\x89\x88\xc6\x1a\x94\
\x15n\xc7M)\xa4HK\xb2\x93\xf2Q\xb1\x05\x18l\
\x88X\x9c+\xa4\xcc\xb5J\x82\xc9\x10\x0c\xc0D\x06R\
\xc2\x89rb\x96\xd9\x04\xc4!{%FE\x8d*I\
\xe0\xd9\xa9+\x97\xd2&\x9e\x03U\x1a\xa9\xf7\x125\xe6\
\xa5\xf6\xdc\x97\xbcz\xdeZA\x89\xdeX\xaaEa\x9e\
\xf2\x0e{\xe4\xea`\xcaI\xc3x2\xc4\xc6\xb0a\x02\
4\xf5\xd22\x88\x88\xd0\x1e:c\x9d\xe4\xb6\xcc\x88A\
\xdc\xe8v\xba\xd3\xd3\x8bEA\x1b\x1b\xc9\xec\xec\xd6\x9d\
\xd33\x17\x1f>r\xfa\xd4\xe3\xfb\xf7\x99\x9f\xfc\x997\
\xbe\xe9\xf5\xd7\xc6t\x9e\xf2\xc7\xa8X\x89[\xc3\x106\
\xb7.D\x93\xc1\xc4DD\x10Q\xd6hrI\xfe\x7f\
\x97\xdf\x00\x06\xc4\x89\xb5\x053\x133\x8c!;\xe9Q\
/\x22\x98\xf0\x8eu\x90Q?\x1e]\xf6\xa2gF!\
&$'\xae,md$\x1b\xafm\x9d\xdf3?\x15\
]8\x97LOm\xbbp\xee\xfc\xfa\x85\xa5\x7f\xfb/\
\xd6\x7f\xe9\x7f\xff\xf5\xce\xb5\xbb\xe3(,\x8d\xc9\x9dX\
\x0eLu<\xae\x0e\xf4B\x1c\xcfjw\xafOJ\x8f\
-|'\x1eT3U\xe3\xb5\xbe\xde\xd5\xf3l\xa8\x96\
\xb7\xe7\xfa\x9e\xe1D\x9b\xb8\xd6\xaf\xff\x1b^\x1d\x7f[\
C\xb7\xaez\xd8\xf89\x0cW\x89\x0d\xb4Z-\xa5d\
\xd5\x1b\xae\xefs\xdf\x5c\xaa\xa3\x02\x1c2\x01\x1c\xda\x9b\
\x1a\x80\xa8\xf7\xa1\xad8\xc0\x80\x10l\x00\xc7&\x87\x1d\
\x0f\x8f?\xf4\xc5\xbf\xf9\xf4o\xfd\xfe\x17.n\xe43\
\xd3s\xabk\x1b\xc4\x81-m\x10\x84\xd6IQ\x94N\
@|\xa9<\xf8\xd2I+N[j\xd9\x12\xaa\x8f\xf4\
\xeaW\xbfz\xcf\x9e=\x9b\xee\x867\xe8\x9a\xbb\xad\x09\
\xda\x004\x1c3\x1a\x8d\xb4\x11\xc9\xa9S\xa7.\x5c\xb8\
\xb0\xb4\xb4\xb4\xb2\xb22==}\xf3\xcd7\xdfq\xc7\
\x1d\x8a\x115\xd0\xae\x0e\x83\x0a$h\xf6\xb7\xbf\x1e\xbf\
y\xfb\x1aN\xcf\xc1x\x0f\xc4\xbf\xa2ovU\x9d\x82\
\xca:\xf9\x82UE\x0cZ\x0d;\x18\x0c|\xc5l\xaf\
\xd7k6\x9ba\x18\xa6i:\x1c\x0eUx\xb4\xdf\xef\
\xdf}\xf7\xdd\xc7\x8e\x1d#\xa2~\xbf\xcf\x95B\xe5\xd4\
\xd4\xd4\xf4\xf4t\xbb\xddn6\x9b\xfb\xf6\xed\xdb\xb6m\
\x9b\xab\xe4\xf3=\xb1_/\x91\xd5\xf3\xba+\xda\xa8^\
\xc9sx\xc8;y1p\x1c\x98\x07\xbf\xfc\xf0\x13\x8f\
\x9e\x9a\x9dn\xa3\x5c5\xb4\xb6\xff\xda\xee\x9b\xdep\x83\
M\xcewZ,6\x03\x83,\xa1(Q\x8e \xcb\xc0\
\xe8\xfc\xca\xc0E\x07\xb6_\xf3\xda_\xfe7\x7f\xf2\xe4\
\x85\xc1\xfeC7\xf7\x07\x03e\x0b\xb4i\x88\x1aF\x00\
\xaa)\x10\x84a:J\xac\x08\x19c\x9d\x08\x84C\x03\
@\xe0\xac\x13!&rd\x00r\x22\xceJ\x09\x01\x09\
1\x1b\x10;\xb0 `\x89\xd8\xc5!&OP3s\
5\xddGo\xa9_\x95\xde\xd2>\xe5:\xf2\x7f\xf2y\
{^{I\x83w*\xaaD\x95\xb2\x0b\x00\xaf\xb6.\
\xb5\xc8\xfb\x95\xf7Yj\xd1\x16!G\xa60\x81\xa2x\
\x07\x03!v\x5c8.\x04\x0el\x98\xc8\x9a\xc4\xc4\xdc\
\x0a\x1a,\xd3Q\xd0jDmq0\x09\x87,A\xc3\
\x0e.\x1c?q\xf6\xde;\x0e\xcd\xfe\xdc\x8f\xbf\xf3\xa5\
7,\xcet\x8669\xc2v9\xc48d\xc7a\x5c\
\xe4\xd6Y&\xc3Z\xc0KU\xf9\xd8d\x0eT\xdc\x05\
M(\xcb+&\x85\x88sb\xd4\xb9\x98\xa4vV\x13\
\xa3zG\xfd#\xd5\xe1/\xa1\x8c\xc9\xcb\x97\xec\xc8\x04\
\xab\x81a8\x0b8\xdb\xb6\xd0\xfa\xc2\xe7F\xad(\x89\
\xac\x8c\x92\xfe\xc6\xe9S\xff\xfa\xe7\x7f\xe1\xa7\x7f\xe9\x17\
z\x07\xf6\xb9r\xc4\xcd\x86\x85\xa8\x18\x19\x0b \xf4\xc2\
m>\xfbl1\x87\xffYj%*\x00\xb4\xf5\x8eg\
Yu\x85+\x07NU\xef\x0c\xb5b\x9e\xefu5\x19\
\x86\xfa\xf0%\xe0\xcav|=T\xfc\xd5\xf1\xad0\xd4\
\x9d\xd2\xea\xa4\xe7\x8c\x0c\xb8\xea\xe9\xc0U\x9fI\xdd\xb4\
\xf4g\xfd\xd3\xb3\xaf\xaa\xf8z\xc6\xe5a\xdeI+(\
\xa9\xbd\xe8\x8c5\xec\x006\x12\x18\x18 \x97\xbcOa\
Yn\x9c9\xfa\xe5\xfb>\xf7\xe9\xbf\xfc\xcc\xa7?\x9b\
\xc5\xd7:GiZ$I\x1e7\x1a\xce9'ND\
\x88\xd90\xdb\xd2\xba\xa7\xafJ\xf5\x98C\xbb\xa0]\xb8\
p\xe1]\xefzW\xfd\xfex\xe9F\x00Y\x96\xf5\xfb\
\xfd\x0b\x17.\x9c<y\xf2\xcc\x993\x8f>\xfa\xe8\xca\
\xca\xca\xc5\x8b\x17U\xdc\xd3\x17\x10u\xbb\xddk\xae\xb9\
\xe6;\xbe\xe3;\xde\xfc\xe67+\xc8\xf0M;\xb9*\
\x22U\xe2A\xdd\x0c\xd4r5&\xb7\xe5r\x9e\x035\
F\xc1U\x0a\x81\xfa\xf4\xf3<\x1f\x0e\x87\x9a6(\x22\
\x1aS\xd0\x04\x8en\xb7\xebc\xfc\xca\xa6\xd4\xbdsM\
E\xec\xf7\xfb\x0f<\xf0\xc0\x91#G\xf4\xab)\xf9a\
\xad\xedv\xbb*3\x1a\xc7\xf1\xcb^\xf6\xb2\x99\x99\x99\
\xc1`\xe0\x81\xa9\x9f!\xf5\x0c\x95g\xff\xd07\xbd\xdf\
\x84|a\xf9\xc2\xc3\x0f=\xdc\x8e[\x81+Y\xc63\
\xbd\xf2\xbb\xdf\xfe\xba2=\xdb\xa01J\xa6\x90\xc5\x06\
\xb0\x0e.\x81[\x85\xac%\xe9\xd8\xc4\xdb\xa6\xb6\xbc\xfa\
\xae\xc3\xab\xbf\xf9\xdb\x7f\xbc\xb8{\xdf\xe3\xc7\x8foY\
\xdcb\x8cY]]U[\xe7\x91\x8d\xb5\xb6\xd5j\x05\
q\x90\x0e2k@0\xb6\xb0\x02f2\xd6Z\xe7\xc8\
\x04\xdch4\x1a\x8d\xc0I\xe2\xa4\xb4\xd6Y[:[\
:qBd\x09\x048f\xa6\x88\xa5\x17\xe2\x12:w\
\xcei\x837\xe5\x87\x00\xf8\xf3\xd6\xad\xf1\x95\xb1\x15\x8f\
\xc0|\x1dJ\x1d\x87\xb9Jm\xdd#]\x1f\x03U<\
\x8a\xa7*\x0b\xaa\xe3W\x11\x11*\x811M\xda\x0eq\
!\x81p`\x8d+\x8c\x15\x8230\x86{3\xbd\xb8\
\x11\x87\xd4E\xde\x0a\x5c\xb3I\xcd(\x923'\xbf\xd2\
\xdfx\xf2\x86\x1b\x17\x7f\xf4}\xaf\xbb\xfd\xb6m\x8b\xcd\
\xd3\x92\xae7\xe8|0\x1a\xb6d\x1cHf\x98P\x06\
N\xe20h\x8e\xcb\xa2,\x860\xa5\xc0\x90\xe6\x8aX\
\xc7\x86/\xcdZ\x11&l\xb2%\xce9\x80\xccD\xaf\
\xccIi9\x0a\xa0\xb3\xa2\xfaN\x84\x0ac<\xed4\
\xda\xfc\xabs%# \x0a\xca4\x15'\x08\x86;\xb6\
w\x16\xa6/\x22\xcfgZ\xb3\x0bs\xcdq\x99\x9fx\
\xf0\xc1\x8f\xfe\xfa\xaf\xff\x83\x7f\xfe\x8b\xd1\xb6-iQ\
 \x0e4\xa9\xc3\x10\x99\xa7\xec\x15\xf9\x02\x19_\x05s\
l\x8a\xaa\x5c\xfaX\x85\x9d\x83 \xe8t:\xca\x88\xaa\
o\xa4\xaf\xa3VT=\xa9\x9f\xae\xc9\x00<\xdd\xe9\xa8\
\xcaE\xd5\x15\xa2\xfc\xad\x9f\xb2Wi\x8fo\xfd\xe1)\
.\xdfUG_\xffz\x9e\x9d\xb7\x89:=\x8c1\xea\
]\xe9\xbe\xa2\xbc\xee7an\xd0$\x87\x14\xa8C\x0d\
\x11q\x96\x0c\x18RbTR\x1eJ\x97\xd3\x10d\xe0\
\x064zd\xe5\xc2W\xee\xf9\xd2\x9d\x9f\xfd\xdc\xa3\x8f\
\x1d\x1b\x15\xc1\x0d\xeb\xc3qa\xa5,\xad1QY:\
6\x81\xb5\x0e\xc4\x0e$\xce\x81&>\x987\x83\xb8\xbc\
\xf7\x90\xc6\x1f\x99ymm\xed{\xbe\xe7{n\xbc\xf1\
\xc6$IZ\xad\xd6\xea\xea\xea\xda\xda\xda\xca\xca\xca\xd2\
\xd2\xd2\x993gN\x9f:uni\xe9\xfc\xf9\xf3\xab\
\xab\xab\xaeRk \xa2N\xa7\xd3n\xb7ggg;\
\x9d\xce\xd4\xd4\x94j\x8c\xde~\xfb\xed\xb7\xdez\xab_\
\xad\x1aR\xf1\xa3\xee\x10\xfb\xab\xf2\x8f\xc33\x19\xa8\xdf\
\x90\x9a\x17\x0b@\x9f\x97\xa6V\x18cZ\xad\xd6x<\
\xd6\xde\x19\x0aM\x86\xc3a\xa7\xd3\xd1\xbd\xd0+I\x14\
E\xb1\xb1\xb1\xa1\xfa\xdc\xaa\xc3\xf1\xc0\x03\x0f\xdc{\xef\
\xbd\x1a\x88Q\xb1Kk\xad\x16^6\x1a\x8dV\xab\xf5\
\xcaW\xbeR\x05\xda\x95B\xf09\xcb\xeas{\x89\x8b\
\xba\x87\xad?p\xd5Z\xd6\xc3,\xdd\xaa\x15\x96y\xe7\
\x9e\x0d\x19\x13>\xf4\xd0\x11B\xde\x88\x98]\xdf\xe5\xe7\
\xdf\xfc\xed7/Lq\xcc\x85d\x19L\x8c\x9cEb\
*\xc7pk\xe0\xe52]\x1f\x17S9\xedI\xec\xfe\
\xbf\xf7\x13?\xce\xcd\xe9~\xb6\x9e\xe5i\x9e\xe7SS\
SKKK*8\xa1)\xf6I\x92h\xcaE?\x19\
\xa0IlL\x9a\x14%\x89s\xccV\x98C'\xd6\x90\
i4:\x8dF\xec\xa4\x0d\x12\xc3\x0c\xd8\xdcfe\x99\
\x17e\x91\xe5\x89\x15\x1b\x18.\x98\x02B\x9e\xe7a\x18\
*8\xd3\x8e\x13z{U>Nj\xda\xf3\x5c\xab\xbc\
\xad\xcfy_\xf7\xa4w@\x1f\x84\x02DE\x15*7\
\xe7\x85\xd5\xf5\xcek\x8dL\x92$\xf5i\x5c\x875\xb6\
\x12\x9b\x9f\x80\x15A\x08#\x026!\x07ai\xc5I\
\x80\xc00I\x147\x9b\xad\x96\xe1 \x12pBLa\
\xcbD\x92\x0f\xf2\xe1\x13q<\xfa\x9f\xde\xba\xe7Mo\
x\xcd5\xbb\x11\x06\x1bb\xbf\xc8n-l\x22\xb2\x12\
Y\x81c\xd8&\x0a\x00\x01\x11\x97\xa55l\x0c\x05y\
1\xb6i\x16\x04\xda\xc9e\xd2d\xc70W\x8a\xa2N\
\xac\xc3D\x8f\x83\x00\x04\x5ca\x10Q\xfdYvy\xce\
a\x00\x10\xc4\x11\x88\xcc\xd3lg\x9b\x83T>\x1cC\
\x02'l\x9d3\xec(\x08\x02\x04\x16n\xb8ek;\
\x8e\xd1n\xf5F9\xaf\xad\xaf\x14e9=\xbbx\xfa\
\xe8\xd1\x8f\xff\xa7\xdf\xfd\x9e\x9f\xfa\xc9F\x18\x94b-\
\x05\x97\xa0\x8d\x13\xbc0ki\xbf\x0a\xe6\xa8C\xda+\
\xff\xa4\xbc+*_G#\xb2\xa8\xd0\x86Ti\xa4u\
\xc0\xf1U\x87\x1e\xd6UM\x8d\xa5V\xc8\xf7\xcdd\xd1\
\xaf\x8e\xe76\xd4\xa0h\xd0\xf7\x1bD?\x10\x916\x0b\
\xd5\x9d\xcc\x13\x1e\xf8F\xa3R5\x17uc\x22`\x94\
\xc4\x96\xe0 \x96$(%\xa4r\x800\xc5\xf8lr\
\xfcK\xa7N=z\xf4\xd8c\xf7\x1dy\xf2\xccy3\
\x96\xe9\xe5\x81\x10\x08\x8e4 +\x22\x02\x02\xb1f\xe8\
kj\x18\xb1v\x96\xaae\xc1\x13\xa1\xcavR\xd7?\
M\xd3\xe9\xe9\xe9~\xbf\xff\x1b\xbf\xf1\x1b\xc7\x8f\x1f\x1f\
\x8dF\xc3\xe1pccC\xfb\x88\xfa\xfd\xa3\xddn\xef\
\xde\xbd\xbb\xd3\xe9\xe8.\xae=\xe8uA\xe9\xc6\x10E\
\xd1\xad\xb7\xde\xbaw\xef\xde\xe1p(U\x0d\x8b\xf2\xfc\
\x1ej<Kz\xdc\xbfA3@\xbd\xef\xeb\xc3:\xfa\
\xbaZ\x09m\xa4\x8eZle8\x1cj\x8fu\xbd\x12\
\x00\x1a\xa5UK\x92e\xd9\xfd\xf7\xdf\xff\xe0\x83\x0fZ\
k\x07\x83\x81\xa6\x94j\x01\xe7\xdc\xdc\x9c\xb6\xba=t\
\xe8\xd0\xd4\xd4\x94\x9e\xd4\x97\xc8\xe9\xcf\xa6jq\x87+\
\x9aG\xd6\xaf|\x13\x9b\xebC\x06\xfe\xce\x04Ap\xf8\
\xfe\xfb\x96\xce\x9ciG\x8d8\xcc\xf2\xc1\xc97\xbcn\
\xff\xad7\xee\x8ex\xddfi\xa0\x1172T\x022\
\x00VP\xac%9\x8f\x8b\xb9\xa9\xed\xb7\xfe\xbb\xdf\xfd\
\xf4\xa9\x0b\xe3\x85k\xb6\x9d\xef\x9fd\x8aQ\xcb\x84\xd3\
\xfb\xc3\xccSSSJb\x99\x96\xb1\x85\xcbl\xce!\
\xc39\x82c\x00.\x0fXZ\x8d\xd8\xd00\x19n\x18\
j3\x07\xa2\x0c;E\xa1i4\xda&\x08\xd2q:\
\xb6\xd6\x06a\xc3pL\xd5\x17\xd4'\xce\xcc\xea\x19\xaa\
N\xc9\xa6\x9c\xdf\xa7\x5c;\xfe^mz\xd6\x9b\xee\xe1\
\xa6\x89\xe1\xae\x10\x14\xf6\x07\x91*\xce\xa5o\xd3\x8f\x18\
\x84!Z\x0e\x22\xa5\x90\xe5\xd8p\x1c7\xa3F\x0c&\
\xe2I\xe2\x94\xddXr\xf9 j\x99}{\x17o\xbb\
i\xf7\xfe={\xf6\xedlt\x1b\x83\x06\x9f\x93\xf4\x02\
\xec\x90\x83\xd2\xc4\x86\x1d\x1b\xcb(\x18\x85\x99\xf4\xe3c\
+\x94\x0b\x95 [\x94\xce\x18\xc3DJ\x9e\x85a\x18\
\x98@P]\x09\x11A\xe8\x12k\xb1\x195T\xf7\x84\
\xd5\x14\x10\x11|\xd9\xfcS\xbc\xb9J\xe9\xd0\x9cQ\xf1\
aS\x11\x118\x07G\xe2\x8c\x88\x803\x91\xc1\xd4\x5c\
\xaf;\x1d\xae\xac\x0d\xd7\x07\x14t]\xbb\xdb\xe84\xa3\
a\x7f\xe3\xaf>\xfe\xf1\x1b^v\xf3\xfe7\xbc>\x10\
\x08\x89\x0a\x94j\xb54\xbf(1\x87\x8e\xbaA\xf7\xab\
Tjm\x81\xae\xc4\xb0^M\xe8k\x02\x1c\xfe \x1e\
\x5c+\xec\xf0\xe5mW1\xc7\xb7\xf8pU/\xf2\xe7\
\x9c4\xfaU\x87\x9fx\xba\xf1l\xca\x17\xf9\x06O\x12\
\x02\x80\x8aVerp%\xa4\x00\x17p%\x17q\xc4\
\x1d\xf0Rz\xfa\xafO\x1c\xfdt\xff\xe2\xe9c\x8f.\
\xdfw\xf8\xfc\xc5\xc1\xcc\x86t\xce\xae$\xf1\xd4\x5c9\
J\x19\x04\x180\xe0\x04\x22P\x82Zs\xe9\x99\xc4]\
2\xcduC\xef1G\x9e\xe7\x1a\x1c\xb9\xe7\x9e{4\
j\xe9[\xa3)\xe9\xd8\xeb\xf5\x16\x16\x16T\xb3\x5c\x97\
\xa1fr\x0c\x87\xc3\xd1h\xa4!\x8c\xf5\xf5\xf5\xed\xdb\
\xb7\x7f\xff\xf7\x7f\xff\x81\x03\x07|2x\xdd\xef\xdfT\
\x87B\x977\x92\xf5\x06\xc1_\xaa\xdf?t\xcd\xeaG\
\xf4\xc2\x14\x01h>\xa9\x06\xda\xf4\xbb\xd49\x92$I\
\xbc\x90\x83\xb5V\xd5\xb5\xd5W6\xc6\xdcw\xdf}_\
\xf9\xcaW666.\x5c\xb8\xb0\xb8\xb8\xa8\xa7h6\
\x9b\xdb\xb7o\xd7X\xcc\xc1\x83\x07\xe7\xe7\xe7\xb9j\xb9\
\xe0+B\xa5J\xa4\xbd2\x8e@U\x5c\xc0_\xb9^\
\x0f\xd5j\x7f\x14\x9f\xa9\xb0)3\x9f8q\xe2\xee/\
\xdc\xbfg\xd7\x16\x97o\x04<\xde\xb6\xdb\xbc\xfdm/\
\xe7\xf2\x5c:\xdch\x86\x06&\x84\x15X\x8b\xb2\x84\xac\
\xc3m\x8c\xb3q\x92\xf7\x10\xbd$\xe8\x5c\xf7;\xbf\xf7\
\x1bS\xf3[\x04(\xd2\xa2\x1d\xb6Q9c>wM\
\xb7a\xad$rN\x1aq#4\xf1`cPd\xe3\
\x88\x83v+\x0e\xd9\x15\xd90\x1b\x0c\x8a\x11\xc4\xa2a\
B6\xb1\x10\x8b0L lr'a\xa3e\xa4!\
\xce\x89m@\x18T\xea\xf6\xafl\x0a\x11\xa5i\xaa\xc9\
:\x97\x95\xaa\xd6\xe8\x8dMk\xe7\xca_\xfdlA=\
\xcd\xa5\x86-|\xae\xcf&O\xa0~\xe7\xcbJ\xa2Z\
\x9f\x82-\xa9\xcc\xb8\xdbm7\x9b\xa11\x08\x8c\x05\xca\
\xc8\xe4\xad\x86\xc9\x8bdcc-IF\xdfq\xdb\xee\
\xd7\xbf\xf6\xb6W\xbd\xe2@\xa71H\x07O\x18w\xa2\
\x81~T\xa6\xa6\xcc\x02kM\x10\x83\xe2\x22-aa\
\x0b\xa0\x04\xac0\x81\x8cs\x92Y\xc9\x84\x0a\xa1\x02\xd4\
 \xc4\xc4,\x02'\xae(Kf\xd6\xee\xc0\xf5\xe5\xe6\
KM\x9e\xca\x92\x08\x00\xb8Z\xae\xf7\x04\xaf\xd4S:\
\xdc\xa4\xb8}\x02\x5c\xc8#\x0dhQ\x0b\x09\xac\x88#\
X\x16\x22\xa1\x5c8m\xcf\xcc/\xad\x15+\xab\xabQ\
{[w!F\x9e\x9d8qljf\xde0\xff\xce\
\x87?\xf2+/\xbd\x19;\xb6\x11\xacc\x0e`\x88\x89\
^\xb0\x8aa\xcf\x849\xbcAQ\x999\xff\x8a\x0f\x97\
\xf8\xbcq}]\x85w\xea\xd1\xd3\xafg'P3\xa1\
\x0eY=\xeayu|\xcb\x0e\xcf\xfc\x7f\xa3\xf5du\
:i?\x8e\xa2(\xd4e\xf1S\xee\x1b\x06;j\x95\
+\x10\x86\xc0\x15\x90\x02\x92\xc1e\xb09\xd2>\xd6\x1e\
{\xf2\xf8\x9f-]\xfc\x82`\xf9\xe1\xc7\x8e\x1f{\xdc\
\xe4\xd89J\xa7\xd6\xd2<n4F\xe3\xa5\x08\x0d\xad\
{\x13U\x12\x05\x89T-Li\xe2\x0dm\xbax_\
\x14\xe6\xf7\xd1^\xaf\xe7\xab\x03\xa6\xa6\xa6\x8c1\xdah\
\xbe\xd3\xe9\x98\xaa\xc3@\x9e\xe7\xfd~\x7f4\x1a\xa9,\
zY\x96\xda\x88DS\xfc\xf6\xef\xdf\xff\x8ew\xbc\xe3\
\xb6\xdbnk\xb5Z\xba\xaf\xfb\x8d\xb6\xceN\xd5\x01G\
}-\xd7\xaf\x0d\xb5x\x8a7\x08\xa84Ru\xabS\
\x03\x92\xa6\xa9\xb5\xb6\xddn\xa3\xb6!\x01\xc8\xb2\xcc\xf7\
\xce\xd0+l\xb5Z\xfa\xd9 \x08\xbe\xf8\xc5/>\xf8\
\xe0\x83\xe3\xf1xeeenn\xce\xe7\x14\xcf\xcf\xcf\
\x13\x91\xeapl\xdf\xbe]O\x87Z\xc2Y\x9d\xdbp\
\xce\xe9\x9c\xac\x0f\xd5A\xafC\x10\x8f\x96\xa4\xd2\xfd\xd4\
\xbf2\xf3p8|\xf8\xa1\x87\xb7-\xec\xb2\xd9\xb0\x11\
%bO\xbd\xfd\xbb\xde\xc28\x1f\x9a4\x88c\x18\x83\
\xa2py\xcaR\xa2\x1c\x88]-\xf2q\x9aE\x1c\xee\
\xdd\xf1\x92;\xfe\xe1/\xfd\xc6\xc5\xf1\xfa\xbe\x03\x07\x8f\
<t\xa4i:\x0c\xd6\xeb\xd1H\x84\xe6\xaei\x0f\x11\
\xcd\xb0\x11\x86c\x19$}7N\xa7\xe3 \xa0\xc2\x8e\
Sa\xec\xdf\x8d[n\xd9\xbb0\xdf\x1e\xac\xaf\x0f\xd6\
h\xa3\x9f\x9c\xbf\xb8~q%\xdf\x18\x22\xb7\x08\x82\xc0\
%)Q#\x0e\x9b\x01\x98\x04\xc4\x97\xf2-|\x8fY\
\x85P*\xdfy%\x9a\xdc<\xe3/\x87#u\xcc\xf1\
\x94\xf3\x01U\x91\x81\xbe\xf9JV\xc9\xf3\x1c\xfaP\xa2\
(j\xb7\xdbQ\xd8\x8e\xc3\xe9FD,\xa9\x14}\x94\
}\x94\x1bm\x97ok5\xf7\xec\x9c?t\xf0\xe5\x07\
\xf7\xef]\x98Z\x89\x835q\x9f\xb5\x1b\x17;<l\
5\xadM\x93\x00\x11\xbb\x98\xca\x96KcG\x900\x87\
\xee\xfc\x060\xd6\xc2\x0aJP\x01*@\x96\x04A\x10\
\xd8\xd2\x01\x14\x84\x818W\x14\x85\xb3\xd6\x04A@\x01\
WQ\x1eF\xd5:\xf8iL\x88:\xdc\x93\x8e;\x80\
L0\xeb%\xcc!*\xa61\x11\xec L\x1a\xd5\x92\
\x5c\x8a\xad\x08 d\x09\x96\x1d\x8b\xe3\xdc\x026(\xba\
\x8b4tS\xe3\x12\xe7\x87kMqS\xb3\xbdf\x14\
\xccN\xcf\x9c>~\xf2\xae?\xff\xabW\xfd\xd0{\x83\
f\xe4\xc0\x02X\x80\x9d\xb0yAn\x88O\x8b9\xbc\
\x05\x91\xcbe\x0a\xa5\xea\xee\x83*/\x89\xab\x9a7\xe5\
\xee|\xfag}.>\xb7=\x80*w\xd9C\x99\xab\
e\xb4\xdf\xb2\xc3\x93\xe7\xdf8\x86C\x07\xd7\x1a\xc5\xe9\
F\xa2\x96\xd4Gs\xbeAg\xbf\x22mK\xd4\xe8\xc0\
Z\x0c\xd77V\xce'\x17\xee\xea\x9f\xfc\xa4u\xadl\
\x0dw\xde\xbd\xb62\x9aM]\xe3\xc4\xf2\xc5\xd5\xd1y\
\x8e\xa6\x8c4\xbbf*/\x0a'b\xadsZ\xdfO\
\x00\x81\x0d\x1b&\x07\xb1\xd6\x89\xb3|eb\x7f\xcd\x05\
\xd7z1\x00{\xf7\xee\xdd\xbe}\xbb\x82\x0c%3\x92\
$Q\x05\x0b-=\xf54!\x00\xe5\x15\xf4\x16\x1d<\
x\xf0\x1d\xefx\xc7+^\xf1\x0a\x0d\xea{\xe1\x9c+\
\xc9\xf6M\xbf^\xfa\xe6\x97w\xea\xf2CA\x83\x7f\x22\
\xa8\xda\xe5\xa0\xa6\xea\xe6}\x12\x8d\x04IU&\xea3\
F\x89h}}\xdd\x18\x13\xc7\xf1\xe1\xc3\x87\x8f\x1e=\
\x9ae\xd9\xe3\x8f?>??\xaf\x09d\xc6\x98\x99\x99\
\x99v\xbb\xddj\xb5\xae\xbb\xee\xba\xed\xdb\xb7+:\xf1\
\xc9\x92>\xad\xd8\xd4Z\x16\xfb\xfd\xcf\x7f#\xafg\xca\
\x95B\x89\x1e\x84j\x84\xae\x8a\x89\x8dF\xa3\xa3G\x8f\
\x8e\xc7I\xb71o\xf3\xfex\xb4\xfc\xeew\xdc\xbam\
[H\xd4/\xd3\xccp\x83\x0a\x81#\xe6\x10.\x15Y\
/\x8a\x8d\x22s\xd6\xce\xb4z\xd7}\xfas_\xf9\x7f\
\xfe\xe0\xcf\xe6\xf7\xedy\xe8\xd1/\xc5a\x87\xf2\x10\xe6\
R=\x97\xde\x22U\xf0\x04\xa0\x99\xf8\x00\xa7I\x1e\x94\
\xdc6Q:\xeaG!\xae\xbf\xae\xfb\x83?\xf0\x96w\
\xbf\xebu\xadVVd+\xad&\xa7\xa34\xcbe8\
\xb6'O\xaf~\xf9\xc8\xc9\xaf\x1c=\xf3\xd9;\x9f\xb8\
\xb0\xd2w\xe8\xc7\xd1TH%\x5cDA\xe4*\xfd7\
\xad1\x11\x11M\xc1n4\x1a\xbe\xd5\x11\x9eq\xc9\xd0\
\xe5L\x86/\x08\xda4\x19\xfc\x11\xf4\xfe\xd7\x8d\x80\xab\
\x09\x81xRGq\x8f6\xd0\x09\xe3\xc81N>q\
4\x1d\x9c\xdf\xb3\xb5\xfd\x8a\x9bw\xbd\xe6\x96\x9b\xae\xbf\
fz\xb6U4\xcd\x88\xed\x90\xe5\xfe\x86\x85\xcb\x12k\
3fq.L\x066\x0c:\x85%8C\x04\x0e\xcb\
\xc9\xfe\xcf\x16\xec\xc0\xd6\x91sb\x9d\x80\x84\x8d4\xc9\
\x1a\x86\x81q\xc4Va=\x19\x13V\xb13[ZQ\
n\x8fPS\xdbz\xba{B\xe2\x1cUdH\xb5T\
/\xab[\x11\xb8\xaa\xa0U ,\x10q\xce\x83\x0f\x88\
\x10\xac\x94z*\xb1\xce\x96\x5c\xe6\x92\xc7\xdd\xf6\xea\xe3\
#D\xad\x8d\xd1\xa0\xc7\xd8\xbe}1]\x1f\xf7WW\
\xe6:\xd3\x9f\xfb\xe4_\xbc\xea\x7fx+\xb6\xccsd\
\x0a8[J\xf4\x82\xe69\x9e\xd2/\xf4\x16D*5\
\x18\xd4\xc2{:\xe7|\xea\x90O\xb9\xd2\xc2\xfa:\xc9\
\xe1\xcd\xd3W\xdd\x09\xae\x9c\xbb\xa8\xaa\xdd\xd4\x18\xa9=\
z\x0e\xc1\x9a\xab\xe3\x1b=\xa4*O\xf0\xd9\x15\xcf\xf2\
\x19=\xcd\xfa\x16\xef7\x10\xcce\xcby\xe2<\x90\xca\
\x01\x12!\x08\x82\x80\xd9\x96\xa5\xcd\x0bKe\x10\x84\xac\
Y]\xb5Lr!\x0bm\xd5X\xfdGJ6T4\
\xaa\x83\x94(\xab\xc0\x09\x08\xc4\xaa\x01T\xabN!*\
A\x05P\x12r \x83\xcbP\x8e\x91\x8f\xb2\x95\x0b\xeb\
\x17\x97.\x9c;g\x07\x0fl\xe9\xf6\xcf\x9c\x1b\xddw\
\xcfyk\xb7\xf6f\xb6\xb8,\xdb{h'\x9f<y\
\xea\xe4J#\x9e\x1d\x8f\xd2\xa0\xd3\xb4b\xadX\xeb,\
\x91\x80\x84\x0cEa\x1c\x84l\x9dsYn-\x5ci\
&ab5QDN\x08d@\x96M  \xe7\xa4\
\xd9l\x19\x13\xf4\xfb\xfd\xb2,gfg\xd6VW\x96\
\x97\x97\xd77\xd6\x93$I\x93\xc49\x18\x13\xf8\x05\xe5\
\x9703\x1f<x\xf0mo{\xdbm\xb7\xdd\xa6\x9a\
\x9e\xa85\xf3\xd4\xe1\x13 6\xed\xd0W>q\xd4x\
\x0eW\xd3+\xd3\xb2LM0T\xee\xd3V}:\x94\
\x8d \x22\x95\xfcR^A\xcd\xc8\xea\xeaj\x9a\xa6~\
\x9b'\xa2/\x7f\xf9\xcbw\xdf}\xf7\xda\xda\xda\xb1c\
\xc74QL\x9bnh/\x18\xcd\xe1\xd8\xbau\xab\xf6\
\xa6\xdf\x94C\xe0Q\xd4%\x02\xbfJl\xf7\xa5\x1c\xbe\
'\xfb\xc4\xaa0\xb1\x09\x02\x13\x84\x81\xaa\x8f\x10A\xd6\
\xd6V\xe38|\xf2\xe4\xa9G\x1f{\xa2\xdb\x99r\xe5\
X\x8a\x8do\xbb\xf5\xc0\xcb\x0f^3\xdf\xb4E\xb2\x1e\
\x04\x01\x85\x01\x0a\x87\xd2I\x91P\xb1\xc1y\xdf\xe5y\
\xeez\xa9\xd9\x0es\xcd\xaf}\xe4W\xdb\xf3\x0b\xce\x08\
\x07\x12\x08\xf2\xdcRDN\x080\x81\x89\x0d\x15\x01\x07\
\xce\x16i2\x9a\x99\x9d\x8d\x1b\x91\x88\xc0A\xf2\x92]\
\xd2\x88\x06{w5\xbf\xfb\xed\xb7\x7f\xf0G\xbf\xb7\x19\
%\xc9\xf8l:\x1e6b\xb16o6\xf3(\xa4\xa9\
nk\xe7\xb6m/\xbba\xeb`\xe4>\xf0\xde\x8d?\
\xfd\xc4\x9d\x7f\xfd\xb9G.^\xdc0e\x0a\xd3#t\
D0\xce\x1c\x19\xc3!;\xce\x85\xf2B\x0a\xeb\xe28\
\xec\x8e\x9dua\xea\x8c\x15c5\x5c\xa8\xb5X4\x91\
\xba\x05@\xc2\xe2\xe0\x84\x9c\x83\x158\x22\x12'$d\
`\xacu\xec\x0c\x18BN\x00\x11h\xb1\xae\x80\xad\x13\
\x168\x22G0\x86K\x82\x10\x02\xc3\x8d0l\x84A\
d82\xdci6C\xc3y:\xcc\xd7\xd3\xd2\xf5\xdb\
\x9d\x8d\x1f\xf8\xce\x97\xbe\xf6U\xdf\xb9\xff\x9a\x85^\x94\
\xda\xe19dg\x9av\x18\x94#\xe3R#EQ\x08\
S\x1009g\x09\x08\xa8!\xb9\x03\x11\xb3!\x86\x93\
\x02\xd6\x19\x08\xa4\x14g\x1d\xac\x90v*\xd0\xa6\xf3\x86\
\x11\x92\xb0\xd8\xdc\x04\x01A\xac\xb3L\x14G\x81\xb5T\
\x14\xa5\xb5\x85\x881\xcc\xc4\x108\xd2\xf6\xf4\x93\xe5\xef\
mQ\xa5\x03J\xac\x84\x05;m\x84\xc0\x22R\xc5V\
\xa4Z\x19\x97\xeai\x01\x0d\x98N\xa4\x8a\xd5\xaa\x89\x8d\
\x00\x80\x0aAi\xc5Xk\x9a\xcd\xe8\x9d\xef|5\xd1\
\xb1'N\x0eW\xc7\xa5u\xf4\xc8\xf13\xad\xa0\xd9n\
\xc5\xad\x86]9\xf1\xf8\xb1G\x1f\xda7}\x9b\x09\xd8\
Q \x8c\x17\xee\x1e\x18lb\xc6\xfcZ\x05\xa0V\x03\
\x15g\xae\xf8\x14\x95\xa3\xa9I\xd1^\x0dFW\xb5w\
\x1d\xea\x8c\xdc\xb3\xbc\x94M\xef\xacCi\x1f\x06V\x87\
\xe6\x19<\xe9\xabp\xe4\x9b9<\x05\xad\x06\xbd\xd9l\
\xea\xeb\xcf\xf2)\x08`'\x0b\xb1\x1a\x04\xc0\x01\x8e\xe0\
\x08\x0e\x10r\x0d\x08]B\x0f\xa2\xd2\xbf\x130\xe0\x00\
\x03\x90s\x86\x0d;\xd8\xd2\x89s\x08\x18\x06^\xa5\x9c\
\x00\xcb\x19(\x05\x98a\x00\x03\xb0u\x04\x18\x11\xd6X\
n\xc1\x92\x22Q\xa8a@\x06\x04\x18\x03\x86\x08\xc4@\
\x08\xd6\x81\xd6 \xeb(V\x5c~\xce\xa5K\xc8W\x90\
\xad\xaf,]x\xe0\xee\x07\xca\x8c\xe6g\xb7\x05\xcc_\
9I\x87\x1f~\xcc\x85\xd3\xdd\x85he\xdc\x7f\xf4\xf1\
\x13\xb9\x8d\xe3\xe6\xf4\x9e\x1d\xd3yVf\xe3\x8bi^\
\x0a\x07l`\x8cS\xb3\x0crad\xc2H\xb2\x22g\
\x9b\xc05\x19-\x05B\x02\x11\xa0\xb4%\x8b\x05\xac\x03\
9\xb0P\x19\x10\x89\xc8\x13\x8f?a\x02\xd3j5V\
V/\xda\xb2\xb0\xce6\x1aA\x186\xdb\x9d\xc8Yv\
\x96\xb4 \x16\x95\x8a\x861f\xff\xfe\xfd\xef|\xe7;\
o\xbb\xed6\xa5\xb55\xd9\xc2w-\xf0\x03\x95\xf7_\
\xc7\xf7\x9e\xa5\xafS\x9e>\xa4\xe2\x87\x82\x06\x11\xd1p\
\x89W\xd7\xf0\xfd\x81\xb5\xc6\xcdK\x8d\xa9m\xd10\x10\
\xaa\x18G\x1c\xc7G\x8f\x1e\xbd\xff\xfe\xfb\x93$9\x7f\
\xfe\xbc\xa6\xadh\xad\xdc\xc2\xc2\x82\xeav\x5cw\xddu\
\x0b\x0b\x0bu$\xa1W\xe5\xab!Pe\x8c\xea\x8b\xca\
\xbbxPre.\x9a\x03\xac\xd8\x22\xb5\xa5\x91\xb2p\
\x1a=\x9e\x9a\xee.\x9d_:\xfa\xc8#Q\xa3\xe7\x10\
[{z\xcf\xd6\xe8\xcd\xaf\xbci[\x9b\xb1q&j\
F\x10\x0b$\x82R\xca1\x17cd}\xf4\xd7\xadP\
\x1a-\xf4v\xdf\xfe\x1f\xff\xe4\xf1/\x9f)\xe2\xa9\xed\
\xe3lU\x9cu6\x0d\x82F.$\x08\xf2\x9c\x9a\xd1\
T\xce\xd6\x15\xb6(\x92^\xa7\xd9j\x84\x80c\x139\
kY2\x91\xd5\xef}\xf7\xcd\xef\x7f\xdf\xb7\xef\xd8B\
l\x0e;Bw*`\x8eA,\x12\xb9b\x9d\xc1\xb0\
\xa5d\xfd6\xe7\xedN9\x7fmq\xc3\x07_\xf1\xfe\
\xef\xba\xf5\x9e\xbb\xce|\xea\xaf\x8e<p\xfc\xa2pV\
\xe6\x1d.M\xe1\x0c\xb8\x90(-m\x0eF\x9a7\x9b\
\xcdm!\x07c\xf3d\x1c\x17\x059&\x13\x92!G\
$\x80u\x0cba&\xcaP\x96bALF\xac+\
E\xacXgsK\x96\xf3Q\xd6l4\x9d\xb8\x0c\xa9\
u\xae\xd1\xea\xa4I>\xe8\x0f\x1b\x8d\xc6(-Z&\
lw\xbb\xa5\xcd\x1d\xc45#1\xdc\x0c\xc3n\x1c\x98\
2u\xa3~\xde_\xcbF\xb4e\xcb\xfc\xcd/\xdb\x7f\
\xdd\xb5{\xb6\xce&\xd7m}rz\xaam\xcb\x13y\
\xffA\xb8\xcc\xa04b\xd99v\x800I\xcc\x94:\
d$\x00\x11O\xf2<\x85\x94\x96p \x10i+W\
\x00`\xe3.\xd7:#\x0b\xd2\xd2\xaa\x08\x0e 1D\
\x80\xb3\xa5%B\x18\x90!#\xc2\xb6\xb0\xd6X\x0e-\
\x8b!Q#\xc44A\x1bV\x90\x83J\x81s\x80\x9b\
\xd8\x84\x92\xc0 \xad=Vc\xe6\x00\x117\xd1\x0d\xad\
Y\xba\xcb\xec\xa1\x80\xc45\x05\x0e4\x12\x14\xce6\x9c\
\xc4\xb6\x18\x1d\xb8\xb6\xbb\xe5}\x07\x0e\xdf\x7f\xee\x8b\x7f\
\xb3\xf1\xf8Y7p\x0dK\xcdDX\x86\x83\xa8\xd7\xf8\
\xe8o\xff\xbb_\xbe\xf1\xba \x0a\xa2\xb0S8\xa4\x0e\
\xcd\xe8\x05Y1{\xd9\xe6-\xb5:l]\xae>i\
CwzM\xf2\xf2\x8c\xa5\x96\xd7\xfb\x85m\xaaV\xb1\
\xcf\xd7\xc5\xd5\xb1\x8b\x1eV\x19B\x8dI\xfb\xc0\xb3'\
\xa2\xbf&\x0f\xfb\xea\xf8\xfa\x07U\xb2\x92\xda\x02\xf4k\
\xfe8l@Y\xc5H\xe8\x7f\xea^0\xa1\xaa\x0a\xe3\
\xb4\xa2(\x18`\x12\x03\x04\xcaFh\xc7\x03\x01\x88\x03\
\x01\x10\x1b\x0a\x91\xe7\xb9\xb3\xe384L\x10\xd8\x8a\xe7\
\xec\x92kU\x14I\xd5?\x01\x1e\xecH\xe4\x18E\x8f\
\xb9\x0c8'NAC`\x08l\xc0\xae\xa0\xecK>\
(\x8bq1\xca\xcbl\x5c\xa4ke\xbeFv\xccR\
\xc4A\xd8\x8a\xe3^\xb7\xfb\xe4\xf2\xca\xca\xf2\xa9$\x09\
\xd6\xfa.l_?5\xbf\xe3\xfe\x87\x8f\xbbxjj\
\xcb\x81\xbb\xbf\xf4e\x0e\xb2\x9d\xbbv%6_\xbcv\
\xd7\xd2\xd2j\xbf?\xb4\xa5kw\xba\xc64\xf2\xc26\
\xe3\xd6x\x1d\xd6:\xebB\xe6\x9e1\xa9\xf0*\x00\x82\
\xca%RlX#\xc1\xa1\xa5\xd2\x18g)I\x0a\x15\
\x9c\x94B\xb2,\x17\x11f\x02\xc1\x98It\x89)t\
n\xd2nT\xd7\xc7\xee9\x12\x00\x00 \x00IDA\
T)\x80\x9d;w~\xf7w\x7f\xf7k_\xfbZ\x1f\
\x92\xf7d\xc6&\xc0\xe17cOUzpY\xdf\xad\
\xfd\x8bj\x16P9\x1e\xbe\xda6\xcf\xf3\xb5\xb55\xfd\
T\xbf\xdfw\xce\xb5\xdbm-\x0a\xf5a\x14\x11\x19\x8f\
\xc7\x1a\x06Ren\x00\xc7\x8f\x1f\xbf\xf3\xce;\xc7\xe3\
\xf1\x89\x13'4\xcbA\x03\x1fZ\xe2\x1b\x04\x81&\x8d\
j#\xb1z\xecIjY\x8d\x9bF\x18\x86^\x1d\xd5\
\x93\x1fuPEB6\x17\x11A`\xd3<\x1b\xa7\x0e\
\xc0\x8e\x1d;\xbf|\xf83e\x965\x0c\x0c\x922?\
\xf5\xa67\xbee\xcb\xd6\x06\xec*\xa2\x00Y\x860,\
3\x87\xd2\x06\xa5\xa0\x14\xa4\x05\xc2\x96\xb8n\xab\xb3\x97\
\xc3-\xbf\xf5\xd1_kv:\xb9MF\xc9\xd0P$\
d\x04\x8e\xc4A\x12\x91\x11\xc2\xac\xe4\x9c\x84\xa2\xe6L\
\xa3\x11\x91pHT\x16\xa32Y\xb6y\xff\x9f\xfc\xe3\
\xf7\xbe\xfb]\xaf\x0a\xcdr\xa7\x91\x1a\x01\x13\x01\x06\xc2\
(\x9d8\xe1<\x9e\xd4@\xd9\xc2\x95C+\x03\x91!\
`\xe7\xb7\xc4oxk\xfb5w\xbc\xee\x9e\x87\xfb\xff\
\xfa\xc3\x9f\xca\xc6\xfd\xa9\xd6\xc2\xca\xc0\x81\xe2\xb81\x05\
7p\xae,\xc5\x964\xa0\xb0\x8cl/(Z\x86\x99\
\x09\x86\x18\x22\x93V\x1e\xd5\xfdk\x04\xd3\x11LQ\xe6\
T\x1aa\x01\xe5\xa9\xb5.B<\x13e&\x19\x16\xeb\
\xe3d\xdc\xed\xf52\x9b\x1aW&y\xba\xb807\x1a\
\x8e\x03P\x93\x83\xd1pP\x16\xd9\xce\x9d;f\xa6\x17\
\x5cY^<\xff\xe4\xd2C_\x9e\xe9\xca\xc1\xbd3\xef\
\xfb\xe0\xdb\x0f\x5c;\xb3}1\x1e\xf7\xcf\xf6\xd7\x8e\x92\
\x1d\x07D\xc3\xfeP\x5c\x16\x06 \xe4\xce\xe6LRu\
\x15!\x22\x12r\x9b0b\xfdW\xa2I\xd5\xd0\xe5\xe6\
e\xf3F@p\x1a\xda\x00\xa9\x96\xa88\xe7\x9880\
\xc69\xb1\xd6\x95e\x09qa\x10\x18f\x10;q\x02\
!\xe8|\x0ad\x22~\x0e\xf1<$\x84\xc4\x89s\x80\
\x08\xe9\x1f\x9c\x08mj\x87r\xc5\x84\xe4IK%&\
q*\xc4n\x09Y\xe9\xd6z\xd3\xb3oz\xcb\xf5\xfb\
\x0e,|\xf23G\xee9|n8\x5cmE[\xc2\
\xe6\xcc\xca\xfa\xc6\xf1\xa3\xc7\x1e\xf9\xca\xc37\xbc\xeev\
H\x01\x0a\xc3\xaf\xd9\xdc~\xab\x8c\xa0NlxN\x92\
\xaa\x923\x11I\x92\xc4'[\xf9-_\x19\x0eT\xea\
.\xdex=\xef\xd7\xe71\x04U\xc5,j\x98<\xfa\
\xd9\x14j\xb9\x0a8\xbeAcS\xe4\x0b5EZ/\
+\xf9\x1c\x06M\xe8\x88\x09\xa4\x80\x98\x09\x8f\xe1\x07\x1b\
\x90\xad\xd0\x81\x80\x9c\xa0\xa8\x85H\xc8\x11g\xa4\x9d\x8f\
@\x06\xd4\x08\xa4\xb4I\x913K\x18\x18\x06\x09\x88-\
\xa8\xca4'\x00\xc8!\x19L\x01\xb6@\x09)\xc9\x22\
\x06\xa3LQn\xa0\x5c\x85[-\xb3\xa5\x22_rv\
\xd9\xd9\x0dk\x07e1\x0e\xf3\x80\x9d\x8dP4\xa9\x0c\
B\x0aL\x90\xe7h\xb4\xb7\xec?\xb0\x8d9x\xf0+\
\xc7\x1f=\xb1\xde\x99>\xb4k\xcf\x0d\x87\x8f\x1e\x7f\xf4\
\xc9\x8b\x09\xfa\xd3\x8b;\x0f\xdc\xf4\x8aS\xe7\xce\x9f\xbc\
\xb0>77wnu\x10E4=\xd5L\x93,\x1d\
o8\xe1 \x88\x87E\xc9&4\x1c1\x19q\xe4\xc8\
\x19\xb2\x95ucR\xe6\x1aD\xc4\x81\xe6'0\xc2\x00\
\x0e\xce\x96\xa5u\xd60\x03\xe4\x5cU\xc4+\x02B)\
%a\x92. \x22\xbd^oqq\xf1mo{\xdb\
\xad\xb7\xde\xaa\xca\x0a\xbavtMmZDW\x12\x1b\
\xa8\x05\xe3\xf5O^U\xbd\x1er\xad\xeb\x80\xe9\xa9\x87\
\xc3\xa1\xadz\xfb\xf9\x9a\x14\xa5N5\xcbU\xaabZ\
5A\xaa\xd8q\xee\xdc\xb9\xcf\x7f\xfe\xf3\xa3\xd1hi\
iiuuUe\xac\x88hzz\xba\xd7\xeb)\xc3\
\xb1e\xcb\x16\x9f\xb1\xaeg\x7fJ\x9c\xb1\x09\x85\xd4Y\
\x1c=/j\xd2X,&\x009S:\x97\xe763\
a\xb3\x11u\xfe\xfasw\xaf\xad\x0c\x02\x14\x91Im\
\xbe\xfa\xf6\xb7\xdcp\xf0\xba\x0e\xd1\x9a\xc8\x88`\xd1\xea\
\x22/`\x1d\x97\x0ee\x89dXX\x9b!6\xed}\
\x8d\xe9\x97\xfe\xc3\x9f\xff\xf0\xc5\xb5\xe1\xf4\xf6\xa9\xf5\xf5\
\x95\xbc(\x9a\x1c\x95\x16\x86\x89\xc49\x9bY\x19ST\
\xb8\xa0$\x89\x83F\x8f\x99\x02\xb2\x81\x1b\xe7\xe3\xa5\x97\
\x1e\x98\xfe\xd1\x0f\xbc\xe75\xaf>\x14\x9a\xb5F\x98\xb3\
K!\x02\xc7pZci\xc9\x15\x90\x14\xa5Cn\xf3\
,+m\xdf\xca\x90L\xe2\xc8E\xa1m6C\x9e\x89\
\xde\xb8\xe5\xda\xeb\xae\xdf\xff\xfb\xbf\xff\x99?\xfb\xe4\xd1\
&\x1b\xe6E\xa2\xb6\x08g6+ \x05\x8d\x9c)\xc3\
\xa2\x15I\x93\x85H\x9ca\x128\x82\x13\x22\x90\x13\x88\
\x15qyB\x14\xb0>^W\xe4vDaYP\x92\
\xd9dh\xd7\x82F\xd0\xebv\xca1\x91H\x1c\x9bn\
\xabY\xa6\xc3\xad\xb3\xddn\xab\x11\x19A;.rq\
\xe9Y\xb7t|\xfbB\xef\x0dw\xec\xb9\xe1\xc0+\xaf\
\xdd3\xb3e\xde\x94\xe9Yv\x8f\x8f\xcf\x5c(\xb3\x95\
\xe9\xc0\xc5\xad\xd8\x15!\xc4\x89\x14\xec\x00)!\xc5d\
>O\x1e\xae\xfe\xa30B&\xb9\x14\x13LQM\xd1\
\xa7\xc4\x1c\x97\xef\x06$\xb5\x10\x09\x04\x10\xc3D \x11\
! `\x86\x84\xb9+\x8a\xd2Y*\x89\x88L%\xb0\
\x0b\x95\xe7\x08 `\x85\xfbB\x10=%;\xd1\xdeo\
\xff?{o\x1acYr\x9d\x89}\xe7D\xc4\xbd\xf7\
m\x99\x95\x95\xb5WWWW\xaf\xacnn\xe2\x22.\
\xa6(\x92\xa2\x06#i\xb4X\x86dx\x00\x1bc\xc0\
\xf6\x8f\xb15\xc0\xd8\x82\xc7\xfe1\x80\x0d\xf8\x8fm\x18\
\x06\x04\xc3\x90a\x08\xb6%\xfb\x87\x85\x914Z<\x1a\
{\x06\xd6\xcc\x98\x12EJ$%\x8aM\xf6V\xdd]\
]\xd5\xb5de\xe5\xf2\xb6\xbbD\x9cs\xfc#\xee{\
\x95UM\x91\x14E\xb2[\x14\xa3\x80\xc2{/\xdfr\
\xf3\xe5\xbd\x11'\xbe\xf3-\xba\x22\x97\xbe\x01\xd8x\xf0\
\xdc4\xca\x0fi\xee\x99* \xa2K5Mq\xd9\xc5\
\xbd3\xe7F?\xf3\xb3o\x7f\xc7{\xce}\xfaS\xcf\
\xbe\xf8\xd2\xed\xc3\x9d\xdbj\xe3[\x8b\xbb_\xfa\xdcg\
\x9f\xf9\xd0\xfb\xc0FN\x04\xfe\x9b\x8eh}s\xc7=\
?`\xacV\x91|\x19\xafg%\xbca!\xcf\xd3\x96\
\xad2\x93\xd6\x8f\xaf\xeb\x95o\xd5\xc2\xff\xc6\xf7\xb1\x15\
\x0fn\x1d\x13E\xab\xf1-\xf9\xc4\xef\x8d\xaf1\x8e\x82\
\xea\x99\xe4\xbf\xa6\xdf\xafw\x8d\x7f\xb1w4\x07\x1d\x1d\
\xb5\x04\x06\xee'c\x01f\x85\x91_\xfd\xc0\x08\x9a\xd1\
\x8b\x8cP\x020\xb0 \x08\xc4\x81\x1d\x1c\x13\x8aP\xa4\
\xc4\xb1K\xceB\x08E\x1f\x86\xc0\x06$P\x074\xa0\
\x1a\xb4\x80.\x90\xe6\x883\x8b\xb55\xd3n\xff\xb6Z\
+i\xa127\x9d\x93\xcd\x19s`\xe1\xb9+8A\
\xbb\x12\x066\x90\x80\x12L\xad\xa3*LLd{{\
\xab\x1c\x9c,F\xe2G\x9bw\x0e\xcb\xe7^\xfe\xd2\x9f\
=\xff\x22|U\x16\xc5\xcd\x9d[\xb3F\x8f\x9f<w\
\xfe\xc4\xb9\x9b\xb7n{.\xbb\xc5\xdd\xc2\xdb`XT\
\x83r\xb9l\x96\xcd>\xc8Ig \xc7\xec\x89\x98I\
=\x83\xd99\x17\x1c;\xc7\x01\x96}\xd6i\x15f\xaf\
\xae\x80'\xa8\xf3jBD\xceq\xef\x14\x90'>\x83\
H\xbf\xcd\xca\xd9\x8a\x17/^\xfc\xd1\x1f\xfd\xd1G\x1f\
}4\x1b3\xe4\xcbvM\xfd>\xea\xc3\xb1F;\xd6\
\xdb\x8f\xa3\xf8A~\xcfu\x1be\xfd\xa3\xdc\x1f\xc9\x12\
3[9h\xd9\x8a\xe2\x93\xcf\x93|\xc1f\xee\xc5\x9a\
:z\xf4}\x96\xcb\xe5x<\xde\xd9\xd9\xf9\xccg>\
\xd3\xb6\xed\xed\xdb\xb7o\xdf\xbe=\x18\x0c\xb2\x15\xfa\x85\
\x0b\x17\xc6\xe3\xf1p8|\xec\xb1\xc7\x1e~\xf8af\
\xceon+\x1d\xac\xdeo\x88\x897\x14\x1cyB\xcb\
\xc5\xd0Qz\x87\xad\xc8.&\xea\x92G\xd0.\xd5\xa1\
\x0a\xf0\xfe\xca\xab\xd7_|\xe9*G=\xbe\xe1\x9a\xd9\
\xce\xdb\xdf\xb6\xf9\xc3?\xf8\x98\xb7]\x86R\xe1t\x99\
X\xbc\x0aX\x8d$\xa2[\xa4f\xd6\xb25\x83\xe3\xa3\
\xf1S\xff\xea3\xb7\x7f\xf3\x9f|\xe1\xf8C\x0f\x1f,\
\xf6\x9bnF\xe4D\xd8D\x9dc\x076IQj.\
\x95J0\x02|\xe9\xc8\x02\xc5\xd9\x9dW>\xf0\xfe\x8b\
\x7f\xef?\xfc\xf1G\x1f\xf1\x9b\xe3\xfd8\xdb\x91\xae\xe6\
\xaaDg\x10\x07\xa1^\x9b\x8d6-oA\xc8\xd43\
\x15\xc3P\x81\x03\xc2&\x06\x05\xa2v\xd1\x8ab\xb0Y\
\xa4'.\x86\xbf\xfb\xef\xfd\xd0{\xdfu\xf9\x7f\xfc\x9f\
\xfe\xc9\x8bWnN\x8aG\x13\x86\xc9\x5c\x92:Z\xa3\
\xdc\x954\xf0\x04\xe4\xc8 2\xb2\xdc\xbeS\x83\x99\x89\
\x9az\xa7L\x19\xc82\xb0\xba\x90\x8c\x1a\xb1\x9a\x9c\x90\
\xb7d\x9d\xd7p|\xf3\xf4\xb0(~\xea\xc7\x7f\xec\xa5\
\xe7\x9e\xdd\xdf\xbd\xb1\xbfs}\xff\xdas\x81\xec\xd2\xc3\
\x1b\x1f\xf8\xc8;\xdf\xf9\x8e\xcb\x8f\x9ejGnV\x06\
\xae\xfc\x5c\xe3\xadvg?\xa0a,\x83,I\xdb@\
\xe0\x98\x1aue\x08\x22\x11\xaaLj}+\x84h\x95\
&\x90gz\xc0\x8e&\xb4\xdd\x8ft\x18\xd9\x03%\xc6\
\x1b\xa1\x0e\xed\x93\x1a\xd7P\x079\xa8\x9a\x82\xc0\xc4\xde\
\xc3\x89\x98\xa4\x94\x10\xd91\x13iO\xf4d\x98\xcbu\
\x06[\xca\x17\x1b\x90\xeb\x9f\x5c\x94d}\xac\xae*\xa5\
\xfb'\xb1\x07\xe7=\xd0\xfa\xe5\xc4Y\xda\x02\x8b\x92\xda\
\xe1h\xdcv\xb3.\x09a\xf8\xaegN=\xfd\xd8\x87\
\xbe\xfc\xec\xc1\xe7\xbfp\xf3\xfa\xad\xee q3\xbb\x8d\
v\x86\x82\x98\x90L\x89\xdc\x9fOt}\xeb\x8e{\xaa\
\xb0\xa3\xd1\x09\xf9\x92&\xa2\xec\xf7\x87\x95d?\xe3\xa8\
\xd9\x1d\xf9(\xda\x81oC\xc1\xf1U\xc7zBYo\
\xb23Gz\xcd#\xc1\xf7\xa0\x8eo\xff\xc8g\xcb\xba\
\xfe\xcb\x0f~3]-[\xb5M\xb0&We\xe6\x96\
\xa0\x0foVE\xb5\x16\x8cP\xcf\x14W\x18V\xc1j\
P\xd2H\x92\xf3M\x18\xe8\xf3\x1f\xd5,&\xed\xa2#\
F\x08\xf0\xd7\x80=\xc4\x1aqnif2k\x96w\
4\xcdbw\x18\xbbi\x8a\xb5\xc7l\xe4\x0e\x88\xc9\x13\
;b\x06\x91\xc2\x92B\x95\xc0P3Q\xd2\x08Jp\
\x09\xd4\x82\x12H@\xe8\xc4\xf9bBa\x1c\x93\x9b\xd5\
\x1bw\x0e7^z\xe5\xc6\xa7?\xf7\xfcK\xaf\x1d\xec\
\x1e\xb2\x85\xed&\x0ew\xf7\xa2s\xa3\xad\xad\xd3\xb1\x93\
\xd4\xeeM\xa7{F\xd8\xdc\x18\x1baQ/\x14\xd2v\
\xadB\x89H\xa1\x1a\x0b\xd6\xc1\x0aW \x22\xf2\xce\xaf\
b\xc9\xf3\x8e\x93\xea\xa6u\xce1\x93AW\xac\xcf\xbe\
\xffb\xa6f\x06\xb3.vD4\x18\x0c\x1ey\xe4\x91\
\x8f}\xecc\xef}\xef{\xd7\xa6\xd4|\xc4ZtM\
\x1a\xcd\x9f\x98\xdb\xa3k\xeb\x885W#_\xddG-\
J\xd7\xb8B\x96\xa8\xac\xff\xfa\xd9\xc2+\x840\x99L\
\x0e\x0f\x0f3K#\xbf6\xfb\x94{\xef\xef\xde\xbd\x9b\
\xe9\xa2\x00r-\x92\xab\xd5\xfd\xfd\xfd?\xfc\xc3?|\
\xe5\x95W\xa6\xd3\xe9\xab\xaf\xbe:\x18\x0c\xb2\x19\xf1\x89\
\x13'.]\xba\xb4\xb5\xb5u\xee\xdc\xb9\xcb\x97/\xe7\
c{\xe3v\xe8~\xb0\xfd\xc1\xffm%\xccY3\xe2\
\xd7&\xfa=\xc16r\xa9Et\x8b\x1a\xf3\xf2\xd8\xe8\
\xda\xcd\xfd/|\xf69/a\xc3[\x9a=w\xfed\
\xfbo\xff\xed\x8f^|(\x91,\xbc+,*q\x90\
\xa6#3\xa4\xa5\xd6{V\xef\xb94\xaf\x07[\xf3\xc9\
\x13\xd0\x0f\xff\xfd\x7f\xf0+\x7f\xfa\xe2^\x1a\xc5\xdb\xb3\
W\x92EH\xc9\xb1r\xca\x05Q@\xe0BN^8\
\x16}\xdc\xd9\x9f\x07\x9e\x94\xd8\x98\xb8\x84\xc5k\xef\x7f\
\xfb\xc6\x7f\xfc\xf7\xfe\xf5\xb7=5\x81\xdc\xaeg\xbb\x83\
c#,\x17\xd2%\xe7G\x88\x80(\xa4Q\xab\xcd:\
hb*\x89\xc7\xf0c\xb8\x01\xd8g\xf4\x86\x5c@(\
MMi\x1em\xc9n\xd8\xb4\xe3\x97_m\x7f\xf1\x7f\
\xfe\x7f>\xf7\xc5\xbb\xb3n8\xebhI\xcd\xf8D\xd9\
u\xcb\x09M\x86\xc3Q\xfe\x82\x88ILs\xeaj\xb6\
\xc9\x12\x15f0\x91)B(&\xa31\x91\xf3\xec\x93\
\xe8b\xb1,B\xb9\xb9\xb11(\x0a\xeab\xbd8<\
w\xfa\xd8\xbf\xf6\x81w\xfe\xe2\xff\xf0\xdf~\xe4\xfb\x9f\
|\xff\xbb\x1fy\xef;/\x9e>Y\xa4v\xbf\xa9\xf7\
}zi\xe0f\xa6\xda\xd5\xd1\xc1\x0d\xcbQ\xbbhS\
\x13=\xf9\xd1`\xcc\xc4]Z\xa2J\xce\x91h\xcaq\
(*\xd9\xb1\x86\xb2)X\xfe\xf3\xd9\xaa\x8aX#o\
G\xff\xc4\x94\x1bC_s\x90\xaeA\x0e\xedW~\xd5\
~\xda\x00\x03l01\x15\x8d\xc9\xa2B\x8cA\xcc \
\x07\xcbQ\xd1\x0c#X\x07\xcb\xc8\x88#0\x88Ls\
\x03W\xd6*\xd9\x07\xcc3\xde\x00\xc2\x913\x861@\
9\xd9\xce\x08`\x18I\x92N\x91|p\xce\x95]\xeb\
\xba\xba\x1c\x94\x0f3\x9f\xb9v\xab\x9d\xd9`|\xee\x89\
w\xfd\x8d\x9fBu\x02\xc3\x13\x09\x95\xff+Xp\x00\
\xe8\xbd\xf73Et\xbd\x0f\x00\xb0\xd6\xca;\xe7\xf2\x04\
q\xb4\xd7\xbb\xee\x89\xe2\xc8J\xff\x1dX\xec\x8f\xc2\xa4\
\xb4\x12n\xe5\xaa\xe8h\xd9\x81#\x13\xcd\xf7J\x90\xbf\
\xfc8\xda\x80\xd3\x95W\xc4Z\xa0\x84o\xf6{6\x82\
\xaeBu\xac/@d\x85dH\x06N\x0dd\x08\xe8\
7;\x04\x10\xf7\xbax\x00\x80fR\xe8\x02.\xc3\x0f\
\x1d\xa8\x85\xd5@M4wr\xd0.\x0eU;\xe8\xeb\
\xb0i\xd7-c\xb3 k\xbc\x8b\x90%\xa1\xf5\xd6\x96\
\x149(\xa3#[B\x01\xb5\x0c`;\xf6\x9c\xf3\x9e\
\xc8\x81@\x9e$U\x86\x82\xb4e^\xa9Y<\x15\x0c\
\xb3\x85\xb45\x91\x9fT\xcdh\xd0=|v\xe3\x03\xef\
\xf9\xd0\xee\xd4^\xbf\xdd\xbdv}\xf1\xda\xeb\xf3\x97_\
\xdd\xdb\xdd\xbd\xbd\x5c\xdeLK\x19\x0cO\xf3x8\x9b\
\xcfwo\xef\x14e5\x9al$U\xa5B\xcd\x0c\x0c\
\x11\xc0\xc8\x81` \x15\x13\x91\xd4&\x03\x19\x11\x98\xc9\
9\xf6.\x90V\xa1\x18\x84\x10TR\x12\x11I\xd6\xc7\
\x7fYU\x95\xa2Z\x96EA\x08\xc1?\xf1\xc4\x93\x1f\
\xfe\xf0\x87/_\xbel+IQ\xbe\xcci\xe5\x22\x8f\
#\xe2F\xb7\x1a\xeb\xb0\xa4\xbc\x0fYW\x1e\xd9\x7f\xec\
h;c\xad\x96\xaf\xaaj\xbd\x96g\xd1\x8a\xac2\xcd\
\x8f\x86\x9af~I\xceC\xc9s\x08V\x12\xb9\xa6i\
>\xff\xf9\xcf\xbf\xf6\xdak]\xd7\xbd\xfe\xfa\xeb\x00\xb2\
A\xd6d2\xc9\xa9\xf4'O\x9e|\xe4\x91Gt\x95\
\x15\xb2Fd\xe9\x88\x84\xf8h\xf0\xe4\x1a\x8a{\xe0w\
Y\xbbG\xac}\xcd\xd7\xe0\x8e\xc4\xe8K\xc7\xe6\x9a\xba\
\xb9\xf2\xd2K&\x8d\xa3(\xed\xb2\xf2\x8b\x1f\xfd\xe4\x07\
\x1f>]\xa2\x9d\xfa\xe0\xa0\xa4\x09\xce\x13\xa9Xj\x90\
f*\x8b6\xce'\xe3\xc2\xcaM?y\xf4w\x7f\xe7\
\xd9/|\xe9\x95\xd1\xf1G\xae\x1f\xbeh\x9a\x98\xfb6\
\x191\x83\x90\x9aP\x15\x83\xe5\xc2\x86\xdb#\xcfMp\
Z\xb9F\x96\xb7\xde\xf1\xe4\xe8?\xff\xf9\x9f\xbdt\x01\
\xcd\xdd\x17+/\x03\xd6\xb8\xbb\x13\xbc\xa7\xa8\xda\xccL\
L%\x01\xb5\x0f\x91\x9dCq\x06(A\x05\xa8\x04\x15\
0\x0fb\x1a\xe4\xd0\x12!N,Tq!q>\xe4\
\xf6\xc9\x8b\xa3\x9f\xff\xb9\x1f\xfe?\x7f\xfd\x8f\xff\xf1\xef\
\xfe\xc9\xb2\x09U1\x94\x96\xba\x8ee(\xca\x89\x9dW\
\xcb\x13\xa6OI\xda.:\xf6\x1b\x1b\xc76\x8fm\x0d\
\x87\xe3\xc1`8\x1a\x0c\x87eY:fQ\x8bqo\
\xe7\xce\xad\xc5\xf5\xe6`A\xcb\x8e\x07\xfa\xf4\xdb7\xcf\
\x9f=\x7f\xe1\xdc\xc9g\x9e\xdc\xfa\xf0/\xfcG\x932\
9\xddwv\xad\xbe\xb1K\xb6\xa88y\xdfh\xa7d\
4\xae\x86\xa6h\x9a%3\x0f'\x95g\xa7\xda)\xe0\
J\x22\x22\x13cs\x04&\xcb+\x0d\xdf\xdfDI\xab\
\xf8\xd6{-\x95\xfe2$\xca\x12\xb4\x8cs\xac\xba\x1b\
}\x89\xb2\xea8\xf6\xfc\x8d\xbcW\xc9}\x10\x98\xa9\xae\
\xb0\x11C\xae#\xc8\x04\xa6\xc1\x876Y\xbbl\x889\
\x94\x95g\x86\x9a\xa6\xe4\x98\x13,\x0bu\xcc2\xd1\x94\
\x88\xc8\xd0\x87>\xe6\x03|\xa0\xc6x\xe0.\xc1\x14\x91\
\x88a\xde\xe0a\xde\x94T\xfa\x90\xdb\x22\x94*1v\
\xad\xe7\xc2\x15,\xf1\xba\xf2\xec\xf4\xc9\xc9\x98$\x95\xbb\
\xe8v09\x0d)\xc5\xe8-n\x1cq\xb4\xf7jG\
\xd4\xaf~\xbdiX\x07\x9d\xac\xb7\x02\xd9\xb2&\x840\
\x1c\x0e\x8f\xb6i3\xaa\xf9f\x99t\xad?t={\
\xe2\x083\x7f=\x8b=\xf0\xe4\xef\x8d\xbf\xccX\x17\x94\
y\x1e\x07\xb0\xb6CX?\xe1\x9bx[\x83&4\xf9\
\x0dr\x05\x82\x1e\xcc \x82\xe7\xf5\x84\x917\x10\xaa&\
b\xa6\xce\xad.\xb5^\xf1\xda\x013XD7Es\
\x17q\xb7]\xdcl\xdb\xdb\xa6\x07\x92\x0ec\x9cJZ\
8\xc4\xe0Px.\x99`\xd1\xba\xb6\xf0D\x16\x99\x04\
\xda\xcb\xe4\x05\xd9G\xda\x80lG\x9e\xe3\xb5\x95\xfac\
\xe2.T\x0a\xef\x08\x0e\xe4\xc81<T2\xd8\xeb{\
\x0e\xca\x0c63*\x8a\xa2\xda81\xb8\xb8=~\xdf\
S\xa7\xd4.\x89\x0d\xe6\x8b\xf4\xca+\xaf_y\xe5\xe6\
\xbf\xf8\xc2\xc1\x9d\xbd\x16\xe9\xd0#\xc5T\xcf\xf7f\xc3\
\xd1\xf1\xcdr\xd4EZ,#I`\x8eQ\xe6)\x09\
\xe5\xecr\x07\x838\xcf\xec\x9dZ\xaa\x9b&vi\xe8\
\xb7\x16\x8b\xb9\x99\xf9\x10&\xe3\xf1p82\xc3x4\
\xeeb\xb7\xb7\xb7G\xc41v\x80\x9d=\xfb\xe8\xf7\x7f\
\xff\xf7\xbf\xeb]\xefZ\xc7%\xae/\x19^\x85\xcd\xe6\
\x91)\xc0\xb99\xb2^\xc2\xb1bk\xadI\xe2\xd9\x9e\
|\xedJ\x9e\xeb\xfel\xf6\x90\xf5\xae\xf9\xe5\xd9T4\
\xbfI\xb6/\xc3\xca\x06\xaam\xdb\x9b7o\xe6\xf5\xbe\
\xae\xeb\x8c1\xe4\x83y\xf6\xd9g\xaf^\xbd\xda\xb6\xed\
\x0b/\xbc`+\xff\xf2\xad\xad\xad\x87\x1ez\xc89w\
\xe6\xcc\x99G\x1f}\xf4\xd8\xb1c\x99\x052\x9f\xcf\xb3\
\xc1C\xce\x92\xcdq\xa9\xba2\x1e\xcd\xad\x9c\xbc\x8f\xca\
\x1f\x9d?=O\x82k\x1f\xb9\x5cf\xadMQ\x95\xfc\
\xc0\x85\xc3\xd9tt|\xf4'_\xfe\xb3v1']\
\x0c*Oi\xe7\x13?\xf8\xf6'\x1f\xdb\x0eX\x10<\
\x12\x81\xd8\x11\xa3mY:\x8ds\xd2z\xd9\xcc\x5cU\
`\xb2)\xd8\xbe\xb6\x83_\xfa\x95_3\xe7\xa24m\
='oPp\xde\xb5#K\xbc\xbd\xa4\x00)\x90\x02\
E\x19U\x92\xea\xeb\xa7\xb7\xba\xff\xec\xe7\xff\xce\xf6\xc6\
l\xff\xe6K\x9b\x83A{\x98\x0c\x9d!v\xaa\xaad\
\x92\x89\x16\xc2\xdc\xa8v\xcc.\x14g\xc1\x0cg\xa0d\
\x0a##.\x09\x00)8\x995d\x1eB\x0e\x0d0\
#;<\xbbU\xfe\xfd\xbf\xfb\xc9\xe1\x90\x7f\xf1\x97\xff\
h>k\xc6\x83\x8b\xa3\xc1p8\x091Em\xa3)\
IR&w\xe1\xa1\x87\x9f\xbe\xfc\xcc\xb1\xcd\xad\xe5\xa2\
\x9e\xcf\x17e5\x18\x8e\x86\x9e\xec\xee\xad\xd7\xbf\xfc\xa5\
/\x5c\xbb\xf2\x5c3m\xde\xf3\xf4\xf9\xbf\xf9\x03\x1f\xfc\
\xd0{\xdf}\xf9\xc9\xc77N\xf1K/\xffV\x198\
6\xbbzp\xfd\xcc\xa4(9\xcd\xf7oy\xab\x87>\
j\x9a{S\xc1X1\x01\xd0u\xd1,\x81\x99\x1d\x94\
$\xa2\x83S\x22c#\xa7\x8e\xe0(wH\x8c\x89\xb9\
\xcfh\xce\xf3D\xe6d\xdd\x0fc\x1c\x15?\xe4k\x14\
yGj}\xd9A\xab\x85\xc0\xee9\x80\xf6V|f\
\x9a\xd7D\x22\xce\x98\xa9YO\x14IQ\xbb$\xe5\xb0\
\x1c\x0c\xc6E\xa9m\xd7\x9a\x98\x08X\x0d\x22\xb1m\xad\
\xf4\xb9\xdb\x92Y\x1e\x00\x9cc\x83!SNVh,\
\xfe\x9ccE\xdf\xda\x11[i\xf0\xcc\x18\xf00\x82)\
\x93J\x14 \x83\x98\xc6\x94\x9c\x17E\x03\xda\xf3n+\
*Y{\x87(\xf7z\xbe\xe1y\xf6M\x1ak8\x5c\
\x8fd\xae\x99\x99_\x13\xb9s\xf1\x91\x15\xb0X1'\
\x96\xcb\xe5\x1a\xd2\xb0\x95KX6\xed\x7f\x80\xbc\xf9&\
\x8e\xdc\xa5\xceG\xbe\x0ev:\xba5\xff\xde\xf8\x96\x8c\
\x94\xd2:*\xd6}\x8b\xb2T\xec\x88b\x85\xe1H9\
\xa7q\x03}w\xc5\xe5\x99\x87\x0d\xd4\xc0w\xa0%d\
\x1f:C:Dw(qai)\xf3\xbb\x92\x9a\x94\
\xe6\xaas\xd29\x90\xd9\x18\x0b\x8ff\xe8\x22\x87\xa4i\
\xa0\x89]\xa42\x9b\xe8k\xa4\xb8\x12\xc1e-\x00\x11\
\xb1[\xd3Dl\x0d\xbdf\x92\x84\xa9\x91\xa4\xa2\x16b\
\xb5\x9c\x04\x0bV\xefQ\xe4F/\xcc\x03\x04j\xc0K\
B\xf4H\x1e\x0b`o\xe8K1D\x91\x8dM\xff\xd0\
{\xdd\x87\xbeo\xf4\xe3?\xf3\x8e\xddC\xdd\xdf[\xde\
\xba=\x7f\xe1\xf9[W\xae\xec^\x7f}\xaf^\xce\x9a\
\x18\x9c\xf3u\x974\xb9\xca\x0d\xa9 rN\x81.E\
c\xd2\x04K\x00s\xc1\x9bEe\xac-`\xaa\x16c\
\xb3\xb7\xd7\xee\x1f\xec{\xef\x1fz\xe8=\xc1\x17D8\
u\xea\xd4l6\xdb\xde\xde\xfe\x81\x1f\xf8\x81w\xbf\xfb\
\xddyY}\xe3\xd5\xba\x86\x09s\x7f!\xcb\x8ez\x8b\
$\x11\xac\x90\xce|7\xadF\x9e\x1c\xf2\xed,^\xcd\
i\xb4M\xd3,\x97\xcb\xec\xf5\x94/\xbd\xe5rYU\
\x15\xad\x08\x1fM\xd3\xe4\x5c\x98\xcc\xdb\xc8\xde\x18\xf9\x8c\
\x22\xa2g\x9f}\xf6s\x9f\xfb\x5c\xd7u/\xbd\xf4\x92\
s.\x87\xa1WUu\xe1\xc2\x85\xc9d\x92\xcdF'\
\x93\xc9t:\x1d\x0c\x06\xcc|\xee\xdc\xb9\xec$\x96\x7f\
\x8b\xae\xeb\xd6.\xab\xeb\x1dQ.)\xd6\xf8\xcd\xd1\xee\
O&\x84e\x1f\xb9\xb5\x1c/Q\xd7\x05\x19L\xc67\
o\xec\xbc\xf2\xfc\xab\x868\x19h\xac\xaf}\xe0]\xe7\
?\xfa\x91'&U\x03\x89P\x0fb\x00\x90hqI\
q\xceq\xba\x5c\x1e\x82\xd9\xca\x8d\x85N\xa4\xba\xf0\xab\
\xbf\xfc\xa9W_\x7f\xfd\xec\xd9\xa7\x9e\x7f\xf1K\xbe\x14\
\x152\xcau\x9e\xa9J\x14\xf1,]\xa2*\x1cw\x09\
\xa5R!\xf3S[\xdd?\xf8\xb9\x9f~\xf8L\x8a\xb3\
\xab\x9b\x95H]\x97\xbcip\xc98R$6\xe7\x0b\
G\xce\xb1\x11\xbc\xe9R\xb4\x9b\xb7\xd7\xd8{G\x9e8\
\x90\x1b\x1aF\x8e&\x8c\x8a47\x1f\x0d\x11\x88\x04#\
Pt\xa8G|\xb8w8\xfd\x99\x9f|\xe6\xce\xc1\xee\
\xff\xfe\xeb\xaf\xe8r\xc1\x83\x93\x8e7O\x9c\xda<\xb6\
\xb19\x19O\x8emlN\x06C\xa8\xb4\xcb\xfa\xf0\xf5\
\xdb]\xd3J\x8c7\x17_\xee\xba\xbb\xa5\xd73'F\
?\xfb\xb7.]~\xec\x03\x97/\x9d\x18\xb8\xa5\x93\xc3\
n\xf1\xd9\xc5\x9d\xff{z\xeb`0\xd8u\xe6\xbc\x12\
\xc1q3(\xab\xb1+\xdaf\xd1\x94\xbeJ:d3\
\xc1\x06\x5ci\x90\x98j\xa0\x0b\xa1PN\xa0H\x14A\
 2\x189e\x10\xc3\xd8@\x06\x070\xf5\x0ay\xeb\
\xe7\x89~F82u<\xe0\x7f\x0a\x22\xe3\xa3EF\
\xaf-9\xf2O\xfb\x9ao\xf5R#\x02\x1b\xc8\x94r\
\x0d\xa1j\xec\x06\xa1\xdc\x9c.\xdav\x1a\xc9\x85\x22l\
\xc4\xae\xd1\xae\xae\x02\x06\xc1\xb1\xb3\xd6T\x91?\xc8\xd6\
\x87\x02Z5\x7f\xfa\xa3\xfd:+\xe3\x11\xf9\x7f\x8f\xda\
Xf\xd0\x1b@\x0a\xa8\xb2\x82\xc4Y$\xea\x18\xc9\x88\
\x82\xf7\xb5\x1e\xa4x\x18\xb4\x83\xeb\xd5Eo\x89\x05\xf8\
\xab\x0d\xbb?v\xe7\xa8\xd2\xde\xe7U\x84W\x8e^\xaa\
\xf7\xfe\xae\xeb*$;\xe5eb\xb9\x99\x1d\xd5\xa9\xbe\
\xe9c\xbd\x95\xc1\xaa\xb0Z\x1bx\xbcEJ\xa2\xef\x8e\
\xb1\xa6\xdd}\x0b\xc3\xdb\x08\x0c+I\x8d\x90K}\x85\
D\xa8\x803+\xc3\xc0\x06\xcc!\x0b\xb4s\xc4=\xa4\
]\xe8^\xbd\xb8\x06\xbb\xab\xb2\x97\xe2~\x929Y\x1b\
\x9c\x99\x0aL=\x108\xa3\xa3\xe2\xa0\x04\x908$\xa2\
\x10\x04\xda\xb5\xdd\xa2\xadK_\xf8\xb2\xb4\x98h\xcd\x1f\
!\x02\x09q\xbbf\x94X\x16\xd1\x80\x81r\x05\xe0\xda\
\xb8\x0a\x8a\x045JF\x0a2\x82\xe6\x03gP\xbe\x11\
\x80\x0a\xc8\xb43\x05\xa2v\x0b\x22T\x81\xe1\x19\x92T\
\xe2\xb1b><\xe6/l\x16\xefzl\xfc\xf1\xf7]\
l\xbb'c\x1c\xde\xb9\xd3\xee\xed\xb57o\x1e|\xe5\
\xb9+W\xae\xec\xef\xdc\x91\xc3Y\xaa\xe7 B\xe9\xd8\
\x15CE\xa9\x08b\xd4u\xda\xc5\x8e\x87\xa2\xa6\x068\
G\xc4\x0c\xb3\xe1\xb0\xf4\xc1\xcd\x17\xd3\xc1\xa0b\xa6K\
\x97.\xbd\xef}\xef{\xcf{\xde\x93\x85f\xc3\xe1p\
\xbd\xe2\x1e->2\x9c\x99\xf3M\xb2\xf3\x0d\x00Z\xa5\
\xf4\xad!O^9f.\x97\xcb\xe1p\x98k\x94\x5c\
.\xe4\x96\x8d\x99\xe5\x1eJ\xaeo\xd6l\x89\x94\xd2\xb1\
c\xc7\xca\xb2l\x9a&[\xa3\xaec\xa8\xb3\xdc=O\
>\xaf\xbc\xf2\xca\x95+W\x8a\xa2\xd8\xdf\xdf?w\xee\
\x5c>\xa4\xb2,\xb38e2\x99<\xf5\xd4S\xd9\xbe\
l8\x1cnlldbi\xfe\xd0\xb6m\xb3\xda\x85\
\x8f$\xa3\xe6\xa1\xab\xb8\xd4\xf5\xa9\xbb\xfe]\x86\xc3\xe1\
`0888X\xa7H2\xb3h3m\xa7>M\
\xbe\xf8'\xcf\x0d\xdc\x18z\xc8q\xf7\xe2y\xffC\x1f\
{lP-\x88\x13\xd4!\xefa,\x994Hs\xc4\
C]\xec[\xd4j\xf3l\xe3OIq\xe6\x8b\xcf7\
\xbf\xfd\x9b\xbf\x7f\xe6\xecv(\x0f\x9f|r\xe3\xee\xee\
\xbciC\x1b\x91T\x10\xc0\xacj\xa9\xb6\xbbC\xbf\xa9\
\x96\x82\x86\x10c\x11\x0f\xff\xf6O~\xf4\x83\xef>+\
\xf3W\xb7'\xc3n\xda\x15\x83-\xb4P51#\xef\
\x02{\x1f\x86\xd9\xd5\x0a\x18C;\x8f\x96\xd2\xb4\xd3i\
\xac;\x0e\xae\xa8\x8e\x07O\xa4\x05I\x00\x02\xccS\xf6\
j\x83ZdJ\xa4)\xa64\x8dm\xda:9\xfa\xf7\
\xff\x9d\x1fR\xfe<\x0f\xde\x8e\xea\xfc\x22\xb6]S\x0f\
\xab\xb0\xb59Bj\xf6w^\xbc\xf6\xca\x0b\x87wo\
m\x8e\xaa\xa7\x9fz\xe2\xa9'\x1f\x7f\xf4\xd1\xd3\x1b\x1b\
1xe[\x22M\x9d\xbe\x1c\x0f\xbf`6s:c\
[\x0eBr\x15b\x8a&L\xf0\xce\x95\xac\x9a:-\
\x07#\xe2\xaai:\x0e\xce\x88\x9d_\x9aNM%8\
c&@\xd9\x1c\xc3\xc32Jm\x04\x15N}\xc5o\
\x94\x1b\x8b \x02\xb4gz\xf6\xec\xae\xfb\xc6\x1bH\x12\
P\xd5\xa3\x15\xc6\xd1\xa7e\x19\xab\xe4\xc5\xfd\x1e\x18\x92\
\xd7C\xe8\x0a\xf5\x10*:\xf5\xcb\xa9\xbapb\xbc}\
\xa2\x8b\xb8\xb3w\x97\xad\x1c\x97\x1b\x14\xbahKU\x11\
\xca\xe2\x945\x8d5\xab\xc6\xac\xaf\x902.\xfa\xf5\x88\
%\x86\xd0O\x1d0@2\x92J\xb6\xc6HL@\x06\
g0g\xc6\xe6@\xc4V\x98@$\x064`\xc1[\
;UvM\x81\xc8\xb3J\x96\xbb\xf6\xf0\xe7\xba\x189\
\x0ax\xacQ\x8d\xbcx\xaf\xddE\x8f\xd2v\xd6\xe3\xcd\
]\xdai\xc5N\xcf;\xb0\xbc\xd1\xa1\x95\xb0\xf6{\xe3\
/?l\xa5R!\xa2\x1c\xba\x8do\x11Q\x86\x00\xaf\
\xf0\x0c \x01\x0d\xac\x86_\xc2\x96H3\xb4st\x0b\
\xc4:.oI\x9a\xa6\xb8Lq*q\x0a9\x0c\xae\
v4g,K\xab+\x8aF\x02\xe7\x0cF 2b\
q\x8e\x1cs\xc8\xa1\x0by\xa6\xd2\xae%OE\xe9\xba\
6Ei\xb4M\xce1\xf5\x94q\xf45\x87\xc9\x1aq\
\x01\xf2^\xdf\x88\x99\xd9\x13;0CZg\x0aU\x88\
\xf6t1\xca\x93\xa3\xf4\x84\x8b\xbef\xe9\x91\x1b\x02q\
\x08P\xd1.j\xab\xec\xb8t\x1e\xddn\xc5\x0e\xc6)\
\xf2\x80*\x1e\x8c\x96d\xa7/m\xd0c\xa5\xda\x06\xfd\
\xe4\xf7\xc78\xd9;p\xaf\xdf\xdc}\xf1\xca\xf5\xe7_\
z\xfd\xea\xf5\xbd\xd7o\xcd\xf7g\xf3y\x0dbL\xaa\
!\x8f\xab\x83\xa6C_=\xb0j\x04\xe8\xec\xd9\xd3\x22\
]\xbd\x5clo\x9f\xdc\xde\xdez\xff\xfb\xdf\x7f\xf9\xf2\
\xd3y\x07\x9f\x85\xee\x19\x128Zv\xe8\xca~t\x8d\
dd\xf2V\xeew\xac-7\xd6\xcd\xcaL\xdd0\xb3\
<\x15d\x9a\x97\x99\xe5\x96J\x06Ds\x83&\xf30\
\xf2\xbc\xb1\xbb\xbb;\x1c\x0e3\xd2\x90?%OFe\
Yf\x22E]\xd7/\xbe\xf8\xe2|>\xcf\xd1\xe7\xb9\
@)\x8abss\xb3(\x0a\xef\xfd\xe3\x8f?~\xea\
\xd4)3\xcb\xba\x95\xe5r\xb9\xbf\xbf\xaf\xab\xdci\xac\
*\x895\x9d+o<\xf2\x04\x97\x7fk\xac\x9aJ\xfd\
Y\xb7j0\x0d\x06\x83\x1cz\xd7\xbb\xa2\x05\xf2\x95\xfb\
\xfd\xdf\xfb\xc3\xc54\x8eC\xb51(\x8bB~\xeao\
}\xf8\xfc\x19P:\x8c\x89J\x1a\xc2\x14&\xd0Ne\
\x89n\xca\xed\xa1\xb5\xb3\xd1\xf1\x8b\xad\x8c\xc2\xf0\xd1&\
\x9c\xfb\xf5\xdf\xfe\xd5\xae\x19\xbc\xef\x13\xef\xdc?\xb8z\
r\xfb\xe4t\xcf?\xff\xdc\xee\xad;\xd3\xe9\xe2\xc0\xac\
#&\x90\x88[\xa2\x08m;\x1b\xbbM\xab\x17\xcf\xbc\
\xf3\xdc\x0f\x7f\xe4\xe9q\x98\xf2\x98l\xd9xLP[\
\xd75\xca\xd1\xbc\xba\x10|1\x00J\xd5\x82\xa4`\xeb\
O\xb9\xa2\xda.\xba\xbd:\xee\xc5\xae\x8e\xd2\x98_\x94\
n\x00\x0b\xb0\x04\x15H\x1b!\x1d\xcc'\x142p\xa9\
\x83,\xb7\x06\xa6\xb2\x17,\xfd\xf4\x8f\x7f\xe8_|z\
\xaf\xd6\xe5#O><\x1c\x84\xdb7\xae~\xf9\xcf>\
\xb5<\xb8y\xfe\xd4\xf8\xdf\xfa\xa9\xb7\xbf\xff\xdd?u\
\xfa\xf8\xa8\x9e\xef-f\xfb\xdd\xfc+\x5c\x1f0\x1b#\
:\xc4\xe0\xe2rq7\x04\xad\x82yV\x95\xa8\x9dU\
\x18\x99\x11\xc8\x11\x073\xeeR,\x06\x16\xc6a\x9e\xe6\
.8\x22bY\x925\x0e\x14B \xb0\x88y\x042\
&0\x8c\x89HI\x92\xeb\xf2RM\xa0> \x8d\xf2\
b\xac\x80dK\x8d7\xceK\xf7\xdf\xc7J1\xbeN\
\x8d\xef\x9f\xb6.A\x84r\xbd\xb0\xc2$,/\x1fd\
F*fFK\xc5\xd2\x15\xc5d\xeb\xeeA\xfa\x97\x9f\
\xfb\xb3W^\xde\x91\x88K\x17&\xdf\xf7\xf6\x8bgO\
LDT\xb4%R@W\xd5\x12gj\x07\xc8zV\
;\xad:5_s\xe63\x0b\xab\xf2D{\x0a\x0eQ\
\xef\x1a`\x04\x90\x10\x09\x91\x99#e\x18\x999\xe5\x01\
QE\xec@\x9d\xd1\x82\xdc\xc671\xe5~\xc7F\xbe\
\xca\xd6Wb\xc6/z\xe5AN:\xa0#V?k\
+\xa15O\xb0\xae\xeb\x8cv\xe4Yl\xb1X\x8c\xc7\
\xe3\xef$u\xf4\xeb\xfez\xeb\xb2#sP\xf2.\xed\
\xdb\x1d\xfc\xf1]<\xec~md\x8c\xc9L3\xdc\x95\
\x1f\xfcf\xbfX\xbb\xff\x86x\x9bC[\xc8\xa1\xb4\xb7\
b\xf3\xba\xc4\x9bH7Unj\xdaU9\x84\xd6\x90\
}\xb2\xd6\x81\x02\xbbA\xe1\xbd9\xa7\x0cuP\x86\x95\
\xb0\x0a\xcc*L\x0cZ\x09Fa\x80\x1a\x92@\x05\x99\
{\xe95j\x04\xe0\xcb\x1c\xb0^\x93\xf7\xd4\x13\xc0@\
\x04\x16\x8fX\xf6\x87F \xc0\xbb<\xb9\xb7\x86\xd6\xf2\
\xcc\xb0pG\xf6Z\x06Rp\x04\xa9\xb1\x0a\xe7Y\xcb\
\xab\x15l`0\x19;8Ss\xa8\xd8{6\x86\x02\
\x11h\x0f\xe0\x00f\x0f\x05\xb7\xd0v\xe2\x15\xd8\x05`\
\xa4*\xea\xbd;s\xda\x9f>]\xbc\xeb\xdd\xa3(O\
5qx0\xf7\xbb\xfb\xb8\xb9\xd3\xde\xdcY\x5c\x7f\xfd\
\xee\xcd\x9d\xe5\xab\xb77\x0f\xa6\xedl\xbe\x90\xa4\x8e\xc9\
\xb1\x8f]\xb3ww\xd79\x1f\x02?\xfa\xe8\xa5\xcb\x97\
/O&\x13\xef|\x08!v\xd1\x07\xbf.\xc43`\
\xc9\xcc\xce;\xc2\xbd\x8b\xd79W\x14!\x8bl\xd7\xf3\
\xb5\x9aI\x8c\xbdt\x05\x00a>\x9f7m;\x1a\x0e\
3\x81\xa3\xa9\x9b\xa3\xd2Y]\xf9\x902\xf3\xe6\xe6f\
\x8cq\x7f\x7f/\xc68\x99L\x86\xc3aJ\xe9\xe0\xe0\
\x00+\x1b\xb1\x18S\x8c\xf1\xf7?\xf5\xa9\xc3\xe94\xab\
WB\x08{{\xfb\x83A\xb5\xbd\xbd\xbd\xb5u\xbc,\
\x8b\xa7\x9f~\xfa\xdc\xb9sEQ8\xef\x00L\xa7\x87\
)\x89\xcb%&\xc19\xe7\xbc+B\xe1\xbd\x03\xee\x85\
Q\xaf\xcd?V\xde\x0a \xe6\xdcR\xe1U\x22\xf1\xba\
\x84\xa2U\x14\xb6\xb1=\xff\xca\xf3w\xf7\x0f\xb6\xaa\xd3\
i\xd1\x86\xa1\xfd\xc4\x8f\xfc\xe0Cg\x9c\xa3\x9d\xa4R\
\x85\xad\xd4\x92\xb7\x04k%\xd5\x12g\x14\xa7\xd6\xcd|\
\x19@\xa1,OLu\xfb\xb3\x7f\xba\xfb\xcf\xff\xdfg\
\xdf\xf7}\x1f\xa9\x17\xaf\x0e\xcaf\xef\xee\x15\xaf\x17O\
\x1e;\x91\xda\xb2\xed\x96\xad5\x00\x19)\x17\x96tJ\
\xb4U:\xda(\xc3O\xfc\x8d\x8fm\x8f\x8de\x8a\xb8\
\xa0\xe44\x0e\xa2&_z.\x18\x85\xc2\x93\x80\x81\x82\
hD4\x80\xb2\x89Q$\xc41\xdcr\x10\xf6+\xbd\
Sw\x8bT[Qud3\x98\xc0\x1ah\x8d\xa2$\
?v\x18\x10J$\xa58/J;\x9c\xddqN+\
\x7f\xec\xa7\x7f\xf2\xa3npio\xb1?\x9f\xdd}\xe8\
\xc4\x89O|\xe8GNLl\xe0\x16\xda\xde\xd6\xe6\x8f\
\xef\xbcv\x172c\xeb65\x15j&\xa6b\x00;\
vU8\xaejV\x93P/\xb0%!\xe7\xc8\x18J\
*$\xca\xb2\x88\xb5\xaf\xc8mj\x1b\xe7\xc6Z\xcc\x9a\
\x81Rp\x01\xa6\x00\x15\x8e\xc9\x12\x90\x9b)\x04cf\
\xebX`D\xd4'-\xaf\x08^\x02J\x04!(P\
\x98\xdd\xd7(\x7fc\xcd\x81{d\xd1{\xff\x8e6[\
\x14\xdc\x07\xb2\x19\xf74\x11 \xef#\xd4\xc8\x94:\x84\
\xe7\xaf\xef}\xe9\xd9/\x1f\x1c\xa0mqr\xfb\xcc\xdb\
\x9fz\xf2\x91\xf3\xdb\xa7O\x95\x85;X\x1c6m\xb2\
\x01\x83\xa9'\x9cf\xc0#\xdf\xceSG\x9e\x7f\xdeh\
Gv\xff\x91\x92\x22\x18\x88\xa0@\xf6H\xb5^\xc2\xd2\
\xd7\x1c\xac\xe4\x94\xbc\x9aS+H\x0bX\x91\xba!\x95\
C\xef\x0aP2,\x80\x02(\xdf\xb2\xdd\x955il\
mv\x8c5]\xdd9\x97]zr\x9f>o\x1d\xb2\
\x12$\xcfP\x19\x9bm\x9a\xa6m\xdb\xec:\xbcN_\
|s\x7f\xab\xa3\xe3(\x5c\x9cM\x9d\xd7\xb3\xd8\x1b\xed\
\xd8\xff\xda\x0f\x15,\x01\x07\x042\xbf>\xd5\xd7\xbdH\
5D\xca&DN\xcd\xa2(\x11\x0f\xaa2_c\xf9\
:1S\xa2~\x07l}\xab\x81\x99\xdcZ\x8b\x86U\
\x97\x82\xb2=9:\xa0\x06\x96@\x0d[\x22\xce\x11\x17\
\xe8\xe8\xdbv\x1c\x00\x00 \x00IDAT\xee\xe2\xce\
\xe7b7o\xdb\x99\xc8\x82\xa8v\xaeu\xaeu\x98\x03\
\x0d\xd0\xc1\x92\xa3\x00+2\xeb\x8b\x0cj\xab\xee\x80_\
\xb7E\x8c\xb5\xed\x1b\xb5G\x87_W8B\x86\x80\x95\
B\x86\x10|h\xea\xc6\xb1s\x8e\x9dw\xc8\x845\xf7\
 x\x8b\xf5\x1b\xe4:\x86\xe5\x88\xa31\xad\x9a/F\
fN\x80\x1e\xeb\x5cC\xab\x96}\x9a\xb3\x18\x07XY\
\x9f\x0eC\xa6\xab\x81\xd6O7\x18 F\x04\xd7O6\
\x99\xd0\xd2THc\xb7\xdc\x18\xe2\xc20\xbc\xe7B \
\x1a\x80.*\x8a\x0e\xdb\xb3\x85\xde\xbcu\xf0\xdc\xf3\xd7\
\xbf\xf2\x95\xd7\xaf\xbf>\xbbz\xed\x8bw\xee\xa2\xaeq\
\xb3\x1a]\xfd\xe3/\xfd\xe1\xef\xfc\xc1\xc5G\xde\xf6\xb6\
g._z\xec\x91SgO\x8fO\x1cC0x\x8a\
\x16\x97]M\xcc\xa3\xb2\xd2vQ\x84\xe0\x9c\x171\xd3\
\xe4\xbd\x1f\x8e\xcb\xbanD\x95\xc9\xb9\xe0\xa2z\x15\x98\
\x89sJ\x96b\xd7Lg\xf3\xa2(}Yv\x1cR\
\xd2V}\xe9\xcbz\xba\x1c\x0eG\x0e>vM\xe1\x8a\
\xf9b\xee\xd8mnnL6\x86w\xee\xdc\x01u]\
\x5c.\xeb\xb8u\xec\xf8d\x5c6uX\xcc\x1bS2\
%$\xffG\x7f\xf0GwnO\xeb\xae\xd9\xd9\xd9\xab\
\xaa\x01\xcc\x0f\xaa\xf1\xc6d\xa3\x08C\x88;\x7f\xe6\xe2\
3o{W\xdd4\x9d\xcc\xc9\x09\x91\xe3`\x8eU$\
VU\x09\xf2\xd4{\x93\x10\x0c\xda\x11\x19\x99A\x92u\
mRc_\x14\xecKr\x05\xd8\xa9\x91+\x01\x13I\
\xd6\xd5H\xb5\xa6N\x88\x0a3\x0dCn\xb1,7\xaa\
\xd7^\xb9\xfb\xea\xf3\xdd\xc0\x95\x1b\xd5t9\x7f\xe1#\
\xef\xb9\xfc\xc1g6\x9c\xed\xb8\x16\x05\x0f\x002\x16m\
\xc4\xd1\x12\xdd\x8d8\xbf\xcd\x91\xab\xe2$F\xdbw\xeb\
887\x99\x93\xfd\x97\xff\xcd\x7f\xfd\xd0C'/?\
\x82\xabWgfJ\xd1\xea\xf6\x9a\xb7\xc1\xc9\xed\xa2\xd1\
\xe2\xc6^\xa9\xa8\x14N\xbb\xa5` U\xd5\xa5\xe9c\
O\x94o\x7f\xa6\xb4\xe6U\x18\xb5\xcb\x18\xa3\xfa\xaae\
?L4&&\x80X\x1d9Gp\xc6\xa4\x14\x89M\
\x9d\xb07\x0e\x02\xeb\xa0\x89\xb8\xa8\x82&\xb4\xb3\x83[\
\x0c\xaa\x8a\x22\x0c\x06\xa8&\xc1\xfb`I\xba[us\
\xd8\xd5\x87\x12\xa7\x14\x11\xc5\xc7\xb87Vwn\xf2\xbc\
\xe7\xfd\xe3\xa46Id\x0dc\x19b\xed\xe22\xb6{\
\x1a\xa7\x92\x16\x90\x0e\x96<\x09X\x08\xc8f\xe1@2\
\x101\x88W\x8b\xac\xc1y\xe4\xb4\x11&\x042\x10I\
\x03\xd2r\xa3\xda\x5c\xc6bY\xd7\x05\x07v}z2\
\x11\xf5Dq\x00\xc8Iib\x86 }FR\xef\x9f\
\xb1\x9a\xacM\x1d\xc0f\x9a\xff\xb6G\xa9\x18\xb6\xd2\xd0\
\x02\xb4r\x06\xa5\xfbk\x8c\x07\xff_%\xc0\xf6\x94Q\
\xcb\x86{\xceEEQ\x8e\x0f\xa6\xcb\xcf|\xe9\xea\x9f\
^K\xc3\xd2\x9f9\xc9\xc7\xc7\xe5\xd9\xed\xf2\xf8\xe8\xee\
\xa6v\xdb|v9\xab\x8b8\xf0\xfe\xf4\xb2\xb9\xc1\x0e\
\x8e\xd9s`\xf6\x0cRS6#\x12 Y.\x09]\
\xe6\x87f\xdf\xe4\xd5\xc4Jb$\x80\x00\xe4\x81\xec\xf6\
C\x06\x98\xcb\xc2\xe0U\xe9\x92}\x87b\x11\xcc\xb1\xa9\
%8\x8d*1\x14<*\x85\xbd\xf3\x13\xb2!S\xf5\
\xe7N\xf0o\x81\xb1V\xbau]\x97\xa9\x96\x99\xe5]\
\xd7\xf5\xbd\xfc\x14\x00Ger9\x1fa\xady\xcb\x0b\
y]\xd7x\xb3\x9b)\xdf\xc8p\xce\xe5\x03^\xfbV\
\xd1\xfd\xb2\xde7\xfb\x00\xdf\xf4a\x0f\xdc!\x98Z\xf6\
\xe1q`\xf2`\x83\xaa\x0a\x04\x05\x1c;\xb6d\xb9\xbd\
J$ %b\xb5\xd0W\x9e\xa4lj\x96L;\xe7\
\xfa\x84\x023c,\x80\x1a\xab\xce7t\x8a\xfa\x0e\xe2\
AW\xefv\xf5^jg$\xd3\xcd\xe2\xd0I\x1cX\
\x02\x19;5$\x8d\x91X\x88\x94\xc8\x88X\x85\xcc\xb2\
\xd7\xedJ\x98\xcf\xb4\xfa\x0dt\xa5\x7f\xfb*\xe5\x02p\
t\x0f@+\xd3\xc2\xfen\xe9KU\xd5dd\xc6\x8e\
\xc0GY]o\xf8\x82\xfa\x17=\xf0X?A\xc0\x8e\
\xdcz\xf0uv\xdfs\xef\xdd~\xf0\xfe\xfa\xb9G\xec\
\x14\x15\xe8\x80.\xb8#\xefi0P\xd0+\x93qu\
\xfe\xa9\xd1{\xdfv\xa2\xfb\xb1\x0b1\x0d\xe6M\xb8\xb3\
\x17_\xbfqx\xfd\xc6\xfe\xad\x9d\xbd\x9b\xb7\xbex\xe3\
\xb5\xcf|\xf1O\xa7\x8b\x1a\xc3\xf1`\xfb\xd4\xf9S\xe7\
.\x9e:\xf7\xf0\xc3\x97\x9e<s\xee\xc2\xc6\xb1\xed\xb6\
\x1a\x9f\xd8<\xed\x10R#\xa2:\x18\x8c\x8b\x22,\xa6\
\x0ds\x08\xdc\xc3\xc5,\xdd\x80\x89\xc8\x9av\x19\xbb\xc6\
3o\x8f\x06\xde\x17 \x12\xe9\x0a\xe2\xc1d`\xc9\x9a\
&)5\xc3I\xf0\xa5v\xba\x88\xa8\xc7\xc7J\x0ai\
o\xba\xb3?\xdfU1\x15\xa4y\xd3u{*\xb6\x5c\
\xb6\xce\x87\xb6\xee\xcar\xf0\xe5/\x7f\xf1p:\xf5\x9e\
\xeb\x83\xe9\xa0\x0a\xce\x19\x19\xc6[\x1b\xc7\x8f\x1f\xf7\xde\
?|\xe1\xec\x13\x8f?\xb2\xbf\xb7\xe3\x9dg\xc7&L\
\xec\xbdw\x81\x81\x00\x91dfj\x1a5\x9a\x19\x8c\x82\
\xf3\x9a\xf2\xd9A\xc3A!\xd9\x89\xc1b\xec\xa4SS\
S\xf8h*\x88\xa0\xe8X\x1c\xc1\xa9jY\x86\xd9r\
ZmV/]\xb9\xfa\xca\x95\xeb%\x5c5L]s\
\xed'~\xfc\x99\x8f\x7f\xf0Qi\xf7\x1c+\xeb\x10\xc1\
\xc3\x0c\xb2t\xd4I}\xd0.g\x10\xf5\xc5\x90\x8a\x89\
\x85\x8d\xc1\xf0\xd8a3\xf8\x8d\x7f\xf6{\xaf\xbdv\xf7\
\xc7\xfe\xdd\x1f\xd9\xbd\xfa|\x8a\xadg&\x85C\x03/\
\xe4\xab\xe3\x9b<\xaf\xdd\xde\xbc\x06\x8a\x82Kg>\xc5\
\xd6\xb1\x9e\xdc\xa6\xca\x1d\xc6\xf9\xed\xd8\x0c \xbe\xf0\xa5\
\x0fY\xc0\x11\x88\x1c\xd8\x01\x996$\x041Kf\x09\
\x96\xcc\xac\xab\xf7\xd9\x0c\x96\x08\x91\x10\x0b\xd2bsh\
]\xa7\x12u\x99l\x8e\xbak\xdb\xd4\x8a,Uj\xd5\
\xd64\x99\xba\xaeK!\x0c-\xce\x16\xbb/o\x9f\x8c\
#s\xcc\xc6\x14a5\xd2B\xd3L\xbaCJ5R\
c\xdaq\xce\x03Z\x07 \x7f\xd5\xb1\xae\x1e\xd0\x03\x84\
f\xec\xc0l\xb0V\xa9\xe3\x12C\xc7]\xa6\x8b\x02\x94\
}\xbbV\xa1\x05k\xda\x05\xb1\xae?`US\xac\x15\
\xa7\x96\xb7-r\xa4|\xc8\xd7r\xfe\xf9Z\xab\x92\xdd\
=\xef\xffw\x14\xf4\xb8'a\xcd\x12\x03\x10\xe0\x9cO\
pm\x17\xe7\xf5\xfc\xd6\xce~\xbd\xec.\x9e\xde\xde\x9c\
\xf0\xe6\x08\xc7'\xfe\xe4f1.\xfc\xc60\xec\xdc~\
e<\x1a\x8aJ\x12\xf1\xa12DQ\x82\x99\x87\x111\
\x19\x13ifc\x10HQ\x98fWe\xee)\xea=\
!]V\xc9/Y\x10g\xab}\x0b\x11\xd8\xb2\xf9G\
\xdf\xed\x85cqf*\xc9\xc0`\x90\xa3:v[\xe3\
q1\x1cg\xb3\x90\x1c\x0a\xf5\xd6\x1c\xb6JkZ\xb3\
\xa9\xb2.=\xf7\x22|\x86\x1c\xe9\xfe\xc0\xe2|7g\
\x1f\xe7@\xc8\xdc\x92\xc94\xb1\xbf\x12T\x89\x8c\xa3f\
'\xa2\x8c*\xafU\xfb\x7f%\x8e\xff\xdb9\x88P\x02\
\xd9\x09\x07FF$\x061\x08\x00\x823\xb0\x03\xa33\
\x8d\xc2\xec\xe0\x1c,o\xd39/\xf3 \xc08)\xe5\
\xd0F2#\xa9\x19-\x5c\x02:H\x8d\xd4\x90\xb4\xa8\
\xbf\x88\xf8*\xba:5\xd3\xd8\x1cZ\x9a\x92.\xd8\x96\
\x8cz\x80\xce9E \x91u\xf6\x09\xd4\x00\x023\x01\
lJ+F\x19\x13a\xb5G:\xb2<\xdbj\xab\x82\
o\x06_d\xe7pD\xcdE\xcc\x94\xd3hW\xb0\xe8\
W7\xd3~SF\xcf[\xcc\xad\x02\x18b\xe9\x1b\xb1\
\x83\xd8\xa9\x11\x13\x87\xa2p\xc7*7\xd9r\x97\x9ep\
j\xd4%\x8e\xe9x\xd2a\xdb\xd1tj7o.o\
\xdcjo\xde|~\xe7\xd5/}\xf1\x0f~\xed\xf0P\
UJ\xa2\x8d\xad\xedg.\x5c\xb8\xf4\xf8\x13\x8f=\xf6\
\xf8\xe3\x8f>\xf1\xd8\x89\x13\xdb\x93\xb0\xc9\x8e\xba\x14\xeb\
\xb6\x91\x94\x02-X\xe7*Z(\x9c\x22\xa9\x15E\x95\
\x9aE\x14\xed\xa22\x93U\xc1*A)\xcb\xd8\xb8\xca\
U\x83\x22I\x1aU\x83\x94\xe2b\xb9\xdc?\xdc\xef4\
z\x1a\x01>\xc6\xd46\x9d\xaa\xc2(I\x84\xb3\xe7^\
\xfc\xd2\x97\x9e\xfb\x82\x88\xdc\xdd\xdd!\x8b\x83\xd2\x9bI\
U\xb8\xe3[\xe3\xd1(\x1c?\xbeu\xe9\x913e!\
m\xb3LD\x84\x11P4\x94\xd9\xee\x04 \x14!\xc3\
\xd8\xab\x02-\xa6\xb4\x14U5\xcd\x17{f:\x13$\
\xe3M\x06\xebR\x12\x15\xd3\x04\x02{fb\x80\xeb.\
y_\xce\xf6\xda\xab\xcf\xefH\x1b+,\xa5y\xf5\x07\
\x7f\xe0\xd2\xc7>\xf1\xe4\xc05\xdc\x06tA\xd5\xb1\x0a\
\xa8f\x9dA\x0e\xdb\xe5a\xbb@U\x1d\xf7\xd5\xd0\x5c\
\x10\xf8\xf9\xac\xaa6\x1f\xf9G\xff\xc7/\xfcW\xff\xf0\
\x1f\xde\xba\xf9\xda\xad\x83=\x93\xae\x00\xd4:P\x22(\
$n\x0c\x8a\xd3[\xdc5\xf3&\x91p\xc5\x18\xa4\xae\
e\x84\xed\xcd2\xd5\xd3\xc5|\x074(\xfd\xa4\x1a\x07\
n\x1d\x5c\x03V\xb0\x07\xf5~\xe7\xa6b&fI,\
f\xba4'\x98\x09,\xa9%\xd3\x04K\xb1mb\x17\
c'\x22*I\x09Fd\x86DH\x00\x13\x97\xccE\
Q\x94\xbe\x9ct\x06\xf1\x84\x92|\x8c`\x05:\xc4e\
\xecf\x12\xe7).I;hbSZ\x15\xf9_\xe3\
\xdc\xa4~\xab\xbe\x22d\x03L\xa4F1vB \xe6\
@\x8e)\x11\xf1=\xb6\x13Y6\xb8\xc8o\x90\xdf\xe7\
\x81\xab\x8d\xfa\x98\x93{\xbc\x0c\xeb\xaf\xf9u\xdd`\xbd\
\x17\xe8\xba\x85B\xbd\xf78\x8e\x14\x1c\xab\xe7\xad\xea\x0f\
\xeb\xb1\xc7U\xf1\x02\x89\x1aU\x88\x8a\xed\xe3'O\x9d\
\xbex\xe9\xb1\x8e|\x08A\x0dM\x8aKI\xd2t\xb3\
\xc3;\x87\xaf\xbe|\xfd\xf2\xdb\x9e\xac\x06A\xeaX\x04\
'\x92\xbbv*\x92\xd0\xd7\x1ay?\x06\x02\x99\x96b\
\xc3\xfc{\xd0\xbd\xf9\xa9\x0fd\x81\x19 \xec\xea\x15\x22\
l+\x1c\xf5\xbe/\x80\xc9\x19\x92)@\xce\xe0\xcc\x9c\
\x0f\xe5dc\x0b\xa1\x84\x1a9\xbe\xa7\x92y\xab\x8eL\
\xed\xf2\xde\xaf\xf3\x1d\x01\x84\x10\xfc:2#\xd3\xb2l\
\xe5\xdd\x91\x97\xea|\xe9\xae9\xa89Q\xfa\xad?t\
\x95\xde\x94C\x19\xb2..\x93\xe9\xbe\xa7\x9e\x05\x88\xac\
@?\x07d\xfb<\xc9\xae\xc0\x06d?.S\x85\x0a\
\x98\xe1K\xb0\x99\x10Yn9\x06\xb3@\x80A\x0b\xd7\
\x02\x1d\xd0\x00K\xf0!\xd2!\xea]\xd4;\xed\xfcN\
\xd7\xec\xa7\xae6\xbbB\xb8\xc3l\x8e\xd4\xb1\xb8\x22\x92\
vL\xc9q2\x8d\xaaQ\xd58T\x94\x1d\x00\x95T\
A\xf0\xc4\xc1\xd4\xf5}M\x03\xfb{\x10\xd5QQ\xd5\
\x9a\x0e\x09\xd8\x03\x89J\xdf\xd00c\xe7\xd89\x15I\
I\xa0\xe2)dJ\xd9=\xb7\xa1\xb7\xc8\xe8g$\xa3\
<\xa5i\x01\xd9vF.3\xde3\xaa\xa4\xb1\x93F\
):O\x1cH\xcbY+{\xa9\xe0\xb3\x1b\xe3g.\
n\x8a\x9et\xbce:\x11\x1d\xcegr\xfd\xfa\x9dk\
7\xf6\x9e\xbf\xfa\xea\x8d\xdb\x9f\xfbW\xbf\xb7\xf3[\xff\
XR\xc4pt\xfc\xf2\xd3\xef}\xe2\xc9w<\xf5\xb6\
w\x9e?\x7fi\xf3\xd8\xb6r\xd3I\x17\x05]\x02\xa8\
\x0a\xd5\xc6\xbc\xd3\xd9|\xa1p\xe4C\xec\x22\xba8\x88\
\xe3\xaa\xaa\xdaz\x16\xa3\xf8P\x88\x9a\xa8\xd6M\xbbX\
`\xbe0\x80\xc9E\xe7Rp\x14\xa3\x99DvV\xd7\
\x8b\xbb{;\x7f\xfc\xc5\x7f\xd9\xc8\xf2pz\xb8\x7f\xb8\
\x17\xb4P\xd1\xe1pp\xe2\xc4\x89\x22\xf0\xe6\xe6\xe8\xf1\
\xc7\x1f9~|3\xc6v\xbcQIJ\x12\x9d\xa9S\
U\x13\x15\x05\x01u\x17\x89\x88\x9839\x85\xd8\x81F\
\xc8\xceh0K&\x1d\x11\x19\xf7|\x1d\x06\xe0\xca\xc2\
\x07EY\x80D\xa1f\xa6\x92\x98\x10\x9c\x7f\xee\xd9\x17\
u!\x85.\x10_\xfc\xf8\xc7\x1f\xfd\xb1\x1fy\x1a\xb8\
\x01v>\x8cI*4lqJ\xb4d:\x94\xe5u\
D*\xfd\xf1\xb2\xdcB\xe0\x8e\x88\x8a\x8d\x8d\xea\x89_\
\xfa\xdf\xfe\xd9\xa3g\xdf\xf9\x8eG\x9f\xf8\xdd\xdf\xfaU\
\xe5\xc4d\x92Z\x8bM u\xcek\x97\x1c\xc5\xe3c\
\xb7\x18\xeb\xdd\x03\xccu\xc1L\xaa\xb0\xe4\x87\xc5f;\
\xbb[\xd6\xd3\xba[\xaa\x8bq\xa1R8\xf2\x8e\x9d'\
rDlj\x22\x02\xca\x9a\xed\xa4\x96T\x05\xd0\xd4\xa6\
l\xb6m&\xc8ZOf\xcb\xe9\xee\x14\xbc\xcfH\xbd\
\x99e\x89\x00\x83]2\x1e\x8e7\xead\xc2i\xb81\
\x10[8'H\xad\xc6e\xecf).\xa1\x0d\xb4!\
\x13G\xfd5`\x04}p9\xbc\x7f\xac\xfa\xb2k\x90\
\x8f\x88L\xb5mcQPU\x8eS\x12[\x01\x12\xa0\
#\xeb\x7f\xef\xbe\xd3W\x1e\x0f|\x86\x1az\xcf\xf1\xbe\
T\xb0\x1e\xc3Xo5\xfa\x9f\xaf\xb6\x06\xf9\x91#\xf0\
\xc7\xd1\x22f\xf5\x88\x12\xbb\x953G\xfe\x01\x83\xbd&\
N\x091\xa1\x1a\x0eOMJ'\x8b\x83\xf9\xfe\xac]\
F\x22\xf8A9<\x1eF\xd5\xf7\x9dy\xdbxXj\
\x5c6)&i\x1d\xd8y2\x85&\x89\x96\x9cc\x18\
\x98,\xe7\xd2\x99\xeb\xf2\xa7\xf4\x87O\xeb\xb6>\xads\
X\x8c\xd6\x10\x0f\xd0\xf7z\x14\x94]7\xb8/\x93\x8d\
\xc0\x9e,$\xa1Dn\xfb\xd4\xd9\xc1p\x03\xc9 \x06\
G\xaao]\xe5J\xee\x90d\xb7\xc0\xb59\xd0\xdaC\
\xcbg\xba(\x8e(h\xf3\x8d,\xb5\xa7\x95\x83X~\
\x99\xad\xc6[\x1c*X\xb3Jie\xe7\x9c\x1d\x9a\x1f\
p\xb2\xfak;H{\xb6Eo\xb7\x05\x18\xf2\xfc\x8c\
\xdcR\x89\xc2\xecJ\xe7\x9c1\xc1T)\x11\x19\x93\x10\
r\xcf2\x92-\x10\xaf\x22\xce\xba\xe5AW\xefi\xb7\
\x87\xb8\x97\x9a]\x92C\xd6\xb9G;`\x85\xef\x8cb\
_\x13\xa8j\x16\x91\x12\x01\x81\xe0\x8d\x0a\x90\xa8J\x86\
9\x88\x9dg\xaf\xc2\xa6\xb9\xc0\xcd\xbe\xc2\x0e\x88f\xd9\
AR\xfbML\xcf\x16\xbd\xf7\xff71\xfaM\x02\x11\
;\xe7\xccDU$\x87.\xf4\xed\xa25\xe0q\xff\x8b\
\xbe3\xe3\xfe\xce\x97\xad\xf7\x90 \x00LH-\xc0\xf7\
\xf8od\xc4(-\x80\x81\x04k\x05\xe4K\xf2%\x18\
J\xdaM5\x1er8\x10a\x06\x1f\xaf\x8a\x13O\xf9\
w<\xc5\x9f\xf4'\xbbx2\xa6g\xea\x86\x0e\x0e\xe4\
\xe0Pn\xef\x1c\xde\xba\xfdO\xff\xf9\xff\xf5\x1b]\xc7\
>\x0c\xc7'O\x9c\xbb\xf8\xd8#\x17\x9f\x9aL\xce\x84\
\xe2\x98/@\xec@\xb5\x0f\xce\x95\xce\xba\xda\xd4R\xdb\
\x85\xc1\x96\xc7r\xbe\x9c6F\x0aJb0\x0e\x84\x92\
\xd1u\xad\xaa:O\xcc\xdeS6\xb6P\xa8\xbbyc\
w4<6\x1env\x1d\x8e]:%\x0bi\xbbn\
<\x1e\x8d\xc6\xa3\xd1d\xf3\xd4\xe9\x87\xd8\x0f\xe7\xcb\xce\
9\xd7\xcc\x1a\xe7\x9c\xe7\x94\xfb\x0cD=\xec%\xbd}\
\xa4\x82\xd4\x88\x04\x94R\x8e\x16%\xb2\xcc_\x03\x08\xa2\
YD\x0d\xc04)\x1c\xe0\x09\x1eF\xa6P\x070\xe3\
\xda\xd5\x17\xee\xde~\xb9b_\xf0\xfe\xc7>\xfe\xd4\xc7\
~\xf8\x1d\x95\x9f\xabD\x95\xe4\xfc\x10.\x82\x0cq\xae\
\xf1@\xd2\x9et\x8b\xc2o\xb9j\x03\xc5$9'\x5c\
D\x1d\xef\xee\x1c\xfc\xe6o\xfd\xce\x7f\xf2\x9f\xfe\x17\xbf\
\xf4\x8b\xbf\xe0\xad\x15\x88I\x94\x14\xd9\x90i\x92\xec\x5c\
\x12c\xc6\xc6\xb8Z\xb6\xcd<r2\x0c\x9c\x17\xd5\xaa\
,\x82\xe3a\x19\x1c\x9c'J\xb1K \x92`H\xc8\
\xb6\xdf\xf7\xdc-\x0d\xd0\xd5J\xc5E\x18\xf6\x88\xb4\xe3\
\x9c\xed.\xfd\xfc\xed\x98\xbdi\xf6-c\xd3\xbcW \
\x02X\x95\xd8;\xd7N6\xc2`D\xb1\xdd\xe3\xd8\xa6\
\xd4t\xedR\xa5&\x8b\x84D\x96zS\xee\xdco\xfd\
z\x9d\xe8\xfb\xae\x13\x02`\xa2I\xd5\x9c\xe3U+\xd6\
\xee\x15\x0bf\xb6\xf6\xde:r\x92\x1b\xb2\xb5\xe7\xfd\xd7\
\xc0Q\xc8\xc2,\xf37V\xc0F\xee\xa3\xf4\xf2\x93\xd5\
33\xa7k}\xaf\x87\xc1\xee\xf9\x81\xf5\xb4\x13Z\x8b\
V\x0c\x99j\xc5\xa6<\x9f\xd7\xcbf\xaf\x10\x0c`\x08\
\x93\xd1\xe8D\x0d\xde_\xc8\xb5\x9d\xf6\xc6\xeb\xaf{\xf6\
\xcf<u\xe9\xdc\xa9M\x89\xa5)\x98\x8d\x1d\x81@\x8e\
L\x90$\x19\xe0rC\x08\x19[\x8a\xd6\x138\x14\xb0\
\xbe1l\x8e(\x93<\xd8\xe0\xeeS\xd5\xae\x8el}\
\xa1g\x92\x1c\xc3\xabyE\xa8\x86\xc76\xb6N\x93\xab\
`\xee\x88[\xda[w\xe4\xfeIUU\x99\xac\xbd\xce\
e33\xbf\xde\xfa\xe7\xda\x22wR\xe8H\xc2\xd3\xd1\
\x82#\xbf\xd1[\xb9\xe0X\x97\x1a\x19\xaa\xc9hG.\
5\xea\xba^K\x07\xdf\xec\xc3|S\xc7jwA$\
\x86\x84\xec\x83a\x8e\xc9\x01f\xd2I\xd7*\x0f\xb9\x0c\
\x06\x18\x12Q\xedh\x09L\x81%0G<l\xea\x03\
m\xef6w>ki)\xa9fk\x0b\xd7yj\x83\
-\x1c7L\x0d\xa3\x83%McC\xb5B\xd5|.\
gUU\xcc\xc8\xc0\xcc\xec\x0c\xa8\xb3\x83\x11\x11\x139\
f\x07\xca\x96|0S\xa8\x89v\xd9\xefg\xbd\xde\xf4\
\xea\xaa\xd5\xf9\x09\xc0\xf1_\xf8\x0f\xda\x9f\x03\xf9\xe5>\
\xb0i\x17#\xfa\x06\x0e\xaf\xfc\xd5\x8f\xbc-\xad\xe6\xad\
o\xfbx\xf0S\x88\xef\xcd\xb5ffH\x1cVV\x22\
f}\xb7\x9b\x02\x94!\x040!x\xf5\x803\xa8A\
\x98\xad*LuI\xde\x88\x15H\xaa\xc2\x96\x1c\xa5\x81\
s\x09n2,N\x8d\xc7\xf4\xf0\xa4K\x95\xd8\x16\xd1\
\xc8\xa8\xec\xa2M\x1b\xb7\xb3\xbf\x7fx\xe7\xff\xa3\xe5\xd9\
\x13'\x1f#\xda%\x0d!\xb5\xde\x05\xeb\xd4\xa7\xb6,\
\x06\xcb\x05s\xd7\x8e|\x8aa\x1a\xbb\x04rB\xa4\xc6\
m\x14j\x96.iUM\xd8\x82)A\x99,\x98\xe2\
\xfa+\xaf,\x0e\xf4\xd8\xf0\xfc\xee\xee\x9d\xb3'\x9ed\
\x90\x8dcQ\x14\x9b\xc76\x89\xe9\xdc\xb9s\x0f=t\
Ar\xdc\x87)y5\xb36\xd6D-\x11\x11\xc8R\
\xc6\xb7\x5cN\xe2\xc8h\x07\xb1\x0b\x95\x17M\xd6\x87\xf0\
\xc2LE\xc5\xc82I\x8f\x88\x0a7\x10CL\x1a\xa3\
\x99#\x90)\xd2\x8dW_\xb8\xfa\xe2\xb3>\xce9\xd0\
'>\xfa\xe4'\x7f\xe0\xec \xb4\xb1m\x83/\xca\xa2\
H\xcd\xc2\x13\xe0\x13\xd2T\xda\xc3zv\x18\xbc\xf7\xd5\
\x10U\x95\xc8w\x18[\xd8J:\xfa\xef~\xe1\xbf\x7f\
\xff\x87\xde\xb1s\xe7\xf9\xf9\xe1\x0d\xe7MRG\xa6\xce\
\x10\x5cA@\xd3&\xf6\x95\x12E\xc1`|l\xd3\xea\
\xbb{\x16[\x0f.\xcc\xda\xb2\x1a\x0dG\xa3\xeeNW\
Z\xc8VX\xbe\x0c\xae\x18\xa6\x94\xbb\xfb\x9c\xaf\x8b\xbe\
\xb8&%\xea\xd7V3o\xe0\xbc\x89\x16\x10\x91\xf3e\
P\x05@j$\x22\xad\xa2\x8d\x16\xdb(m\x94\xaeC\
\xea\x1e:\x7fz\xb1<\xac\x86n0v\x90ij\x0f\
d97K*\x91\x90\xe5!\x02\x13Zo?\xcc\xcc\
\xd1\xd7+\xb5i\x85X\xf4go\x8a\xd1\x88\xcaj\x90\
\x92\xc5\xd8:\x0e\xd6okV\x08\x85)\xf7+\xc8\xbd\
\xf6\xc0\x1b*\x8e5\xa6\xb1.\x22\xeeiPs\xdd\xa2\
\xeb=\xc8\x0a\x0a\x5c\xa7\xce\xaf\xf6&\xb0\xfe\xa1\x9e\xbf\
\xb1\x0a\x81\xebO\x8a\xfc\x05\xaa\x12\xc8\x15\xc5`\xbc\xb1\
]\xd2p\xbe\xbb\xbcv\xe3\xd6\xf5\xbb\xb7\xae\xed\x1e\x5c\
\xdf\xa9w\xee\x80\x0c\x95\xc3\xb9\x93\xe77\xaa\x98ZT\
\x9eU\xd5\xa0D\xcc\x8e\xd8\xb9\xa6\xee@\x04r0\x10\
92%S\xeb\x89^\xab\xee\x8a1\x19\xb31\x993\
8\x85\xcb\xa2\x19\xca\xfb?[W\x1f\xebo53\x01\
X\xd4\x91\xab&\x9b'C9QW!T\xe8\x1d.\
\xbe\x81\xb9\xe4\xcd\x1bY\x09OD\xb9\xe0\xc8:\x95\xdc\
K\xf1y\x19\xc8\xc6>8\x02I\xbdQ\x99B+\x0f\
\x8c\xb7\xf2X\x1f3\xad\x14\xf9k\xd3\x91\xe1p\x18c\
\xcc\x8e\xcb\x99\xde\xf1\xd7\x97RJ0Kf\x11\xa4\x06\
o\xea .F8\x22I\xc9!U\x03\x83\x0al\x09\
;\x80\xee@o\xa1\xb9\xda5\xd7\x9a\xf9k\xb1\xb9i\
:\xf3\xd6\x8ce\xc9\x99y\xce\xe6`0U\x93Lx\
#0\xa8`!\x88\xac\xd6K\x02\x88\x15p\x0e\xec\x01\
 *\x22k8\x96\x97\x8eL\x0c\x81\x8a\xcaJ9\x06\
\x80\xc0\x0e\xab\x89i\x85U\xae\xbb\xccyg\x8b\xbf<\
\x00aDT\x14!\xa6$\xa2\xcc\x08\xce\xaf\x19N\xc8\
g\xc87x\x92\xbcQ>\xf3\x17?\x98\xaf\xf1@f\
\xecJ84h\xf6j$sd\x9e,\xd3nV{\
Tr=\x05f\x05\x070\xb9\x9c&\x03\x0bd\xe6\x0d\
\x94\x1c\x80\x12\x062UQ>\x180KN\x9b\x00\x06\
%\xb6|\xf1\xf8dL\x0fW]\x97\x88\xa6\xd5\xf0\xf4\
\xb2\xb6C[Z\x07.\xb8I\xcbf9\x08x\xdfX\
\x17\xd3\xc5\xb4l\x16\xc1r\x5c\x8c\xef\x22\xb4\x8e\xc3\x98\
$\x91c\xc7\xe5@\x15\xcc>&\x5c\x7f\xfd\xf6\xcek\
w\x11\xcb\xa6\x93\x01N#29\x19l\xc8d2a\
\xc7g\xcf\x9f?w\xfe!\x22r9!\xd7,[\xbe\
V\xa3A\x96J\x99Q\xaeP{'\x06[/EQ\
u\x0a\x80=3\x93\x121\xc1\xaff\xb0^\xca\xdb\x15\
\x10\x0f\x09\x8eK\x13\x16\xe9\x0e\x0eo^{\xe9\x05/\
w\x1f:\xc3\x1f\xfd\xf0\xdb?\xf1\xe1'C\xbae1\
\x047!s\x88\xad\xb7\xb9\xc9\x9e\xa6}iZKV\
\xfaI\x08C`\x80\xd2\xa9\x90\xb9\xcd\x83Y\xf5\xec\x0b\
Wwg;\xff\xc1\xcf\xfd\x9d_\xfe_\xfe\xd7\xa2\xec\
b+%\xf2\x96\xd5\xab288\xef;\xa5V)\x82\
\xa3\x91\x1fnl\xa2(\xdd\xc4\xb5\xcbr0\x1dM\xb6\
\xa2\x92\x82\x12\x131\x22H\x18\x8e\x82P\x91\x83\xc7b\
L\xde\x97\xaa\x9a\xe1\x01\xe2\xdcO\xa1\x14\x0bU$\xd1\
\x94T\xc4D\x93h\x14\xd1\x98bLID\xe6\xc4\xb3\
(\xa9i9\xc6f\xba\xbf\xbfs\xe3\x03\xef\xb9\xfc\xe8\
\xc3\xdb\x93\xd10u{\x07\xb3\x03\xef\xd4\xab2\xcc\xb1\
\x82\x84\x90\xd5D\xe8\xe5\x13\x96\xab9\xd37\xe2\xc2\xf7\
\xd14I\xb2=\x0d\xc3\xccbl\xc5\xd4\x87\x22\xa5\xa8\
J\xb0\xe8\x1c\x1be\xa9mf\x859rNU\xd6u\
B\x061\xf2\x12\xfb5D'+\xa9I\xbe\xb7\xe6u\
\xad\xe1?2\x98\xdc\xeb\xbd\xe6\xd3\xfe(O\x82\x00\x88\
\x18\x8e\xbe\x00\xe8\xe1\x0a\xa2$\xf2\xdc\x0b\xcf\xbd\xf8\xd2\
\x9d\xe9\xcc5\x9a\x1aX\x22_ln=qjr\xe1\
\xcc\xd9\xc7\xce\x9f\xda\x08\xedrz\xa7p\x0d\xb31\xbb\
\x95\xae\xc6\x0cZ\x94\x85\x01\xa2\x96\xa21S\x81\x91\xd7\
\x12\xcc\x96ii\xec\xc8\x98\x8d\xc8\x1c+\x99XR\xb1\
*%m\x8b\x22\xc0$\xa5\xb6g\xde\xe7y\xcf\x8c\xb2\
\xfb\x0f{\xa3@T\x0cF\xc7G\x1b\xa7\xe0\x87j\xc1\
\x99\x03\x1c\x88\xff\xe2\xfb\xac\xef\xdcX\xe77\x1d\xf5\xf8\
\xc1jQ\xf6Y\xd0\x82\x15\xb9\xf2\xbbo\x01>j)\
\x91\x01\x8f\xcc\xf08\x9aF\xfb\xdd\xf7[\x7f\xadA\x80\
*93\x88hb\xf6L\xce\x0c\xa9M1\xee\x8f7\
\x0c\xc5\x12\xf2\x15\xb4\xb7\xb0<hg\xb7\x9a\xc5-m\
vI\xf6\x03\xe6\x03,&h\x08\x1d\x90\x10<\x0cP\
2cU2\xf2\xa0\xa0`3\xceH\xa8c\xe3\x90c\
N\xfb\xb9L\x920\xc8\x19\x81\x09\x81@\x9e\xa9\xcc\xcd\
\x17KbH+dQ\xd1[\xe5\x18\xee\x89\xcd\xbe\xed\
\xdfK\x08\xc1\x9c\x89J\xdbv\xde{\xe7\x18+L\x05\
\xaa\x19\x0d\xfc\x8e\x1c\xc9\xd7\xfe\x14/\xb2\x9dacZ\
I\x06\xfb\xff)\xcfYj\x1c\x8dd\xd5?\xee)\xf4\
Dnu\x83\xa0\x84\xd43\xe4\x01e\x18\x9b\x99$b\
\xe5\xde$\x09\xceE\xcf\x9d$\xc7(\x1c/\xd8\xa7\xaa\
$\x91&\x99\x19\xc3\x17iX\x96\xe3\xad+\xa0\x97I\
\xf7\xaa\xd0:\xefS\xb2\x94\x90\x22\xd5\x03\xe9ZU\xe1\
F\x86B\x83(\xaa\xc2\xfbw\xf7_~\xe9\x05\x0f\x12\
3Ru\xe4}(}(\x06\xe5\xa8\xf0r\xf2\xd4\xa9\
s\xa7\xc2\xb0X\xaa!\xcb\x08Wg\x00\xa98\xc0\xf5\
\x1dn\x90\x19\x9c\x0b\xe8\x09y\x94\x17>r#\xb5\xbe\
\xbcP\xb1\x98=\xcdr\x8df\xa6\xaa\x03([\xf2\x5c\
\x00\x22\xb1E7\xbf\xf6\x95?\xa6\xf6\xd6\xf7\xbd\xf3\xc4\
\xdf\xfc\xc4\xd3\x17\xce\x0f\xc9n1\xb7@\x09\x0d\x10\x0f\
\x9d\xc3f&w\xbb\xeev\xea8\xf0\xb1jr\x0a\xbc\
!\xd6\xc9\xb2\xb3\xc1\xb1(\xe5xr\xfe7\x7f\xfbW\
\xfe\x8d\x7f\xf3g?\xfb\x85O_\xbb}\xf5\xd4\xb1K\
wn\xec\x05\xf2\x99\xf7\x97\x04M\xd4&\xb5\xbe\x1a\x8d\
\xb7\xb6\xb7N\x9c:}\xf6\xdc\xb1\x13\xa7\x07\xc7\x1f>\
\xbeq\xfa\xfc\xd6\xe6\xb9\xc9b\xcb\xff\xe9\x9d+\xbf9\
v\xae*7\xda\xae\xd00\x8c\xce\xed\x1e\xb6ww\xa7\
\x07\xfb\xd3\x98\xb4kc\xdb\xc6\xb2(s\xb4:\xd8r\
riY\x1es\x1c\x9c\xf3>\x14\xdey\xa2l\xe3\x96\
b\xea\xba\xd8\xc6\xae;TY\x9av\xcbe7\xdb\x1f\
\xb0\x9e?\xbfu\xf6\xccdP\xa6\xd4\xeci<\x08\xb6\
\x0c\x8ez\x02\x13\xb2\xf2KA\x99!Nf\xbd\x02\xf9\
\xab\x9e\x88\xab\x87\xef-\xe7\xcc,\x1ac\x8a\xc4T\x84\
\xa2\xa7\x95\x92\x81T-'\xf885\x83e\xe6\xe5=\
\xc4\xd0\xd6d\xceU7d\xfdX\x7fk\x05eh\xdf\
c\xb2\x95Dv%\xf1\xe8\x81\x965G\xe4\xc8q\xae\
;+\xab\xe3D/v\xb7\xf5\xe6@T\x5c(:\x95\
\xc5r*\xd2m\x9c\x18\x0f\xcfm\x19\x1b\x17>\x94e\
\x08\x83\xd2\x15\xc1\x94\xf4F\x8a\xf3\x81\xaf\xbd\xab\xd7\x82\
\x9a\xfc\xdd\x19\x98\x1d\x83\x1c\x04)iJ\xf0\xbep\xe5\
\xc8\xc8\x99\x0b\xce\x15p\x85\x19\x82\xf3\x0e\xd0\xd8i\x8c\
\x0eJ>ZjD\xc5\xb4\x03\x021A\xd2\xfa(\x01\
cf\xb0\x8f\x89]\x18N6O\xc2\x0f\x0d\xa5Q\x01\
\x84\xde}\xff(L\xf4\x16\x1bk\x02\xe8\x03\x8f\xf7}\
\x96\xb5\x91\x0e\xfd5\xf0\xee\x5c\x07J\xad\x8d5\xdf\x98\
C\xf1\xd7\xa5\x04!01@m\xd3HL\x03?*\
\x5c\xe7B\x0b\xbd9}\xed\x8b\xd4}\x1e\xed\xf3*\x91\
\xb4\x0b\x96\x02\xd4\xb1r\x86+\xa4D\xf2P\x89JF\
\x8e\xd8\x13\x17\x14\x0aP\xc1\x5c\x19\x07\xe6\x92\x5c\x00y\
\x0b\x9d\xb9\x8e`P\x81&\xd2\x14L \xd1R\xa4L\
~$\x87\x16\xab\xc9\xcb2'.\xef\xe4\xfa\xb2\xa3\xbf\
\xac\xbeC\xa7e\xa6\x1b\x9a\xb1\x90\x88\x0a\x00b\xe2\xdc\
V'\xac\x8e\xe7\xcf\x1f\xf6-:m\xbe\xce\xdb\x10t\
\xd4k\x88 X\xc5\xf0\x82\xc4 \x04]9+Z\xb6\
f]#\xcdf\xd6\xdb\xb4\x83\x89\xe0)k s%\
Ef$\xc6f\x0c\xe6\x0crF\xeb\x22\xd4@\x91;\
\xc2L#W\xe3\xad\xca\xdb\xb2n;\x91P\x86\xaa2\
G\xcf5\xed\xd2\xd9|T\xa2,K\x03@\xde,H\
r\xaa\x9e\xa9\x10\xb6hM\xd3FQ\xbep^\x1e:\
\xbby\xeb\xf6^\xdd\xc8|\xd16\x8dtQ\x0d\xe5\xa0\
:\x15\x8a\xe6\xdc\x89\xe1\xa4\xba\xa5i\x87\xe1\x0dlp\
D.;%9\x94@ \xce\x8e^\x8e\xc0\xaa\xd94\
\x96\xa9\xf7\x95\x22\xd3\x129\x91\xcfA\x1dQ\xe9A\x0c\
f\xcb\xa4!Ui\xf7\xab\xc0\x87\xfb\xfbU\xf0H\xb3\
\xcf|\xea\x9fnm\xe8'?\xf9\xf4\xc7?\xfa\xd4\xe6\
x\x11\xbb\x1d\x17,\xa3j\x10Cj\xd1-U\xe7]\
\x9cv\xcd\xd2a\xb3\xa86P\x1cC\xb1\xe5\x90\xbaT\
/j\xe2j\xf8\xe9O\x7fa:m\x8fm\x9d\xfdG\
\xbf\xf1ka\xb0q{\x7f\x06?L\xe6\x93\xa8\xf3\xd5\
\x89\xd3g\x1ez\xf8\xd2\x93o{\xfa\xa1\x8b\x17\x1f~\
\xe4\xd2\xf1\xed\xe3\xe5\xa0rE!~\x80\xe8\x9d\x08\xf8\
\x8e]\xfd\xcak\xb3\xfd\x8d1\xd7u\x0a\xd5\xf6R\xca\
?y\xfe\xca\x8b/\xdf\x8a\x9d\x1f\x0eG\x1b\x93\xad\xd1\
h{\xb4Ue\xa2\xd1\xea$TS,\xe6MJm\
lgm\xd7\xc5\x18U\x92HL\xa9\x91\xd42\xab\xf7\
\x1c\x1dx\x106G\x83\x13'\x8e?z\xfe\xe4S\x8f\
\x9c\x93z\xcf\xd9\xd2\xba\x05[\xed\x9c\xb0\x91\xc0\xadl\
\xc5W\xab\xfe\xd1>I\x86\x90\xbe\x1aA{\xc5\xdc\xcc\
]Q\x92$I\xc5\xcc<;\xe6\xb55'\x00\x15\x89\
\x8e\x1d\x88ab='+\x03\x16z\xb4\xbc8R_\
\xdc\xabtl\xa59\xc1*{~\xc5\xde\xb8\xbf\x1eZ\
\xddz\xe0@\x0d\x0f^\xaf\xd6\xe78*\xc0\x99\xd0\x9a\
41\xa7\x0c\xa2\x14\x15\x0d\xc9\xcf\xb4Qi\xbb6\xc6\
N\x1d\xb9\x8e\x5c\xc5\xb49\x0c\x831JWK\x9c\xb1\
m\x10\x5c\xaf\xb7%\x98e1\xbf\x079\xc7\xcc\xde'\
\xb3i\x8a\xa3\xc9\xa4\x1cnE-\x16K)\x8aJ`\
\xd0\xce\xbb\x10\x0aul\x12c\xe1\x86\x92\xea\xa8\x0b3\
\x93\x94\x98\x98zJG\xae\x02\x9d\x19\x9bqY\x8d\xcb\
\x8dmpeT\x18\x15FnUx\xbee)\xa4}\
\x93DDr\x90Sfe`\xa5\xed\xf09\xa8\x09G\
r4\xbe\xfb\x16\xdd\xdc\xf8_w\x8brc%\xc6\xd8\
4M\xf6*9\xfaS|7~\x03\x0f\x0efHJ\
\x10\xf6T\x16>\x8a\xde\xb8v\xe5\xee\xcd/\x1f\xee}\
\xfe\xd4\x89\xbdS\xa7\xe7\x5c\x7fa\xc875\xd3'\xcc\
\xab\x95\xc4c\xe8\x881B\x18\xa3\x1c\xc0\xbb0\x8c \
\x02{\xb8\x00\xf2 \x0f*@\x0e\xe4A\x0e\xc4\x89\xdb\
\xc6%\xc7\xf0\x10\xd6\x8e\xb5\x93n\xae\xdd\x226\xf3\xd4\
\xd5&\xd1[7TY\xed\x16\xb2U\xa7\x18\xe4>\x1a\
{fJ\xde7\xe8\x0dw\xbf\x05\x7f,\xb3\x0c\xd8\x83\
\x08E\x08\x22\x22*l\x04\x063\x1334}\x03\xbd\
\xedo\x09C\xf9k\x7f\x8a2\xa2\xf5 F\x96\xfb'\
\xa2\x04$\x22\xa5>Sb\x00\x19\xe0\x81*\x88aH\
\xe8\xa7fQ\x1f\x81\xcc\xb3\x09\xd9\xd3\x90y\x00\x04 \
\x00\x8e\xe0\xd5'\xf5F\xe4X5%[\xc2\xc3\xf9b\
k\xe3\xd8\x89B\x8d\x08\x8e$R\xb7\x17\x10\x06~\xe4\
<\x81,\x89\xe4E\xc5<\x99\xb2c\x97x\xc7\xb8\x96\
\x91\x89\x10\xb6\xc3#\x17\xbc\xd1\xb6\x9a\x13\xa5\x98\xb4\x8d\
\x22\xb1lg\x1bj(Jk\xbb\xdd\x18A\xae\x8cB\
\xa2\x14\x13b2U(Ff\x85\xf5j\x13\x98\x91\x83\
\xa3ll`\x0c0iI\xddP{\xe6\x1d\x04\xac`\
\x01\x1b\xb9\xa8\x96DE\xd4\x17\xdd\xe1t\xff\xf8V9\
\xdf\xbbr\xe3\xd5?\xf9\xe0\xbb\xc3\x87\xde\xff\xe4\xe5'\
N\xc3\xf6\xff\x7f\xf6\xde\xf4\xd7\xb2\xec\xba\x0f\xfb\xad\xb5\
\xf6>\xe7\xdc\xe1M5W\xcf#\x07\x89\xb6d\x12\x94\
H\xab!)\xb0i\xc91\x0c\x09\xf2\x87\xc4\x0e\x92\xc0\
\xf0\x9f!\x07\xd0g\x19\xf9\x16\x1b\x08\x9c\x18\x11\x9c\x88\
\xa2c'\x92\x02Sb\xc4h0L\x8a\xa4DS\xad\
\x81d7\x87nvwu\x8d\xaf\xde{w<\xe7\xec\
\xbd\xd6\xca\x87}\xee}\xaf\xaaZ\x12E\x91\xdd%\xa3\
7\x1a\xaf\xeb\xbdw\xeb\xd6\xb9\xf7\x9e\xbd\xf7\xda\xbf\xf5\
\x1b\xac\x9bM'\x11\xa6\xaeL\xde\xc32r\x8b\xf6\xd0\
\xd2\xd2\x92\x07\xda\x1b\x8d\xaep}\x11\xd6@\x90r@\
8\x1fd\xf7\xb5kw~\xfe\x9f\xfd\xb3\xbf\xf5\x13?\
\xf5\xeb\x9f\xfc\x5c\xea/Lw\x0e.^:\xb8t\xf9\
\xd1G\x1ey\xea\x99g\x9e\xbbz\xf5\xd1K\x17/\x1f\
\x5c\xb8x\x1a\xddc-r\x07\xacu~m5\xeb\x16\
\xb7\xeeT\xe9fw\xf8\x07\xd3\x08Q#\x8b\x8c\xc9\xcd\
\x1b\xeb;w|g\xef\xd1\xf1d\xd7\xd4n\xdd:|\
\xf9\x9b\xd7\xdc\xc8\x0d\x83HG\x0a\xa7\xc9G\x95T\xa1\
j\x9a\xd1h<:\xa8'u%;\xd3f<\x0a;\
\xd3j<\x89u\x94\x10\xb2{\xcb\x9e\x1b\xb1\x80d\x8b\
\xaf\xd5\xa2\xe4=!Sp\xde\x86\xa0\xfa\xb0\xfb\xd2f\
\xd6\xf9\xa6\xba\x196\xed\xb7\xa01\x0d\x88\x83\x03\x04v\
\xf3\x942\xc8c\x15\x88\x5c59\xd1`[\x0b\x1f\xb4\
fN\xba\xf1\xaa\xdd\x14\x1c\xa5\xbc\xb0\x01\xbap\xba\xb7\
\x9dr\xfaOm*\x18\xde\x1cM\xb6\xf3c{\xce\xf7\
-\xd2\xf7gN\xa3\x12\x8aT\xfa\x8d\xa5\x861fR\
\xed\xc0\x12\x9b`A\xa6\xc18gh\x86\xa7\xc0\x16\xc9\
\xa6M\xac$0;\xf9:[+\x15A\xad\xcc%\x0c\
N\xea\xa4FD\x81\xa8\x8e\xf5\xa8\xaaG\x16\xb0\xb4n\
n\xbc\xcc\x22q\x1f;\x93\xb5\xbak\xcf\xa1\xaf\xb8\xed\
}miUc\x5cEd\x8aZ\x809U\x0a\xf0\xc2\
\xae\xf5\x81-\x9b\xd5C\xa8\xc7\xe3=\x84\x11\x10\x9d+\
\xa7\xe0$\xdb\x96\xf2C;\xb6n\xbf[\x01\x87o\x94\
\xb0M\xd3\x84\xf2\xfd\xd9\xe0\xae\xff\xcc\xb6\xdb\xb3\xa4\x8d\
\xed\x9f\x89\xa8\x88\x86K\x9f\xa5\xe4G\xd0&\x9a\xe1\x9d\
\xbd\xe0\xef\xf9ph\x0f\xa9\xab\xc0\xfe\xad\xd7\xbf\xf1\xa5\
/\xbe\xf8\xca\xcb\xdf\xb8\xf9\xc6\xebo\xbc\xf2\x99\x1f\xfb\
\x91\xf3\xefy\xf6\xb1v\xfd\xe5Z'm\xfa`lb\
5\xa9B\x1d\x11\x04U\x0d\x12Gp\x04p$l\xd4\
\x9a(\xc4x\xa3\x8d\xc0\x0b\xde\x97*!8M\xb2\xc3\
3\xf2\xda\xfa\xa5\xa5E;\xbf\x13\xbc\xad\xac\x1dQb\
r0\x94\xfbr\xd4\xa6\x81\xb3\xb9=\xbfl\xf6\xef\xb7\
\xa5\x9b\xb19emhL\xe5 c\xa6\xa6\xa6Y\x5c\
d8!\xbd\xf3\x83\xe0\xe2\x1d\x06\x81\x22\xa1\xf4w}\
#b/\x8c5\xceD\x8a\xe1\x04&\x0e1\x17P \
\x0a\xcc1\x9083b\xed\xc4\x18\xa0>\x061\x15\x9e\
\xcd\x86\xcdV\xe75Y\xef\x9eRN\x9czU\xed\x16\
we\xbc\x17\xa4\x11\x19\xc1C\xdf\xb5j+b\xab\xeb\
H\x91\xc1.^\xfcU+X\x80Gp\x0d\x8f\x80a\
\x904\xbb\x13e3\x0aAB \x96a\xa3\xcb\xd9\x9d\
\x005\x17Pm\x08)SV\xc9\xc6jd\x86.y\
\xb6\xa4\xea\x9aU\xd5M\xd1u\xc9\x9dL1d\xdff\
\xa0/BR\xcf\x8a\xe4\x94\x8c\xe0\xa4^4\xa69\x9b\
\x1d\x1d\x8e\x0e\xf6\xf7_z\xe9\x8b\xe8\xdf\xf8\xd8\xdfz\
\xcf\x07\x9e?7\xad\xfb~\xf9\xb5\xf1\xce\x14\x16\xdbY\
\x0aU\xed\x04\xd6\x95h\x8b\xbc\xb0t\xa2m\x17y7\
6{\x88\x07\xa0\x89K\xa0J\x93\x89c\x1f\xba\xf3\xa9\
O}\xbcm\xed\xf2\x95KR]\xfe\xd8\xc7\xfe\xc9\x85\
\xcb\x97\x9e\xff\xbe\xc7v.\x1cx5\x12b\xbd\x8c\xd1\
\xbc\x00\x00 \x00IDAT\xed\x938\x10\x04\xda\xa2\
[\xda\xe2p~tcvts\xb9:\xbe\xb3\xbeS\
\xf3h\xca\xf5\xc8\x8e\xe67\xbf\xbe\x1f\xfah\xda\xd4\x93\
\xd9\xd2\xe7\xc7v\xb0\xfbD\xb3;>>\xb9\xf3\x8do\
|\xf3\xfa\xf5\xf9\xceNu\xe5\xf2\xa3\xcf>\xfb\xdcx\
<\x99N'\xbb\xbb\xd3\xf1xT\xd7a\xdc\x14b\xa4\
\x91\x99{f\xe4\x18\x9c\xd1\xe5\xbch\xdb\x93v=\xe3\
nQ\xd9R\xd8\xab`\x84\xd4\xb7\x8b0\xaa\x89\x8a|\
(\xba\xb3A\x86\x8c\xb1\x018\xb0\xd3\x1b\x08\x1b\x8e\xf2\
\x99\x09y\xcf8\xe5Yx\xce\x89\x98XB\x09d.\
\xa5\x859\x98\x03\xc8U\xcd\x0b\x10\xe5^\xa8\x97\x9b6\
\xcaY^i\xb9\x11\xce\x08i7\xe5\xc4\x99n\x0bm\
\xbe\xddV%gi\x97\xa7z\x98{\xaf\xf1\xde\x9f\x0c\
\xb3\x98\xb7\x98\x08\x91;\x8c\x98L\x93\x996\x5c\x8d\xe3\
\x08\xc2P\x12\xcf\x81$\xcf{\x17\x0f\xe3\x91T\xc1\xa8\
Q\xef\xc9]`\xa0\xe2\x90A\xee`\x96\x18G\x22c\
\x91\x91P\x85\xb8\x1bd2[\xe0\x8dW\xd7\x7f\xf8'\
_\xfd\xc3?z\xf5\xfa\xf5[{;\xe3'\x1f?\xff\
\xbe\xe7.\xfd\xf5\x0f<\xfd\xfc\xd3O\xb5w\xaf\x05\x81\
{b\xaaB\xedp\xd2\xbc\xc2Fy\x5c\x00es\x1f\
\x8f\xc6\xa3\xdd=8\xc0\x01$DB\x14\xb6\xbd\x95\x87\
y\x14\x8b\x8dm\xb6\xe2\xa0\x01(\x92\x8e\xad\xf7\xe8\x96\
4\xf7\x9f\xd9\xa6\xfb`\xebd\xfb2\xab\xaa*\x1aZ\
l6\x9b\xfbJ\x93w\xe2z\xff\xb2\xc3\x01\x1b\x88\x9c\
d%\xfb\x03\x18N\x14\x04b\xcf9\xdd>>\xfa\xfa\
\xd7\xbe\xf9\xf2K_\xbf\xf1\xe6\x9b\xab\xc5\x1dK\xb7\xbf\
\xf5\xea\xe7\x9e~\x0a\x1f}\xe1\x19\xe7\xe5\xce\xe4\xf1\xdd\
\xe9s\xc0%\x88C\x14\x94\xc1\x19\xec\xcedDFl\
\x0e7&\xadh8\xa1\x18\x99\x16\xde;mR\xe0\x01\
\xa3nIi\x85~\xad\xebY\xbf\x9ei\xbf\x9c\xd4\xc4\
hA-\x90`\x0a/\xde\x5c6\x5c\xf7\xb0\x8f\xe2\xd4\
\x8f\x0fxp\xa3\xbf\xff\xfboWN\xf2g=\xac\x90\
!\xb8\x1c\xf0\xdc\xcc\x9c\x89H\xc8\x1d\xaa\xaan\xee\x1c\
\x06\x9b\xf8?\xf5y\x06\xba\xe6\x99\xef\xfd\xfe%\x0fE\
;70)\xbc\x1cY\x87\x7f\x7f\xf3\xe3\xcd\x11q\xfb\
$[ {\xf34\xe2\xfd\xa6&\x13\x10\xbb\x8b\x13\xc1\
\xc5\xc1\x85\x09Q\x96l\xa2RgD\xa7\x18\xab\x09\xb8\
\x82\xd4\xe0\x0a\x1c\xc02\xa8mi{\xbe5\xb8\x16\xae\
Oa\xecQ\xcc\xc8\x9d\xe6\xac\xda\xbbgbW\xcd\xb3\
\xf9a\xea\x8d\xb9\xae\xe3H\x9db3\x82\x91%F6\
s\x03\x91\x14\xd4\x19 r\x11\x93\x10\xcd\xd4\xd5E\x18\
\xec\x06\x93:\x98i\xca\xbd\x99Z\xe1X\xe8:g\xcf\
J\x1c\x1a\xe2\x91\xc4\xc9x\xb4\xb7\xb9\xda\x1a\x14 \xbc\
\xc1\xfd\x99\xca\xabv2EJ\xaa\xc9T\xcd,\x99\xb6\
\xee\xc9\xac\xcb\xb9\xcd\xd6\xe7\x9c\xb3\x9a\x19\xe5L9\x93\
\x1a\x1f\xcdy>\xbb\xfe\xa1\xf7=\xfd\x9eg>\x14\xfc\
$\xb7wzK\xcd\xde\xa4K\x0a\xaae:\xe9r\xea\
\xfb\x15\xfa\x96\xba5\xda\x1e-{\x1e\x8d\xeai\xe4i\
\xea\x93\xd2\xb1T\x95/\xd9t\x7f\xd9\xf5\xdf\xbay\xfb\
\x0b/\xbe\xf2_\xff\xf7\xff\xf8\xdc\xd5\xe7>\xfc\xc2\xdf\
x\xfc\xc9\xe7/<~\xc5\xf4.\x07G\x9e\xbbv\xa2\
\x9d\xb5\x8b\xc5\xd1\xe1\xec\xf0v^/\xbc_\xc0\xd6L\
i\x87\xf3t\xcfs?\xab\xccr{\xa3_\xdd\xceS\
\xcba\x9ad<O\xe08\xa9\xd1\xcc\x97\xdd\x8d\xc3\xd6\
h\xf4\x91\x8f\xbe\xf7\x83?\xf0\xd7\xce\x1f\xecE\xe1\xb2\
,\x19`\xe6\xc8k].\x84]\x98\x18FH\xf0>\
\xf7\xeb\xdc\xcdSZ\x98\xb7\x15[\xc3]\xcd\x89\xc9M\
\x13\xb3\xed\xeeL\xb2\xe6-\xc9\xa2 \x8bT\xe2K\xb7\
u\x05a\xd3\xb6(\xf0\x06\x11e\x86b\x88x\xa6\xd2\
zS5\x0e\xacfIS\x00Q\xa2\xaa\xae\x01\xd7\x9c\
\x07\xf4\xc0KP+\x13\xb1\xc2\xdc\x8am\x05\xcepE\
\x0dC\x1c\xbcx\xf10=c\x03\xb2E1\xb6z\x17\
\x1fT\xa8tF\xf8zo\x13\x08\xc00\x95Ng\x1b\
\xddo\xecW\x92k\x84`\x04)lMsg\x09\x04\
v7\xae@\x16\xb4-M\xd5\x10H\x84x:n\xcc\
\xa1\xaeY3`\xc4$\xccnjn.T&Q\x88\
\xa1\xaaw\x9c\xf7\x95\x0fZm^\xb9\xde\xff\xfe\xd7\xde\
\xfc\x8dO\x7f\xe6\x8f\xfed\xbdn\x87\x15\x811\xa3?\
\x9cU\xf2\xca\x93O|\xfe\xfd\xcf_\xfd\xa9\x1f\xff\xe0\
\x13Www'\xfb\x81Q\xc5u\xc5\xd5z\x91\xe1\x09\
0'\x80\xcc \x8a\xba\x1e\xef\xa3\x9e\x00\x02)\xe6\xf7\
C\xc2\x1fA\xbf;\xe8\xee\xf7f\x14\xb9k\x8c\xb1$\
\xd5\x97\xf3|\x11m\xf4}\xff\x10\xd9-\xbeS\xc3\xdd\
K&\x5ci5\x9dU\xbe\xbc\xb3\x17\xf6\x9d\x8d\xce\xb2\
\xb3K\xa1\x85+\x07D\x06\x96'^\xd7$\x11_\xff\
\xe6\x97\xbf\xf2\xf2\x1f}\xf5\xd5W\xe6w\xb1\xbaK\xe7\
&\x17\x9fx\x14\xfb\x077\xf7\xcf}\xeb\xc2\x95\xd5\x95\
K;\xfb\xd3\x8b$\x17Q\x9e\x80\x14\x94\xc0\x19\x94K\
\xe0\xb2o\xba\xaa\x80\x90U\xe4\x18\xfa\xc1\xae\x9b\xaf\x19\
\xa6H}\xbf^U\xcbW\xd1\xdfA\xea\xd5\x12\x91s\
\x80Y\x07((\x17\x8a(9\x91Wo\x13/\xf3;\
\x1a\x0e\xb8Y\xc1?%\x86\x07\x0b\xd3\xb3\x83\xb1q'\
\xdb \xd3~\xaf\xb0\xc6\xc9\x8d\xf3\x10-\xe7Eu\xc2\
\xecC\xd2\x15J\x84\x15\x9b\xb2\xd2\x86\x1c\xb9\x95\x07\x0e\
\xc45\x02\xc1\xaa\x22\xed\x01;\xd8\x10\x0cb\x08\xce\xc1\
\xa9*\xe6\x95L{D;\xc2B\x1cY*p\x04\x89\
A\x9c\x02q`\x89`r\xef1\xe4\xb2e7g\x02\
3\x91\xbbj.\xf6\xac]\x7f\xdd\xec\x18D\xc2\x22\x12\
D\x02s\x18$\xcdE\xc0\x89\xc0\xbc\x8bA\xd4\xc3\x83\
\xff\x86\x99\x13o\x8b\xad\x16}&%\x07\xc1JI\xda\
wk**\x09\x18\x91\xb3{\xed\xaeJ\x8e\xc0\xa1\x91\
8\x05\x8f!c\x96\x09\xc7\x11\xb8\x02\x02F5\x06b\
\x7f1\xcf\xe5B\xeb\x07\x09\x8c\xe0\x06ONk\xcb3\
\xcfG\xd0#\xf6\x19Yg\xa9O\xadj/\x84&\xf0\
\xb8\xda?\x8fP\x81\x049\xafV\xed\xbaM;{\x07\
,A\xa4\xbc9\x0e\xeb\xd9:$xgh\x9d\x93\xa7\
\xd52u\x8b\xbe\x9fg]\x10\xa7\x18\xa9\x9fU\x88\x8f\
\xde\x5cM/>\xff\xe37f\xd5{\xfe\xdaG\x89C\
]{\xdf\x9f\x18V\xea\xbd\x9d\x1c\xc6\xe5Q\xdf\xdd\xf5\
\xee\x90\xd3\x5c\xb4\x8b\x90\x00&\x22\xf5\xbeK\xab.\xb5\
)\xab\xa6%cut\xf8\xda\xc9\xf1\xad\xba\xa9c\x1c\
\xc7\xf1\x95\xdb\xc7t\xfdVN:\xba>k_\xbbu\
[\xd7\xb3\x8f\xfd\xe8\x0f\xfd\xe0\xf7?\xad\xeb\xc3@\xb9\
\xa4\xa0:\x07\xa7\xc8\xb0\x1d:bd\xf7d\xda\xa9\xae\
\xcdZ\xb75#\x112\xb1\x11\x94\xbdxr\x131\xb6\
\xb5-Pz\x0b\xb4\xa9\xae\xf5\xbe{x{o\x17|\
!p/\xc8\x0eV\x0f\x86`\x08N\xd2\xe7LA\xb2\
\xe7u\xd7\xd6T\x9d\xc7\xbe\x99\xb5i\xcd\x02g\xca\xc8\
\xe5c1\x0c\x1a(R\x81\xd3\xd9\xb2b\x13\xb30L\
2v\x93R\x07\x0d\x13\xc7\xef\xf9\xcf\xdd\xc9\x18\xa52\
\x18.s\x03\xc7\x9cr]\xe9\x0c\xecA\xd8\xbe\x8a\xb3\
\xa7G\xee1u\x8a\x83\xec\x9e\x89P6B\xb32\xc7\
\xd5`\xea\x9a6\xe4'\x07\x8c\x18DZr^\xc1\xc6\
\xe4b\xac\x0e\xaeb&\xef\xda\xf6`\xef\xc2\xb89h\
\xfb\x03\x95G\x97v\xf5\xd3\xff\xf1\xab\x1f\xff\x8d\xcf\xfd\
\xf1\xf5\xe3\xc5\xbc\x03\xc8\x9d\x99\x8a\xcd\xb7\x81\xdc=\x8b\
`wZ=wn\xf4\xfe\xa7\xcf}\xec\x85\xf7\x7f\xf4\
\xaf_\x8e\xdd\x8d\x83Q\xeeg\xb7\xfb~eH\x1e\xcc\
8'\xdb\xcd~\xfe\xb1'\x9e\xaf\xc6\x17P\xed\xaa\x8c\
r5\xd1z\xbf9x\x82w\x9e0\xec9\xc6\xf20\
1:\xb6\x01\xf5\xdb\x9f\x14\x9c\xa3\xb0\xbai\x93TO\
D\xe1\x1d\xbc\xca\x87d\x14=KYg\x8b\x9ee\xdb\
g\xf9\xabH\xec\x88\x1c\x92#Y\x17\x85X\xa0\x9a\xba\
\x0e\x93\xbdxtw\xf6\xdb\xff\xe1S_}\xe9E\x89\
\xb4h=\xd0\xf8\x85\x17\xfe\xc6\x0f\xff\xe0\x87\x1e\xb9\x0a\
\xc8\xb7f\xc7\x9f\x03]\xdf\x99\x06\xaaGXwpE\
\xa0\x0d\xcc\xe7\x80\x00\xa1\xc0\x0f\xc5\x9e\xd0A\xc9\x89a\
\xec\xc6\xa4\xe0\x0cO\xc8+\xf4K\xb4\x8bn9[-\
\xe7Yg\x11k\x22\x1f\x00\xdd\xd3Mz0\xf3~\x88\
+\xf5\x01\xdc%\x02\x98\x03\x911\xf7}ba\x91 \
2\xf4\xe0\xee+;l\xb3\xefn\x96\xce\xb7x\xd2\x92\
+\xb1\x15\x9b\x0c\xb0\xd4F\x18\x5c\x06\x1b\xca\xbf<H\
\xfc\x89\x9cN\xa9s\x00e\x0f\xc5]\xc0\x89\xcd\x05\x1c\
B5\x86D\x095\x85\x0a\x12@#xUp-\x10\
\x03\x8cX\xb3\x11\xd4\xd5RJ\xc9\xdd\x08\xa9\xd4\x19\x81\
\x01ah^\xad\x96\x9ar)u\xda\xb6m\xe2\xde\xa8\
yD\xaa\x88X\x0d&\xdc\x03\x1es\x8a\xd4\xa4\xdc\x0e\
\xcb\xfd\xa6\xe0\xd0\xec^\x02\xeb\x00\x001\xeeV\x1c\x81\
Rs8`\xd3\xdd\x06\xc5\x19\xa1\xd8@0\x81\x10\x99\
!\x1b\xc4\x98\x09, \xc0\x13\xbcw3J\xfd\xe0\xb8\
jIS\x9b\xb4\x95@f)k\x97s\x9fs\xaf\xa9\
\xb2\xf5~\x0cV\xc5,\xd4\x13u\xaa)\xf5\x9a{\x92\
0\xda\xdd\xbb\x10\xf6/B*[\xb7\x8b\xd9\x22g\x8b\
u\xbdsn/V5\x0d\x90\x0f\x899\x94\xa1\x02V\
\x8a=|\x0d\xb4\xf1<\xc5\x85\xa7#m\xe2\xb4\x19\x8d\
\x99\x98\xf7F\x90\x03\xac\x9a\x0b\xdf\xff\xd8%\xdfCw\
\xa8]\xdb\xce\x8e\x8e\xee\xbc\xd1w\xc7I[\xb1\xb4S\
\x85(m%\xcb\x8a[!E\x97\xbc\xd7u\xdb\xad\xbb\
E\xdb/\xfb\xdc%\x0d\xeb\xe5L\xd3\xb2\xeff@%\
2%\x1e\x9f\xcc\xf2\xdd\xbb\xfd\xdd\xe3~\xd9\xadn\xcf\
\x93{0\x97k\xd7o>\xfd\xd8\xc5\x91\xd8\x807\x90\
\xbb\xb2\x938\xb4\xb5yN\xeb\x9c:\xf7\x9e(\x0b\xab\
\xb0\x81\x9c\xc8\xc9l\xa3\xe8\x18t>\x9b\x10\x9f\xe1\x93\
sr\xf2\xc1\x82\xe3\x9e\xfb\xf3\xccbW\x1e\xad.\x83\
z\xc8\xe1\x9e\x1dfj\x15\xf3z>s\xd0^S\xe7\
\xd4\xcf\xe8PD\x8c\xd5\x19F\x9er25b\x22\xa6\
\xc1dG#\x5c\xee\xdd\x8d\xee\xa1c\x1b\xce8\x84\x0f\
\xff\xf8ig\xa5\xfc\xc1KR$m\x02\xdf\x09\xcc2\
T%\x05\x12q\x86\x0b\xce\x22\xd6\x04\xda\xe8\x066\xd8\
\xfe\xc8!\xcc\xb4m\xa2nZ6V\xaa\x1b\x98\xb9f\
\xf3M\x0dbj\x9e1\xd8{x\xc9\xb6#3\xe1\xb0\
n]\x9a)\xc9\xeeh\xe7\xe9\xf5\x8a<\x5c\xba;\xaf\
\xff\xc5/\xfc\xe2\xaf|\xfa\xf5\x19\xb0\x12\x8cF\xc1\x8c\
\xdbu\x1f\xea\xa0j9\xe7\x10\x98E\xcct\xb5\xea\xef\
\x06\xfc\xee\xef\xbdr\xf7\xf6+\x8f_\xfe\x99\xa7.\xec\
,\xbb\xa3*\x8e\xc8\xb2k\x91\x87\xb39\xd7MS5\
#\x84\x08b\xe2\xd2X\xe1\x87\x93\xc9Q\xea\x89\xad \
c\xbb0n\xad\xc0\x86\x88\x09\xa2wk\x8ea\x10Q\
1]M)\x15\x86m);\xfe\xca\x15\x1c\x00TA\
\x84 \xd1\xd1\xf5\xb9\x8f!\x22\xf8\xef\xfd\xc1\x1f|\xee\
\xb3\x9f=:\xb9\x15+\xac\xda\xd5\xb3O|\xe0\xfb\xdf\
\xff}?\xf8\x81\xf7\x85\xa8\xb6zu~\xf2\xb5 :\
9\xb8\x04J\xe8:0\x81\x13<\xa1\xf0\xb1!\xf0\x80\
a\x97\xc0fYp\x22er&\x85\xb6\xe8\x97\xe8\xe7\
\xb6<L\xcb#\xeb\x16\xec\xdd\x14\xc6\xac\xbcY\xafL\
\xcd]E\xb6\xab\x86\xbcML\x8d\xbf\xc4p8\x81\x89\
\x00\x22v\x0f1\xb8\xbbj6#f\x11\xb9\xbf\xab\xea\
Dv_\x155\x14m\x9b\xdf\x83D\xc3\xe6\x11\x05\x07\
\xb1\x01(\xa2\x0d\x84dL&\xc5b\x88@N\xac\x86\
b\x80`\x1b\x84\xc9i\xcaR\xb1\x04\x0e\x15\x85\x0a\x1c\
 \x85\xbd+C\x85q\xff\xda\xe4\xde\xad\xb7\x22\x1c\xb8\
\xaa%X\xa7n\xc9JJ\x892\xa1\x0a\x81k*\xa6\
\x96\xd3\xa6\x01\xd7\x90\x00\x02\xac\x87;\xd4 <\x9c!\
\xb9\xac\xfb\x16\xab\xb4-\xcf\x00\x1fj\x88\xb3#\xcfa\
\x1b\x81by\x8d\xed\xd1\xd0\xea+\xa2Igh\x01\xce\
MM\xcds\xf6\xac\xaeN\xe6P\x839\x81lM\xae\
fn\xe6\xe6nN\xe6p'b\xa9\xaa\xba\xaa\xeb\x9d\
\x18\xaa\xc6A\x80z\xb7\xee\x97\xcbU\xaf^5\xd3\xfd\
\x0b\x97\xe2\xf4\x1c\xa4\xb1\x8c\xd9\xf11\x11K=\x9eL\
b\x88Q$lJ\xa8\x0d\xc6n\x0c\x8d\xd0\x84\xbc\x86\
\xcd!\xeb\xb4\x5c\xb4\xab\x16\xcc\xb1\x9e\x86\xb8\x0bD\xd8\
\x1aU\x96\xd8\xb7\xd7\xfe\xf8di\xa3\xd1\xb4\x9b\x1d\x8f\
8\xedc%ug\x9e\xb3f\x09\x5c\xc7D\xe9\xa4_\
\x1c\xb6\xcb\x99\xf5\x19\x06U\xcf\xdajZi\xee\xb3\xd6\
9\xb7\xeb\xf5\x92\xdc\x9bf\x0a\x9a\xaa\x8f \xe3j\xec\
\xf5\xb4\xb5Z&\xc8\xd1B\x1f\xe4\xe8xq\xf7\xf8\xe4\
\xcaA`\xca\xee\x9dY\x9fsN\xa6\xb0\xbcJ\xc7\x80\
\x12Y\x10\xc4\x00\xc0\xd52\xa0\xccE\xd4]6r/\
&\xe6\xc4N\x1b\x91i\xf9\x94J\xc1!\x0f0\x03\xce\
Zy:\xe0&\x0e\x81o\xa2\xa4\x91\xc9a\x09\x15\x0b\
y\xe0$$\xd5\x1c\x06\x87\x19i\x9f\x00cr\x02\xc9\
\xe6\xde\x87{\xf1\x11\x1e\xea\x8a\x01\xf6\xbb\x17_\xf1-\
1\x0c\xa5 \x1f&\x83\xc37\xf8\x8c\xe9\xd0\x97\x19$\
<\x80\x1ao\xbaA\x0c\x02Q j\x88\x88\x89\x88\x99\
@,|O\xf5QV\xa2\x8d\x0cmP\x01\x0d\x96\x1e\
\xc5\x02\xd0\x89\x9dH\xdc\xdd\xb8\x88l\xbc\xf8n\xa8\xb6\
\xe6\x09P\xb8\x91+#jB=\xbdd\xdc\xdc\x9d\xed\
\x84x\xee\x1b\xdf\x9a\xffO\xff\xcb\xff\xf6\xfb_I\xe3\
\xf3\xd3\x94r\x10\xe4lU\x8cM=\xcaY\x8b\x11_\
y\xf9f\xe8\x13n\x1f\xf7O=2~\xed\xc6\xea\xdf\
\xfe\xeao\xfd\x93\xff\xeao_\xde\xd9536%\x0c\
~c\xee\x5c\x8f&\x0858\x94+c\x11+d\xf6\
\xc1\xcb\xe8\xe1\xda\x9b\x8a\x1b\xc76\x91\xed\xbe\xe3\xfaY\
I\xec\xbb5\xc7\xfdEY\xce\xf9\xc14\xda\xbfB\xc5\
\x87\x1b$\xc0\x0c\xea\x1a\x02\xdf9\xba\xf1+\xbf\xf2\xc9\
\x1bo\xdej\xaa&\xd6\x95\x88\xbd\xf0\xe1\x1f\xfd\xd0\xf7\
\x7fd\x7f\xaf\x82\xddI\xebk\x9an\x0a\x1fM&\x11\
]g\xb9W\xeb\x89Z\x0a\xea\xec\x84Ba(\xb9\xab\
e\x86\x0f*V\xa2\x1c+\x052\xfauZ\x1d\xa7\xc5\
\x1dk\x8f\xd0\x9d\x04[\xd7\xd4\xb3\xf7\xb0\x1eT\x0fH\
fAK\x06\xdc\x84\xee\x15w<\xec\x95G\x19D\x88\
U\xa5YsN\x9bu\xca\xef\x13\xa0\xfb\x10\xaf\xb99\
\xa6\x0d\xeb\xe8)\xeaAp\xf28\xe8\x11\xc9\x01+\xb5\
\xdb\xc6\x17\x11\x80\x0b\x87\xe2\xd4e\x06u2gp\x00\
\x07\xe2*\x84J\xa4\x22\x8e\xe0\x03p\x043\xa4\xc8\x85\
\x0a\x08!\xdb\x98J\x90\x1a\x0dnl\xeeJp\x8e\xa4\
\xfdz\xbdXu}\xebf\x0cm*\x0a\xccM\x15Q\
U\x88\x15\x1c\xc8\x090t\x9d\xa5\x9e\x99\x91gY\xb3\
Y\xde\xd2\x9bT\xf3p\xa4q\x83\xbb\x92\xa1\xd9\x18J\
n8|\xa5\xa8\xdc !\xb06#;@>T\x9f\
\x14\xab\xe8\xc3\x09\xd6\x01\xb0Q\xe8}\xa0\x11\x12X\xa8\
br\x98\xc1\x0a\x1c\x0d\xa6\xe4I\xdd\x09\xa1\x92:\x84\
1\x87q3\xdaC\x9c\xa2\xda\x81\xd4P@\x17X\xbe\
\xb6\x98\xaf\xda.\xc58\xde\xd99\x1fw\xcf\xa3\x9e\xc2\
C\xdfc\xd5\xaf\xdb\x9c\xa7\xe3i\x0c!\xc6\xc8\x22p\
\x879\xc81X\x8f\x99\x9by\x22\xea\x1c\x94]\xbb\xae\
;\xe9V\x87\x9eS\x15\x9b\xc9x\x87e\x02\xab`\x11\
#K\xfdb\xbe\xe81\x1e7\xb1Y\x1d\xbf\xbe_K\
\x95\xd7lk \x01p\xe8r\xbd:\xbe{\x84tL\
y)\x9a\xb4KE\x5c\x03\xeb]W\xae\xbd\xe9(\x08\
\xc3\xfb\xacb\x16\xfb\x14\xba\xcc\x89C\xa7Xv\xab\xf9\
\xba_\xb5\xd4e\x0f\x88\xeb\xf5\xe2\xc6\x8d[\x93\xb8\xe7\
\xe9\x98}I\xe8\xdc\xb3\xb9\xc15R\x17\x84B`\x10\
\x15\x00[\xc8\x89\x0cn\xee\x90\xcdi\x93\x18\x8cM\xe4\
\xc0\xf09\x16\x81\xeb[\xdc\xc0@\xd1nmK\x0e\xa8\
\xc9\xc6\x80\xab\xf4I\xcc\xb3\xe7\xe4M5\x01\xaan\x0d\
\xab\x9a;)UU\xd5\xd4\x95T\xd4Df\xd7v5\
wO\x9e\x15\x9e\xa9pE\xa1\x05Y()\xf5\xf7;\
\x9d;\xd9i\x8c;\x15\xa4\xcf\x9d\x88\xd8\x07\x8f\xbbR\
\x1d\xf2\xd0\x16!\x02\xa8\xf4,\x98\x9990\x91S4\
/$\xd9\xa1n./\xd57\xde`\xa5G\xb3=\x02\
\x0cP]\x91\x8b`\x98\xb6\xf0l\xe6\x04\xe1R\xc6P\
!\xc5e\xd5\x90s\x97\xb4\xd5\x9c\xc4|\xddu\x07\x17\
\x9e\xed\xe5\x02\xf9\xfe\xf4\xfc\xb3\x9f\xfe\xcd/\xfe\x8f\xff\
\xfc\xdf\xaf\x096\x1e/h'N\xb9\x89\xb9\xae\x1a\x80\
\x99\xc4\x0c}\xdf/\x16\xf3\xf9b\xd6\xb5\x99\x18M#\
\xbd\xf9k7V\xef}r\xf7\x0b/\x1e=v\xf9?\
\xfd\xc3\x9fz\x01\xdeIT\x81Y\x0f\xb7L\x5c5\xe3\
)\x8a\xcc\x98\xc5A`!\x0eD\xbc9\xfe=\x5cL\
\xd2\x82\xfbnM7\xee\x03<\xce:v\xbc[s\xe0\
laQ\xf8\x1c\x85\xde\xb1\xcdg\xf9+Tp\x00\xa8\
\x02RF\xb6^*z\xed\x8dW\x7f\xfd\xff\xfd\xd4K\
_\xf9\xc6\xe5K\x8f9bSO~\xe8\xc3\x1f|\xcf\
\xb3O7\x02\xa4C\xb5\xd7\x8f\x8f^\xac\xc2zo\x7f\
\xa2\xab59s\x08\x1c\x1d\xbeH\x96\x8b\x09VA\xc1\
\x81B73 \x81zP\x06:\xccg\x96V}\xbb\
\xe8\xd7s\xeb\xe7\xac\xab\x88V\xd0328\xc3\xfba\
+\xddP\x22\x09\x8c\xd3\xd9\xbd9\x19\xff\xb9\xa6\x17\xef\
\xe4\xa0\xb3\xf2=\x822SICT\xd5\x9csUU\
\xf7=\x9a\x87x\x0c\x1f \xe0\x81Q\xeaC\xab\xd9\x09\
\xd0\x0dnL v\x90C\xdciH\xd8#\x18*\xa1\
\x06\xcc \x11\x8eLAb\x03\xae\xc0\x15$B\x22\xb8\
\x82\x8f\x00\x1e8\xfeN\xee\x03\x7f\x820\xa8\x01\xd5L\
=\x9b\xa9k6M\xf0\xd4\xae\xe61\xd0xTM\xa7\
c\xc4\x006 !'\xf4\x1d\xd6s=\xe9\xca\xa9\xae\
\xef\xda\x9c\x12\x11Ea\xa9ZH\xeb\xc3\xfel\x84\xe2\
\x1f\xeb\x80\x09\x1c\xf0\x00Vk\x00\x1a@\x8bM\x81\xb5\
\x89\xfbrr\x8c\xa4a\x0e\x9bn;9\xa8\xcf\xab\xd2\
\xf1q\x10\x11\x05\xee\xc3dU\x88\xc8P\x82K\xd1\xbc\
\xb8\x11\x5c\x88#(V\xfc(d\xcaU\x83\xbaF]\
#D\x84\x88lX\xa5v}\xd4\xb6m\xd6y\xa8W\
\xd5h|\xfe`\x9fF\x07\xa8\xf7\x90)/\xf3:\xf7\
\xca\x1c\x9bf\xb2W\xb3*\x03\xe4\x19\xaa\xe5\xfc\x8d\x9c\
\xa0j\x9a\xdd\xcc\xd5\xe1\x0cC\xea\xe6]w\xa2\xb9\x85\
\x87\xf1x\x5c\x85\x06\xa8\xe1\x06o\xe1\x1d\xd6\xcb\xf9l\
\xb139\xa8C\xeb\xde]>_a\xbd \xef@\x19\
f\x00S\xb0\xba?Y\xaf\xae{:iD\x83%\x86\
\x99!\xab\x9b&h\xc7PX\x1fdd\xba\xee\xfbX\
U\xc4T\x1b\x8dW\x1d%\x0b.u\x86R\x88\x94i\
\xba\xbb_\xb9\xdc9<j\xc2j\x14V\x91W\x91\xfb\
\x10L\x06Zx6\xa3\xac\x0c/a\xeaNLD\x0e\
\x06\x1b\xac\xec\xef\x18\xd4 g\xb4\x95^\xa2O\x0bz\
\xa0\x1b\x1f\xaa\xed\xd8R\xec\x87\xaf\xc6\xee[\xd7\x08\x06\
\xb8\xcd\x1a\xab\xe9,U\x84\x09\x87\xd1*\xc5\x84\x9d7\
\xdf\xb8q\xeb\xe6\xf5\xf9\xc9\xe1\xa4\xe2\xf7>\xf7\xe43\
O>niny\x09\xeb\x89r\xf6\xb5\xb3\x11@\x5c\
\xe2|\xe9L\xc91\xe0\x0bE\xf9\xec\x9b\xae[1\x15\
t\x97\x01\xb4s\x0a\xb1)E\xc6\xa6\xec`/}\xc7\
\xd2\xc5!r\x14U\x1d\xb0!r\xfb\xd0\x0d\x1cVx\
b\x90\xebp\x14\xf0\xe1\xff\xc4\x02l*\x128\x10J\
\xff\x82N\x9b\x9fZ\x82\x19X@\x06up\xd0\xc0\xb5\
\xf3\xb8\xd5I\xcf\x17~\xf3S_\xfa_\x7f\xe1\xdf\xcf\
\x1d\x18_\xa0\xb0\xbbsp\x19\xb6\x9eVZU\xb5;\
D\x82\x9b\xa5\x94wv&;\xcb\xe9\xf1\xf1\xd1r\xb1\
\xc8\xd9\x11\xeaY\xb7\xbevg}q\xcc\xbf\xf3\x85o\
<\xfe\xd8\xc5\x8f\xfe\xe0c\xa3\xa0\xe4\x99r\x862K\
S\x8f&\x80\x80#b\xc3TyA1i\x13\x86\xf3\
0\x8dB\x0e\x05PU\xd5Y\x90\xe3A\x01\x07\xde\xad\
9\x1e\x1c\xa5F+\xa6a\xf7\xd9\x95\xfa&}\xe6\xa1\
B>JuY\xe4\xbe)\xa5\x18b\xb7^V#~\
\xf1\xc5/\xfd\x9f\xff\xee\xdf8\xf8\x99\xa7\xdf\xab\x89\xd7\
\xcb\xf4c\x7f\xf3G\x9f\x7f\xf6\xa9\xb4>\xd1p|w\
\xf6J\xb6W\xf7\x0f\x96u\xcci9\x13\x1f\xbb\x85\x94\
\xb2cM\xa1\x85DF\x85\x92\xef\x0a\xa5\xe2z\x80\x04\
jaK\xe4\x15ti\xf3[\x9a;\xe4Nr\x1f\x90\
\x84L\xd8`\xae\xee\x04&\xa9\x08\x5cl\xc4\x8a\x93/\
\x0d}\xdb\xed\xfb\xe6\x80\x9f&X\xfd%\xc6\xf7\xe8\x93\
8}\xda\x02\xd5l\x8e\xfb\xcc\x85\x14\xe6)e\x11\xde\
\xba\xda\xc0r\xa0\x0dL\x8c\x0d\x96q\xdf\x93\x95\xf6\x8b\
\x13H\x0c\xc1\x11\xb2\xc2)\x80#8\x101\xc7\x9aB\
C\xc5\xf5\x84#\xca\xaf0X[\x16eJA\x86i\
\xc8\xf6\x22*\x04.\x00\xf0\x9cUsN\xd6&mM\
\x93\xb0\x8f\xea\xaai\xea\x9ds#x\x82\xf6H+,\
ZM\x9d\xf6\x8b\x01\xb3(U\x82[N\x09\xeeu\x18\
0iWs\x95\xa1\x8bB\x0ew\xb5Ld\x80\x0c\xb6\
\xea.\xd1\xaa\xe1\xb5\x0f\x199`\xa6\x81\xfcZJ\xf9\
\xdc9\xbaA>E\x0cp\xe0-I\x90\xdc\x91\x88V\
\xde\x947\x84Bd\xaec\x18\xc78!\xaa@\x15\xb8\
\x02\x05\x06C\x02\x98\xe1\x8en\xd6/\xfau\x9f\x92\xaa\
\xba\xc7\xa6\x1e\xef\x8d\xe3\xe82\x8d\x1e#\x0b\xd0`Y\
t\xa6\x04\x09q\xb43\x8a\x88\x042X\xd1I\x19\x92\
\xc2\x0cYa\x06\x18\xcc\x90\xb3\xab\xbaY\x9b\xfbn\xbd\
r\xb3\xc0\xd2\xc4\xddJ\x02\x11C3,\x83\x96\xc8}\
Z\xaf\x91\x8cz\x1f\xed\xec\x89u&q\xbd\x98Wd\
\x01\x04\x8e\xc5\xe3\x15\xb9\xf3n\x11\xad\x03\x92\xb5Ku\
\x8dR\x1b\x91\xc3\x03\x97\x83\x9e'\xcd9\xaf\xf7vG\
\xd7o\xac\xef\xde=\xba\xfa\xf8\xa3\xab\x15;\x05'\x1e\
\x8dG\x16$\xb6\xa2\xa30\xaa,\xadg\xcb\xd5\xfc\xe4\
d%\xbb\xce1E\xcep\x85;\x15\xba\xb2\x13\xccl\
\xb8\x0f\xdc\xcc\x99\x87\x19e\xdb\x06JA;\xc8\x873\
\xff&\xfd\xa3\xd0;\x1e\xd0\xc1\x16F\xe6p\xaf\x96[\
\xda\xd4H\x88\x84\xbbd\xc9\x19\xd5\xeeZ\xebzz\xa9\
O\xf5W\xbe\xf2\xad\xaf\xbe\xfc\xc6\xad\xbb\xfdr\xe1\x07\
{x\xefsO<\xf3\xe4\xe5K\x97v\xdc\xcd!\x06\
w\xeb$:;uIE$Jp\x87p\x00\x0f\x1b\
\x7f\xa1\x5c\x17\x06\xd0\xe0\xf0F\x5c\xc2GI\x22\xc0[\
\x12\x03#\x16G;\x02\x0a\x98Wn\xfeM\x17\x86\x1c\
0.M\x9c\xcd\xab\xe1\xf2J\xc8\xc9\xa9Pgm\xd3\
\xa0\xa1\xcd+\x1c\xc2i\xb1yW\x06\x83\xdf\xad\xdbG\
\xa1+\xd1 \xef2\x87\x1a{\xb3si\xa6\x11\xe3\x8b\
\xff\xe6\xdf\xfd\xce\xaf\xfe\xfa\x1f\xacs\xac\xf6/\xc8\xf4\
\x5c=\xde\xd5\xd8T\x08\x95w\xc3S\x03\x0e\xc4\x18b\
\xdc\x99N\xa7\xbb\xbb\xbb7n\xdc8<<J\x96\xc7\
\xcd\xf8\x8d[\xab\xfd\xa7\xf6Vy\xf1\xb9/\xbd\xf4\xf4\
\x93\xe7\x9e\xbe2\xd2\xdc\xc6j\xa2\xa9\x0dq\x0c\xa9@\
\x9bu\x00\xe2$\x22\x11\x85\xd7\xf20\xd5\x1c\xdb\x82\xe3\
\xec^y\xdfc\xb6\xdb\xa5\xbb\xbf[s\x0c\xe3l\x0d\
\xb1\xc56\x0a\xed6\xe7\xfc0\xcb\x89U5\x84P\xfa\
A\xcc|\xf3\xc6\xf5\x0b\xe7\x0f\xbe\xf8\xa5/\xfc\xeb\x8f\
\xff\xeb\x83\xf3\xe7o\xdd>\xfa\x0f/\xff\xeeG>\xfc\
\xc2\xdf\xfb;\x7f\xef\xc9\xc7\xaf\xbe\xfa\x8d\x97\xaf^\x1c\
\xdf\xba\xf5\xc7;{'\xfb\xfb}\xc5\x0b\xed\x96\xc8\x00\
\x84\x1c\x5c\xe4\x12nP\x86\x07!ar\xa00\xf8:\
\xd8\x0a\xb6@:\xe9\xfa\x19\xa5e\xd5\x1e\xb3i4\xb5\
\x02\x9fnN,F\x11\xe4\xe6\x88\x00\xfbv\x81\xc3\xd0\
;\xc7\x99E\x81p\xbaC\x7f\xc7\xe3{\xf3Y\xd0}\
\x7f\xd8.pg,^\x8a\x1c\xd3\x1d\x22LD\x0c\x82\
&`\xd3H!\x06\x05l_;\x00\xa7\x02\x08\x18\x18\
C\xb2n\xc3\xf5\x98\xb8!\xa9\x07<\xa3\x1ccyH\
U\x80KYqJ\x9b\xc1\x9c\x00\x8f!\x9b\xa6\x943\
`%\xeb\xcc]S\xdfu]k\xaa\xee\x0e\xd2\xba\x91\
\xc9\xc1\x0eF5,\xa1[\xe9\xd1]\xcd\x9d\xf6k\xcd\
\x1d\xdc\x08\x16\xd9J\xd0\xb90\xc34\xe7\xc4\xb0 \xc5\
\xa8\xa6\x90\xeab\xe9\xf2`\x83[\x84M\xbf\x06\x00\xe0\
\x0c\xa2\xcc\xa7\xefQI\xe2.:\xcc\xa1\xab\xa3TK\
I\xd0\xb4\x12\x04J\xa5\xa5Q\x9e\x84\x88\x90\xa9N\xf5\
\xb9\x10bU\xd5U\x1c\x89T\x80\xc0e\xe8d\x1b!\
+\xfa\xbb\xfdz6\x9f/\xba\xa4!\xd6\xb1\x1e!\xc6\
\xdd\x83\xddjg\x17\xa1F\xcem\xc6\xf1\x8a\x05\xa1\xe6\
f$M\xacjPA_\x14\xdd\x1a\xda\x9a&.\x19\
\xbcn0\x87\x19\xdc\xbb\xf5\xda\xd5,g\xd5\xa4j$\
V7\xc4TU2%\x1a\xc3\x189C;X\x87|\
\x9c\xfbc\xedW\xa2SN\xa1F&\xa8z(\xb4\x12\
s\x81A]\xcc%*\xc4R\xcd`\xb0\x16o\xd8\x9c\
\xcbT\x82\x90\x9b\xa7\xacM\xc5\x8b\x94\x081Vr\xeb\
\xcd;o\xde\xfe\xfd\xa7\xde\xf3!\xe2\x18\x02\xd5u4\
v\x18\x16]{\xfd\xda\xb5vu\xeb\xdc.H\xf6\xb2\
%\xb5l\xae\xee\xeaf\x85\xe5\xc0\xcc^X0%\xe0\
\x88\xc8JA{\xc6\xa4\xbf\x9c\x8e\x1c ws\xdb\xf6\
\x1cp\xc6\xfa\xebtl\x94\x05\xc3\xdf\x04\x229<\x9b\
\xb1\xba$\x95\xc4\xcd\xaa\xe5\xf1\xee\xa5\xdf\xfb\xf2k\x9f\
\xfe\xed\xd7s\xc6\xe3\x8f\x1d\xec\xee\x8d\x9e{\xf6\xdc#\
W.\xec\x8c\xab\xcbW\xf6.^\x18/go\x82\x13\
\xa83ZS\x00[\xe5\xbd\x98\x0b\x10U\x15\x10U-\
\xc0\x06\xb0aw\x12\x131xp\xe8g\x8e\xc428\
R\x80A\xe4\x06/\xca\xb0\xe1\x86+=\xdb\xed\xeeK\
%\xd5\xf8\x9e\xa9\x8b\xd3\x17X@\x0d*^^gf\
\xf9\x99\xdd\x91N\x1f\x09\x1az\x94\xc3\x93\x94n\xb2\x13\
eb\xeb)pun\x7f\xff\xf9\x9f\xff\x17\xbf\xfa\xff\
\xfc\x7f\xafO\xf6\xcf\x8fy\x07\xd5\x98F#\x8f\xecl\
6\xc8\xc6\x19\x1bK\xb4\xf2V\x0b\xcbn\xd8\x13\x0e\x93\
\xc9\xee\xab\xaf\xbf\xb6lS\x13\xc2\xed\xe3\xfe\xc2\xc1\xc1\
\xe1\xbc\xfb\xe3\xaf\xbdr\xf5\xd2\xfb\xebXU!z\x0a\
\x89\x8b\xac=\x82\x02\xc0\x83\xd1\x22\x87\x0dU\xe6\xbbq\
V\xfbn\x8c\xd2\x10\xc0\x19OQ\xfc\x99\xfb\xe3\xbb\x1c\
\xd2?u\xd0&\x9c\xa5\xa0\xe8%\xb4\xe6\xe1\x8c\x85+\
n\xee\xc5\xd8\xad\xef\xfb\xe9t\xfc+\xbf\xf2\x7f}\xea\
\xd3\xbfv2\x9f\x7f\xf5\xab\xdf\xb8p\xe1\xea\x8f\xfe\xc8\
\x8f\xff\x97\x1f\xfb\xbb\x97\x0e\x0e\x0eo\xbe:\x0e\xcbo\
}\xed\x0f\x9fzl\xb5;\xeejYi?\xb7\xdc\xb1\
G\xf7\x16\x83\x81\x87\x95\x8e\x07\x83\x98\x0d\x94\x80\x0ey\
\x85|\x02[X\x9ak\x9e{nY[\xe4E9)\
1\x95LE\xce\xcaNb\xc4E\xa9\xe2\x96\x80\xadw\
\xe7&\x1c\xb5p\xd8Ng\xccC2w\xbe\x93\x11\x82\
\xa8\xaaY6\xe3\x18\x03\x11\x83e\xa3\xc7\x0f\xa0\x00-\
\x1cH\xf1R\x82\x80,\xb2\x133W\x1c\x1a\x961x\
\x04\x99\x005\xa8\xde\xb8\xb8Z&\x1d\xe0\xe2bLX\
N]\x85{KD\xb0\xae=\x11q\x11\x98\xa6\xbe\xeb\
r\xee\xdcRd\x9a\xd4\x22UD\x88\xe0\x08Wtw\
\xd2\xf1\xb2o\xd7\x9a;!'(,G\x98\x083\x93\
Z.\x0bp\xd9w\xdd,Fa(\xc3\xbc\xec\xa5\x88\
E\x08p\xba\xbe\xf9Ym\x9e\x132\xb0\xda,\xd0\x18\
\xbe\x9a\x83\x19\x22 \xa2\x182\xecT\x96\xc3\xe4\x05\xee\
\x90\x10BE1\x22\xc4\x9aw\xa6\xf5\xd3\x10.\xc6\x0d\
\xf0\x0c\xed\xfa\xd4v\xeb\xe3\xae[\xa7\xd4\xaae\xd8\xbc\
\xaay|~\xba\xd7\x9c\x0bq\x0a\x8c\x10w\x90\xb9o\
I\x95\x89\xc6Y\xaaf2\x89,\xc1\x89\xb3[\xcel\
\x19\x96\xe1=\xbc\x87\xf5l\x09)A\xcdrJ)k\
\xce\x9a\x95Y\x848\x8a\x8c\xea1\x09#(B\x86\xd5\
@\x03\xad\x90\x09\xc9`\xea\xed\xa2ooZ>d\xea\
\x02\x100\x22\xef\x913Q \x05q\xf0\xc1\x96\x8c2\
a0\xc1\x06\x849V\xb5\xf5\x94\x13\xdc\xe0T\xacS\
\x0c\xd0\xdc\xb7U\x88\xab\xb6\xdf\x9dN\xf3\x95\xd1+\xaf\
\x9f|\xf63\xbf\xc9\xcd~\x18\xed%\xc8\xd1l\xb1X\
\xf4\x9a=P\xde\xdf\x95\xf1\xb8^\xad\x17\xa3\xc8*\xae\
\xe6\x0c\xd0\x86\x19i%?\x80\x87\xacY\x92AP\xbc\
\x019\x86\x0c\x1e\x1ax\xa3C\xf7`{\xe0,\xe6\xf8\
gG\x81r\xb7\xccy\x07\xdc\x15P\xcd\x96@\xea\xb5\
\xf3\xb8jv~\xe73_\xfc\xfa\xb7\xda\xabO\x8c\xea\
\xf1\xbe\xa7\xfe\xe2\xc8&\xe3vg\xa7\xdd\x19#\xc8\xac\
O\xcb\xa4w\x83,\x11\x16f\x8b\x04\x80\x0f\x1c\x15<\
\x00U\xc9\xf5\x22\xaa\x98\x84\x88\x99\x03331\x0d\x9a\
/\x22&\x80}\xc8\xdc\xe1\x0d\xb61\x98\x90\x9e9\x01\
lI\x1e\xdb\xb2\xe3\x81\x95\xe4\xbe}\x99|\x90\xa3\x9f\
\xfd\xd9\x83+\xb9\x0f\x81\xafg\x8a\x97\xa2\xd1e\x91\x0a\
$a\xe7B\x1f.~\xf27\xbe\xf8\xa9\xcf\xbc\xce;\
\xa3\x85W\x07\xfb\x17\x8c\xd8\x98\xcc3\xbb\xb2\x0f\x05\xc7\
\xc0d#g\xa1B\x19\x0a\x12vvv\x9b\xd1d\xd1\
-gG\xf3H\xf1x\xbeZ\xf7b\xdc\xbcz\xed\xc6\
\xf5\xc3K\x8f\xee7b\xa8\xea\x89\xc7\x91l\xb5\xe2\x1c\
\xcazB\xb4\x0d\xb2\x7f(\xc8\x1c\xe5@nfUU\
\x9d%!\xfc\xd9}\x80wk\x8e\xb7\x1e\xdb\xfa\xb7\x18\
\xa5\xe7\x9cSJ\xc5?\xed\x9d\xbd\xb0\xfbF\x11)\x85\
0\xf8\xc9\xf6}\xffK\xbf\xf8\x8b\x9f\xfd\xcc\x7f\xbc|\
\xf5\xf2\xdd\xa3\xe5\xdf\xfd\xc9\xbf\xff\xdf\xfc\xa3\xff\xce\xb2\
\xa6\xf5|gg\x854\xfb\xdaW\xbf\xf0\xc4\xe3\xf5\x95\
+\xd9u\x96\xda\x99k\x12\x0e\xc2\xc1M\x1d]\x91\xb4\
\x02\xc2\xe4\x845\x90\xa1K\xe8\x1cy\xaei\xe6\xba\xb6\
\xd4B\x13\x9b\x096\xd3\xb2\xcc|\x0a[\xe0VP\xb8\
\x94\xc4\xa5I\xbf\x1d\x1bv\xc3\x00X\xfe\xd5\x1f\xdb6\
\x5c\xb1x\x11\x96\xc0\x8d\x0d\xea\x15\x01Ee6\x04\xe2\
\x08\x8e,\x91Yb3r\x12\x22Ah\x06\x87.%\
8\xbb\x8b9\x9b\x01D$\xa1\xbc\xa7C\xaa\x1c\xa1t\
\x01\xbc|\xf5L\xd4u\xebU\xea[&o\xaa0\x9a\
\x04\xc4\x11`\xd0\x84\xee\xd8\x17\xddj5Oi\xcd\xcc\
Q\xa8\x12\x96\x8a]3m\x9cT\xc8\xe0FL`\xa1\
\x9cR\xd7\xb5\xc2\x5cU\xb1@\xf4\x1b\x22\xac\x81\xd6\xce\
-\xb0\x85\xa3\xe8\xbe\x0f\xce\x91I\xd6p/\x0dx\x05\
(D\x0e!e\xcd\xd6;\x88ER\xdes\x1d\x07\x09\
\xb1\x8a!D\x96\x80f\x04\x10X\xc0\x02f\x80\x90V\
X\xf7\xe8\xda\xbeo;\xed\x93\xa6l\x89#Wu\xdc\
\x9d\x8c\xaa\xa6F\xfdC\xf0\x09Taf\xbd9\xbc[\
v\x22.A\xaa\x8a!\x04\xa2^!9\x91&\xca=\
\xe5\x042\xb8\x22\xb5\xde\xb5)\xf59'\xcb\x06/\xd3\
Y\x8241p\xac\x1blj\xc1\xc1\x1b\xad\xe8h\x5c\
`\x09\xd6\xc3\x96\xb6\xba\x9bV\xb7\xc9\x965\x8cL\x11\
[\x10\x81z\xe4\x16D\xa2\x0cm\xe1\x89I\x03\x14D\
\xc1\x97\x88\xc2\x1d4k, \x92\xb3fN\xea\xd9M\
\xcbQ\xc6\xea\x94\x01x\xd6u\xdd\x8c\x9ey\xf6\xea\xc1\
%\x7f\xfd\xc6\xf1\x9d\xa37\xfb\xccf4\x0a\x22u\xa8\
\xab8\x19Q\x94\x5c\xea8s8\xc2\x86\xe0I\xc3\xe7\
\x82\x02*\x99\x03\xaa\xc6L\x80s!\xcf\x94\xfe\x03\x0d\
\xbc\xd1RQ\x94Bd\xd3i\x7f+\x8b;\x1a\xc4.\
\xe5/\xacS\x22\xc0\x10\xb22(\xb2\x85\xff\xf4{_\
Z\x1d\xfa#{@XW\x82G\x1e\xbbxa\x07\xfb\
{\xfb\xe4\xd4T\xcc\xe8fGm\x10\x0a\xd5\x94\x9c\x92\
{\xca\xb9\x921\xb9\x11\x85\x18'\xc2\xe5\xc0/\x85\x99\
N$\x03\x5cQ\xca\xa1m\xda\xfc\x16\x07\x03\x06k\x11\
\xf6\xcdM\xb8\xf9\xfd\xf0[\xdf\xbe\x1b|\xdf\xaa\xf2\x9d\
\x1dg\x86\x05m{\xcf\x17\xa61J\xa9L\xa8\xd7~\
\xf1\x8d\x9b\xfc\xcf\xff\xd5\xe7\xadi\xc6\xfbO$\x1fQ\
\x18\xb1+<\x077!b\x08\x5c\x88\x87(\xe0r\xda\
*\x06e:\xf8\xa6\xd3\x93\x8f?r\x9dn\x1e\xde\xbc\
[s\xbcux\xfc\xd4\xe3\x17\xda\xdc}\xfd\xd5W\xce\
\x7f\xe0\xb9\x00a\x97P\x8d \xc5\xdbE\xc0\x818\x14\
\x8e\xd7 L{Gq\x8eRR\x98Y\xd7u\xcc\xdc\
4\xcd\xd9\x0a\xe3\xcfu\xfcz\xb8v\xd0\x87j\x9c\xe9\
\xdf36z\x96m5\xf7\x90@\x1d\x85$\x5cT6\
\xb7o\xdf\xfe\xe5_\xfe\xe5\x17_\xfc\xa3g\x9e~~\
\xb9Z^{\xe3\xd6\xaf\xff\xdao\xfc\xf0\x87\xff\xe6\xe5\
\x8b\xfb\xcf=}\xf1\xd6\x1b\x7fp\xf3\xda\x17\x9ey\x9a\
\xf6w\x8f-\x1f\xe5\xdc\x91y\xa4H\xc6\x9e\x9d\xc4@\
\x89H\xc0\xec\x08\xe4\x09H\xd0\x95\xe9\x89\xa6c\xd7Y\
@\x82%\xd2\x84\x04()\xe0\xb1\xdeX\x15o=8\
\x1c(\x0c\xb1\xb2\xbd\x9d\xcdI\xd9\xf6\xf8\xcb\xf1\xab\xfc\
\xeaa)\xd8\xbf\xe3Q\xd4\xff\xc5\xdc%)\x92\x09I\
\xa4P\x91DG\x0c\xd5\x84B\x03\xae)\xd4\xc4\x11$\
\xa0\x86\xbc\x18A\x92+P\xec\xb2\xa8\xf4S\x98\x88\xd9\
\x9d\x0a\x06N>8\xad\xa5\x04\xcbf\xd94\xb9es\
U\xb41\x86\xf1\xde\x18B\xf0\x0cM\x98\xcds\xb7\xce\
\xfd\xda4\x11\xbc\x09>\x19Y\xc1\xe15\xa9\xaa\x89\xc8\
\xbdK))q\x89z \x90\x08\x8b\xf0\x96\xdf\x0f\x80\
\x88\x9c\xf3i\x99Hg\x0f\x94\xaf}\x03\x81\x00\x00 \
\x00IDAT\xa7\xb1\x96N\xd1\x01'6\xb0\x81\x8d\
X3\x1b\x09U1Tu\xa8\xeaQ<\x00\x8d\x06\xe4\
\x83\x19\xc4\xc8\x19Y\x91\xda\xdc\xf59%\xd3\xec}[\
\xe4\xc2`\xe1P\x8dF\xd3j4\x96f\x84X\x83\x05\
\x0e[\x8fUk\xb3L\x80\x04b\xc6x\xba?\x08\x7f\
4\xe9\xaaw[G\xcfd\x09\xda\xc3:X\xf2\xd4\xa6\
\xbes3\x1bRL\xb9\x0a\x0d\xb1\x88\x08\x97\xa5\xbc\xa4\
\xec\xd2\x06E'\x82\x092C{\xa0\x87\xb5\xb0\x99\xf6\
G\xa9=\xf4|2\xa2\x0cbX0\xf4.\x02\xf4n\
-\x5cD\x89]\xe1kx+\xd4\x09\x149A\x133\
\xb2e\xa5\xccL\x1c\x8ak\xaae7#W\xa2\x10\xea\
\xe5r)\x12\xabZ\xdaUg\x06f:w\xd04\xa3\
Q\xdbQ\xdbZ\x9f\x13\x8b\xc7\xc81(\xb3\x89\xb0\x9a\
\x99A\x8d\x95\xc0N\x0e\xa6\x02F\x19\xacP\x10\xc8\x89\
1\x84\xb9\xf3\xe0\xc9\x81Am:\x90H\x87\x84\xb5\xa1\
\xabrj\x89\xb1\x1d\x04\x10\x0dT\x0b77\xb7\xdeT\
D\x006H\x90:\x84\xe6\x03\xcf\xbd\xc7\x9e\xf5ly\
wo<\x9e6m\xb7\x0c\x92\x83X\xbb\xd2\x9a\xebk\
o\xdc\xe8\xd6\xfd\xfb\xdf\xf7\xbe\xba\x0a\x9d/{\x1a\x05\
\x81\xb00\xaf\x98B\x90\xb13\x0d\x9a\x0bg\x14o\xd3\
\xe2\xa2W\xfc]N\x9b\x97\xa7\x9d\x8dS\x84c\xe0W\
\xf0\x99\xeb-\xf7\xf2pK\xdf\xb7\x9dm\x8d\xd4\xef\x7f\
\x91g\xbf{`\x19?\xfd[\xb4u\x1e\x1b80,\
Q\xa4>\xb1s\xff\xf7'?\xdd\x13\xc6\x07O-s\
}\xe1\xf2c\xcb\xd9\x9c]\xb9\xf4\xa7KQ7\xe49\
\x14\xd3aw3b\x91\xd20u&\xa6\x10\xc2\xc1\xfe\
\xce\xf2x\xc9\x86\xd9|v<[\x9c\xdf\xcb\xd7n\xdc\
X>\xfb\xe8\xfe\xfey]\x11\x81\xcd\xc1$\x90\xb2n\
\x0c\x0d\xa8\x87\x84\xcc\xb1\xf55\xbf/\x8b\xfe\xdb\xb1\x18\
}\xb7\xe6x\x8bqV\xd8S\xc6\x16\xed\xe8\xba\xae\xe4\
\xd6\xbcsWw\xffp3w\xbfs\xe7\xce'>\xf1\
\x89\x17_|\xf1\xfc\xc1y\x09\xd5g>\xfb[9\xe1\
\xd2\xf9\xcb_\xfc\xc2\xef=\xfe\xc8.\xf5\x97W\xb3\xaf\
\x5c\xb9\x98\xf6w\x979]'O\xe4\x91QCK\xa0\
\x97m6\x8e\xb2\xfc\x0atm\xf9\xc4u\xa9z\xe2:\
'[v\xfdZ\x1c\xac\xc2^1\xa2\x11w\xac\x0e\x85\
\x19;\x18\x1e\x06\xa6\xe5\xa6e\xee6\x98>\x01\xf7\x9c\
8\x86\x85\xc3\xef]>\xbe\xc7\x83\xde\xfa\xccs\xcf\xdc\
}\xebTX?\xfd\xff\xd9>q\xf9\x99o\xce\x8c\xcc\
\xc2\xd14&\x1f\xd5q\x5c\x8d&TpQ\xae\x8ck\
E\x09g\x0a\x80p\xae\xdd\xc8\x06\xbb/#v\x96\xc2\
v\xd8\x86\x89;\x15\xe6\x81%\xcd\xbd[\xd6\xb4fh\
\x10\x0f\x81\x10\x19L\xb0\xe0\x9a\xd3|\x91\xd2\xdar\x0f\
K\x8c,\xe4\x01J\xa2pc\xef\xa1\xa9\x1c\xdeY\x08\
L\xb0\xb49\xd3c\x13\x1eJ}\xdf\x11h<n\x00\
WU>KW*\xe7\xe0\x0d\x0d\x05\xa7\x19Z[@\
\x1bN\xdc\xeb\xa4H\xf8X\x22s`\x89u\x1cI=\
Bl\x10\x8a\x5c\xe5\x04~\xa49\xa7\xbeK}\xb2\xac\
:\xc8F\xe0Zj\x9c \xe3\xdd\xaa\x19OG\xbb\xd2\
\xec\xa2\xda\x05j\xcf\xd2v\xd4\xad\xc8\x11\x09a\x1cW\
!\xacJ\x1d\x04\x87\x1b\xa3W(LQD.A;\
\xa4\xbb\xb0\x04m-\xadrn\x89\x9c\x99\x89\x02\xc7\x86\
B\x83P\xc3e\xd0\x15\xb3\x0c\x05\xc7\xe6\xbchNn\
\x90\x1c\xa9\x8b05\xefT\x8fs\x7f;\xaf\xef\x88-\
+NP@\x1d\x1e\x0c\xea\x94A\x19\x9eH;2B\
ZC\xe7\xd0\x99\xd9<Y\x97\x13\x05\xaa\xab\x08\x0e\x5c\
\x88\xb2\x06\x07\x81\x03\xb1K\xf2\x94rF\x96\xc9h\xd2\
&\xefr\x8e\x91]|B\xc2!\x88\x80\xc9\x02\x95y\
\xd5\x13r\x0c^E\x12v3\xcdF\xaa\xa4\x9b\xd8\xdf\
\xa1\x80/\xf2\x8e\x0dz\xc1%\x89\xc0\x9c\x8a\xc9>o\
\x19SN\x83#\xbd\x0f\x02)\x07\x08v\xef\x0eAD\
R\xaaNs-\xe6\x9cD\x12\xa3\xe5`\xce\xe3\xd8\x8c\
\x9b\xe9\xb9\xe9A\xce-s\x9f\xd2\xac]\xdd\xd9\x89\xa1\
\xf7\x88\x1c\x9aPO\xeb\xbdg\x9e<\xa7Y\x9a\xb8\x07\
C\xee\xe6\x9e\xeaX\x8d8\xcc\x89\x95H\x88*w7\
\x03S\x001\x81\x09R\xae|\x93\xaf\xe8\x1bf\xeb\xe6\
\xc2\xef\x99\x9c\xa7?\xc7[|{\xff\x01\xe6\xad<\xb6\
\xff\x5c\x95\x9c\x0d\x16\xc0\x9b\x86p\x01|\xe0\x00\x0b\xb3\
 \x8c\xbe\xf8\xfbo|\xfeK\xaf]\xb8\xfa\xbe;]\
\xdc\xbf\xf8\xe8\xe1\xd1<rI\x19`\x82\xd10\x93\x87\
U\xa2\xe0\x1c%\xd2\xa8\xf8\xa8R!\x7f\x93\x1d\xecM\
\xc3\x93O|\xf3k\xafT\x15\xae\xdf8y\xe6\x89\x9d\
U\xbb\xbav\xfd\xfa\x95\xdds\xc2b\xa0l\x08\x83\xd7\
\x0e\xd3\x16Q\xe6w\xbe\xe0\x00\xd0\xf7\xbd\xbb\xd7u\xbd\
\xdd%\xb7\x8a\xa7?\xf74\xfen\xcd\xf1\x16\xe3-\x8a\
\xdf\x22\xf2\x09\xa1\x04\xd2.\x97\xcb\xc9d\xb2}X!\
\x0a= v\xff\x9e\x8cu\x87\x18\xb1Z\xe6\xddiX\
-\xdb\xf1\xa8v\xb5\xc5|\xf6\xaf\xfe\xe5\xbf\xfc\xe67\
_y\xf4\xca\xd50\x0d\xb7\xe6\xb7_\xbfu\xeb\xa9\xcb\
\xcf\xa4\xa3\xaeZ,\xceS\xa2\xbbo>w\xa9\x1f\xd5\
k,V\xe2u\x8a\x0a.\xae^\xec\x10 \x08;K\
\x02:\xa4\xa5\xa5%\xdb\x8c}\x05\xa8\xe4\xdeR\x9b\xfb\
\xc4F\xcc\x1cH\x10\x1c\xd6\xbbYU\x84\xf78\x9d\x99\
\xe6\x9b\xc3\x93l\xb1\xbf\xb33|k\xdc\xb0Y)\x88\
\xee;\x89\x94F\xf5=/\xd8\x81?\xbbv\xfe6*\
k\x95d|\xeavX\x9c \xca\x82\xbd9\xef\x95\x14\
\x8f\xa1\x05\x0e\x22\xa8\x0e\xb6\x06\x84\xc2:\xb4XN\x88\
L\x10\x87\xb8\x87llTy\xa8\xb9j\xa4\x1a\x8d\xc2\
\xde\x08S_\xb7\x00\x83\x1aPp'\x98\x08\x89CT\
M\xcd!FRx\xa2\xa5}\xed\xb0<,\x85\x85\xef\
\xe2\xc9\xd2:u\x9d\xe6\x9e\xc9\xeaHa\xa7\x02\x03\xb9\
Gj\xb1\x5ck\xdf\x92.\xc8-\xc0\xc3&\x0a\xb4\xac\
\x8b4P\xe5\xdc\x88\x9c\xb7\xe5\x05\x81\x10\xaa&\xa7\xec\
\xea\xe5\x5c\xa2\x9aS{R\xdc{\xac\x98c0{\x08\
:\xe8X\x18D\xa1\x8f\xa2\xdbJ\xc3\x09\x86\xc8\xae9\
\xe5\xde\xc9EXce\xfb\x07D\x1c%\x84X!\x16\
\xd6\xa7\xa3_c}\x8c\xb6CJ\xa9[)\x1c\xc4\x86\
\xe0.\xd9*\xa9'\xbd\x92zlF\xd3\x9d\xbd\x830\
\xddA\xdd\xc0\x80l\xb9M\xddQ\xcei\xc9\x14G\xd5\
\xb8\xa9jP\x803H\x00\x85fh\x82+\xb9\xe5\xb6\
\x1d\x10yU\xd5\x9c\xbb.\xcf\x8f\x99Yb\x881V\
\xcd\x1e88\x09X@\xa1|m3\x98\xaa\xc8\x15I\
\x80o\xb8\x84\x9aH{\xb1\x047X\x09\xbchY\xe7\
\xb9\xbd\xeb\xed]\xc9+\xf1\x04\xb7\x12\xb3\x01P\x9b\x85\
\xe3\xd8\xd7J\xb4\xee\xda\xa5\x9b\xf7\xfd\x02H \x0fa\
\x1a\xc2\xf9I-`\xc0\xd6\x91\xaa\xdc/\xba~\xe5n\
\x99\x0cL\xec\x08&\xee\x0c\x87*\x98\xa8\x89\xc1\xdd\x5c\
\xd5\x19\x90\x8c\xca\x82[\x174\x1b\xdb\xe0\x99m\x81]\
\xdc\x02\x98\xd5\x9d\x09\x0c3Vd\x92\x04\x1a\x5c\xd5\x0a\
\xe5W\x81L.NCU\x02#\xf5\xa2%\x1dzG\
\xc4\xaef\x9bm\x8f\x19\xee\xed0\xe96J\x10w'\
\x92\x94sNF,UD\xcd\xb4\xca]\xea\xfa5U\
\xcbU\xcf\x5c\xb1\x08\x09\x88\x1b\xa9G\x1a\xaa\x5c\xed\x89\
L\xc9\xc7\xb7\x16t\xf7\xeer9_<\xfe\x08]\xdc\
\xafV\xfafh\x96R-\x98*S\x19\xd5\x13 \xc0\
]\x84J\x9a\xacC1\x04\xcc\x82\xcel\xa5\x82R1\
\xdd\xbb~ll\xc6\x86\x95\xe4\xdb[\x0a\x1ex\xdc\x03\
 \xc1\xbd\x7fC\x00r\xef$\xf4\x1c2\xc0\xc8c\xf6\
\xbc\x5cE\xaa\x96m\xbds\xe1\xa97\xee\xfa\xcf\xff\xcf\
\xbfP\x1f<Y\xc9d\x7f\x22yqgRD^\xae\
R\xd7)\xd9b\xb5<wp\xbe\xae\x9a\xc3\xc3\xc3\xc7\
\x1f\x7f\x0c\x003\xdd\xbcy\xc3\x81\xd5j1\x9d\xee\x94\
\x9e\x8bfq\xe8\xc5+\xfb\xd7\xaf\xd7\xacr\xe3\xfa\xcc\
\xd2\xd5>\xa5\x1b\xb7\xee\xae\x9eZ\xed\xca8\xab\xb4\xad\
5\x93\x1af\x10C\x15$\x84\xd9j9\x1d)\x8b\x11\
rP\x82\x08\xde\x96qV\xb3\xa9\xaa]\xd7\x85bu\
\xc3\xbc\xfd\xd5[,\xdd\x7f\xcax\xb7\xe6\xf8\x0b\x8c\xf2\
\xb6\x16vny\xdf\x0b\xbd\xe3\xed\xa96\xca\x08\x11Y\
1\x99\x86\x9c1\x9e4\xa9\xef\xef\xdc\xbe\xf9\x89O\xfc\
\xd2W\xbe\xf2\xe5\x8b\x17/\xd5u\xa5\xa0[7\x0e\xcf\
\x9f\xdb_.n\xe4\xf1\xf2\xf1G\xbe\xff\xd9'\xf9\xdc\
^\x1a\xd53h\x0b\xcd \x89<\xce\x85\xa5E\xc6l\
L`\xca\xd0\x85\xe7\x99\xe59\xf2\x0aX\xc3zh\xf6\
\xac0\x8b\xc4\x14\x83\x9b\x99\xba#\x13H\x18\x9bH\x82\
a8pv\xd2oB\x99\xfe\xb4\xd7q\xe6\xdc\xf2\xb6\
\x8c{d\xab~\x96\x80\x86M\x0d\xa4\x03\x06s\x9a\xaf\
y\xea4\x01\x1258\x15\xae\xa3\x00\xd1QU\xf5\xd4\
\xe3\x88\xaa1\x95\xe6k\xae\x90j\x8auJI\xd7.\
\x01\x1c\xc4\x87#\x8a\x0b\xb1\xc4\x92\xc8]d\xa5F0\
X\x86\xf6\x18\x8c4\xb2\x9b:z\x92\x5c7\x01\xcc0\
EZ\xe7\x93;\xa6\xc9so\x96\xe0\xca\xb0\x9a\xfb3\
\xe4\x98\xe1b\xefk\xcd\xd3@\x97\x1b^`N\x99@\
\x1c\xc4\x1dY\xcd\xd4\xa4\x1aRF\x07\x08>\xc3\xb3\x06\
\x12b\x19\xaa\x177\xa7\x22'$ppa#\xa6Q\
\x94\xba\x96\xbaB\x08A\x10\xd1q\x88`AR\xccg\
\xdae\xeb\xb2%\xf3d\x0c\x0a,@\xe3\x06\x03\x83\xab\
\xaa\x9a4\xd5$4;\xdc\xec`\xbc\x07\xae\x90,w\
9\xad\xccT\xddL\x98\x9a8\x96Z\xca\x19\x1c\xba\xda\
TS\x1d,\x99\xa9\xab\xc2\x8da\xd6\xaf-g\xcd\xd9\
5\x01.\xe0\xc9\xee>@ \x81\x0c\xf4~'\xf1!\
/W@\x5c\xd5\x02gS\x83\xf6d`wX\x86g\
x\x0f\xedL\x93[O\xdekZi\xbf\xf0\xb4`\xeb\
\xc9\xb5\xb0\x19\x8b\xf6\xc0\xc1\xe0\xa8\xea\xdd\xba% g\
\x10\xd1d\x1cI\x02\x8b\x80\x02<\xc02\xb4\xf5\x12\x0c\
hD,p\x14\xcb\xb6\xe0\xe2\x0egO\xaef\xaeV\
\xee'\x8e\xc1U52Yt\x82\x07\xf1\xa4\x94\x8dK\
\xcc\xbc0\x09!\x0c\xdd\x88As\xbeE/\x06\xb6#\
a\x0b\x11\x94\xd8\x12\x02\xf1\xa0o\xa7M\xe1\x8c\x0d1\
\xd3\x01*\x0a\xa2\xc1\x0e\xd8\xa9\xb8s\x12\x05'\xceY\
\xcdHB\x13\x82\x98\xb5)\xb3\x1a\x19\x88\xc2h\xd4\xec\
\x117\xce\x01L\xc9t\xb1^.g\xe9\xcd\xc3\xd7\xee\
\xdc\x99\xbf\xf6\xad[7\xde\xd4\xbe\xc3\xa3WF?\xf9\
\xb7\x7f4\x86i\xd2n\xb2#\xeeKC\x1c\x0c\xeb\x5c\
\x00\x85\xf3\xfd[\xfd[\xcc\xd6\x07\xd7\x85?\xd7y\xf3\
\xbb\xc2p8\xe3\xccAN\xae}\xdf5U\x84V\xd3\
\xfd\xabw\x97\xf2\xcb\x9f\xfa\x8c\x8c\xcf#\x8e\x0d\x0c7\
rcbw\x98Y\xca\xbd\x13\xce\x9d?\xff\xf8c\x8f\
?\xf7\xccs\x17/^\xfc\x81\x1f\xf8\x81\x0f|\xe0\x03\
\x93\xc9\xa4\xef\xfb\xcf\x7f\xfe\xf3_\xf8\xc2\x17>\xf9\xc9\
O\xce\xe7\xb3\x9d\x9d)s\xa5\xda\xc6\x8a\xcf]\xd8\xbf\
\xfe\xca\x9b\xfb\xe3\xfa\xe8\xa8\xbfrn\x7f\xb5>>\xbc\
{w|p\xce\xd8`\x0e\x12\xc4\x06$\xc8\x09\x22\x15\
\xbc;\xb9\xc1\x95\xd5\xd3GO\x0d\x00\xbf\xc7c\x8b\xfa\
o\xf3S\xce\xc6\x83|\x07\xe3\xdd\x9a\xe3/6JA\
'\x22]\xd7m\x83z\xdf\xce\x9a\x03\xb0 \xd4\xb6\xeb\
q3r\xf2.\xad\xff\x8f\x8f\xff\xef/\xbf\xfc\xf2S\
\xcf<\xcd\xc4\xe3\xe9\xf8\xcb_\xfe\xfa\xb5\x97\xaf{;\
\xbfs\xeb\xa5\x9f\xfc\xf1\xff\xe2\x83?<\xdd\x9d\xcc\x85\
\x8f\xb3\xcf\xdd2\xb3\x88T\xae\x22\xe5\xe8\xc6(\xfe]\
\xda\x9d\xc0\xe6\xd0\x05\xd9\x8a\x91\x90z\xcf\xc9\xd4\xcc\x8d\
\x0aS~8\x22\x18\x0d\xce\xd7\xec\x96\xbf\xeb7\xfc[\
\xb5_\xbf\x0bK\x09\xbb\xf8\x16w\xdd\x14\x13\xb4=\xf4\
8\x19\xcc\xd13\xcb\xe0\x10P\xccR\x1dZ\xec\x8f\x89\
\x889\x9b0\xd7!6T\x8d\x10\xc7\x90\x06\x5c\x01\x11\
\xe0\x94\xd1\xb7J\x9eki\xb8\xd8u\xa8*\x9c\x19\x22\
t\xca4'\xc0\x13\x5c]\xb3kVK\xb0d\xb9\x13\
r\x11H(\xd6\x82\x09\xba\xd4.\xe7\xdck\xea]\x93\
0\xc8\x8d\x90\x039\x07b\x82\xda\x99%\xf9\x01\xf5\x01\
\x00v\xa2\xad%*\x08 U\x15\x09\x0e\xd2\x9cL\x9d\
X\x9cBa3p1\xcf\x18j!B*\xb8\x8e[\
\x85T\x09\x87 U\xc3\xb1\xf6X\xd1\xeeA\xe1\xcf\xbb\
y\x97\xd4\xf3r\xd4\x1d\xa7\xee\xb8]'U\x22\x8a\xf0\
\xe0\x16\x0858\x10\x84HHB\xac\xeb\xd1t\x07\x93\
]\xc4\x06\x1ca\x8c^\xdb\xd9*\xe5%\xb10\xc7\x88\
 \x129\x12\xa0PEnQT'\xa6\x83\xac8e\
\xcb\x9a5kR7u3\xd3\xcc\x80\xb0\xc4z$1\
\x82+X\x1cn\x96\x22\x9bb)\x1f[\xa9\x15\x1cD\
\x9a\xd8\x9d\x9c\x06\xad\xac\xa9k\x82\xf5n\xbdik\xda\
\xbbfO]NkKK\xf6.P&7\x1f8I\
\xbe\x09\xdb#\x22\x0a\xc2!\xd65\x18A\xe0=(\xc3\
\x12\xfa^\x93\xab&\xb3\xd6rg\xda\xb9\xf5Dy\xf0\
\xa9\xb6r\x0b\x10\x15\x0f\xaf!\xf3\x9d\xe0L\x05\x22,\
:Q&\x84\xc0,\xd1\x05^\xe6\x9a3\x91\xc0\x02\x97\
$@\x1b\x8ay\xa3\x12\xa7\xce\x05\x9c\xd8\x14\xce\x06\x82\
\x97[\xce\xef\x91\x93:\x8a\xd4\xbf06\xacT\xbf(\
\x5cp\xa2b+\xe7B\xceY\x0d\xe0 A\x0d\xea\x11\
\xa8\x10\xc4\x03g\x1e\x8bL$L\xae\xdd\xb8\xfd\xfa\x9b\
o\x1e\xcfg\xabv\xd5\xf5i\xb5\xc2\xbaE\xea\xf1\xc8\
#\xe3\xa7\x9ex\xfa\x89\xc7\xae\xd65n\xdf\xbev\xe5\
\xe2\x08\xe8T)\x06\xd9\xf6\xe6\x0a\xf7\xe4A\x1e\xc9\x03\
<\x8b\x07'\xf1\xdbq:)\xfdN\x00\xe2Jn\x02\
\x8b,m\x9b\xeafo\xd6\xfakw\xe6\x9f{\xf1\xab\
\xe3\x9d\xa7=V\x0eW\xb3\xedU\x8dFM\xdbw\xb1\
\xae\x9f|\xe2\xc9\xbf\xf3\xb1\x8f\xfd\xd0\x87\x7f\xf8\xa5\x97\
^\x02\xb0X,\xdex\xe3\x8d\xe9t\xfa\xc2\x0b/|\
\xe4#\x1f\xf9\xe9\x9f\xfe\xe9\x9f\xfd\xd9\x9f}\xe3\xf5\xd7\
GM\x03\xe0\xee\xd1\xd1\xe5\xcb\x97Nn\x9ft\xdd\xf1\
\x9d\xa3\x93\xba9\xb7n\xef\x1c\x1f\x9f<\xb2g\xda\xaf\
\xb5[\xc2\x1d\xf5\x18F\x9eZ\x9d\xddj\xaa\xaa]\xcf\
\x96\xbe\xaeG\x07\xe0\x1ax\x9bZ\xfc\x1b;\xa2\xa4\xaa\
\xcc\x5cU\xd5\xd9\x82\xe3/Z|\xbc[s\xfc\x85G\
A;\xea\xba.2\xdaBE\x97\xb7\x09\xe6r\xa6>\
\xf5\xddd4Jy}tt\xf2K\x1f\xff\xf8K/\
\xbf|\xe1\xc2\xc5\x10\xe3\xe1\xe1\xe1\xde\xfe\xde4\x8e\xc7\
J\xce\xab\xe7?x\xfe\x1f\xfd\xc3\x1f\x18\xef\xbe\x9a\xf5\
\x18\x9e\x04DA\x98\x05\x0c\xf21\x84\xc0\x19\xde\x22\xcd\
Mg\x9ef\x825\xd9\x1a\xda\xc2\xfa\xd4\x99ka\xcf\
\x12\x00S\xb5\xac\xc2\xcc\x22\x83\xd2\xd5\x8c\xde\x92\xa2u\
\xf6\x8d\xfa6\xaa\x85\x07\x19\x5c\xf7\x17\x19\xdf\x8d\xd3\x0b\
9\xdfk\xcfE\xe5pw\xf6\x11\xce\xae\xd0\xc2\xb43\
/ +\x83\x85\xa5\x92P\xb1\x84\xf1\xe8\xfc\x90;\xe3\
\x01\xce\xc8\x02gsQ\x12c\x89!\x10\x07\xa7\xa0\xf0\
X7\x91HS\xef\xc5\xbcu\xd3\xac1\xcd\x9aV(\
\xdcQh\x01-B0xB\xeeM\x93\x99\xaa\xad\xb2\
-4+\xb9\x07\xe1*\x88jb\xb803\xc1J\x19\
x\xb6\xa7KCo\xfe\xec\xbbM\xa7\xf0\xcc\xf0z\x85\
\x02\x9c4k\xceJ,\x15G\xd2\xcd\xdcg\x02\x932\
z3\x15 H\xa8b\x881\xd5S\xab\xc7M]s\
\x0c \x90\x1bVK\xa4d}\xdbwm\xee{\xe4\xb4\
\xca-\xb1\x04\x8a\x82J-*\xd5.\x8dQ\x13\xab\xe9\
x\xba/\x93]\xd4\x0d\x98`\x8e\x9ct\xd1\xf5}\x9b\
T\x99\x85C\xa8\x9bH\xc4\xe2\xcc\x89\xa1\x06Uho\
y\x90\x81\x00\x09\xd6k\xee\xd5\xb2w\x80\x0d^\x98e\
\xe7\x9eL&\x03\x87\xdf\x09n\x9e\xc9d\x04\x0c\x86O\
\xcc2t\xe4|\xd3\xb3\x82A{*\x10\x96\xaa\xa6\xde\
r\xc7\xae\x9aW\xb9_in\xdd2\xb9\xb1\x19{\x16\
$*\x8c\xd4r?l\xb6l#\xb4m\x17b\xe0\x11\
\x81\x01ShB^\x22\xb7)\xf59\xa9+;\xcc(\
\xb9\xf6n\x99<\x13YI\x871#\x03\x99\x11\xb2\x07\
\x09*\xe6\xd9\xcd<\xabf-V\xdb\x03\x22\xc56\xd8\
i\xb9\x97t\x0f#\xf2@\x10r)a\xe6^\xfc6\
\xc8\x9c\x06\xa3='\x10LK\xb1A \xb0\x93\xc9\xa0\
\x19\x1b|+\xcb\xa5\xd0\xa6\xb5\x08ds\xa6\x08\x109\
;\x81\xc09{\xce\x0aH]\xd5,\xc1\xccD\xc6\x12\
G&\xe2\xc9\xee\xcer\x7f\xf7\xe83\xbf\xfb[\x9d\xc2\
\x85b\xdd8IN\xbe;\x9a\x5c\xbd\xb4{\xfe\xfc\xf9\
\xfd\xfd\xfd\xa6\x8e\xb9_\x05\x89\xe7\x0e\xf6\x88:\xe6`\
\x5c\xdb\x99\xfbqh\xae\xde\xc7\xa4z\xcb9\xfb`\x8f\
\xf5{?\x0c\x5c.\x8f\xa1\xe2Y<\x0b\x09\xb8J4\
J\xd5\xfe'\x7f\xfb7\xe66\x8a\xe3\xb1\x12\x0ft]\
\x02\x884g3\xbfx\xf1\xe2\xcf\xfc\xcc?x\xdf{\
\xdf\xfb\xbb\x9f\xfb\xdc\xf1\xf1\xf1\xc1\xc1\x01\x80W_}\
\xf5\xce\x9d;m\xdb\xfe\xc4O\xfc\xc4\xce\xce\xce\x13O\
<\xf1s?\xf7s\xff\xc3?\xfd\xa7\xd7^\xbbv\xe1\
\xd2\xee\xd1\xc9\x9d\x10\xc3\xc1\xf9\xf3\xd7\xbeyx2[\
\xb7\xbd7\x90\xe5\xaa37h\x9bV')\xe5(\x0d\
\x98,\xb7!\xcf\xa0i\xf9\xe6\x9d\x9b\xeb\xdd\xe9\xde\xd5\
\xea\xdc\xde\xdb\xf1\x8el>\x88\xedf\xb7\x8d\x04\xf9\x8e\
\xc7\xbb5\xc7\xb75\x1e|\x97\xb7\xd8F\xd1(\x17{\
\x8c\xb7\xe1JLS\x08\x9cr:<<\xfa\xc4'\xfe\
\xed\x1f\xff\xc9W\x9f|\xea\xd9\xdb\xb7n]\xbcp\xe9\
s/}\xf6\xb9\xa7\x9f\xfc\xe8\x87\xbe\xefw\x7f\xed\x97\
~\xe4\xc7\x1e\xffo\xff\xf1G\x9e|\xc2\xddo\x87@\
Pf\x8fB%S1\x83\x1c\xde#-<\xcf4\x9f\
\xb8\xcd\x05-\xac\xf5\xdc[\xee]\xd5\x8dAas\xfe\
\xf0MGi\x83\xe0\xdb\x10\xebp\x1f\x9c\xff\xdd\x90\xf2\
\xdc\xcf\xfbz\xc0\xb7\xe8;{V\x9c^*\xa1\x985\
\x16\x8a\xf9\xe6\xf7\x04\xaeM]\x95@\x81\xb8\x22i\x98\
k\x0e\x8d\xc4\x06%G\xcdjx\x80\x13\x5c\xe0\xe5\xdd\
\x08\x05\x03\x12\x16\x16.\xb9\xf4\x1b%\x84\x93\x99\xa6\xce\
R\x89\x9c(\x18\x82E\xf4\xa0\xd2\xc6V\x90\xfe\xff\xec\
\xbdi\xacl\xd9u\x1e\xf6\xad\xb5\xf6>\xe7T\xd5\x1d\
\xdf\xd0s\x93=7g\x0d&E\xd1\x1ah\x8a\xa4#\
K\xb4\x82X\x0c@%\xa2\x12!A,\x09\x09%$\
\x96c(\x88\xa2\xc4\x06\x12XA\x80 \x06\x0c\xdbR\
4\xd0\xb2%Y\x825\x90&E\x0d\x94H\x93\xa2D\
\x86\xa28STO\xaf\xc77\xbf{o\xdd\xaas\xf6\
\xdek\xad\xfc\xd8\xa7\xea\xdd~\xefQ=\xb0\xbb%\x03\
\xbd\xbb\xf1po\xdd\xbau\xab\xce\xb0\xf7\xda\xdf\xfa\x06\
 \x0f\x87{\xf0\xec\x9ea\xea\xae\xa0\x1c\xb84Q\x84\
\x09\xa6nE\xdc*\xd1\x1f\x06\xae\xa4\x19\xbf|TF\
\xef\x8bk\x84\xcb\xf1\x0aS\xaf\x98\x0e\x15\xb3\x0c\xf7\x10\
D\x82\xb2\xb0\xb9\xd5\xb0W!\x8b\xe4M\xe0I\x1b\xdb\
Hm\xe46\xb2H\xe7\x1d4hN\xfd\xde\xbe\xf6\x0b\
\xeb{\xceI,\xb3\xe6\xe8\xd6\x01\xe08\xc7\xb6*\x81\
\x9bv\xb29\x9d\x1dC\xb3\x818\xc3d\x07q\x82B\
\xe8s\x9e\x0f\xaa\x9aK\xae\xad\x93(m\x0cp7\xb8\
\xb1f\x91\xda10\x94\xa4%\x91+\xb3\xc3r\xd1\xc1\
\xca\xa0ePM\xaa\xa5\x91)!2\x0b\x07\x11\x89\xc4\
\xc1\x15T\xb9\x1a\xb5\x02\xe6@\x14*\xe23\xb2\x17L\
\xdd\xea\xd2m\xe4\xeenl\xd9\xb5h\xc9%'+\x03\
,\xbb\x0d\x81\xb5!\xe5\x86\x00\xf6\xa2\xe9\xf0P\x18\xec\
\x05P\xf7R\x93\xd8\xab\x01\x97\x01\xee\x90J&\x07P\
R\xe9\x97n\x83\xdb\x12:\x98)\x19\xb1\x07#5*\
D\xc6U\xb3\xe0\xaejf0\xe3\xea\xc7\xeb66@\
\x88\xa9F\xd5\xd5\x1e\x0c\x01A\x88\x88\xc4\xd9\xad\xe6\xab\
\xbb\x9bU~w\x95\x96\x0aUW\xf0\xb5\x81'\xaa\xef\
F5\xe3\xa8~\x9b\xd5\x1b\xcb\xc1lu\x92Z\xf7V\
\xa8B\x1d\xf5\xb2\xb0\x91\x07\x22\x97i\xc5cQ\xe21\
6!\xc6 B\xcc\xe0\x91\xfb\xdc6>_,\x0f\x0e\
\xfaW\xbf\xe6k\xb3\xb3Qpf\x83C\xaduqh\
\x08p\xed]\xd3\xceV3m\xa5\xef\xf7\xb77&\xaa\
Jhht\xc6;\x02u\x5cYO\x5cI\xc4\xe0\x95\
\x8b\xea\x93o\xe1\xe7}\x8cDzW\x81\xb2\x15\x86\x99\
I\xecv\x16\xb4\xf1\xf9\x07\xce~\xec\xb3\x0fhw\x03\
s\xb0\x15\xfc\xc9\xcc\xc4\x1cB8q\xe2\xf8;\xdf\xf9\
\xce7\xbf\xf9\xcd\xa5\xe8?\xf9\x7f\xfe\xc9\xc7\xff\xe8\x8f\
\xb7\xb6\xb6666\x87\xa1\xff\x8e\xef\xf8\x8eG\x1e>\
\xf5\x7f\xfe\xe4O\xfe\xe8\x8f\xfe\xbd\xc9d\xf2\xb2{\xef\
\xf9\x89\x9f\xf8\x89\x1f\xfb\xfb\xff\xd3\xa5Kg&\xd3\xae\
O\xcb\xad\xdd\x9d\xfd\x9d\x9dK\x07\x97.\xee\xf57m\
w{\x07\x87}\x1e\xa6]\x87\xd2\xa7\x94\xc4\xa8\x80\xa1\
*\xb6\xd4s\x0f\x9d\xbb\xff\xfe=\xba5-\xf7\x9b\x17\
\xaa+][*\xd5y\xb2^\xfeGO\xd7\xb3\x98\xf4\
_\xac9\x9e\xc1\xb8\x82\x97[\xbb*\xd5\xba\xe3\x05\xab\
9\x84\xc5\xddCh\xde\xf7\xef>\xf0\xa9O}\xe6\xee\
{\xee=\xd8\xdf\xbf\xe1\xfa\x1bN\x1e\xdf\xbdx\xee\xf1\
\xafy\xe5=\xe7\x1e\xfc\xfc[\xbe\xf5%\x7f\xef\x1f\xbc\
#N\x1f\x87?\x91\x86\xbd\xd0\xec\x90\xb5\xb0\x86\x02H\
\x14\x5c0\x5cDZh\xd9w?\x14Z\x12\xf7\xda\x1f\
hN\x9e\x0bC\x82\xb4\x08\xacU/\x07\x13\x16\x16A\
\xdb\xa2(rv\xd5\x95\x9c\xf2\x0a\x82\xe8_\xe5a#\
yd\x852\xc3\x01\xba\x0c\x0d\x18\x82jT'\x96\x18\
\x9aihghf\xe0\x09\xa8\x81\x0b\x0cV\xdcK\xcd\
U\x12\x87\x00B$\xee\xe0\x10\x82\x08\x84\xe0\xa6($\
\x10a-\x83\x0e\x83\x901e-\xbd\x96\x81\xe0m\x0c\
\xd4\x04\xa4\x054yN9\xf7%/\xdd\x93D'(\
C\x01\xad>\xae\x5csx\x15\x0c\x96j\x95enV\
\xe0\xc4\xf5\x5c\xb8\x1d\xad\xa0.\x7f\x8c\xcb\x84;\xaa\xf9\
\x9e\xab\xcd%\x9b{\x86\xbbp\x88\xd1\x88\x17f\xbc\xdd\
\x90p\x88\xb1\xe9:\x9at\x88\x01Q\x10\x02\xe0:\xf4\
\xf3\xf9\x01\xe6g\xa9\xcf%\x15\xa8\x0a\xb8\xe1@\xeal\
B\xc6PW\xb3\x84F\x8e\xbddcc\x1b\x9b\xdbh\
\xa7\xa8\xce\x89&\xd8;<88\x97\x8b1\xd7\xc5\x8b\
\xdb\xd019\xb9\xb1+\x8d\x9b^CIe\x91,\xe7\
\x08\x22&q7-C\x1a\xb4\xe4\xa2\x19f\xc2\xd46\
\xb38\x09\xa0\x16.U\xf4I\x1c\xaaKz5.'\
b\x0a\x81H\xa8\x1a\xb0z\xc5C\x0cp2\x83\xab\x98\
\xd5\x12\xc7R))\x0f\xfd\xc2\xadD\xf1& L\x1a\
\xb0\xc2\xb2/\x97\x87\xf3}\xcb\xfd\xa4!hM\xc53\
\xbe\x1c\xca1\xa6\x9b:\xc8\x8a\xaa\xe7\xd4/\xe1)\x0d\
\x0bX\x1f\xa4\x08\x95@\xe6 \xcd\xa9\x90Z0\xae\xc4\
c3S\x03*T\xb1.\x13=\xe7\x5c\xd9\xd6\x95\xc8\
I\xf0\x94{\xf7\x00\x12\x22\x16\xaeu\x84\x8d\xff\x9bU\
v\xc3\xca\xe8~d\x0dW\xbbp\xc6\xda\x7f\xc3\xabN\
\xc5\x9c\x98\x04d\x06\x22\x0fvY\xed@\xee\xceNN\
U\xa4Z\xf7\x0c\x1d9\xc6\xa7\x00!\x86\xe9dB\xcc\
\xd5\xcdV\xa4\x81C3\x82\x84\xedY\xc74\x0d2\xdc\
\xf7\xd0c\xc59\x8d\xc9#\xb1\x8d\x8dH\xb7\xbd3\x9d\
L$H\xe9\x1a'_\xc6\xd0mN\xa6yH\x93\xb6\
MC\xa2*\xddYQ\x8b\xaeu{^AF\xba\x06\
\xd1\xeb\x85\x89Qu\xb0\x11\x8b\x17qc7rP\x9c\
\xee\x0f\x9c\xa7[?\xf3K\xbf\x12\xb7o,\xb4\x93\x0d\
+w\xd1z\xaalcc\xe3G~\xf8G\xee\xb9\xe7\
\x1eS}\xe0\xbe\xfb\xee\xbf\xef\xbe\xe3\xc7\x8f?|\xea\
\xa1\xc7\x1f\x7f\xe2\xf6\xdbo\x7f\xf8\xd4\xa9W\xbc\xe2\x15\
\xbf\xfc\xcb\xbf|\xe7\x1d\xb7\xbf\xe3{\xde\x11C\xfb\x9a\
W\xbf\xfa\x07\xfe\x9b\x1f\xfcG\xff\xc7\x8foO\xa6\x86\
A\xa8m\xa7\x1b\x07{\x97\x0e\x0e\x8bm7\x97\xf6/\
,\xfb~ws\xaad\xaa%\xabf7.\x89\xf7\xcf\
_|\xfc\xc1\xbc\x7ff\xeb\xc6\xdb7\xa6\x1d\xe8\x05\x22\
\x90\x96R\xd6-\x15\xac\x16\xc1u\xd9\xf1b\xcd\xf1\xfc\
\x8ek\x1e\xdf\xca$U\xd5\xe5rY\xbf>j\xc7V\
\xff}\xd6\x96\x1e\xab\x08\xd3\x0a\x8d\x9a0\x93\xc9r\xd1\
\xff\xc2\xbf\xfa\x85?\xfa\xe3O\xee\xee\x5c7?X\xb6\
\xb1}\xd5\xcb_\xf6\xda\xaf{\x85.\xcf\xdetr#\
\x1e\xa6\x1f\xfa\x81o\xdd\x9c\x9d9X>\xdaM}\xd6\
\xec\x88o\x0b\xcf \x0dx\x09\xdb\x83\x1e\xe8\xe2\x12!\
\xc1\x97\xd0y)\x0bh\x227.\xcc\xe8\x08\x11%*\
e\xe3L\xa0\xb1\x9f\x22\xc1\xe6\xf3+m\xfd\xae\xdc\x89\
<\x9b\xbd\xc8\xd3\xe8\xbf<\x8b\x17\xbd\xea8K\xe5\xd7\
\xd9\x18\xb5I\x81\x02\x99A\xeb\xaa%\x014a\xdai\
\xbb\x0e\xb1\x83\xb4\xf0\x00\x8dV\xa4\x98\x98\x0bQ\x00\x05\
&\xad\x1cb\xe2@\x08\x00\xf1H\x88\xf1\xca\xd2\x80\xa7\
2\x0c\xc9\x95\x5c\x85\x8c`B\x16BqO%\xf7\xfd\
<\x99\xe6\xe0\xb9zs\x91k\xa0\x02\xca\xabp3\x03\
\x19\xc8\xc8\x99LpyoJ\xa8\xf6'\xb4\xb2\x22U\
\xe7\xa3Sr\xad\x9f|E\xe1%\x82{\x89\x94\x22\xbb\
\xc3\xaa\x90\xda4\xab\xc5\xa6\x89m#\xb1i\x9a\x96\xa6\
\xcd\xc5\x99\x87\x10\xc0\xc1\x8c\xa4\x18\x86\x84\xfd\x84E\xaf\
\x8b\xe4\xa9\xcc\xcc\xc5\xf6\x80%\x10\x80Vy\xaa\xdc\x14\
\xde*\xcd&\xb7\xdb\xcdtW\xa6[\x93v\x02\x09P\
C)z\x90K^Z\x99kq\x02\x22q\xd7\x06a\
qS\xa8\x8a\x01\xae\xa3\x95\x88\x17@\xe1\x05\xae\xc1\x0d\
\xa4y\x98\x9b\xb9\xaaW\xa0'\x84f\xd6mru]\
\x04\xc3\xc8\x88\xab\x87Yu\xf8 \x88j]\x85\x09`\
7b/b=\x81\xe0\x06Sh\x81ie\x84XI\
%g\xd5\x0c\xed\x88\xc3\xb4\xe9\x02\x1bHA\x19%!\
-r\x7f\xa8e\x88`\x8a\xc1}I^\x97\xefjf\
Q\xf3~i%\x0a\xf2\x18\x9b\x9c\x0a`p\x94a\xd9\
\xb50]\x02\x05\xeedL\x14\x99<[\xaeXF\xb5\
\xccv\x83\xf9\x98\xdf\xa46\xe62\x03\xa3\x9b\x1f\xe0!\
\x88Cr1s\xadL\xce\x11\x03c\xaf\xcaiw\xaf\
\xf8$\xe0\x06cb\x16\xc2\x98\x87Z\xddE}4\xd4\
\x02;\x93\x93\x91\x93#\xb8sUi\x8e\xde\xa5c\xd9\
\xc2\x5c\xb7\xab\x1c\xa0\x0d3\x9b\x99\x9b\xb3P\x08\xc1\x9d\
\xdd@\x14\x88\xc9\x0d\xe2&\x04S\xd3\xd2\xb7$\xc77\
'\xb3{\xef\x1c\x8a\x0fE\xb3\x01\xc4\xc4A<\x06\xb1\
\x10J\x13(\x04\x0d\xc2\xe4\xb9d\x0d\x22\xa5\x18Qt\
\x82\x9a\x86&V\x95\xd8\x15\x1be`\xcd:z\xd2=\
\x7f\xc5s\x98\xe8+\xd4+_\xd5\xb8\xe2\xaf8\xc1\x88\
\xc4\x0c5\x11\x90bB\xeb\xcd\xee\xc7>\xfd\xc0\xe9}\
\xebN\xecji\xcd\xb20\x8b\x88\xeah\xc1y\xe7]\
w\xbe\xfb\xdd?\xff\xaew\xbd+\xf5\xc3\xde\xfe\xfe\x0d\
\xd7_\xbfX.g\xb3\x0d\x22:}\xfa\xf4]w\xdf\
\xf53?\xf33\x93\xc9\xe4}\xef\x7f\xdf\xf7}\xdf\xf7\
\xb9;\xc1\xbf\xedMo\xf9\xc0\xef\xbe\xe7\xd3_\xf88\
D$\x86\xad\xdd\xe3\xf3\x8b\x8f<\xfa\xd8\x85\xbbo\xb9\
aHv\xe1\xd2\xc5\x1bOl\x93+\xc1\x9b\xc0\x07\x97\
\xf6cZ\x1c^8{\xf1\xc2\x85&6\xc7o\xb8\x11\
\xb3\xcd>\xe7.v\xcf\xf9\x01Y\x1f\x965\x87\xa3F\
j\x1c\xb5\x87x\xfa\x12\x95k\x8e\x17k\x8e\xe7f\xac\
\xbd\xb9RJk\xbb\xd2u\xa9\xf1t\x9cR\xae9\xcc\
LD*\xaeU\xaf\x00W\x7f\xff\xfb~\xfbw\x7f\xe7\
\x837\xdcx\x0b\xc1'mx\xe9\xad\xd7\xdfz\xd3\xe6\
\xf1m\xbb\xed\xa6&\x1d\xdew\xe7\xeda{\xda\x0f\xc3\
b\xd6\xb5\xe4\x00\xa2P\x07\x16\xa0\xc0\x96\xda\xef\xe5t\
\x8e\xfd\x12l\x80U[\xe8R\x9b\xc4f\xec\x08D\x8d\
9\x13[\x8c\x84\x8a\xdc\xa4\x5c\xfa\xb9T\x97\x1b\x1c\xdd\
L_y\x0c\xae\xde\x9b\xbc@\x90\xe8S\x8d\x92\x0b\x18\
L\x02\xae1ibN\x06\x82\x88\xc46\xb4\x1d\xe2\x16\
\xf8X\xb5\x08\x84\x92)\x83\x82S$\x08\x93T7\xef\
\xd8\x04w\x1du\x10\xd5\xe1\xca\x14\x96Q\x92\xdb\x00\xcb\
\xa0!H\x91 `G\xeas\xbfT\xcd\xf0le\xd0\
\x9c\xb4d\xd3B\xe4\x81)\x04&v\xf3bV*y\
oly;\xd8xe1^q\xa45\xf5u\xfd\xc5\
\xb8\xaf]}\xeb\xe3s}\x0c\xcc#\xa1\x81\x90\x08\x1c\
\xc4\x8c\x01\x88\xc8v7k\xda\x06\xdd\x04m\x07\x22\xb8\
\xed\xb2c\xc8\xba\x5c\x0e\x07\xcb\xb2\x180h4n\x9c\
\xc5\x08\x1aa\x96e7\x87c$\x8d\xb4\xb3f\xb2#\
\xedv3;\x8e\xb8\x81\xb0\x01\x0b%\x95\xb4\xc89\x1d\
h\xc9\xaeE\xdc\xa3\xa0a\xee\x22Q\xa5\x7f\x9a\xc3\x1c\
\xba\x0a\xbd\xab\xd5\x80\xe9\x9a\x09a9i)\xc5rF\
\x22\x96 M\xd3\xb6B-S\x84\x0bQ3&M\xf8\
z\xbd\xa4\xf5\x8e\x9cA\x15F\x00\xd5\x88\x0e\x85'\xa8\
\xa2\x94Zp\xb8\x96\x92\x87\x9c\x06W\x0d\x81\xdb\xd8p\
\xdb@\x02\xd8a\x19i@^\x0c\xfd\x1c\x96]3\xb9\
\x11\x00rEY\x9d\x0a\xafu\xde\xaa\xecX\xd1C\xb4\
\xc0\xe1\xa6d\x0a\x94jzn(c\xbf\xce]+\xb0\
T\xd7.\xaf\xdd\x15\xf2\xb1\xdfQ\xe1\x9d\xd56qU\
\xc90!0Y\xc5(`\xf0*\x152\xc0\x99\xc7V\
\x1a\x8d5\x07F\x91+\x91\xa3\xbe$1\x01NL\xf5\
\xaf\x8e\xf4g\x03\x89t\x22\xad\xb0\x88\xb0H \xa6 \
\x02\x8c\xe6+\x00\x08,\xd2\xe4\x5c\xcc\x0a3\x89\x04\xa2\
\xa3[\x00\xaa\xef\x93Wm\xc1\xeay\xd5\x0a1 0\
\xad\xad,V\x07\x07\xb1 \xde\x08\x82\x90\x10q\xcdC\
\xa8L\x12fw\xab\x09\xec\xeeT\xbbC\xcf\xaazx\
ax\xfa+\x02Te\xd7s7\xd0\xa6w\xd7\xfd\xee\
\x1f\xfe>\xb5\xdb\xcbd\x1c\x04\xa2 J%\x07\x91 \
\xe1\xf5\xaf\x7f\xfd\xaf\xff\xfa\xaf\x9f={\xf6\xce\xdb\xef\
x\xcdk^\xf3\xf1?\xfe\xf8\xdb\xbe\xf3;>\xff\xc5\
/|\xfaO?\x1d\x84s\x1a\x84\xa8m\xe2r1\xff\
\x83\x0f~\xf0c\x7f\xf8\x91\xd7\xbd\xee\x1b\x9a\xd8nl\
N\xde\xfe\xddo\xff\xf0\x8f\xfe\xceds\xc6\xde\xcd\xb6\
vH&\x17\xf7\x96\xb90\x19\x1f.\xe6\xc9\x0c\xe4\x92\
\x17\xe4i&\x96r\x7f\xff\x83\x8fF\x8d;\xbb\xd7\x1f\
\xbf\xf7\xb5\xc0$\xc6\xd9\xf3T\x84\xd5\x92\xa2F\x87V\
\xfc\xfe\xa8\xaf\xf9W\xdfA\x7f\xb1\xe6xnF\xad\x04\
k\xdf\xab\xeei\x8e\xaa\x89\x9eu\xd9\x11BX[\x9b\
33\x98?\xf4\xc1?\xf8\xcd\xf7\xbc\xe7e/\xbb\xb7\
Oykk\xb6\xb3\xd5~\xe37\xbc\xfc\xee\xdbv\xd3\
\xe1c\xd7\xed\xf6\xbb3\xdb\xdeZX\xbe\xd45\x1dq\
\x18\xfa\xdcN:DB\xde\xc7\xb0_\x86Kn\x87\x01\
K-\xfbn\x09ZF/F'\xa2\xc0\xdd\xc4\x92\xf5\
9u\xdd\x0c]\x00\x12r\xb6\x9c\xdd\x9c\xaf.8\xb0\
&\xe9\x1d\x19\x7f5\xbcY\xaf\xe1\xd8!\xad\x11\xd4\xc9\
\xb5\x0a)\xa3sl\xda\x99t3\x84\x16 hD\x89\
uy\xf0Q\x0d\xcb\xee\xcc,D\x81F=KO\x81\
 \x01D\xb0lEK\x1e`={\x12)\x14 \x9c\
aK[\x0ci\xe8\xb5\x0cd\xc5\xad0\x94\xc9\x22\xd0\
FP\xe3\xc3\xa2w\xb0\x95\xea\x0b\xe4\xc2+\x92bU\
\xca\xc0\xc7x\xd2\xab\xc7\x91\x0eJ\x95\xaf\x12s5Y\
qxQU\xb7\xba6q\x10nb7\xe9B\x08p\
\x12\x16nZLg0\x839\x8a\xa1\x1fl\xb1,\x07\
K\xcdE\x8b2\xc9$\xb4\xc2A\xcd\x8bz1\x0a!\
Jlh\xb6#\xb3\xedv:C7\x05G8#+\
\xfa2\x0c\xe7R*\xaa\xe6nA\xbc\x09\x1c\x1b\x168\
4Q)c\x1dV\x1d/\xe0\xa0\x08\x12\x98B\x0df\
P\xab\x8dHw\xb8\xd5X\x17\xee&\xdbLL\x14\x98\
#\xd5f\xd6\xe8\xdf\x15\xe0\xd5\x81\xb1jQ\xaa\x91H\
\xfdW\xd9\xd5\xac\xfeo\xc5r\xd0\xbe\xe4\x5cJ\xb6j\
\xacb&L\xd3\xda3\x1aU9\x0a/H\xc9\xd3a\
\xea\xe7Z\x96Z\x06\x86\x8dr\x22s\xe3\xa2<R\x96\
*1\xa2\x82LF\x95\xc0ZI@D\x06+\x19\x95\
\xcb\xe0j\xa3\x9bl}_P\xa0\xd8\xe5\xf6\x11\xf9\x18\
\xdd\xae\xee\xea+w\xde\x91\xd7Q\xf1y\x90C\x18A\
\xa8\x96#V\x0b\x0e\xaae\x09\xb8\x06\x9b\xb9\x83\x98\x98\
\x89\x85%0\x93\xd1\xda\xf0kT`\xd5\xe0\x92\xc0A\
$\x08\x0bq$\x8eu/T\xd7\x8c\xd1F\xac\xb6\xe3\
j\x89\xeaT\x94\x98\x9a\x10\x033\xf9e\x96\xc8x/\
W.\x0c\xaae:;\xbb\x05\x8c\xda\xef\x9a\x08\x0b6\
\xe5\xc2d\x91\x11\x98\x221\x8f\x99l+\x1b+\x82\xaa\
\xd5\xc4y;\xf2\x0e\x9eb\x5c\xcb\x1f\xf4\x05\xe8\xdfV\
\xc7\x9eZ\xeb;\x07\xe5i\x89\xdb_x\xf0\xdcC\xa7\
\xe7\xd9g\xb3n:_\x0cM\x10\x00\xfd0\xec\xee\xec\
\x9c<q\xe2\x13\x9f\xf8\xc4#\x8f<,,?\xfd\xd3\
?\xfd\xce\xef}\xe7\xa7>\xf5\xa9o\xf9\x96o>q\
\xe2\xf8\xe3\x8f=\xf6\xd8\xa3\x8f\xe4\x9c\x09\xbe\x5c,D\
\x98\x98\xde\xf5\xaew\xbd\xff\xfd\xef\xdf\x98nMC\xfc\
\xebo\xf8\xa6\x97\xde\xf6\xd23\x17\xcf\x01\xcch\x9a\xc9\
\xf6\xc5\xfde*\xd4r88<\xcc\x0e\x11\xb1\xb2\x84\
\x1dN0\x1c.\xe6\xd2n\xee\xef\xe3\x8e\xdb\xbf\x1e'\
\xeeD\xde0\x17\xf6Dc*\x00\x00 \x00IDA\
Ty~\x8eG]\xaa\xaaJ\xe5\xab\x94\xc5^s\xbc\
Xs<g\x83V\xb1p\x95\xe1Q!\x8a\xa3\x15\xe2\
\xb3\x18k\x8b\xd9\x94R\xdb\xb6\x1f\xfc\xbd\xdf{\xf7\xcf\
\xfd\xec\x8d7\xddx\xe6\xec\xe37\xdfzK\x08\xa9k\
I\xe8\xd2\xfe\xa5\xb3e\xf1\xf0Ko.\x11{\xd0\x83\
\xa6\xe9\x88;\x98\xb4\xb3\x198\xf9\xf2\x11\xd8\x9e\x95}\
\xd2\x1eEa\x85\x90\xd8\x8d\x9c\xd9\x99\xc1 \x81!-\
\x96\xa1m\xbb\x8d)\x98\x90\x06\x94d\xaa\xa6#\x13\x82\
\xae\xa0o\xe0\xea\xa5\xfdZ\xaa\xcd\xa7\xfe\x84O\xf5\x84\
gw\xf0\xae\xd0\xbeP\xab\x08 \x22i%N$L\
\xb8\xdd\x04Ex\xf4LjnFU7X\xa1gf\
\x1e\x15\x84cz\xbc\x83\x15\x9a\x5cU3\x14\x95;\x06\
\x09E*=.\xf7\xe8\x0fJ:\xb0\xbcpwrk\
\x08\xc2\x0eR\xaa\x1e\xf0\x95\xd2\x08ocP3Us\
\xe7zu\x98_6\xfc\xac\xefu\xf5\x01\xfc+}\xfc\
<\xd2\xfe\xacJb\x9d\x091 ph\x9a\xd8D\x8e\
\x11M\x07\x89#\xcc\x00\x021\xf6\xe6\x9erI\xc9\xd4\
\xad(\x06\x9d\xf4\x0d\x10\xab\xade\x1ah\x90@\x93)\
w\xd38\xdd\xa0\xc9\x0cm\x13\xe4\x84\xd1t\x99\x93/\
\x976\x1cRZ\x8a\x0d\xa2)zjQ\xa5\x9f\x84\xe2\
\x9e\xd4J.%\x8f\xd2\x0f8\xb9\x92\xdb*\x14=\xc2\
E\xcd\xcd\xdc\x9c\x1c\xacF\xccA$\x86v\x22\x12\xc0\
\xa2\x14*\x98\xe1\xce\xe6L$\x5c]\xd2\xc7\xad\xad\xc1\
B]\xd4i4\xbeRX\x82\xabX\x86\xa6\x92SR\
]\xaa39\x81$\x04\xae\xe9m\xd5p\x1d\x043\xb7\
Ben\xb9\xcfi\x91\xd3\xa1\xe9@^\x98\x8d\xe1\xec\
\x04s7(T\x85\x01\x8c\x94\x87j\xb9\x85\xaaKu\
\xbf|f\xc8r\x02\x00W\xb5b(\x80\xb9\xd5\xca\x00\
\x0aR\xe7Z\xba\xba\x8f\xc1C\x0e(F!\x8a\xa2\x9a\
\x96_\x16}Un'W\xd3\x1b\x10i\x8d\xab\xaf`\
\xd6Zt\xc2\x00\xb9\x93\x82\xdc\x9c\x9cB\x98\x10*w\
Y\x84\x85k\xde<\xaa7S\xd5?\xd7\xd8<r\x87\
\x8d\x89\xedV\x1ds\xa9\xe26\x8e\x92\x0a\x11s\x08\xc4\
\xe2p\xab\xca\xdd\xf1]\x91\xc3\x95\xaa\xe4\x18\x86\xb13\
i\xee\xc4`r\xae\xe8;)\xa4\xc8:\x87\xde\xa9\xba\
\xdc\xfb\x0a\x8fc\xe2dF\xcc\xc4\xa4j\xa3\xd7\xedS\
M\x89\x95\xb8\xfe\xa4G\x9e\xc5\xdc\xf2l\x86\xb3;\x91\
\x81\xd8(\x16\x9e\xf5\x98\xbe\xf7w\x7f\xbf\x84\xad\x18\xa6\
V\xac%\xf4\xc3\xd0\xb4\xcdd:\x01\xf0\xf2\x97\xbf\xfc\
\xf3\x9f\xfd\xdc\x0f\xfd\xc0\x0f\x9e?\x7f\xe17\x7f\xf37\
\xe6\x07\x077\xddx\xe3\xd6\xd6\xd6\xc9\xebO^\x7f\xdd\
u\x95\x07L\xccuW\x00\xd5\xc7\x1e}\xf4_\xbe\xfb\
\xdd\xff\xed\x0f\xbd\x0b@\x8c\xcd\xf7\x7f\xff\x7f\xf9\xbf\xff\
_\xff\x18\x04\x96v\xba\xb1\xd3_xbH\xb6=\x89\
\xfd0d'\x92\xe0: \x1f\xc0\x8a\x0d\xcb\xc3D\xd7\
\xdf\xf5\xf5;w|C9`\xde\xd8\xce\x05!>\xf7\
UX\xdd\x1e\xd7\xcds-X\x9f\xdb\x82\x03/\xd6\x1c\
\xcf\xf9`\xe6\x95\xd5\xa3V`J\xd6\x90\xe63\x1f\xf5\
\xac\xbb\xfbl6\xfb\xe4'?\xf9/~\xea_\xdc|\
\xe3I\x09\xfe\x92\x97\xde8\x99\x86\x97\xdd{\xe7\x89c\
\xf1\xf8\xb1\xf0\xd8\xa9?\xd9j\xf7\xb6wK\xe0CP\
D8\x86\x5c#<\x8a\xf6\xe7\xfb\xe1\x14\xfb9\xb69\
+Qn\xbc\x04\x8a\xcc\x10\x023\x08\x86\xd1w2\x12\
O\x04\x8d\xe6~\xbf\xf4I\x94\x83\x04avwS\xbd\
\x86\xe7\xdd\x15\xad\x13\x22\xac\xd8'\x97\x1f\xf9K\x02>\
\xaeP\xf1\x0e\x99)N\xdan\x16\xba\x0d43\xc8\xc4\
\x0es\xd1\xa0\x1e\x88\xa2\x84\x86\xa3\xbb/\xb1\x92\x12:\
\xac\x86\x9f\x80\x0b\xa0PG\xb1>\xed\x83IB\xd3\xc4\
\x86\x22\xd7(T\xdb?wp\xe9t\x1e.\x05\x94\x86\
J'\xc6\xd5\xd3\xd9TS\x1e\xd9\x88\xb5\x9f>>\xce\
l^\xb4\xfaO\x9a;\x91\xd4\x14\x865\x8aT\xad\x9c\
0\x82\xf1\x97\xc1\xa5\x0a\xf3\xc3A\xc9\x09\x22$LA\
\x10\x84\x834\xd3\x8e\x9bHMD\x10\x00(\xe4\x8b!\
\xf5Ce\x15X\xd6\xb4\x1c\xc8\x01u2gb\x0e\xcd\
\x99\xe0\x06\x84\xd8llow\xbb'1\xddBhA\
\x01J>\x94\xbeOtx\x8a\xd3\x02%\x93i\xc7\x14\
\x02A\x07\xb8\xa2\xe4\x92\xfa4,-\xf5\x1dY\xbd\xce\
\x859\xc4X\x15\xc1\x97\x1d\xb5\x89\xd4\xc4<\x10\x09I\
diEb7\xd9\x00\xa4f\xda\x15'\xd7H4\xa3\
\x0a\xf7\xf0\x08\xfc\x1bj\xeaz\x01\xc1\xdc\xc5\x1c\x85\xe0\
\x05\x9e\xa1\x19\xc8`E^ZZh\xee\xdd\x0a8r\
\xbb\x13\x84e\xbd-sww\xb3j\xfe\x0asN\x87\
\xe7I\x0fM\xb3{\x22\xcaU\xca\x05\x87Y\xc5/\xd8\
\x89r-\x8b\x8c\xdc\xc8\xd6\xaam\xaf\x0bw\xe5\xca\x18\
9\x17\xcd\xf5\x1a\xd31\xcee\xd5.q*\xeeF4\
\xd2w\x0d\xf0\x95w\x9e\x93\x91W-\xcd\x98\xda\xbb*\
;\x1cT\xf1\x1b\xae\x89w\xce\x0e\xb3\x91\xf2\x5c\xdb\x10\
,\x1cj!$\x12\x98\x849\xc40#\x0a\x15\xf7\x90\
u\xe6{\x05\x1f*\x13\xc5\xab+Y=\x18\x95\x0fT\
;1\xe4\x80\xaa\xb9\x19s\x08\x81\x85kn*\x98\x05\
~T\x01EJb\xf5\xac\xc0\x8d\xcc\xdd\x0c\x06T\xf4\
\xa5\xc2O\x16d`\x908\x8b\x87\xba\x87!b\xf7\x95\
\xea\x9d\xdc\xcc@LT_\x9c}\xa5\xe1\xfe\x0b\xc7\xd5\
s\xc7s\xe2\xd4s\xd5\xb8\x0a\xa8%X\xedY\x19\x05\
\xa5\xf6\x0b\xf7=\xfc\xe9/=h\x1b\xb75\xedty\
\xb0\x9c\xc4\xe8]\xa3\xe61\x847\xbe\xf1\x8d\xdf\xf9\x1d\
\xdf\xf9\xf6\xef~\xbb\xa9~\xfaS\x7f\xfa\x1b\xbf\xf6k\
\x00\xfe\xfa\x1b\xde@\xc0\xf6\xe6\xc6\xce\xf6V\xd76}\
\xbf$\xb7\x8d\xe9\xe4\xf4\xe9\xb3\xcc\xb8\xfe\xb6\xdb~\xf1\
_\xff\xab\xb7\xbc\xe9\xad\xafy\xe5kM\xf5-oy\
\xcb?\xfb\xd9\x9f:w\xb6d/m7[\x18\xfa!\
c\xca\xb9\xe4\xbe\x14rty@:\x84\xb9@'\x9b\
\xc7\xee\xfd\xdao\xc2\xb1\xdb\xf6/5So\x9f\xa7\xae\
um\xa9Tp\xfd(7\xf19\x1c/\xd6\x1c\xcf\xd9\
XwOj\xd9\x01\xa0V\x8b\x00\xea\xb7\xa3\xd2\x7f\x5c\
E\xec\x08,@+\xc0\x93\xb4\x80\x05`s$\x82\x15\
\x87p\xe3.\x9f\xff\xe2\x97~\xea\xff\xfd\xd9\x1bo\xba\
ek{\x92\xfb\xcc%\xbc\xedM\xdf~\xd7\xcb\x8e\xc1\
\x1f:\xff\xd8\x877\xda\xfbO\x1ck\xd9\x01\xdf\x80\x00\
6G\x10\xe4\xbe\x5c<\xaf\xe5lC\x07\xd0\xa5\xe7\xde\
3\x0b\x849\xf6\x0e\x1d\x1b\xb4\x5cS\xd3\xa9k\xb9\x8b\
H\xcb\xfe\xc2\x05\xb5\x12)\x06\x22\xa8V\x88#0_\
\xa3a\xf1\xf4P\xd2\xab\x7f\xe7\xe81\x03\xe9Q>\xe4\
5\x9e6\xaaR\x1d\xa8\xd1\xdd\xe6c\xf7\xfd\xaa\xd4\xb1\
1O\x82\x1cb\xc4f\x04\x0a!\xb4\x1c\x9b\x8d\xe9q\
H\x0b\x128{\xef\xb9,\x81\x868Fi\xdd\xc5\x0a\
\x80\xdc\xc4\xbc\x8a\x8a\x1em\xc0\x9c\x5cU\xbd6\xcd\x89\
\xba\xd9\x14\x01\x10AI8\xbc\x98\xfb\xc3\xd4\xcf\xc9R\
\xebi\xc2\x08\x10\x22u/\xa6\x15\x05&\x91\x8a\x9d\xd0\
eks\xad\x8b\x10\x05b\xb0\xaa\x15M%4\x819\
\xa0\xc6a`\xf4\xe3\x02\xf3\xe5\x0f\xc5T\xf3W\x00'\
!\x17\x09\x93\x195\x12\x1b\xe6NPm@)\xa0\xca\
*\x97\xa5\xa4!\x1f,\xcba2u\xe1@$9\x19\
KK\x14k\xa5\x12\x9bV\xda\xc9u\x9b\xc7\x10\x02B\
\x80\x10\x1c\xe8\xe7yy!gMI\xb5\x98\x9aO\xca\
\xd0Zf\x07\xc1\x8a\x95lj\x9a\xc9\xadfR0Q\
\xd3\xb6\xa1,\x03\xcb\xd8\xfa\xd7\xc1\xdd\x98h\xec\x05\xd4\
\x05\x07\x1d1\x87\xd8p\x9cP\x9c\x22t9\x9b\x13\x13\
G\x12!\x16\x86\x90\xd9\xb8\xc0\x1c\xddd\xab;\xa8.\
\x9f\xb0CxB)\xaa\xc5Jqs-\x19\xeeL1\
\xc6\x097\x11!\x1a\x98i\xdc\x9c\xa3dx!+\x9e\
\x87<\xf4i\xe8sN\xe2\x97\x982\xc3\xb9>\xc7\xad\
\x92/\xdd\x9c\xab{\xb8\xf1\x98\xe7\xe2\xb0\xd5\xca[\x99\
\x9b\xeeck\xa7\xb2S\xd8\xb5vc\x08\xf0\x1a\xb3\xee\
\x80\x9bc`\xe7\xf1\xcb\x0a-@1\x96\x1f\xb5\x99b\
\xa8\x92\x14\x8c\xfd\x17\xab\xf9&\xce\xb5\xfb\x00b\x82\xbb\
\xd5\x1fV\xeaC\x08\xd2\xb04\xcc!\x84&\xc6\x18b\
\x10\x0a\x84P\x05:\xabOA\xb6\xe2\xa0\x10Wgw\
\x1b\xf9d\xa0J!\xadd@\x22T\x14\x96\x88\x9a\xd8\
0\xa3\x8arW\x87\xefH\xa8\xda\x93\xd1\x86\x1a\xeaB\
\xcc\xabj\x80\x085\xdb1\x90\x83I\x98\xc6\xe46\xa3\
j\x85z\xd9\xda!\x84\xb0\x92\xa6\xfb\xf8\xabO5Q\
\x5c)T\xb9\x06e\xfd)\xc6\xb5f\xac\xab\x17\xea+\
\x10Q\x13\xae\x94lq\x99\x0e\x98~\xecS\x9f)\xb2\
m\x98Q\x0e\x8c\xa6$\xad\xcc\xe7\x1bo\xb9\xf1\xd5\xaf\
~\xf5\xb9\xb3g7764\x97_\xfe\xa5_\xda\xda\
\xdc\xbc\xf9\xa6\x9bv\xb6wb\x08\xcc\xf1\xe4u7\xc4\
\xa6#\x9eg\xd5zF\xda\xd8\x9c\xba\xef\xc1oz\xc3\
7\xfe\xe2\xbb\x7f\xfe\xde\xff\xf5\x15\xed\xe6d\xe2\xbb\xaf\
\xfb\x9a\xd7\x7f\xe8C\x7fl%\xb5\xddd(\x18\xd4M\
(\x17\xa5\x94'j\xa4\x05n\x08m\x9e\x1d\xbb\xfb\xaf\
\xbd\x86\x8f\xdd\x8e\xb0{\xec\xc4\xb1\xf9\xa2\x84\x18J\xd6\
\x10F\x1c\xfdif\x9d\x5cs\xd8X\x9b\x8e\xa4\xd1\xea\
e\xbe.8\xbe\x9aW\xbe\xe6x\xb1\xe6x\xce\xc6\x15\
g\xa5\xf6Y\xaa\x95\x8a\xbb\x8b\x84#?\x1e;\xbc\xab\
e\x9bk\x17\xbfb\xb8\x0edK\xea\xfb\x22\xc4\xd4\xf6\
j\x8f\x9e:\xfb\xcf\xfe\xf9?w\xf7\xd9\xc6\x14\xf0\xdc\
\x97\xb7\xfe\xad7\xdfu\xcb\xad\x98\x7f\xf9\xf0\xdc\x87\xcb\
\xf2\xc37\x1cCl6QN\x22\x9f\x00_\x02=\xee\
\xcb\xb9\xf6\xfbH\xf3F\x97\xae=;\x03[u\x9d6\
h\xf2\x12\x9b\xa8\xe6\xc5\xf2\xb4\x9b\xa0\xeb0\x0c8X\
X.Q\xb9\xa5\x96@\x97o\xd9\xaf\xc4D\xb9\xda}\
\xf5\xaan\xcb\x95\xfc\xf4k\x04\x14]Qs\xd4I\xfe\
(\xcb\xac\x1e\x9c\xaa5P\x90\x12W\x18xERs\
\xf6l$\x8c\x10* _L\x8cZig\xa1\xd9\xa4\
8\x83\xb4\x00C\xddk\xea<XX\x88\xc4\xcc\xac\x0c\
D!r\xe0\x91\xc2\x01\xc0P\xac\xa8\x16\x07I\x90\xa6\
\x0bMK!\x82\x19\x8b\xd3X\xce1\x1cZ:\xd44\
G\x19\xa6\xe4\xa3S\x95\x03\xce`\xb7\xe0\xab\x0f\xb2\xee\
@W*\xccJ\xac\xab\x0cs0AH\x002\xf3\xd2\
+\x0bs\x00\x8b+\x01\x0c\x0ep\xc0\xaay5\x91\x04\
\x04\xe6\xc0\xdc\x0a\xda\x80&\x84\xc9\x0cR\xc0\x03h\x80\
\x0dPA*~hi\x99\xd3\xa2\x1f\x96\xf3\x06\xd2J\
\xac\xca\x09\xb0\xc40k\xba\xcd8\xd9\xc2l\x07\xed\x0c\
uC\xdc\x17[\xa6\x9c\x179/4/\x5c\x13L\x19\
\x88$\x1d\x0b\x83\x824\xc4m\xb5q\x00\x1a\x87\x1d!\
\xf5\xd8\x98\xfc~p\xc94\x9b\xd9J\x8d\xec\xe4\xce\xd5\
Y|\xbc\x02\x98\xa4\x15\x99\x80&\xee\x8d[D\x10P\
\xb0\x11\xf6!\x862\x86\xb1\x01TK4uW'\x8a\
\x046uS\xeb\xfb\xc7\xc9\xe6\xee5\x1b(\x12\xa24\
\xd3 \x1dK\x07\x0ep\x82\x15\xe6aT\xac\xe8\x00\x1d\
4\xcf5\x1dZZ\xa0\x0c\x1dt\xca\xae\xc8\xa3\xc4\xc3\
k+\xab\x06\xcd8\x80R1\x07'\xf15\x98\xe7#\
\xe7a\xdd\xe4r\x00Tj>\x8f\x17r\x1f\xf5\xaf.\
\xe4\x0c7\xa0\x90g\xf7\x00\x8b\xf5\x95\xeb\x95a+a\
\x89\x8f\x9c\x10\x17w\x06WXG\x99\xea\x89\x06\xb1\x83\
\xcd\xd9\x898\x08\x87\x86(\xb8\x05\xf2\x18\xc34\xc6\x96\
9\x88\x84Z\xaa\x98\x19\xadC\x9b+\xf7\xc2\xdd\xd4\xea\
\xfdU!\x8d\xea\xe7\xe1\xc0\x8a\x99BA\x00\x14U\x05\
,\x04\x8eA\xc6\xcan\x5c\xce\xfd\xb2i\xd8\xa8\x99\xaa\
\xe7\xf1(hx\x05\xfd\xb3\x12\x5c\x9a5[\xbe\xa2\x04\
\xa3\x15\xdd\x88\xb1\xa0\x94\xdcu\x9d\xbbQ\xf5\xe6X\x05\
\x03\x1d\x9d\x18\xae\xb1{\xb9r\xeex\xc6\xe9\xed~e\
\x9a\x13\xe8j\x0a\xda\x93\xbf%(\xb9\xba;8\xf6\x1a\
/\x0et\xdf#{\xd4\x9cP\xdaD\xf1@\x1c\x909\
\x90\xb4\xe1o\xbc\xf1\x8dn\xc6D\x1b\xd3\xd9\xbf{\xef\
{\x1f9\xf5\xf0\x7f\xfa\xf6\xb7\xbf\xec\xde\x97E\x09!\
4\x8b\xe5p\xc7\x9d\xf7\xcc\xb6\xb6\xcf\xef\xedM77\
O\x9c\xbc\xee\xc2\xb9\xf3\xc32\xedL\xbaW\xdcq\xb7\
\x1e\xce?\xf2\x89\xdfz\xfd7\xbcu6\xd9x\xed+\
_\xff\x81\xf7| 6\xd3\xd9l\xab\xcfPb\x17\xe4\
\x84\x98\xca\x8e\xd9a\xce\x00/\x9a\x0d?yb\xf3\xfa\
{\xd1\x1c\x07f\x80L[QG)\xd9\x9d\xbf\xca\x0e\
\xfeZV\xb9F8j\x0c\xd3sH\x1a\xbdb\xbcX\
s<\x8f\xa3\x9e\xbc\x94R-\x1ecX\xcb\x8d\xd6=\
Z\x8c\xcb\xd2\xb8\x9b/\xb1Q-\x10\x976^W\x8d\
0l\xb9\xfc\x8d_\xf9\x95\xb3\x8f\xdd\x7f\xcf\xdd/M\
\xc3\x99\x87\x1e9\xfd\x1f\xbf\xedo\xbe\xf2\x15\x11\xcd\xe7\
\xce\xdd\xff\x07\xb9\xff\xf2\xc9\x13\xdb\x81\x0d\x99\xa1\x07\xc0\
)\xef\x0f\xf2p>\x0f\x0b\xcbs\xf1>ra\x98\xc3\
\xea&\xc6I\x8c\x10C\xd4\x5c\xda\xa6\x89\x9b[0\xb7\
\xf9<-\xfbP\x0dn\x98\xeb\xbc\xfcBuE\xfe\x82\
\xbfS\x7fT\x173]\xa1\x05\xa8\x85\x85\xb9\x03\xcc\x1c\
\x80\xe0\x10'\xaa\xb8\xb8\x83\xb9\x996\xcd\x06\x9aM\xc8\
\x14\xca\x9a\xdc\xadF\x859\xd8\xabxPM!\x16\x84\
\x89\x8c\xb88$\xfb&\x8a\x02\xce\x04i<FA\x0c\
\x88\x0cS,\xf7\xcb\xf2P\xfbG\xcd\xe6%\xf7\xb0\x14\
XC4\x1f\xdd11R\xfb!\xe4\xf5\x86Z\x17M\
kZ\x06\x8d\x94[^\x82j\xcd\xc1\x10\xa1\xd0\x0dC\
\xc9\x89D\xba\xb6\x9dql\x06JE\x92:@\xc2!\
p\x88\xd2Di#OZ\xb4\x01B\x80\xc3\x08\xc5\xd0\
\x97\x94\xfa2\x98e\xea\xe7\xc6\xd6\x90\x11y\xe8\xba\x1d\
\xb8\x18w\x93\xd9\x066\xb6\xd0\xcd\xc0\x0d\xa4\x85\x12\x92\
\xe6\xbd\xc3!\x95\x5cL\xfb\xc4\xe4\xcc.\x8c@]h\
\xdaP\xf7\xc3\xeb\x1c\x87jw\x81q\xf6'`\x14\x9e\
\xa8\x99\xb9\xaa\x92\xab\xa0u\x0aD\xc6\xa4\xeeU\x03\xa2\
cb\x8dU\x99o$L@SPK\x1e\xac\x88\x84\
\x06\x10w\x06\x81\x9c\xd8\x22\xcat\x0c\xa6\xb7\xec\x96\x80\
B\xa4\xee\xb9\xe8\x90\xf2PJF\x96@\x9b!\x84\xb6\
\xd6\x7f\x12\x90\x0a\xd8A\x03|\x80\x1b\xbc@\x97\x96s\
\x1a\x16%/\xbd\xf4\xa6=l`\xcb\xa3\x08\x19\xab*\
\xe0H!|\xd4i\xc0\xbd\xa2\x1bz\xf9\xea\xab\x05\xc7\
\xe5>\x11\x1c\x06DX\xf5\x1dGM\xfc[\xb13\xa8\
\x1a`8h\xed\xd7\xe55\x1de\xb5j\x93W\x8d(\
\xb1\x88\x19\xd4\xdc\x9c\xd4\xa9\xd2|\x0d\x02\x92&\xc4\x10\
\x1aH \x8e!\xb6\xe4\xc1\x8cMy\x95F_\xbd\xa8\
\xd4\xdd\x84qt\xbdt\x80\xc8.+\xe5\x80\xdac\xb9\
\x0cu\x10\xc5\x18\x16\xcbC-\xb9i\xdb\x18\xa3\xa9\x0a\
=y\xdbp\xf5\xbdHO\x8bqE\xeb\x7f\xbf\xd2S\
h\x9c\xf2\xf0<\xaca\xcf\xe1 \xa2\x5c4pt\x8e\
\x86\xf8\xa5?\x7fp\x7f\xefPd\x93\x89\xc7\xf9\x87\xdc\
\x81\xcd\x8d\xcd/~\xf1\x8b_\xf75_\xfb\xa9?\xf9\
\x9366w\xdf}\xf7k_\xfb\xda\xef\xf9\x9e\xef9\
s\xe6\xac\x88lL\xa7\xcb\x9cN\x1c?\xf6\xd2[o\
\xfd\xf2\x9f}\xe9\xfa\xeb\xae{\xe2\x91GK*\xc7w\
\xb6\x90\xca}\x7f\xfe\xe5\xff\xf1\x1f\xfc\xfdE\xc9\xee\xd6\
/\xed\xf6\xdbo\x17\xe1\x9d\xdd\xed\xc3}\x0f\x01\xaa\xa6\
\xa6\x80\xab\xa9\x03\xc5<\xe5\x126\xe2\xee\xe6\xf1\x10\xdb\
1\xe8\xce\x9d\x18B\x10i\xfb~YJi\xdb\xf6Y\
\x1baWT\xc3\xddSJ\xb4\xb2\x19=j\xf7\xf0b\
\xcd\xf1\x1f\xccX\x17\x8fk\xc0#\x17\xad\xd9,\xb4\x9a\
\xd9}\xe4]\xf2\xb8\xab\xe0\x02\x1c\xc2%\xca\xb6&h\
A\xdb\xe0\xbd\xef\xfb\xed\xfb\xbe\xf0\xf9\x9bO\xee\xe4\xf9\
\xc5\xd3\x8f?4\x0b\xc1\xfb?\xbfpvIz\x7f\xa4\
\xf3'\x8f!\x98c\xae)\x1d\x9a\x0d\x14\x8b\x97b)\
\x93\xe5\x80\xc4PX\x19\x85\xfe\xee\xea\xe4D\x00\x09\xf3\
\xa4\x9b!\x04\x0cC\xea\x07\xcb\x85\x99\xbd\xda\x81\xb8\xc3\
\xfci\x15\xce\xcfB\x89s5\xed\xf4H\xf3x5\xe7\
\x11\x8e\xee{\xa8\x8c+7\x8dPA\xc9Z}'\x09\
\xa2\xce\xe6\xe2\xdc8\x889\x84\xa6\xa5f\x8a8\x05\xb5\
(\xa2\xbd\x17s7\x09R\x89\x02c|\xa69\x88\xa5\
\xc6g\x99\xbb\xe6\x94\xbd\xd1\xb8\xc1\xe2m\xa0\xd0\x08\x22\
\x80\x84a\x8e\x0b{\xba\xd8+\xa9w\xcfN{N\xbd\
\xb01+\x931\x99\x8d\x06\x0a\x00U\x07.\xe6\xcb\xf9\
U\xbez\xdb>\xae\xdfu\xd5^%\xbe\xd6\x05\xc1I\
\xb8k\x83Q\xce\xc8)\xb3\x10&n\x1d\xc5\xa6m\xdb\
I\xe8\xa6\x88\x11\x22\xb5e\xa0\xda\xa7>Y)\xb4W\
\xbc\xa4\x5c\x06\xb5\xec\x1a\xc8[\xc1V\x94\x89D\x89Q\
\xc2,\xa2\xd9\x847P\xf3\xa4y\x91\x8b&\xf5Cu\
r0\xb1\x84\xd8L'\x81B\xcb\xa8(\xb8r%\xba\
\xd67\xb9\xe2-\xc2\x06X\xb1\xd1\x13\xd3\xdc]s\xe1\
\xcb\x9f%\x10B\x88\x1b\xe2\x05d\xa0B:\x80z\xcb\
\xbd{qS\xf6\x8a\xc4w$SP\x07\x0fp\x01\x84\
]V\xc9\xe4\xb5\xbb\x00\xe4Zx\x8fv\x16^\x86!\
\xcdsY\x9a'\x11Lc\x08\xcdu\x84)\x08 \x1b\
\x8d7P\xd3X\x0a4\xbb\x15\xb3\x94\xfa\xfd\x92\x93\x96\
\xa4\x9a\xc8K=A\xe0\xe2\xae\xc5\x8a\x9b2\xb5\x808\
V\xe0\xc5x\x92V\xff\x8d\x1d\x94#5\xc7X\x8e\x5c\
~*\x00\x06t\xec\x9b\xa0\xda\x8c\xbb\xb1\xbb\xad$\xa0\
\xab\xb3^\x19\x1b\x80\xdb\xea\x9a\xf35\x07\x13\xea\xad;\
\x99\xbb\xa3\x8aP\x82\xc4\x96$\xb2D\x09\x91Y\xcc\xb9\
&U\xbbsE>SJ\xa8\xd7\xac03\x89\x90\x9b\
^EF\x18\x1b!\xb4j\x08UX\x81+f\xe1>\
\x0c\x03\x80\x10\xa3\xf0\xc80{\xca{\xfc\xeal\x94\xaf\
\xf4\x9c5\xb6q\xed'\xac;5Os\x01{:\x7f\
\xf8y\x18\xe6\x10\x89\xc4]F3\xdd:\xf9\xb1\x8f\xff\
\xdeP\xdc\xab#\xb0\xab\xb9*\xcc\x8c\x8e\xed\xee\x96\x9c\
\xf7\xf6\xf7\xee\xb9\xe7\x9e\xcd\xcd\xcd\xcf}\xf6\xb37\xdc\
tc\x08\xb1\x94\xc2D!\xc6\xb28$`6\x990\
0m\xbai\xd3\x92c\xff\xd2\xfe\xdd\xb7\xdd\x96\x87t\
\xfbm\xb7\x1d\x84\xe1W\x7f\xf5W\xdf\xfew\xbeww\
w\xf7\xfa\x1bn8s\xe6|\xd7\xecv\x1dT\x8b\xa9\
\xd6\xd2\xc7\x99I\x04\x1cb3\xa1n\x06\x89\xa0\xda5\
[\xa3Q\xd44M\x85\xd2\xd7\x92\x85g\xfa\x91k\xd3\
\xad\xb6\xdb\x9a\xa6y\x01B<^\xac9\x9e\xc7Qg\
\xea\xcbv\xc9\xa5\xb83\xaa\xea\x81\xd6\x14\x04\xbe<u\
8\x9b\xaa\xc4\x89\xe6\x94\x8btm\xf8\xe4'>\xf3\xab\
\xff\xe6\x17o8\xb9\xb5\xd1\xf8\xd9\xd3\xa7\xbe\xf0'\xff\
\xdf\xdf\xf9\xaeo\xden\x9eH\xf3\xc7E\xfe|cJ\
\x9e\xe2|/42\x93\xe0\x84y*OP\xe1`3\
\x09`v\xb8\xab[%\xe0+\xe0\xc2\xd5\xce\xa0\xd9\x98\
\x02\x8e\xc5\xf2p>g\xa2&6\xa6\x0a37\x17\xe2\
j\x85\xf8\xd4%\xc5U\xe0\xe7S\x1f\x91k\xd4\x1cW\
p8\xd6,\x8d\xf5\xe3\xf9H\x86*\x81\x88CS\xfd\
\x98\xd5\xb8\xa8\x1b8\xb6m\xdbM\xd1N\xc0\x01\xca\xba\
\xb4\xac\x83\xc8\x948\x12\xc4@\x8eD\xe2\xc4B2\xf6\
_\xdc\x91\x8a\xe6\xbe\x80\xb9i&M3\xa1n\x16\xba\
\x006\x0cs\x1c\x5cH\xf3s\x9e\x0e\xb8\x1cB\xfb\x86\
\x0a\xc13\xf5X\xc5\xc4\xba\xc3\xd4\xab\xbc\xc5\xc77?\
\x1a\x94\xaf\xea\x8cU\x03\xe2I\x83\x0d\x8d\x13\x9b\x99z\
\xa98@*\xa9\x9bNC$5t\xd3\xd8l\xb5\x98\
\x10B\x04\xd5\xae\x81z\xbfL%\x0dC\xdf\xa7e\xd1\
\x84\xe2S\xdd\x14\x92V6\x9bI#a\x03\xb2\x89\xc9\
\x09d\xc7\xd0\xa7\xbc\x18\x16C\xbf\xb7LZ\x93\x80b\
\x88M\x88\xb1\x89Q$\x10\x8b\x9b\xa5\x9c\xca\x90fm\
\x84\x11\xac\xb8z\xb5\x09'b\x18\xa0\x0es7\xcf\x9e\
\xd4\x06\xaf\xb2\x0eww4\xa1eT\x81E\x00\x8d\x19\
c\x84\x02d \xc1\xcd,\xabUd\x81\x1dD\x22\x14\
:p\x0b\x048;\x98\x89\xbd\xe8\xcaK\xd3\xb0\xe2.\
B\x8b\x0e)\xe7AK\x82\x17b\xefb\x1b\xc2\x04\xa3\
\x15V\x0bj@\x0e\x94\x91I\xea\x03t\xa9yQ\xf2\
\x22\x97\xc15\xb9\xf6nF\xf0H\xce\x02\xd5\xacZj\
\x0dX%\xa7Z\x01\x89#\xe8\xc6jW\xb0\xba0\xc9\
\xae\xb8<G\xa2\xc6\xd1oa\xe40\xd3q\xab\xc0\xa3\
\xe1\xc6\x08\x0b\xfa\x18\xbeV/c\xaf~+:\xba\x8a\
\xae\xe8\x04\x02\x9e2\x85(!\xc4Vbd\x89\x90H\
$\x0e.j9\x97je\x92sqWx}[\x04\
T\x131[\xbd\x8e>\xb9\xc91\xf6G\xd6e\x07\xf9\
\x8a\xb9\x5c3\x84\xdcKIM\xd3\xc4(U\xa8\xcc\x22\
t\x8d\xcf{\xe5M\xfd\xd4\xcc\x8b+@\xf8kA#\
u\x97Ec@\xefS\xb3A+0\xf3\xa4\xf7\xf6\xac\
\xbc\x06\x9e\xe9pG\x88\xad\xd3\xa4\xd8\xe4\xdc\x85\xc5\x9f\
=\xf88\xba[}\x9cG\x0b\xc3\x9cp\xfdu\xd7\x9d\
?{\xee%/y\xc9\xa7>\xf9'7\xdf|\xf3\xf6\
\xd6\xf6+^\xf1\x8a\xcf~\xf6\xb3?\xf7\xee\x9f\xff\xd6\
o\xfe\x96n{\xcb\xbc\xfa\xf0)\x13M\x9af\xda\xb4\
\x87\xfb\xfb\x91\xb0\xbd\xb1\xf1\xc4c\x8f\xbd\xf4\xc6\x1b\xdf\
\xf3\x9b\xbf\xf17\xdf\xf1\xb7?\xfc\xef?|\xfa\xb1K\
\xff\xfd\xff\xf0w\x8f\xed\xee\x5c\xbc\xb4\xcf\xcc\x93I4\
Sw\x93\x10\xd4\xcc\x88\xc1\x81C\xa4\xb6\x1b\xbdj\x9e\
lR\xb2\xd6(\xa4\x94j\x18\xca\xb3K\x1bM)}\
\xa5\x82\xe3E\x0e\xe9\x7f`cM\xcc\x01\x10B@\xe5\
\x22\xf28\xd3\xb9\x83\x88\x9f4\xa9Y\x93\xfa\x13\xdd\x06\
)\xcf\xdb)\x9dz\xf4\xd4/\xfc\xe2?\xdd\xda\xeeb\
hN?\xfa\xf0'?\xfeq\xcf\xf3\xaf\xb9g\xf6\xf5\
\xaf\x9c\x15\xfd\xb3\xae\xbb$%\x0f\x0b\x9a\x84\x1bI\x07\
\xa4\x22\xb2hy`\x0a\x8c\x045\x98:\x1b\xc3\x8a\x99\
1\xb9\x08\x87&\xb6-\x87\x88\xc5\x22-\x97\xaa\xda\xc5\
\x06\x80\x952\xfa.1\x9e\xd7\xc6\xca\xd5]\xdc'\xe3\
\xb9\xebp\xf9\xa3?\xf7Q\xc71\x22CL\xdc\xa8\x92\
\x1a37m\xd7ql\xd0v0C?T\xbawQ\
qj\xd0h\x13HX\x22\x8b\xc7\x03\x92L\x14\xe0\x8d\
YT\x0b\xaa\xcc\xd2\xcdfSj:4-\xa4\xc0\xf7\
\xb0\x18\xac\xdf\x1f\x0e\xf7\xb4\xdfG\x99\x07\xf4\x8c,\x94\
`\x09\xaa1n\x22\xb3\xbb\x01\xc2\xd4\x08\x8dS\xe8\xea\
\xb31`+T\xc6V\xa8\x8c\xafZ,\x84\x1a/\xaa\
\x0d\x10\x1d\x06\x14\x16\x97\x86\x1b\xf18m\xd1\x06T\xc9\
+\x092a\x991,=k\x0d\x86s\xb7\x86\xbc\xa3\
\xc0\x1c\x10$\xccn\x00\x09F\x09c\xab\xb9\xed/\x1e\
\xa8\x0b\x05\xa2\xd8\x19Q\xe8\xa6\x93\xb0\x19$\xf0\x98Z\
\xaaf\xaa%\xc1\x9d\x08\x8dp;m}\xb1?*@\
}t\xd9\xb4\x5c\x5c\xddj\xe4\xad\xb9K!a\x22\x0e\
q%\xc5$\x81Wj\xca\x8a\xdd)\x8d#\x93\x0b\x19\
L\x07+\xe4\xcanB\xee\xcc\x02\x8a\x88\x0d\xa4\x06\xa6\
W\xd2\x02{\xd1*'\x86W\x0dG^\xda\x9e\x163\
sr\x16i\x9a\xd0\xc61\xb3WFb,\x19\xf8\x10\
n\xb0A\xf3B\xcbB\xcb\xc2\xad7\xedM{\xb7\xcc\
01%\x22\x90\x9b\xc3U\xa1\x8a\xd1\xd7\xb4n\x08+\
3\xc10\xae\xaa\xd7h\xb0\xac\xacC\xb1.y\xd7=\
\xa5#W\xa4\xae\xde6U\x0b|\xaf.^\xabWr\
\xe7\xca\x82\xf01\x1a\x85\x1cB\x1c\x22G\x09\x91%\x10\
E\x97MP`f\x07\xdb\xa8\x22\x81\xaa\xe5\x92\x8b\x9a\
\xa9a\x94\xb8\x8c\xdb\x15\x82\x82\x09\x97\x950`\x22\xfb\
Jwi]\xd2\xc7\xbby\x94\x9cT\xf5c\xd3\xb4c\
\x99A\x95\xf2\xf94\xf6\x15O{\xac\xfb&W\x07?\
\xae\x82\x95\x09\xd7\x94\xdc\xffU\x1aD\x9c\xd5\x11\x1a\x0b\
\x1b\xefy\xdfG-n\x1aE\x07\x11\x94\xc9\x99\xc1\xc2\
'O\x9c\xf8\xd0\x87>t\xc7\x1dw|\xdb\xb7}\xdb\
\xf9s\xe7\x1e:\xf5\xd0o\xbd\xff\xfd\x9f\xf9\xd3Oo\
nn\xbe\xe65\xaf9q\xddI\x07\xccJ\x13\xa4\x8d\
QS\xda\xdd\xde\x8a\xc4\x91\xf9\xe0`~|s\xf3\xa1\
\x87\x1ez\xdf\xfb\xde7\xb9e\xfb\xbb\xbe\xebo/\x0e\
\xf4w~\xf7wn\xb8\xf1\xfa\xcf|\xee\x0b\xc7\xb6w\
\xdb\xb6\xads$3\xd7\xe2?\x9b9\x0b\x9a\x09\xb8\xf1\
\x1a\xcbC#\xcd\xd9\xc7\xcd\x8f\xd7\x86\x88]\xa1\x19|\
\xda\xa3\xa2_1\xc6\x17*\xa6\xf4\xc5\x9a\xe3\xf9\x1cG\
y\xbf\xa8\xa9\xe1U\xab6\xb6\x96\xa9\xf6g\x8f\xf61\
b\xc3\xea\x06\xc9\x8a\xf4\xbe\xdf\xf9\xcd\x0b{\x17o:\
v\xeb\xb9G\x1e\xfb\xe8\x1f\xfc\x96\xa6\xe5\xdb\xfe\xd6\xad\
\xaf~y\xe3\xcb\x07\xdb\xb8\xe4\xde\xa2H`\x88/\xe0\
\x83\x9b\xc1s\x90\x16N@\xf6\x92)\x10\x11\xa9\xbb\x9a\
\x81\xa5m[\x9eLQl\xb9\xbf\xcfCb\xa2\xc8R\
\xd5\xadB\x8c\x95\x0f\xd0\xba1\xf0\x8c\xcb\x8e\xa7\xf1;\
\xd7\xa8\x9a}=\xcb\xa3\x1e\x19\x00\xd5Uh|M\xae\
+\x16\xcc\x19\x14\xdcCNp\xe7\xd0t\xb1\xdb@l\
\xe0\x86\x83Kj\xae\xcaj\xec\x1ec\x88\x12\x1ba\xa9\
VF`\x90\xcc\x0arN\xaa\xc5C\xa0\xa6i\xe3\xf6\
\x0c!\x22\x04\xb8\x22\xef\xe3\xf0\xbc\xef\xdf\xaf5i\xcc\
R\xe3\x85(\x93gB\x01\x0a\xd8\xc0\x06Kp!\xbf\
\xec\x86\xf9d\xd1_\xb5pr\xb8:\xac\xbaJ\x8d\xf4\
<\x1a\xd1r38'\x82\x86\x10\xc3d\x03m\x8b\xd8\
`2\x19_\xb0(\x0e\x93\xa7\x86\xd2T\xd5L\xc1\x14\
\x02K`rS\xaa\xdd\x0c\x06B\xc8\x0e5m\x9b\x00\
/\xa98\xa1\x89]\xd7\xc4V\x1a\xa1\xa8FIT\xaa\
\x97(J\xa9\x84\x7f\xd1q\xb1\x84\xa9'uW\xf7\xc1\
\xac\x0aA\x8a\x16w\x03\x83\x99D$\xc4&0\x0b\xb8\
\x1d\xd1\xf9*Bp\xae\xd5F\xb5\x91\xab\xe2K\x05\xf3\
\xa8\xd2tW3s3\xc0\x98\x88I\x1a\x84\x16f\xf0\
\x1e\xc4N\x02\x12\x98\x91\xb0\xe7\x94\x86\xa5\xe5\x0cWc\
\xd3\x8e\xa4m\xdb\x10\x05\x81\x9c\xa1\xec\x15N\xaa\xb8\x91\
\xd92?a>7-Z\x06\xcd\x83k\x0a\x0cr%\
/\x04\xa5*<\xb5q*v\xac.j\x0a\xeeV\xbb\
7\x0e'{\xd2\xa9\xaa\xed\x86\xf5\x85Y\xd3D\xaf\xda\
\xe3\xaf*\x8f\xea@\x0egVbhJ\xcc\x81XR\
I\xb5\x81\x04\x90\x99\x9b\xa99\x19\x82W\xeenh\x9b\
\xd0\xb24\xcc\x0dKd\x0e\x04qp\xc1T\x9d\x8ai\
\xce\xa5\xa8\x16\xb5\x943\xd6lU\x22\xaa\xae`T\xc5\
n+r.9\x11D\xa4\x0a\x83\xe8\xc8\xc4rto\
C\xe3]e !&8\xd4\x14\xeeM\xd3p%\x03\
\x8d\xac\xd1k\xb4\xeai\xfd\xfb\xcf\xe4\xee_\x11\xc3i\
\x05T\x92\xc1\x83H5x\xa8\xdc\xd9 \xd1A 6\
5fq\xbfr\x81\xbc\x9a]\xfe\xd5\x03\x1b4\x9e\xd6\
Q\x1a\xb4z\x8b\xb4\xae\x11\xaf\xfe\x15\x07\x01Q\xb9\xbd\
ph\x1f\xfd\xe4\x97\xbc\xb9\xbeO\xccm\x80\x9a\x04\x82\
\xda\xee\xf1\xe3\x0f>\xf0\xe0\xfe\xde\xfe\x83\xf7\xdd\x0f\xb5\
\x0f~\xf0\x83\x1f\xf9\xc8G\x1f|\xe8\xc1\x93\xc7Ot\
\xd3\xc9\xe9\xb3g\xee\xb8\xeb\xcen\xd2\x0d\xa7\xd3l:\
\x0d\xc2\xaa\xba\xb3\xb5Ur\x16\xa6\xdd\xed\xedI\xd3}\
\xe3\x1b\xbe\xf1\x96\xdbn\xd9\xdd\xdd}\xeb[\xdf\xca\x98\
\xed\xef=\xfe\xe8\x13\x0f\x0e\xc3\xfbUK\xd7\xb5@f\
\xa6\x9c\x13\x98(\x04\xe7\xea\x8c\xc7\xe0\xa8\x19\x82\xd5\x96\
u\xfd~\x01\xac\x92\xbf\xccl\xad@\xf9\x0b\x0e\xcbZ\
\x87\xa2\xaa)\xa5\x18c\xfd\xf5\xaf\xf2h?\xfd\xf1b\
\xcd\xf1\xbc\x8f\xcb|\x1c\x1c\x9d#\x00\xc0\x9d\xdc\xd4\xdc\
\x99\xd8\xe1%\x133\x9b/\x9c\xd2\xe7\xbe\xfc\xb9\x0f\x7f\
\xe8\xa3\xc77n9\xfd\xf8\xe9\x8f}\xe8\xb7uX\xbe\
\xe9\x8d\x93\xff\xfa\xbf\xfa\xc6I|$b\xce\xae\xe2S\
\xb6B0\xf8\x02\xd5\x95\x12\x04\x9d\xc03X\xa9\x09p\
-9\x17\xf2\xd86a:\x85H><\x1c\x86\x81\xc1\
\x81\x98\x9e\xb4\x89\xab\x15\x10\xf0,J\x8d\xcb\xe3\x1a;\
\x9c\xa7z\xb9Z\x14\xach\x98\x00\xd5\xed\xfb8G\x10\
\x01\xb98\x89\x84\xd02\x85R\xbcd4\xcd\x84\xdb)\
BD\xd6\xb4wP\xf2\x10\xa9\xa8\x92\xb9\x10w1\x86\
\x10\x1b\x8a-\x9a\x0e\x1c\xa1\xaeyX$\xe1f\x1ac\
\xd3M\x02\xb5\x0d\xba\x08\x14\xe8\x12\xfd\xbc\xf4{}?\
\xe7\xe1\xe24\x9d\x0b\x80\xb8W<\x02\xd5\xc2\x8a`c\
\x18\xb8\xb0\x15\xc0P\x8fs%sa]i9\x00\x83\
kuB`\xa9*H\x07\x99\x93\x19\x03QB\x1b$\
\xca\xc4 \x82v\x86\xb8\x09\xb4\xd0\x88\xbe\x19\xe6\xe9p\
Y\x86\xc1\xfa$\xc3\xa2Y\xcc\xc3\xc1\xfe\xfc\xf0p\xe9\
J1\xc4\x9d\xed\x9d\xe3\xbb\xc776g!P\x0c,\
\x0d\xf3\xa6\x87V\xd5\x07\xc7\x224`\x0a$\x13H\x80\
\xc0\xc8\x95 Z\x90\x15\xa6\xf0\xaa\x0b\xadJ\x1f\x85\x99\
k1Ss\xed\xf3\x01\xea\x8e\x17\xcc$\x1cB\x13\x1b\
\x22f\x96JU\x80\xd1\x8a\x91B\xd5\xc1e\xf5iW\
\xfd\xafQ\xa6\xa0\xd0b%y\xc9\xd0J\xe3\x08\xcc\x11\
\xd4\x00-B\x04\x13\xccTM5\x99#\xf5C\x15\xac\
\xb6\x81Cl\x10\xa2\xc6\x99\x8f\xecH\xaf\xcam/9\
\xe7EIYsVU\xc3i\xc7\xbc\xa6\x19cL\xd9\
\xa5j*>b\x11\x0e8W\x0a\xa7\xb9\xaf$\xca\xab\
}\xbc\xd7\xf3hW\x00mW_\xad\xabJw\xdc\x94\
;F\x18h,\xb3\x00s\x17f'Rsq\xb2\x8a\
\xbd\x19\x8d\xcd5i\x99\x1a\xe1\x89T\x96\x864\xc4\x81\
9:D\x8d\xb2\xba\xaa\x9bQ\x9f\x07u\xa8\xa9U\xd7\
\xe2\xf5\xb5\x0e\xac\x0f\xf2J\xf4\xb12A'\x079\xf3\
\xea\x14\xb8W\xe7:\x11V\xb5R\xaaed\xac\xa4%\
w\xb8\xdb\xc8i\xadN\xe3\xb5\xbd\xeb\x95\xcdue;\
\xf3\xaa\xa3\xf0\xcc\xc6\x9579=i9\xf7\x91\xf6\xcd\
nN\xb4V\xc0^\xf1W\x9e/`\xf5\xaa>\xcf\xe5\
\x07\xae]\xd18\x01a\xb0p\xdf#\xe7\x0eK3P\
\x1b\xbaMp\xb4\xb4\x1craF\xdbu\x1f\xfd\xf0G\
4\x97\xd3O<\xf1c?\xf6c\xf3\xc3y\xdf\x0f\xa6\
VLs)\x97\xf6\xf6\xa6\xb3Y\x9f\x86\xd9\xe6F\xc9\
\xe9\xfc\xc5\x0b\xc7\x8f\x1f\xbb\xed\xb6\xdbn\xb9\xe5\xa6S\
\x0f\xde?\x9bM\xdf\xf2\xe67\xbf\xe9o\xbci\xb6\xb5\
\xf1\xba7\xbf\xa1m\xdb\xf9^\x0f\xc2\xc6\xe6\x063\xbb\
[\x08B\x5c@ps\x96\xe0,$!4\x1d$V\
3=\x22\x12\xe7\xd5\xb59\x02K\x97?\xdb\xaa\xf4\xf4\
1\xcag,+\xd7\x03@Mk#\xa2\x9a\xdcVU\
\x0e\xcf\xcf\xb1\xff\x8a\xe3\xc5\x9a\xe3\x85\x1b\xbc\xda\xbb[\
\x05\x15\x18}\xbf4\xcbM\x1b\x17\x87\x0b\x22\x9b\xcd\x84\
0\x1c\x0e\x87\xe7/\xec\xfd\xdf?\xf9O9o\x9e}\
\xe4\xd2g>\xfe\xef}8\xf3\x9f|\xd7u\xef\xfc\xcf\
_\xb3\xbb\xf5\xe7\x8d]\x12\x13\xb6\x09\xdb\x84IA\x03\
h\x0e*p\x81M`\x13\x00\xf0\x02\xf5\xe2\x0a\x91n\
\xda!F\xa8\x96~0Uq'-\x8c+[\xb9\xcf\
\xc7x\x1a\x7f\xc1\x9f,\x8b\xad0p\xfd\x82\x88\x18L\
L\x93\xe4\xd6\xf7\x10\xa6\xb6\x9du\xb3\x09\x5c\xa0^\x0e\
\x96\xc3\xd0\x13!\x8ah\xea\xdd\x83\x84\xd0N\xa6\x98\xec\
@&0\xf1b\x86\x04\x09\xd4\xc6\x96n\x96fG\xba\
\x06\xc1\x80\x1e\xb6@\xd9C:\xbb\x5c\x9e\xee\xd3\xb9\x5c\
\xe6]I0_\xc5\x86\x11\x88\x9c\xa4V\x1f>r\xf3\
<\x869!\x8f]Ur\x80a6z;\x91\x010\
D\xa3\x96*\x92\x05W7\x92\x06\xdc\x08Ob\xb3\xc1\
\xed&\x9a\x06\xcd\x19hA\xe6\xb2_\xe6\x07\x98\x1f\xfa\
\x85\xf3\xc3\xb9\x8b\xba\xbf\xef\x8b\x85\xef\xef\xf7K\x03\xba\
\xad\x8d\xc9\xc9\xad\xad\x9d\xad\xdd\x9d8\x99\x1e\x14\xbd\xb4\
\x97\x97\xa7\x17]\x1b\xaf;y\x5cB\x99\x0d\xe76g\
y\xda5\x81\xd9\xbdw\xd3\x80\x1e\xc6V\xbcP)\x18\
B6.\x06U\x14\xb5Rjge|\xa7\xe36\xd9\
\xbb\xb6\x03\x11s`\x0aD\x01\xb4\x8e5\xaf\xeb\xb4\x81\
\x84 G\xcf\x15\x80#'\xcb\xe1\xc6(\xb0\xc1\xd3\xc2\
\xd3\xc2\xd2\xd24\x11 \xd2\x8at\x14&\xe0&\xf7C\
\xb1\xde\x9c\xac\x82?\xe0\xc9t\x12\x98e\xdd\x9b\xf6\xce\
\xf3q\x11\x10\x15XoeQ\xf2<\xa7\xfd\x94\xf6K\
:tK e,\x08\x05\xa8\x0e\xa1\xcc\x90\xdad\xa8\
\xee\x9fXq6+\x9dwU\xf9\xae\xbe\xadd\x08\x83\
!\xfd\xc5\x89\x82W\xed{\xc9\xc6*e\xdd\x1a\xe0\x5c\
r\x88\x5c,\xb8\x91xt\x22\xe1\xc6\xc1D\x22\x12$\
D\xf0\x84x\x22\x12\x08l\x86\xac^\xb2\xa9zJ%\
\xe5\xa2j\xe6d*\x0e\xac\x80\x09\x07\x5c\xb86\xe6j\
\x1a=x\x5c\x22l\xe4\xd5\xd2\x88\x1d\x09\x0b31\x09\
QTWw+Y\x89\xb9i:\xac]\x16P\xf9\x1e\
\x95\x1dm\xe6\x16\x82\x84\xb0:\x8f\x84\xb1\xf3r\xc5\xc9\
\xfc\x0a\xe3\x1a?\xbf\xf2\xa1k\xbd\xc4\x8a\x96KD\x95\
\xd6p\x94a\xba\x86d\x8e\xbc\xc6\xf3Tr<\xe3A\
\xcc\xd9\xc8\xa8\xfb\xec\x97?[\xc2fFg\x85K\xe9\
\x9b@\x08\x22A\xf6\xe6\x07\xc2r\xfc\xc4nN\x99\x99\
_\xf9\x8aW\x9ez\xf8\xe1\xc3\xc5\xa1\xbb\x0f9=q\
\xfa\xf4\xce\xeeN1u\xf6!\x0d,\xfc\xaaW\xbfj\
kkc6\x9b~\xfb\xb7\xffG\x7f\xed\xeb\xbe~s\
kC\x1a\xf9\xa67~\xd3\xe3\x17\xce\xec\x8b\xbf\xff\xbd\
\xbf!\x90\xb5\x04\x00\x00 \x00IDAT\x7f\xfd\xf5\
\x1bw\xdeqG\x9d\xf8B\x14\x11\xf6\xea\xf4\x1aDA\
\x10\xa1n\x06\x8aC2s\x0e\x15\x00&\xba\x9a3S\
\xeb\x8cj\x07\x85#`\x06\xd6\x05,Q\xc56j\x91\
\x91s&\xa2\xb6m_\xe0#\x8c\x17k\x8e\x17rT\
\xde\xa8\x9a\xe6\xac\xee\xc6L)-I\xfc\xd2\xa5\x8b[\
\xdb\xb3&\x86\xc5\xe1\xfd\xb3v\xff\x91?;\xf7\xa9O\
>\x92\xcf\xdb\xb4\xe5/?\xf0\x91\xe8\xa7\xfe\x8b\xef\xbf\
\xf3\xbb\xdfv\xcf\xc9\x9d\x83\xb48\x1fB!DB\x04\
\x8e(o\xab\xd4\x90\x0a(\x01\xe6\xee\xc5M\xda\x96'\
\x1db\xb4\xe5b\xe8\x97\xae\xa5m\x1a!.\x96\x89\xe4\
\xf25\xfb<\xde\xef\xcf\x08\x1f%\x80\xcc\xe1nR\xb7\
\xda\xeeV\xec\xd0\x88\xe2d:\x9bIh\xa1\xaeK\x1b\
\x96\x87\x81\xb9\x89\x12\xbaI\x1a\x96\xfd\xb2\x8f\xcd\xa4i\
\xa6\xd2n\x22N!S\xf7\x90\x9c\x0b\x04!v\xb3)\
O\xa6M\xdc\x815p\x87&\xa4\xa5\xe6\x83\xc3\xf9\x05\
-{\xa5,\x09\x16Cd\xe9\x0e\xf3\xca.\xd6\x89 \
\xe6\x97W\xd9\x0a\xc6\x0c\x14\x88\x0c\xa8\x8e\x8a\x95\x0b\xbc\
\xea\xb2\x93V\xfe\x99\xa3\xadF\x94\x12DB\x0cq\x22\
\xcd\x06\x9am\xc8\x14E\x90\xb0\x7f\x11C\xd2\x83\x03=\
{6=\xfe\xc4\xf2\xfc\xc5E\xdfw\xf3\x05K\xd8>\
v\xfc\xe6\xebo\xbfN\xa6[Y\xda\x9cUb\xdb\xec\
\x1c\xdf=v|cc\xb3i\x223\xba.\x8a\xf0|\
\xff\xac^\xfc\xfc\xc5s\xa7\xf8X\xdc\xe8\xb2\xa6\xfd\x18\
\x0a\xcar\xe4L\x98\x12J?\x0c\x94\x8a\xaf\x9a\x0d\xee\
h\xdb\x96\xaaa%\x0b\xb1\x80\x09Tj\xe7\x89<T\
\x92\xc0*\xca\xcc*\xd2C.cwc\x84\x13Vm\
7\xb7\x15\x10\xa5\xe4\x87^zK\x0bM\x87\xae} \
\x0a\xa1\x05\xc7\xe2\x94\x979\xa9U\xdf\xaf \x91\x9b\x96\
\xa5!\x0ef\xc6\xc2\xab\x96\x99\xc19h\x0fw`\xd0\
a\xbf_^\xc8\xc3\x9e\xeb\x9ci\xd9``*\xa0\xe2\
*\x15\x81\x1a\xc9'n\xa3\xf7\x82\xaf\x1a*\x18\xa5$\
#\xeeakf\xff\x93\xae\xc0\xa7\xe0)\xd5]\xf8e\
\x0asm\x9c\x13||\xdc\x9d\xcc&f-\xa8\x93\x10\
b\xdcpH\x8c\x13\x92\xc8+n\xb2\xb9d\xa54h\
\xca%\xa5\x9c\x8b\xd5JCGCTbb\xe11\xc0\
\x88e\x8c\xaes\xd7\x9a\xf3\xb7B;\x9c9\x00\x066\
\x22\x05\xacvU\xaa\x8c]M\x99\xd1\x0fC\xd1\xa2\xaa\
AB\xd36\xd5\xad\x98\xc7^^u\x1e\x1d[\xfek\
\xe0\x1d\xab\xad1\xc6\x0b\xfd\xd9hC\x9e\x8e\x85(\xea\
q\xa7\xaa\x89Pf!b3\x1f\xadK\x1dt\x85F\
\x17~\xd5\x1a\xfa\x973\x88\xd8\x9c\x14\xf2\xd0\xa3g\x13\
\x1a\xc4\x8d(]\xda\xdf\xaf\xce\xf5;\xbb\xc7\xf6\x0e\x0e\
\xda\xa6\x99L&\x17/^\xa8\x0b\xfc\x03\x0f<\x10\x9a\
\x98R\x9a\xf8\xf4\xfc\x85\x0b\x1c\x021\x0e/.'\xb3\
\xa93^\xf7\x0d\xaf;~\xe2\xc4\xdf\xfd\xc1\x1f8s\
\xfa\x89\x92\xf3\x1f\xfe\xe1\x1f\xfe\xc3\x9f\xfc\xc7g\x1e\x7f\
\xf4\xe7\xfe\xe5\xcf}\xd7\xdb\xbe\xf7\xc7\x7f\xfc\x7f\xfe_\
~\xe2GO\xdet\x0c\x80\xbb\xb5M\x13B\x01\x9c\x08\
,R\xccA\x01M\x0b\xb5>\xa56\x0aXF\xaa\xf0\
j\xbbV\x87\xaf\xbc\x87*\x8dt]a\xd4\x07\xeb=\
P/\x80\x1a\x0f\xeb\xeeU\x13\xfb\x97r\x90_\xac9\
^\xd0Q\xe3\xdfr\xcenF\x0c\x11\x22\xf1\xad\xed\xd9\
\x17\xbf\xf4\xe9K{\x17n\xbb1?x\xf6\xd3\xcb\xfd\
\xeb\xbf\xf4\xc9\xcf\x9f\xe8v>\xf7\xb9?b\xbd\xff\xfb\
\xfe\xb3\x93\xdf\xf3\xdd7o\xcact8\xdf\x94\x89\xf9\
\x01`@\x01'\xa0.\xd3L\x10\xc0A\x05\xdc\x03p\
\x0a\xb1\x89h\x22\xe0\xc3\xc1<\xf5\xcb\xae\x89!\x04\x1d\
\xfab\x16b\xc4\xd1v\xea\xb8-|\xee?\xac\x1f\x09\
\x95\xb8\xe6xr\xff\x98\xc6U\xbc\xf2j+$\x0b\x9a\
m\x1c\xb305\x07\x94a\x04B\xdb\x05M\xfd\xd0\xa7\
\xc0&\x84\xb6m\x9b\xd9.\xa4\x05w\x8e6\x17Qi\
x2\xed&3\xe9&\x08\x01p\xc3%Eq\x83\x80\
Y\x8c\x9d\xbbf\x86@\xb0\x89P/b\xce!\xcf\xda\
\x91\xf9\xef\xa8\x8aP\x1a\xd5\xf8\x95\xe4\xe2\x99\x8b3\xa1\
\xfay\xf9\xea\xc6\xaeV\xe5\xa4U\xdd\x01wbB\x14\
\x04\x814\xf0\x08oJ\x1f\x0e\x0e\xca\x85\xf3\xfb{\xfb\
\xe9\xcc\x05\x9c=\xb7<w~\xae\xd6u\xb3\x1b'\xb3\
\x937\xdf\xfc\x92nvls\xfbD;\xdd\x0c\xa1\xa1\
\x10\xdaI\xd7\xb4\x1dqHC\xe9\xfba\x91=\xce&\
;\xc7wC\xe0\x94\x87\xe3\x93\x894t\xfa\x91\xbc\x7f\
\xe1\x14\xcf\x86iP\x94\x85\x97E\xed\xe6\xaa\xb9\xba\x11\
\x13\xb1H\x10\x91(\x1c\x88#.\xbb\x9e\xf1j\xb2j\
\xa8\xdapq\x18\x9b\x11f5\xd1\x0c\x95P`\x95l\
cc\xd6\xe9*\xe9\x0cn\xb5\x15B\xc8\x9e\xf6\xbd,\
=\xf7\xd0A\x5ca(\x0a\x04\xf1\xd0q\xe8\x9a\xd06\
1\x8808\x80\x1bH\x04\x07^w=\xb4\xa0dX\
\x82\xef\xdbb\xb1\x5c\xec\xe7t\xe8\xbad\xa4\x80,\x94\
\x98\x0a<\xbb\x15\xa7V=\x8co\xc3\x0dp\xa2\xea\x16\
9rBWv\xf1\x15\xc1\x81\xc3\x19\xeb\xbe\xb7_\xc6\
\x13\x9e\xfa\x8a]\x17\x1c\xa3\xc6\x84P\xbdA+i\x83\
\x9b\xb0\x034@i\x9a\xc9d\xba\x99\xb2:E\xf7P\
\x12\x15\xf5R4i\xc9Es.)\xe7\xa2\xea\xab\xfd\
>H*!\x97\x08\x95\xfa\x0b\x1a[\x0d\xa3\xce\xa7\x92\
L*\xc5\x93\x09\xa6D\x0eR\x90\x11YM\x90\x81\xfb\
0\x0c\xa5\x18\xb3\x84\xd8\xc4\xd8\xd2*\xffSK\x09!\
\x18\x8f\x1ba\x80j\xed>\xb6h\xd6\xd4\x8d\x15\xce\x81\
\x91\xae\xf2\x14\xb7\xfd\xd5\x9b\x86\xa7\x5c\xa8\xc6-\xb8\x8f\
\xd5\x89\x8d\xc2{v/X\xed\xbb\xae\x85\x95\xfc\x95\xa8\
9\xdc\xd1\xb6\x93/?v\xe6\xcc\x85}\xa5\x13N\xb1\
d5\xb3&\xc6\xf9\xe1\xa2m\x9b\xc7\xfe\xec\xb1\x94\x86\
\xad\xad\xadW\xbd\xfa\xd5\x1f\xf8\xc0\x07\xda\xae}\xd5\xab\
^u\xcf\xbd\xf7\xdcu\xcf=\xff\xf6\xd7\xfem\xcai\
6\x9b\xcd\xfbCcRr\x12\xba\xe9\x96\x9b\x1f|\xe8\
\xc1\xf7\xbf\xf7\xbd\xb7\xder\xf3\xe3\x8f?\xf6\xbf\xfd\xa3\
\x7f\xf8\x8b\xef~\xf7\x87>\xfa\xa1w|\xff;\xe6\xf3\
\x83\x1f\xfe\x91\x1f\xbe\xeb\xae\xbb\x00loo\x99Y\x17\
c\x08\x02\x18\x91\xb0\x08\x88$\x04H(\xb9\xa8\xc60\
m\x99\x03\x00w\xab\xd7\xca\x1a\x1f\x1a\x9bhD5\x13\
\x14@\xad\x87\xd6\x96\x07G\xadh*\x1eV\x93\xcf\xaf\
\xe0\xf4\x1cEG\x9e\xbf\xf1b\xcd\xf1\xc2\x8dJx7\
S\x1bsAEB\x80\xf5\xe4\xf9\xfa\x13\x1b\xfd\xe1\xc3\
\xa7\xee\xfb\xd2\xcd;\xfe\xc0\x03\xa7\xfa\xf3\x17>\xff\x89\
\xcf\x98\x9d\xfa\xef\xde\xf5\xfa\xd7\xbf\xce\xba\xf8YI\xd4\
\xd0.\xfa)\xb7K'\x03\xe5*&\x07\xdc\xc1\xf0@\
\xd0\x95Sg\xc3\xd2\x02T\x96C\xd1\x02\xc6\xa4\x9bB\
\xb3\xe5\x12$\x80\x0d\xb9@\xc2\xb3\xa2\x89>\xe3O\x8c\
\xcb\x7f\xe6\x8a>\xae\xaf\x19g\xab\xa7\xda\xc8\x93p/\
\xea\x04\x91\xa6C;\x15\x9a\xa97\x00@$\x81\x00\x1a\
\xe6{\xcc\xa3\xbbIhZ\xe9f\x08;\xa5\xb8z\x94\
8k\xa6;hg\x08-B0\xe2\x02+j,\x17\
\x8d\x16\xc4\x81\xd1\x11E\x185\xb3\x1d\xf8\x0e`\xf0\x02\
W\x12\x92\xa6\x81\x1by\xf5i\xf2\x15\xe3r\x8d\xb9{\
\x94\xa8\x14\x08B^\x9b\x0e4\xaa7)\x832P\xc8\
\x13<!\x04\x80\x90--u\xffP\xf7\xf7\xe7g\xce\
\x1c>\xfe\xf8\xfe\xd9s\xf3\xf9\x1c}\xb9wk\xe7\xae\
\xdb\xef\xbe\xed\xd6\x97\xdey\xfc\xba\x1b\x9a\xc9\x86\xb4]\
\xec\xdajp\xceQ\xf2r~\xe9\xdc\x99\xf3\xa7/\x1c\
.zs\xc4\xd0p\x90\x87\x1f\xbeo\xb61\xbd\xfe\xfa\
\x13\xa5\x14\x81\xb5\x07\x07\x94g\xe7\xcfd\xd9\xca\xd3c\
\xbe??\xb3\xd1\x92 \x88\x84\x18#\x82 \x04\xd4\x98\
4\xaf\xbd\xdf\x00\x12@\x08\x01\x15CZ\x17\x1f\x95\x13\
\xea\xbc\xe2|\x98\xa38\x8a\xbb\xb3UK\xf0\xea,1\
r)\x00\x83\x15\xb8\xe2\xffg\xefM\x83-9\xae\xf3\
\xc0\xef\x9c\xccZ\xee\xf6\xb6\xde\x1b\xe8n\xa0\xb1\x03l\
b#\x01\x12 \x08.&))dyL\x8e\x22F\
\xd62\x92\x22\x86r\xd8\x8e\x98\x90<!\xd9aK\x8e\
\x98\x08G\x8c\xc7\xf6h\x1bI\x96F#\xdb\xa1\x19K\
#\x93\x96%\x92!\x13!Q\x14\x05\xca\x00\x09\x10 \
\x1a\x04\xd0\x0d\xa0\x81\xeeF\xafo\xbfkUe\xe69\
\xf3#\xab\xee\xbb\xefu\x13 i\x11\xe4\x0f$\x80\x8b\
\xf7\xee\xbb\xb7n\xdd\xca\xac\xcc/\xbf\xf3\x9d\xef@\xa0\
\x95\xb8\x81\xbaR\x83c\x15&\xe6$\x83m\xc1\xb4a\
:\xe0\xb6rFl\x01\xae=F\x95!\x0cU\x15U\
\x1f$x\x11\xa10\xf0\xa3\x17b\xb6\x8c\x95(\x0bU\
\x03\xa5\x10\xbd\xc2\x99\xd4z\xc4:pqD\x89@\xb9\
\x16\xef#\xb2zJT\x0bEU\xa7\xc4GSwU\
\x1b\xe8\x11+\x06\xa3A\x15Z\xc7:\xa3\xdc\xa3\x11J\
\xc4\xa0\x0c\xb6\x84\x1a\xcc&\xb5&f\x1a[\x98\xddU\
\xc5\xa2%\x99\xaeR\xbbr\x85(\x97\x95\x14EYU\
\xde\xf9\x10$\x04x\x22\x22f\x90%\x023\x13\x13\x19\
nb\xedb\x99)\x16\x94\xa9\xeb\xb2(\xd5F)\x88\
{\x5ch\x00\xd5R\xd2\xda#=jF\x88\x0c\x1b2\
\xcc\xc6\xda$\x8b\x91#fJ\x92\xa86U\x8a\xf9*\
M\x80%z\xfc\x89\x84\x10\x82ann\xc1\x9d:\x80\
\xbf\xfeV\x07\xb4(\x06\x90\x1aVc\x8a*\xde\xb8\xc6\
\xdb\xb7\xef\xccf\xcfc\xfa\x0c\x80\x08\x0c\xbd\xa0\xd5\xea\
\x9c|\xf9\xf8\xfa\xe6\x04\xdd\xactbk\x85\x99\x80p\
\xff}\xf7\x1f\xbd\xe9\x96\xc1\x85\x95'\xbe\xfc\xe5/\xfc\
\xe5\x17\xae=thm}}\xdf\x81\xfd\xd7\x1f=\xfa\
\x13?\xfe\xe3\xef}\xf8\xbd\xbf\xfc+\xbf\xf2\xf8\xe3\x8f\
\xdfy\xef]i\x96\x86\x10\x8a\xaa\xfa\xf2\x13O\xfc\xd0\
\x7f\xff\x83\xe3\xa2\xf8\xfc_|\xe1_\xff\x1f\xff:\xa8\
\xae\xac\xae\xfe\xf8\xff\xf8\xe3\xdd]\xbd\x17O\x9c?t\
\xe8\x9a\x9bn\xbaQ(\xa8\x12\xabXK\x96\x09\x0a\x8e\
t\x05\x1b\x9bd\xe0$T 2\x96\x93\x98\x8d/\xd1\
/\x96\x0ca\x0bO\xcc\xfe M\x8b\x14\xd7\xac\xd68\
\x8aFg\x81\xc8\xd6\x85xS\xb2\x91\xf1\x16\xe6x3\
\x1b\x05\xe2\xc0\x0a\xe7\xd3R\xa9\x9d\x98N1\xc1b\xde\
\x86^\xdc\xdfZ^X|\xfe\xe4\xc6e\xf0;\x1e\xfb\
\xd2\xbf\x13?\xec%/\xfe\xec\xcf|\xf0\xf6[\xd4\x84\
3\xa6@\xca]\xa0\x0dX #\xf8H\x83\xc7\x12$\
\x044\xa9\xdb1\xb8\x0dH\x01\xc0\xc6\xde\x15 x\x80\
\x00S\x07\xa7\xad\x05\xde\x04\xc0\x01\x18\x07\x0aP\x0bM\
\xa0\x16jk\xa9%y \x80<)\xb420\xaa\xe4\
aD\x98\xbc\x9a\xa0\xa9\xc9\x16\xf3|\x0f\xa8\xe7J\xc3\
HS&p\x09\x8c\x10\x86\x22\x93@ce\xcbY\x0b\
I/\x98\xdc\xa1S\xd2b\xdaI\xb3\xbc\xcdi\x1e\xcb\
\xd5\x00\x0c'\xa4bT\x19\xca\xe5\x22\xe9\x02jY \
\x01\x0a\x9e\xbah\x18@\x01oBQ\xafFd\x00\x13\
\x8b\xb3 \xea\x07\x14\x08\x01\xc9\xc0p\x05\xc9\x102H\
\x0a\xb6\x82JP\xa8\x19\xc0n\x0a\x0fmEF\xe7Q\
\xf2\xfaJ9\x9a\xe4\x17.\xc9\xd9s\xc5\x85\xcb\xe5\xe5\
\x95\xb2\x92\xee\xee=\xb7\x5cs\xe3\x0do\xbb\xf7\xe1\x83\
\xd7\x1eI\x92t4\x1e\xaf\xae\xad\xbf\xf8\xd2\xc9\xf1x\
2\x18\x0c\xf2V+\xcf\xb3}\xfb\xf7\xdfv\xeb-\xbb\
n\xdc3\x9e\x8c/]\xba\xfc\xd8c\x8f\x9d{\xed\xdc\
\xc2\xe2b\x9a\xa6\xa3\xd1\xf0\xd1\xfe\xe6\xe1\xc3\x87\x9d\x9f\
\xac\x8f^j\xb9\xdd\xc59\x7f\xecp\xde{\xc7\xb8\xbb\
\x90\x18\xc3\x90=\xa0\x0cQ\xe2\x03\x0bIkoq\x8a\
\x86h\x91\x95\x9dr\xda\x1cBR\x17\xf9\x8b\x22S\x11\
h\x80\x06\x12_'\xb2\xa2\x84:\x16F \xc4B#\
F\xe1\xc7\x901t\x1c\xdc\xa0\xac\x86\xd6\x90\xc2\xc0\xe4\
H\xba\x94\xcc\xc1\xb6\x85RB\x0a\xc4\xaac\x00\xf7\x80\
\x04*P\x07\xf5\xd0\x12R\x90\x1f\xa3\x1c\x85b\xe8\xca\
\x89\x84\x11\xa3\x8f\x06B\xa8\x8a(BM\x90\xc5\x8b/\
\x9eD\xa9\x9aIj\x85\xd7);\xc7\x00 \xe0\x19\xa6\
\x19\xa8\xb7~\xcd\xaf\x0a@\x8d\x17@\x91BSV2\
\xa2)\xe0}!\x04M\x8d'&\xf1y\x8c\xdb\x80\x85\
,q\xc6I\x8bM\x8blf8#\xb6\x02\xab\xc9\xc1\
\xcb\xeb\xab\x96\xbb\xe31\xaa\xf5\xf1p8\x10\x89h\x00\
\x11g0\xb3E\xdaDI\x94H\x99\x84j\x0d\x97\xc6\
Z\xbb&j\x84\x10\x97\xe5\x98\xa13\xd5\xcdD\x1aB\
@\x9e\x88\x08\xdc\xd47!\xa8Q\xb0\xab\xc6\xc6\xd8v\
\xab=qU\xab\xd5b6\xceUqS;\x1e\x17D\
\xe8t\xba\xc6\x18\x11!Et,\x8d\xb8g\xf6\xf8\xa0\
\xe9\x0foDZ\x5c\xe5\x05S\xc82\xfd\xe3T\x9c[\
SD6I%\x08\x88IM\xf0\xc8\xf3D\xd5\x1bC\
\xbae\xf3\xba\xe3\xb0\xdf\xc8j\xf7\x8dLX;4\xc2\
[4k\xad\xa0DYCp\x18\x90\x00A\xb42\x0c\
(!\x18 \x0b\xb6\xb5\xae\xf6\xb1\xa7\x9e7\xb6\xe7\x9c\
\xb5L\xcc.K\xc5&hk\xfb\xc8\xb57%v\x8d\
v\x1d|\xd7{\x1e|\xe9\xa5\x97N\x9c8\xf1\xc4\x93\
O\x1e\xba\xee\xba\x1f\xfd\xb1\x1f\xdb\xd8\xdc<|\xe8\xf0\
\xfc\xdc\xdc\xef\xfc\xf6\xff\xfd\x8bw\xfd\xd2x4N\xc8\
$&\xfb\xde\xef\xfb[\x9f\xfc\xccg\xff\xe3\x9f|\xf6\
\x93\x9f\xf8\x8f\xfb\xae;:\xbc|\xf9#\xefy\xffd\
4\xfc\xc2#\x8f\xad\x8f7\xff\xf9\xff\xf6\xcf\xff\xaf\xdf\
\xfe\xb7\x0f=\xf8\x91\x94\xe78\x0cR\xd9\x5c\xc8M\xa6\
\x9cr\x9e\x99\x8eE\x0b\xe8\xc0\xe5\xa3!\xa8\xd3Q\x10\
\xe0\x89\xd4\xb0Q\x18\x05\xcbL\xb0\xd09\xd7j\xb5\xa6\
\xaa\x8eH`L\x03+1\xe9\xba\xaa\xaa\xa9\xa9\xf9\x95\
\x94\xc6\x9b\x16jy\x0bs\xbc\x89\x8dAD\x1c,\x05\
O\x1c\x0c&\xa9\xf5\xd0\xbe\xac|\xf5\xdc\xc9?I\xf5\
\xec5\xbb\xae\xff\xaf\xc7\x8f\x9f?w\xfc\xc8\xfe\xfc\x9f\
\xfe\x93\x0f\xdczC\x8b\xfd\x05\x030:\x1a\x18Z\xc2\
\xc8\x8e\xc2\xe7\xcd\x0f\xb3,\xc2N}\xfe\xd5^\xf9\xe6\
\xb5:\xf9!\xf2\xc9\xf1W\x8dB2\x06@i\x02\x00\
\x9a\x04Q\x1f\x98l\xab\xd5\x9e#\xd3\x0dHE`\xf3\
\x94\x84\xa1\x1e\xea58\x1f\x9c\x0f\xce&9LN\xa6\
#\xb6K\xdc\x86i\xb7\xda\xbb\xac\xb5l,\xd8l}\
\xd7i\xee\xaa\x82\xd5\xa0NHi\xfe\x5c\x97\x83\x8f\x8b\
\x96\x92\xdaXN\x04\xd1@\x8a\x98\xd8BP\xaf(\xcc\
 \xb8\xd0f\x02\x1b\x22.U\x86\x10\xc7\xf0\x0c\x0f\xf1\
(mpyY\xd8\xf5uY^^\xbfxi\xf2\xea\
\x99\xfe\xfa\xa6\xdd\x1c\x98\xbc\xbb\xef\xc8\xcd\xf7\x1d\xbb\xfb\
\x9d{\xf6\x1d|\xf5\xf4k\x9f\xff\xe2\xe3g_\xfbO\
g\xcf\x9e\x1d\x8f\xc7\xa3\xd1h0\x18Dk\xfc,\xcb\
\xe6\xe7\xe7\x17\x16\x16\xae\xb9\xe6\x9a\x0f}\xe8C\xef\x7f\
\xff\xfb\x97\x97W^}\xf5\xf4\x97\xbe\xf4\xa5\x03\x07\x0e\
\x1c>|\xb8\xddn/.,]8\x7fqX\xf4W\
\xab\xf3\xbd`;E\xabp<.|\xab\xa5\xca\x0cd\
\xa0\x9c\xd8\x81\x02\x90B\xb3Z\xfc\x18\x93Ph\x1a5\
\xa8\xbb\xc5\x98iJ\x8b\x87\x86:\xd2\xa1MJ\xad\x0a\
\xa8\x82:\x08!\xd4\xf9\xbfZ\x94*\x13\x911\xb4`\
\xae\xb2$\xa9*\xb5i\xd7fs\x94\xf4\x94\xdbjZ\
\xcc\x99J\xbd\xd1\x06\x01RA\x1d\xa0\x90B\xddX\xdc\
\xb8\x98l\x90\x14\x12\x0a\xf5E\xf0\x15\xa1\x22\x0e[~\
\xa0\x0d`\x98\xed\xc6iP\x07\x8d\x0aT1\xfd\x80\x99\
\x00\xddt\xc4E\x90A\xb3\xcf`\xdb]\xa3\x004x\
\xc7\x04\x10K\x80\x10\x18\x89hJd\xd8d\x89\xcdM\
\xd2\x06\xe7J\xa9\x22q\x81\xabR*\xa7\x1b\xe3\x8b\xcb\
+\xfd,MbX\x22x1\x86\x00\xa5:\xa4!\xcc\
\xf1r\xc7(I\xc4\x1c\x1a\x03AT\xa7O\x83\xb6\x0c\
C\x9bS\x9a\xb2~\xf5I\xd6\x04T\x0c\x7f\xc4d\xa2\
\xe8\x5c\xdc\x18\x0cR\x5c]\x22y\xce\xc6D\x01G-\
.\x8c*\xe1YK\xf2\xab\x043v\x5c\x93o\xbc\xed\
\xa0-gcV\x0d\xf2hX\x0e\xd9\xa2\xee\xffZ\xf6\
\xd0\xaf\x7f\xb6o\xfc\x11\xba5f\xa8\xb94\xb5d\x1a\
d\x18\xccI~\xf6\xd2\xc6Z\xbf`^ Xkl\
\x92\x98\xb5\xd5\xcb\x09%\xc7\xdev\xef\x87?\xf4\x91s\
\xe7WO\xbe\xf8\xf4\xf9sg\xf6\xec\xdb{\xd3-7\
\xdf\xff\xaew\x1d>|x0\x18t:\x9d\xaf~\xf5\
\xe9\xc7\x1f{\xfc\x83\x1f\xfc\xe0x4b\xd0\xbe={\
\x7f\xf8\xef\xfc\x88\x0f2)\xab\x7f\xfc\xf3?\x7f\xc7]\
w\xf5G#\x15\xdd\xdc\xd8\xfc\x83\xff\xf0\x1f\xbe\xf7\x87\
\x7f\xe4\xff\xfb\xa3\xdf\xfb\xfb\xff\xe0\xa7\xde\xf7\xfe\xf7\xb5\
\x929W\xfa\x16\x8b%\x1fM\x06-[6\xa6rU\
/k\xa1\x08\xad\xd6\xd2\xda\xc8\xcf\xf7\xec\x8c\x9c\x195\
L\xbfR\x90\x1b\xaf\xd4L\xd8\xe5;\xa5\xdb\xf8z\xed\
-\xcc\xf1\xa65\x15*\x15\xe4\x1c\xe0L\x96\xba\xdcl\
\xba\xea\x95b\xf2\xca\xa5\xd3O$\xb8\xdck\xb5N\x9f\
;\xf7\xd9O\xff\x97\xc3\x07\xe9\xa3?p\xd7\x91\x83\x5c\
\x95\xa7\x13-Sk\x01\x1bB\xa9\x18\x1b\xc3\xa0+k\
\xca\xef\x940_\xf9\xd1\xdf\xb6/\xf5z\x8d\x94\x1b^\
\xa1V\xf8m%\xc9\xab\x89_\xc4\x07\x05\xa7D\x19S\
+\xa5\x9cl\x8b(\x07\x0c\xd4\x03\x15\x19\x05D\xbd\xab\
\x5c\xe1]\xa1*\xa0\xdcp\x87M\xd7\xa4s\x94\xcd\xc3\
\xb6\x13\x9b\xc2\x9a:\xba)\x8d\x81wmC\x04\xc4\xdb\
\x8f|c\xd25=\xb9\xa6\xeae\x9c7%\x81\xda\x1a\
\x91\x90*Q\x80\x06\x04\xb0\xb2\xad\x0d\xa5\x12\xb3\xd7\xfb\
\xa2\x0c\x1b\x845\xcbC\xc3%\xd8`l\xc2&\x86k\
\x18n\xe0\xf2\x18\xc7_\xdb<wne\xb3\xef\x87\x13\
\xde\xbd\xe7\xf0;\x1fz\xd7\xbb\x1e\xfc\x00\x92\xd6\xa7>\
\xf3\x99/\xfc\xc6o\xaf\xae\xaf\xef\xdds`\xd7\xae\xdd\
G\x8e\x1c\xb1\xd6v\xbb\xddV\xab\xb5\xb9\xb99\x99L\
^}\xf5\xd5?\xfb\xb3?\xdb\xd8\xd8XZZ\xfa\xe4\
'?\xf9\x0b\xbf\xf0\x0b?\xf9\x93?y\xdbm\xb7\x1d\
?~\xfcs\x9f\xfb\xdc\xe2\xe2b\xbb\xdd\x06\x90eY\
^\xa4\x0b\x9dN\xab\xd87W\xe6\x8b\x0b\x17E_\x0b\
j@\xa9\x92!fe&X\x85\x15J\x183\xdfq\
j\xffP/\xda\x81t\x5c\xef\xbf\xa3\xed\xa5\x86\xda~\
ME5@T\xd5\xa9\xba\xe0E|\x08\xde\xa9\xf8,\
\xe1$\x85Q[\x95\x5cT\xaa\xcaI\xb6h\x92\x0e\xa5\
=\xd86!\x81&PCh\x8e\x89\x00u\x10\x1f\x82\
\xf3\xe5\xa8,\x06\xbe\x1ak(\x08\x1eZ\x11\x02q\xb4\
\x94n\xfc\x13\xa6\xc2\x8bf!\xa8\xd1\x81\x88N7g\
\xb5`\x83f{S\xa6\x0fu\xdb)%R@\x85c\
qXRO\x00 \xa2\xde\xb0\x01T|\xf4sl\xa9\
f&\xc9\xd2\xaceL\xae\x9cV\x9e\x5c\x85I\x11\x86\
\x93\xc9dRUU(\x05E1\xb6\xb6\x03\xa85&\
I\xa2\xe4X\x89\x88\xe3c,\x1c<\x8d\x92P]\xdf\
g\x06dh\xd4Q4V\x9bq\xf1k\x96\xf0\x08>\
\x88\x09:\xcd_\xa9\x85C\xd1V#V\x88U\x89\xd4\
E\x9d\x0cYg\xdbN_Z\x0f\xeb\x99\x11\x1e\x03\x81\
o\xde<P'RG\xe1\xeaw\xd1\x92G\xd3B\x13\
[.;\x00\xea\x02\xb9\xcc&\x7f\xe9\xd4\xa9\x8d~I\
\xddT#?%\x92\xa5\xb91|\xe3M7\xad\xad\xad\
~\xe1\x0b\x9f\x17\x19}\xcf\xf7|\xef\xee\xdd\xbb\x96\x97\
W\xd24\x19\x0eG\x9f\xfcO\x9f|\xfa\xa9\xa7O\x9c\
xaqi\xe9\xdc\xb9s\x8f<\xf2\xc8\x03\xefy`\
uy\xe5\xa9\xaf|\xe5\xb9\xe7^\xb8\xe9\xd6[?\xfc\
\x91\x8f\x10Sw\xae\xf7\xf8\x13O\xfc\xe2\xbf\xfa\x97\x1f\
|\xdf\xfbZ\xad\xd6C\x0f=\xf4\xae\x07\xdf\xd9\xe9t\
\xd6\x977[\xed\x16\x95\xc3\xda\xa4D\x91\xa4\xa9I\xd8\
\xa9K[\x19\x8cY[\xebK\xba\x07\x9a\xa0)\x9e\xa8\
\xb5'\x5cM_i\xd3\xd0\x0c\x83\xf8\xfc\x0e\xa3\xb0\xef\
\x12\xf0\xf1\x16\xe6x\xf3\x9ag/\xc1\x04\x87TLG\
\x07\xa8N\x95\x83\xcf\xbfv\xea/[4N9\x1bm\
d/?w\xea\xed7\xcd?\xf4\x9e\xa3\x07\x0f\x14\xa1\
|m\xaeC(\x0d$\x07R\xc0\x81\x9c\x1aO\xda\x01\
\xb6\xc3\x8e\xab\xcc$\xdb\x9f\xfa\x0e\x8d\xb4:\xf1\xa1^\
\xec\x02\x10\x22\xc7\x0d\xb2\xd0Ho\x92p`j\xb3\x99\
#\x9e\x07\xf5\xa2\xa3\x86jeR6\xa6\x94\xb0\xe1\xbd\
\xf3\xce\xb9\xca+l\x92t\x93\xb4\x9b\xe6\x0b0\x1d$\
=\xd8\x1el\x06V`\x14\xbd\xa0P\x9b\x895\xdcJ\
3\xcb+{\xdd*`\xdbl 1MR\x00Q\x0a\
n\xa1V\xedEMh`KJ\xaa\xec\x83z\xef\xbd\
\x14\x15K\x95\xd8\x91\xb1#\x91AU\x15\x1b\xcb\xa3\xf1\
z>Z\xeb\xae_\xcc\xce\xbd:zi\xd5\xaf\x98^\
\xabu\xeb\xbe\xeb\xaf\xfd\xc0\xdb\xee\xd9\x7f\xe0\xf0\xe6h\
\xf2\xeb\xbf\xf3\x89/\xfc\xd5\xa3\x8b\xbb\x16n\xbd\xfd\xd6\
\xdb\xe7\xe6\xdaI>\xd7\xed\x19c\x0e\x1d:t\xec\xd8\
\xb1\xc5\xc5\xc5\xe5\xe5\xe5\xe5\xe5\xe5g\x9f}\xf6\xce;\
\xef|\xf2\xc9'O\x9f>\xbd\xbc\xbc\xfc;\xbf\xf3;\
\xf7\xdf\x7f\x7f\xbf\xdf_[[k\xb7\xdb\x17/^\x04\
\xd0\xe9t\x16\x17\x17\xb3\xbc\xad\xc6\xd8\xb4\x93r\xca\x16\
\xa2\x08\x81ES\x85i\xd6.\x13`\x04\xac\xd3\xeb@\
\xd2d\x89\x0a\x14*J\xf0,\x83\x9a5\x10\x8d\xd6\x1d\
\xc19\x8d\x9e\xa5\x12 Z\xd7Cf\xd8\x04i\x1em\
+\x05!T\x85\xab\x1c\x08\x1d\x9b\xb4\xb3\xf6\x01P\x02\
M\x10lm\xd6\xae\xb1\xe4\xac\x87\x9bx_\x88\xdf\x90\
0\xaa\xaa\xd2\xfb\x12\xe2\x80@\x1c(Z\x98G\xe6\x1f\
\x14B$\x9dj\xb4QK 1\x05!\x88\xf6\xeb\xb5\
Z\xa3\xeeA\xd4\xbd\x5c7Ql+\x95\x82\x1d\xa0\x03\
PMI\x89 \x04O*\x04a\x0b\x85\x91\xc0\x86\xd2\
,is\xba$f\x89\xd9\x06\xa5q\x11\x8a\x22LJ\
W\x942)]U\x86 \x00\x99\x80\x09\x93\xb3F\xa6\
'e\xad\x89\xb5fM\xb3\xe0oq/\xa4\xb1\xba\x0e\
56r1\xb62\xcd\xda\x88\xd1\x13\xc4\xa4\xdc\xe6)\
\xd4\x18$\x02\x0e3Uz\xaa*\x10}\xcd$\x04g\
M\x02 D&=\x88F\x97\xcamw\xfa\x8cp\x83\
\xea\xc5\xec\xcdi\xb1\x9b\x98\xd8\x05\xff&}\xe47\xd8\
\xea\xfc\xac\x18\x89\x0e\x88|+\xa4vIc.=\xbf\
\xf4\xf2r\xd0\x9c\xd5*L\x10\xf5E\xd5\xedt\xadq\
\xadV\xfe\xd8\xe3\x7f\xf5\xa9O\xff\xe7\x13'\x8e\xff\xea\
\xaf\xfe\xf2}\xf7\xbd\xf3o\x7f\xf4\xa3\xf7\xdfw\xdf\xdb\
\xde\xf6\xb6#G\x8e\xbc\xf8\xe0\x8b\xbf\xf8\x8b\xbf\xf8\xf8\
c\x8f\x9d~\xf5\xd5\xbb\xdfq\xf7\xed\xb7\xde\xf6\xb5g\
\x9e\xfd\xfd\xdf\xff\xfd\x7f\xf1/\xfe\xe5uG\x8f\xee\xde\
\xb3{em\xed\xf9\xe3\xc7\xff\xec3\x9f\xfe;?\xf6\
#{\x17\x97\xf2V\xfb\xe1\x87\xdf\xbfk\xdf\xfc\xe5\xe5\
\xb5\xca\xa5\xde\xbb\x84b-\x05\x00\x94\xa5\x99IL\xc5\
J\xa9U\xc1\x993\x17n\xbf\xfbVH\xa6\xa0\xa6f\
\xa1\xa0\x16\x1e\xed\xd4aDZ\xacA{\xb3(\xf4\xbb\
\x85\xf3x\x0bs\xbcIMA@\xc6L\xa9-Z~\
\x8c\xf1+\xc3\xd5/\xae^\xfe\xdc\xdeN_\xcb\x11\xbb\
\xf6\xb8l-\xcd\x85[\x8f\x1dn\xe7\x1bZ\x0e[\x89\
C\x08\x844Z@\xb0a\xa5\xb4\xd1\xd5o;\xee\x8e\
\xb9uk\xbd\x9d}\xee;\xd24\xce\xad1\x95T@\
\xd1,2\xde\xf0\x09i\xaa\xb06\xcb\x892\xa2Xz\
\xd4\x82\x18\xac\xc4\x0c\xa88W\xba2\x84\x00\xb0\xcd;\
\xd6\xf6\xd2t\x9e\x92y\xa4=p\x0e\xca@)\x94T\
\xc2\xb6\xcc;\xa2f;\xbf\xb5\x89\x01sSk\x8d\x00\
\x22\xe5zG\xda\xd0!JFX\x08B\x08D\x8e\xe0\
\xc1\xc1H\x15B\x19\xbc'\x88\x0d!3\x1eRb\xe2\
\xab\xd2/\xaf\xcb\xca\x1a\xfa\xc3\xa5\xcb\xcb|\xfa\xf4d\
}\xadj\xb7\xf7\xcf\x1f\xbdn\xb1\xbbwn~\xe1\xfa\
\xebo\x1c\x8e\x8a\xdf\xff\xc4\x9f\x9cx\xe9\xa5\xbd\xfb\xf6\
~\xf8\xc3\xdf\xef\xa5\x14\x84^w\x8e|\xa8\xaa\x0a\xc0\
\xf3\xcf?\xbf\xbe\xbe~\xeb\xad\xb7\xder\xcb-\xddn\
\xd7\x18s\xf4\xe8\xd1\x9bo\xbe\xf9\xc4\x89\x13\xcf>\xfb\
\xec\xcb/\xbf\xfc\xca+\xaf<\xf8\xe0\x83\xaa:\x18\x0c\
.\x5c\xb8\xd0\xeb\xf5\xac\xb5eY\x8e\x8a\x09\xcd\xb52\
FY\x8d\xaal\x08\xd2\x10H$\x01\xa8\x09\x8b\x10\xa0\
\xb5\xa1\x05\xeat\xcf\x86q\x97Z\x10\x8a\x00r\xf1\xf5\
\xe2%H\x10\x1f\x9c\xf35\xd1CD\xa0<\xed\x1ac\
U+P\xa9Z\x89:\x09\xbe\x9aTe\xe1-\xb5\xda\
\xedyn\xcd\x81;\x8d[(@>*L%\x94\xc1\
M\x9c\x1b\x07_\x88[C\x18\x87\x10\x80\xc0Dl\xc8\
\xf9\xaaN4QU\x08\x94\xcd\xcc\xd4\xa9\x91\xca\x98\x9a\
W\xd4\xcfm\xd9\x86\xd6\x82\x8e\xd9\xa9S\xa7<N\xd3\
\xdd\xb37@s\xcb(\x12(\x08\x8e\x10\x08\xa2\x04\x0f\
\x0b$\x9c\xb4\xb2\xa4\x93\xda<p\xb7\xd4N5\xf1\xe3\
I1\x1a\x17e\xe9}P\x11\x0aJ\xc4i\x92X6\
\xa4p\x22\xc2\xec\xb8N\x09PCuP\xc3\x10Gn\
#&fl\xe99\x98k\xb9\xe8\x16\xd5A3\x80\x80\
\x1a\xbb\x17\xcc\x84\x8a\x18@T\x836\x8dcd\x909\
\x9a\x8e\x08A$HsADE\x98\xa6\x87PR%\
\xfe\x8e\xf1\x1c\xaa\xca\xccS\x9e\xe3\xbb\x87\xe8P0P\
\xbb\xce\x90N\x19\xc0\xba\xe0\xb6\xb2\xed\x8f\xfc\xe9\xd7\xfa\
6_,\x02qj\xbd\xa85\xd6\xbbj\xa17'A\
._\xba\xb8\xb2r)\xcf\xb24M\x9e~\xfa\xab_\
\xfb\xdassss?\xf4C?\xf4\xb1\x8f}\xec\xce\
\xb7\xdf\xf9\x0f\xfe\xfe?8y\xe2\xe4\xc7>\xf6\xb1\xb7\
\x1f;\x06\xd5\xa3\xd7_\x7f\xff}\xf7=\xf7\xdc\xd7\xd2\
Vk\xe4\x8b=\xfb\xf6\xac\xae\xad>\xf4\xde\xf7.$\
i\xca\xe6\xc0\x81\x83\x81\xab\xf1x\x92\xe5Y\xa8x4\
\x1a,\xb6\xa2K5\x00J\x92\xcc\xa4)`)\xc9^\
=san~o\xbb\xb5\xa85m\xcc`\x89~4\
\xb3\xf69\xd3\xd4\x95i\x9b\xa6\xceN_\x10\x83qo\
\xf6E\xbf\xa2\xbd\x859\xde\x8c\xa61\xf0\x86\xc4 \xe4\
fB\xfe\x82\xdbxv\xed\xcc\x7f]h\xadK\xff\xb2\
e\xf2E5\xd7\xcd\x8f\xdd\xbe\xc7S\xbf\xd73\x04\xc3\
j\x11\xea\x1a_\xaa\xc1RF\xdc\xf6\xc17\xca\xc7\xad\
c\x7f\x03\x1f\xff\x1dB\x1d\x11s\x10\xa0\xa1\x86B\x14\
\xcb\x96\x1a %d\x8a\x5ci\x8e\xd8\x22\xda\x1b\xb0\x07\
*\x10\x00_\x14\x93\xa2\x1c\xab\xc2$y\x92\xe6Y\xde\
\xe3|\x11\xdc\x01\xb5\xa1\x09\x90\x80\xacrLf\x0d\x88\
WX\xe2'P]\xdfa\xdb\xaad\xea\x9c\x05\x22R\
\xae})0\xdd\xf4@9x31\x10VO\xea\xa0\
\x0e\xbe\x82+Q\x95\x06j\xac\x851\x18\xae\x15\xeb\xfd\
\xd55\xbf\xba\x99.\xaf\xa7\xab\x83\xf9\x17\xcf\x14\x976\
\xfc\xfc\x9e\x1b\x0f\xdf{\x87pr\xf9\xf2\xc6\x92\xc9\x0f\
\x1f\xbd\xe5\xc9\xa7\xbe\xfa\x97\x8f~q\xae7w\xe7\x9d\
w\x11i\x96\xa4w\xde\xfe\xb6\xc5\xc5\xb9\x17^x\xae\
\x08\xe3V\xab\xf5\xeew\xbf\x9b\x99?\xf5\xa9O}\xe6\
3\x9f\xf9g\xff\xec\x9f---\x15E\x11i\x8c\xa3\
G\x8fnnn\x1e:t\xc8{\xdf\xeb\xf5.]\xba\
\xf4\xe2\x8b/\xae\xac\xac\xec\xdb\xb7\xaf(\x8aV\xab\xd5\
\xef\x0f\xd4K\x92\x0f\xa9\x1c\xb8\xd6\xa6a1\xc4$F\
\xa1@P\x04\xa8a\x04h\xa0\x06s\xd4\x06\xf3\xaa\x90\
\x00\x15\x92H;y\x91\xe0}\xf0\xce\xfb\x10\xa0\xb0\xc6\
2\x1bc\xad5\x96\x0cClL\xdbQx\x15\x15\x95\
\xe1`Hj\xb3\xb4\xd7n-\xc1v \x06$Q\x00\
\x03U\x88W\xa9\x82\x1fW\xc5\xb0(\xfa!\x14\x0a\x9f\
\xa1\xb4\xf0L\x0aH\x10\xf1A\xa7f\xde\x00\x94\x98\x94\
uV\xcd\xa1u\xb0\xabq\x10\xad\x95\x19Z\x93\x1c\xd3\
\x12!\x11Yn\x85$\xa6\xd6\x16\xf1q+\x8a\xd4,\
\xe4\xaai\xf4\x95\x8d!\xa7\xa0\x5c!%\xee\xb4\xf3\x85\
4\xed\x19\xa1\xb1\xe3\xe5q1\x19O&E\xe9}`\
6\x00\x93\xe5\x94\x13\x22VU\xd5`\x8d\xa8L\xcaR\
\x12\x9b\xa4\x89\xe5\xc6\x0c\x81\x89cl\xa5\x01\x14\x14I\
\x0e\x00\x5c\x83\x12\xa0)\xc0V\x9fVCiL\x9f\x98\
\xb9sH\xc1Q\xc9\x11\x7f5\xcc\x02!\x22c\xea\x88\
\x99\x04?\xe5\xd1\xb9\xfeO\x15\x88\x98d\xdb\xc6c\x1a\
ak.\xc8\x9b3\x19\x10\x91NMA\xbe;\x9a\xd6\
\x8a]jl<\xe3X#UV6\xc2vs\x14V\
7\xc5\xa4s\xae\xe4\xc42y\xe4Y6\xda\x1c.-\
\x1eq\x95[^[{\xfe\x85\xaf\x11\xf4\x86\xa3G/\
^\xbch\xac\x99L&\xfd~\xdf{w\xe6\xcc\x99\xbb\
\xef\xbe\xfb\x0f\xfe\xe0\x0f\x9e~\xfa\xe9<\xcb\xff\xea\x8b\
_\xb4d?\xfe?}\xfc\xdck\xe7\x1f\x7f\xec\xb1\x8f\
\xfe\x0f?\xf8/\xff\xc5\xff\xfe\xdc\xf1g~\xf8o\x7f\
l\xff\xf5\xd7\x1f\xbb\xf5\xb6\x0b\x83\x8a[\xb2\xb2\xbc\x9c\
\xe4\x9d\xcb\x97\x87\x22\xa1F\xa5\x04\x00\xd6$0i\xa0\
T8}\xe5\xcc\xf9w\xbf\xff\xbd\xaaF\xeb\xf2\x14S\
I\x93\xce\xda\xf7\xcf*C\xeb/\xabuy\xf0i\xd8\
\xe5M\xcbLy\xfd\xf6\x16\xe6\xf8\xb6\xb4\xd8\xcd1O\
\xc99\xa7\xaaI\x9a\x19\x81\x91@\xe9\x10\x83\xaf\x95\xfd\
\xaf\xec\xeb\x8d2\x10\xec\x22\x00d\x09\xe0\x94K\xa5\xa1\
\xba\x84\xd5\x92v\x80\x1241\xd6+\x9c\x88\xa1\xd06\
X\x08a\x99\xb6W\xdc\xde\x09]\xafb|t\xc5\x0e\
\xe7\xcd\x99v(\xee\xb8j\xdbU\x10)\x19BB\x9c\
\x13\xb5\xc0m\xe6N\xc0\x1cY\xc0\x0a\xb8\x80ND\x9d\
\xf3\xa1,\xbd\x04cl7M;Y\x9e\xc3$\xe0\x1c\
\xd4\x02\xb5\xc0\x19\xc8\x82\xa0\x14\xb4Qi4\xb3<m\
-B\xb4\xad\x5c\x9cj\xa2qr\xd6z\xbd\xa3Zm\
\xda\xc8>\xa8\xf4f\x8d\xa0\xf0N}\xc1\xce\x91s\xb0\
\xa9\xb1\x8cq\x156\xc6\xfd\xfe`}0^Ys\xeb\
\x1b\xe9\x85Kty=\xa5\xf4P\xd2\xd9\xbfo>\xed\
\xbb\xf2\xd1g^\xca{\xd9\xc3\x0f\xbc\xcbo\x0e>\xf9\
\xc9\xffg0\x18\xde|\xf3\xa1\x85\xf9\x05&\xbe\xf1\x86\
\x1b\x96\x96\x96./_zu\xf9R\xcb&w\xdcs\
\xef\x8d7\xde\x98\xe7\xb91\xe6\xe3\x1f\xff\xf8\xf3\xcf?\
\xff\xf4\xd3O\x1f9r\xe4\xe8\xd1\xa3\xc3\xe1\xb0,\xcb\
C\x87\x0eM&\x93'\x9ex\x22\xcf\xf3\xb2,\x7f\xf7\
w\x7f\xf7+_\xf9\xca\xdc\xdc\xdc\xd7\xbe\xf65cL\
\xab\xd5*\x9d\xbf\xb01\xdc\x93\xf7n\xde\x9b\x1e\xdd=\
$\x14\xa9a#$\x08\xaa^\xb5\xd4\x90\x19\xf5\x0c\xd7\
P>\x00\x14\xde\xc70\x8c\x06/!\x88\xc2)\x8b\x02\
 c\xb3v\x96X\x9b\x80M\xbd\x90\xd7\x96\x17\x06\x02\
b%\x04\xe7\xc6\x93\xc9$x\xe4I\x9egs\xa06\
|\x0a\xa8\xf0\x98TUB\xf0\x95\xaf&\xbe\x1aU\xd5\
\x10p\x14k\xe3A(\x08\x1a{5R0\xea\x8a\xca\
\xf1\x13 \x0aD\xdf\x0dB\xf38\xa3:\xa9\x07\xaan\
\x15\xefE\xa4\xa6D\xa6\xe5U\x9b.\xde\xea\xfdi\xa4\
&.\xc5\xcd'\x22gR\x0b1\x1a<4 \xf1\xa6\
\x97\xb5\xf7\x16\x9a\xb3\xe42\x1e\xaf\x0e'k\x95\xd3 \
\x02\x905`\x8a\x98\x02\xf0\xf1\xa0\xa4b\x8c\xa4)1\
y\xcb\xe4\xabJ\xad56ab[g7R\xb3\xde\
7N\x1b[6\x0a\xda0\x1b\x0d\xd9\xd6(.f\x1c\
\xc9\xb7XLm\x80W\x844\xa2!\xb2\x1e\xadv+\
\xc2\x1c/W_?DTUvzn\xd5\xd7\xb2\x8e\
\xf9l\x8b\xf9_\xed5\xaf\xd3f_\xa0\xaa;\x80T\
\xbc\xf0\xc4\x14$0\x9b\x98Xq\xe51\xdfp\xf1\xbb\
\xda\x09\xee\xa4x\xaf\xa8j\xb6\xf3L\xael\x8a\xa8(\
\xd7\x084\xa2Wm\x00D\x898%\xdb:\x7fi#\
PwX\x04\x93eUpJ\x5c\xb9\x90\xb7\xday\xd6\
\xee\xf5\xe6N\x9ezY\xc8\xb7\xd3\xd6\xa9WN1\xb1\
\xf7~<\x1e?s\xfc\x99\xb3\xaf\xbdv\xe4\xc8\x91\xb2\
,\xf7\xee\xdd{\xec\xed\xc7\xc6\xe3\xd1;\xdfy_\xaf\
\xdd\x99\x0c'w\xdc~\xc7}\x0f<\x90\xf7Z\xea\xc3\
\xfd\xef\xb8\xef}\x0f=Tml\xfe\xcc\xff\xfc\xd3\xef\
\xfb[?x\xc7=\xb7\xe4\xddl\x5c\x8c\xd77\xd6|\
p\x00\xe7\xad\xcc\xb0\x93\xa0\xbd\xde\x5c\x80U\xdbY\x1f\
\x94\xfb\xaf\xb9.\xcd\xbb\xa5\x83\x8d\x9b\xa6ft\x8b\xaa\
\x8a\x04\x1f\x98\xd9\x18\x93\xa6\xa9s.\xd6\xb8\x99v\x93\
\xd4\xc6\xfa\xf5\xaf\xd3Bn\xaf\x1fd\xb92X\xf3\x06\
\x97\xf5\x9bloa\x8eoK\x9b\xde3\xce9\xef\xbd\
\xb5\x96\xa0\xd6\x0bh\x05\xfd\xafn\x5c\xfc<\xca\x13\xdd\
t\x82\x89BZ \x80]0\x03\x951\xa1\x82tU\
RU\x06)\xdbJ\xc9)B\x84\xad\xa4\x06\xdfE\xdb\
\x867j\x1cw\xda\xa6\xdew\xc2\x10\xa7\x84\x0c\x94\x83\
[\xe0\x04\xc4\xc6ZP\x05\x99\xa8\x8e\x03\x8a\xd2\x15\x85\
\xf3\x86\xdbi6\x97eK&\x99\xab3W\xd9FG\
)\x105\x91\x1aa\x84F9\xf8\x86\xc3\xd8@b=\
\x0e\xa9M\xb7\xb5)G\x82\xc8b\x8f\xd9o\xb8\xca\xb1\
\x0f\x99\x12q\x0a\xd3\xc1\x04\xe3\xd5\xd1\xc6\xda\xb8\xdf/\
\xd6\xfb\xc5\xa9\xd1\xfe\x17\xcf\x8e\xca\x82\xf7\xed\xbb\xb9u\
`~m\xad\xb8|\xe1\xfch2Z\xd85\xff\xd1\x8f\
|\xe0\x96[o\xfc\xcd\xdf\xfc?\xcf\x9c>\xb5k\xf7\
\x9e\xdbo\xbfU\x05\x9d6u;\xdd\xd1p\xa4\x92q\
\xc4\x00\x00 \x00IDAT\xed\xdc\xd9W\xbb\x9d\xee\
\xd1\x1b\x8e\xde\xfb\x8e{G\xc5\xa477\x97\xa6)\x11\
M&\x93\xfd\xfb\xf7_s\xcd5sss\xaaz\xe8\
\xd0\xa1N\xa7\xb3\xbc\xbc\x5c\x14\xc5\xa1C\x87\xf6\xef\xdf\
o\xad=r\xe4\x083\xf7\xfb\xfd\xd5\xd5\xd5\xc1`\xe0\
\x9c\x13\xd5\xb5\x8b\xe76&\xc3k\xf2k\xc5U\x8b\x9d\
\xae\x09%iE\x04\x90#\xa9(\x18&\x0f\x94P\xc0\
\x07\x0d\xa2\xaaU\xe5\xa8\xb1i\x22\x90\x92\xc9Z\x8b\x00\
\x13\x13G[R\xa0\x8ekoY\x8e\x0a\x10\xe0}U\
\x8e\x8ab\xec\x9c\xebt:\x89M\x99\x09\x14\xa0\x15\xd4\
3\x0d]9)&c_\x15\x08\x15\xc1[\xf5 \xa7\
\xf0\x8a(Je\x01\x01$5-AM\x05\x93f\xbf\
F*p5\xed\xf1\xc6\xa4\xdd\x0c\xac\x9c\x893*X\
t\xc6{#\x92\xcad\x89\x98\xd9FO*F\xdb\x90\
\xa6\xcaF\x13\x86\x0dh\xa9Y\xe4\xee\xb5E\xa1\x1bk\
\x1b2(\x87E\xe1\xd36A\xd9\x901l\x18\x84\x18\
nS\xc4h\x05\x09\x917,\xc6Pb\x19\x86\xad\xb5\
\x89\xb1Ldf\xea4\xd6\xd4E3\xf77\xbeL:\
%6\x1a\xa1\xd1\xf4ed\x1aR}\x8a\xab\x94\x10b\
h\x87bh5b2\xa9\x97Z\x22\xd9._\x99.\
\x0d\xf5\x1a\xf3\x1d\x0dhD\xa0U\xaf\xf05\x96\xfa\xae\
\xd8a\x03\x12\x115\x03u}d6\xac\xc4i\xbb\xf2\
V\x91\x9f=\xbf\xba>\xaa\x90\xb5\x02)\x99h\x1f\x8b\
\x84\xcdM7\xdc\xf4\xd0C\xefMZ\xd9g\xff\xec\x11\
u2\x1eq\xbf\xdf_\x5cZd\xe63g\xce\xfc\xea\
\xaf\xfe\xea]w\xdeu\xed\xa1k\xef\xbf\xef\xbe\xeb\xae\
\xbbns\xb09\xbf0\x0f\xaf\xdey\xd36\x99M\xca\
\xf1\xe4{?\xfc\x91;n\xbe\xf9\xf9'\x9e\xfc_\x7f\
\xf6\x1fm\xae\xad\xdf\xf3\xf0\xf7\x9c<\xf9\xd2\xc2\xee\xf6\
\x9e\xfd\xfb\xbdwij\x15\xae\xd5j9?\xe9&v\
nnA\xa9\x9d\xe4{\xd7\xfb\xe1\x9a\xc3G\xab*\x18\
\x0b&\x88W\x0d\x15\x13\x81\x8d\xaa\x94E\xc1\xb45\xf0\
\xa6\xa5\xdafa\xc7\xec#f\xf0\xc4\xaci\xc7\x9b\xdb\
\x05oa\x8eo[\xab\xfd\x01C\xb0\xd6Zk\x09\x02\
\xbb\x81\xe1\x0b\xeb\x97\x1e\xab\xc6\xcfu\xcd\x8azO\x92\
C\xe2\xae\xbdR\x14\xd0*\xc6\xdd#\xc8 \x82\x92Q\
\xb5\x0aQ\x04B\xb9e\xc2\xb1\xfd\x83f\x7f\xfdn\xaa\
\x15\x1d\x14\xac\x80 A\x8c\x9dsN\x9c\x11\xe7\xe0\x0c\
&\xcaH'\x80\x13\xa9\xaaP\x16\xd5D\x0dg\xf9B\
\x92\xce\xa7\xc9\x22\x99\x1e(\x07%3KK\xa8\xaf\x0c\
\x1aOo(\x88\x94\xaev\x05f.\x8b!# \x8d\
\xa9\xa1\x08 \x81\xc4b\x16\x01\xde\xa9s\xae\x18\x12\x0f\
3\x18\xab\x06\x95V\xa3b\xd4\x97\x8du\xbf\xb2R\xad\
o\x86\xf5M\xbf\xba!\xcfm\xb2\xe67\x11\xd0\xbf\xe0\
\x19k\xe2\xfd\xd2\xbe\xc5\x07n\xbe\xf7\xce\xb7\xbf\xed\xc9\
'\xbe\xf4\xf3\xbf\xfd\xeb&\xb37\xdet\xd3u\xd7]\
\xa7\x82,\xcd\xad\xb1\xaa\xa1\xdd\xee\x1d:th<\x9a\
\xd8\xc4\xae\xaf\xad\xef\xbb\xe6\xc0k\xe7\xce\xa5i\xea\xbd\
\x1f\x8dF{\xf7\xee\xedt:\xde\xfb\xcd\xcd\xcd4M\
777O\x9c8\xa1\xaaI\x92\xc4\x80\xcb\x0f\xfc\xc0\
\x0f\xfc\xd1\x1f\xfd\xd1\xda\xdaZ\xb7\xdb\xed\xf7\xfbeY\
N&\x93;n\xb9ax\xf1\x95\xcc\xf4\x8f\x5c\xb3\x00\
\xbfNZ\xc2tY\x83PE\xe4($!\x14>\x0c\
U\xeb\xc2\xc5\x003[6\xd6\x1aK6\x835\xe0D\
BBl(\x92dur,\x1a)n$\x22*H\
\x19\xcaq9\x19@}'\xcf\xdb\xad\x1c\xc4\x80C\x18\
\x8a\x87h5\x99\x5c\x12\xef\xd4;\x12_\xd7\xb9\xd7\x00\
Dr#*G\xa8Yega\x05\xa9F\x92ij\
\xa3Q\x87N\xae\xbe\x03V\xd5-\xa8\xad;\x00\x07@\
\x00\x8bp\xe3\xf3m\x88\x0cs\x121\x075\xcc\x8ap\
\x02\x08K\x0a\xb5\x8a<\xd0<\xf2k\xec\xfc\xd1\x83\x87\
w?\xf5W\x7f\xb9\xb1~qiq\x8eE\x98\x11\x01\
\x87eeR\xd2\xc6\xb0\x0bB\x10!\xb5\x96\x12k\xb2\
\xd4\x02HlJu\xfd\xd6\xad\x1c\xf0\x86\xd8\x98%\x14\
f\x1f\xeb3\xc6t\xba\xa7\x98fU\xa3\x85xEf\
6\xa8\xc4f6(\x1f\xc76\x98\xed\xf6\xed\x87\xaa4\
\xccJ\xad_\xf9\x0e\xcf\x03q/\xfeu\x19\x957z\
\xef\xb7p\xfa;M\xae\xae8\x88\x92@\xb5\x8e\xac\xd4\
\xa6\x9c*0\x89\xc9\xd5\xa7A\x933\xe7W*\xa14\
\xb1^]\xccz\x0e\xa2e\xe5\x0e\xec?\xd8nwn\
\xb8\xe1\x86_\xfa\xa5_\xbc\xf8\xda\xc5W^y\xf5\xf9\
\xe7\x9f?s\xfa\xf4\xee={~\xeeg\x7f\xee\xf4\xe9\
\xd3\x8f<\xf2\xc8\xa7?\xfd\xe9?\xff\xdc\x9f\xff\xbd\xbf\
\xf7\xf7n?v;\x00\x22\xaa\x5cUN&/\x9d<\
y\xea\xf4+\x9b\xeb\xeb\xff\xee\xd7\xfe\xcd\x9f\xfe\xf1\x1f\
\xdf\xbc\xff`\x22\xf4[\xbf\xf9[\xad\xa5\xb4\xb3\x90\xfc\
\x8d\x8f|\xd8\x97iQLl7sU\xc9-j\xb7\
\xdaY\x9a\x8b\xe4&\xd9\x1d\xaa$k/\xb0M\x9cx\
f\x06\x1c\x10T\xd8\x05-\x9d'Ub\x9af0M\
u\xa3\xd3\xa13Kr\xc4\xc7)\xcfq\xd5+\xf6-\
\xb7o\xaa\x8f\xdf\xc2\x1c\xdf\x96\x16C*\xb1\x88_\xed\
\xfb&\x15\xe4U\xbf\xf6\xa5jp\xbc\x9d\xad\xe54\xf6\
\xc32\xe1\xac\x9eBY\xc1\x81\xd4\x18\xcd\xc0,Z\x04\
H\xad\x1c\xd3\xac\x89o\x8f\x94\x0a\xc2\xce\x0d\xce\x95\xe3\
\xe6\xbbD\xb3%\x1a\x84\x02(\x01R\xe2\x16QN\xa6\
E\x9c\xc2\xa4\xa8]\x11\xbd\xf8\xcd\xaa\xaa\x5c\x102i\
\x9e\xed1Y\x9b\x93\x8eI\xda0mP\x025\x8d(\
D\x1a\x9a^\x0c\xb1*X\x09b\xeaj\xf2\xd3Q\x1c\
'dR\xda\x9eK\xe9\xbd\x03\x11\x930+(\x00\x0e\
\xa8\xe0\xc7\xc1M$\x94\x04M\xa1\x08,\xa5\x9b\x8c\x8b\
Q\xdf\xaf\xaf\xbb\x8d\xbe\xb9\xb4\x12\xce^\xacV\xfaf\
X\xa6\x95.\xf8\xe4Pp\xad<3\xbb\xf6t\x16\xe7\
[i\x82\x1b\xae?\xc4\x90_\xfe\x95\x7f\x15\x5c\xb8\xe1\
\x86\x1b\xf7_{m\xd6\xed\x01\x00\xa9M\xdby\x96M\
\xc6\x93V\xb7{\xec\xae\xbb\xd6\xd77\xf2<o\xb5\xda\
_y\xea\xa9\xfd\xfb\xf7w:\x1d\x11YXX\xc8\xb2\
,V@\x18\x0e\x87\xe3\xf1xii)I\x92\xe1p\
877\xb7\xb8\xb8X\x96\xe5s\xcf=\xd7\xef\xf7\x99\
yqq\xb1\xd7\xebM&\x93\xf1h8\x19\xac\xcd\xef\
m\x1f\xd8\xe3\xae\xbb\xb6S\xae\xbf\xdc\xc9s\xf8\x0a!\
\x04\x99\x88\x94\xf0\x08\x14\xc4\x881\x89\xcd\x12cS\xe6\
\x04&\x05\x18u&\x11\x01\x8c4\xaf%\x8c\x1aj\xcb\
/\xd4\xb5g\xeb\x0a\xae2F\xd5/\x8b\xa1\xf8\x22I\
m\xbb\x9d\x22\x14\xb1t\x88\xf7\xc1{Q\xad\x82\xac\x1b\
\x82\x05\x19\xd2&Q\x19\xa2\xca \x81!\x82@A\xa2\
M\x8cD\x1b\x1e\x02h\x1c\xa2\xb6F/a\x9bbc\
\xab\xcdX\x1f\xed\x90&M9\x0fCH\x0d3\x1bk\
\xd82'\x86-\x91\x89\xbe\xb2\xd1!=\x10\x01\x08j\
X\xacG\xa7\xa4\x85\xa4wt\xdfM\x0f\x22IC\xeb\
\x05j\xaf;Uk\x84\x19\x86\xc9\xb00\xa2i\x1a\x11\
\x88c\xde$!\x10%\xcc\xd6pb\x0d\x11%\xd6\x88\
\x17&\x22m\xea\xeeFe\x055\xf3|}\x92Ma\
5\x8d\xf1\xf8\xc88\xc5\x7f\x1a\x15s\x13WR\xad\x8d\
\xd1\x10\xad\x9c\xcc\xd4\xc6)RzT\xbf\x08\xb2-\x8a\
J\x98\x89\xa7|\x87\xf1FT\xb8\xc4U\xd0~ke\
K\xbf%\xd0q\x05\xe6\xd8\xb6\xf1@\xbc\x865\x1dD\
\xd1\xa2-V\x82\x16a\xe2|0\xf4\xcb\xab}\x93-\
\x09C4\x88\x96\x96m\x96g2\xf6\x87\x0f\x1f\x11\xd1\
\xff\xf2_\xfe\xe4\xe4\xa9\x93F\xed\x03\x0f<\xf8}\xdf\
\xf7}*j\xacy\xdb\x1do\xbb\xf3\xce;?\xfa\xd1\
\x8f\xbe\xfc\xf2\xcb\xe7\xce\x9d\xdb\xb3gO\x9a$\xa5+\
2\x9b\x07\xef\x7f\xf3\xdf\xfc\xe6\xc9\x17_\xfa\xc8\xf7|\
\xf8\xb7~\xed\xd7_~\xee\xf9\xdd\xed\x9eN\xaa\xb6I\
\xc6eUmN\xce/\xaf\x1f\xb8\xf6\x9a\x85\xde\x01k\
\x8d\x0f.\xcdR\xe6\x891\xdc\xedu\xd9v\x07\x93d\
i\xefac\xdb\x83b\x9c\xa4\xe4\x82XR@\xbc\xa7\
*\xc0\xf9\xd0\xce\xd3xy\xa3\x09\x18f\xd6\xfe\x1d!\
\xb0\xa9\xa4t6 5\x95\x9a~\xb3\xd7\xf9\xca\xf6\x16\
\xe6\xf8\x0e\xb7XT%\x8a\x84gJ\xe9\x04Y~j\
\xb0q\xdc\xf2jj\x8bP\x8d\x99\x01)\xc1\xb1~\xa9\
S\x15\x88Um\x11\x17A\x86U\x183\xa5\x09\xe6\xa1\
\x99*\x01\x13\xd0\x80\xd8!\xcc\xef\xcc\x95\xfdnmB\
\xa2\xc4L\x869#\xd3\x01w@\x19\xd8\x02$\xe2]\
\xa8\x82\x8c\x18+\x82\xd4\xdan\x96-q{\x1fL\x07\
\x9a@Y\x15 Q\xf6\x14\x15\x86$B\xbe\xb1%7\
\xac\x06b \x16b\xc1\xa2Z\xcd~.))\xe9v\
=\x87\xab5\xa3p\xe2'\x22\x93\xaa\xd8$\xaa\x18\x8e\
\xc9\x83DJv+\xbe\xdf\x9f\x0c\xfan\xb3\x1f\x96\xd7\
\xe5\xc2*\xce.\xe3B?\x1bHG\xb3=\xdd\xc5\x03\
\x07\xda\xd85\x97-\xed\xdaU\x05)\xaa\xaa\x9d\xcf\xf5\
\x07\x93\xdf\xf9\xf7\xff\xee\xc6\x9bo\xda\xbdo/1\x99\
\xde\xae$\x99\x0b\xc1M&\xa3}\xbd\xbdkk\xab\xeb\
\x9b\x83\x17_}\xfc\xc4+\xa7?\xfa\xb7?\x0ak\x9f\
z\xf6\xf8]\xc7\x8e\xcd\xcf\xcdUU5\x1a\x8dbq\
\x84\xcd\xcd\xcd\xa2(\x9cs\xbd^o~~~\xdf\xbe\
}_\xf8\xc2\x17\xde\xfd\xeew\x9f8q\xe2\x13\x9f\xf8\
D\x9a\xa6\x87\x0f\x1f\x0e!8\xe7D\xa4\xddn/\xcc\
\xf7&\x9b4\xd0\x0bw\x1e;TM^Q?\x822\
\x8aQPQ\x14\xc6\x88!\xa2vG\xb3\xe8\xb4\xca\x02\
\x13` \x16d\x89\x13b\xcbl\x89Y\x11\x04\xb5\xfd\
h]\x92^<\xc4C\x02B\x80\x88\xfa\xbe\xab\xd6\xbc\
+H\x85\x90\xbaR\xaa\xaaP\xf5A|P\x01\x84\x10\
\x12\x0eu\xf9]\x11\x12\x85D\x17W\x0aq\x0d\x14(\
;%\x81\xca4\xd8NJ \xdabU\x1al\xf8\xba\
2\xb7Y\x9e\x033\xeaQ4t\x02\xa7i\x87\x89\x88\
\x0c\x91a2\xa2\xdc\x88u\xb8\x0e\xedQd\xc8\x0cQ\
\x02m):\xdd\xf9\xc3\x98\xbf\x16\x22\x9c/%\xdd\xa5\
r\xb2\xdef6D\x09\x93!1\xc4\x86\x02#0@\
$\xb5D\x88\xc8\x18\xb6\xb1\xbe+\xe2C\x14\x90\x9a&\
Z\xd4\x88\x95\xc1\xd8b5\xb6\x91\x1c\xb59\xde\xd6\xee\
\xb3FEP\x88\x8aJTqD\xf7/\x22\x9e\xa5\xc1\
\x9b\xc8\x0d\xb1n\xdfz4[\xf7x\x90\xa6\xee\xcfw\
4\xbc\xa2\xaa*R\x97\x02\xf8\xf6\x83\xa0\xab\xf2c\xdb\
~\x89\x81>\x9d\xc6z\x22\x01h\x98\xac\xf3J&Y\
[\xeb\xaf\xad\xf7\xd5\xee\x0e\x128!\x0f'P\x11\x93\
\xb7\xf2/\x7f\xf9\xcb+\xeb\xcb?\xfa\xa3?v\xfa\xdc\
+\x8f=\xfa\xa5\x93'O\xdep\xf4\x86\xa8\xe18u\
\xea\xd4\xcd7\xdf,\x22\xb7\xdcz\xcbm\xb7\xddf\x8c\
)\xabJ\x08\xe2\xfd\xf9\xf3\xe7\x7f\xed\xd7~\xed{?\
\xf2\xbdO>\xfe\xe5\xe3\xcf\x1e\xcf\x00#\xd8=\xbfX\
M\xca\xca$\x15$\xcb\xb3s\xe7\xce\xf5\xdbU\x96g\
i*Y*EQ,\x1e\xb9\xa6\xd7\x9b{uys\
\xee\xfa\xc5\xb9\xf9\xfd\xa2\x0cH\x90\x0a\x1a\x98\x09!\x14\
\x0e\xcaI\x9e\xb5\xa0!\x0a\x07\xbd\xf71\xb0\x12\x1di\
\xa7C\xebJYLUU\xf1\xc9i)\xb8\xabmY\
\xbf\xbd\xe3\xe6-\xcc\xf1\xd7\xd0TU\x10\x94\xc4\x22\x85\
\x88\xfaJ\xc4)\xe7\xc6&\xa2`\xef\xc1\x97Q\x9e\x1c\
_\xf8b\xcb\x9d\xb76hARZk\x13\x15\x0f\x1a\
+\x11\xc1\xb3\x1a\x80\x15\x9eD\x09\x86\x91\xaa'\x850\
+E\x0f\x050kR\xdf1_\x1f\x9c\x12\xa1N_\
\x9c\x86\x18x\xa6Fy\xfc\xe1\x8dAK\xcc\x02\xdf\x0a\
\x9f\xcf\xca\xf5@Pe #\x0d\xa4\x01\xea\xebTX\
\xaa\x85\xa2\x01\x1c@\xa0\x16sN&'\xd3\x02\xa7`\
\x05\xc6\x10\x09>\xf8 \xcek \xa5l!k\xf5\xb2\
l\x1ev\x0eH\x80(\xf4\x94(\x91\x025\xc6\xd2Q\
\x8e\x11\xcfE\xa4\xa11b\x11yei\xf2')\xa6\
\xc5\x92\xaa\x82\x1c\xd5/\x10cH\xc8{?\xd6j\x00\
?f)\xdb\xac \x86\x930\x09\xe3Q9\xe8K\xbf\
o7\x06\xb8\xb8,\xaf](\xce\xad\xf8\xb5\x81\xadh\
a\xec\xdb\x9d\xc5=\x07\x0f\xdf\xd8\xea\xf4\x0e-\xb5\xe0\
\x0b\xaf2\x1c\x8f\x0e\x1d\xb9n0\x1a?\xf2\xc8\x9f\xde\
s\xf7\xbd\xf3\x8b\x8b6M\xf2v\xcb\x15\xa1\xf0#\xe7\
\xdd\xfe\xfd{\x9d\xab\xd6\xd6\xd6\x06\x83\xcdv\xbb\xfd\xec\
3\xc7_y\xf9\xd4\xe1\xc3\x87\xdf\xf1\x8ew\xf4\xba\xdd\
\xb2,\xcb\xb2\x9c\x9b\x9b;\x7f\xfe\xfc\xe3\x8f?>7\
7W\x96e\x96e\xde\xfbg\x9ey\xe6\xc4\x89\xe7\x98\
\xc3\xf5G\xae\xff\xc3?\xfc\x14k\xb6\x7f\xef\x81\xd1p\
\xa3\xddIl\xe2\x99[\xa3\xa1\x97\xd2\xd3\xc6\xa9\x9b\xf6\
\x86;\x8ett<\xb2\xaa\xe5p\x90 %\xdb\xb2I\
\x1b\x99\x05eB\xa9\xc4z#d@\x96`l\x92\x03\
F\xc1\xf1_\x125Z\xd4\xf0B}\x836\x1c\xc4\xc3\
;\xf1N%\x04\xbf\x12\xfc&Q\x00\xb1\x0f\xa5\xf3q\
\xe8\x88\xaa0\x00\x12\x03\xb5\xa1\xde\x98k\xe4\xacM\x14\
\xe9\x9a\x00#j\x94\x8c*@>\xe6\xf1\xa9\x82j\xd6\
!\x06#HD\x03I\xc5\x9e\x89\x889\x1e\x1e[\x05\
\xac(.\xe4\xc2u\x09\x98zi\xad\x0b\x0c%\x8c\x84\
\x91\x12,8a\x9b7\x03\x95B=h\xeb\xa0M\x9c\
B-\x84\xd4xjQR\x09*\x88\xcb\xb3}\xf0K\
`\x9fusw\xb1\xc8\xad\xb7\xa4\x86\xc92\x1b&S\
s\x17\xd1\x9e\xcbFy\x82a6H,'L\x96\x89\
\xa14M]\xa9\xc9\x0dm\xd4\xabSxP#\x85&\
\xdc\x02\xa8\xd6V\xa5\xa8E\xb4Mz0\xa9\xc4\xea\xab\
\x1cU\x06\xca5;$\x8dX\x03\xa8\x99=\xd0\x8c\xeb\
\xdd\xd6\xbd\xdfT\xda\x15QR5\xc4\xcc\xb1v\x900\
3M]\xf9\xa0\x8dg\xa9\xeex\xff7\xdf\xb6\xc3\xc1\
x\x83j\x88\xb8P4\x18\xd3\xcc^\xdb>\xe7\xcaO\
\xd2m\x7f\xbf\xcai\xcd\xcabu\xc7\xcf\x8dM\x5c\x1d\
e\xb8\xe2\xb8\xb50\xd9x\xab$\xc2^\x0c\xb1\x18\x96\
$!\xa8\x06\xb0\x94Lg\xd6\x8a\xd5\xb1h\x0f\x08d\
\xade5\x0c&\x90\x13\xf7\xe7\x8f~\xfeS\x9f\x1d\xbe\
\xe3\xbe{\xdeq\xdf;\x1e~\xf8}\x89M\x16\x97\x16\
776cj\xf7k\xe7^\xfb\x8d\xdf\xf8\x8d^\xaf\
\xf7\xfe\xf7\xbd\xef\xee{\xeeYh-%\xd6\xb8\xb2Z\
\xd9X_]_\xfd\xef\xfe\xe6\xf7\xfd\xd9\xa7?\xb3\x0b\
\xe8\xc1.\x12\xb8\x1c\x93JU\x8c\x02(m\xb5&\x1b\
E\xd5\xbf\x940\x15UX\x1d\xa6\x8b\xdd\xebW\xe4\xc0\
'\xfe\xf2\xd5\xce\xee;\x1e~\xc7aMze\xa5i\
\x9a9\xe78\xb1\x95s\xdey\x85\xb1\x96\x8d!\xf1\x12\
\xc2\xd6\x97\xddAu\xa0\x8e\x5c\xee\x0c\xafDaiT\
\x9e\xee\xa8\xc6BW$\xbfL\xfftE\x7f}\xeb\xed\
-\xcc\xf1\xdf\xda\xa6\xf1hAP\x09\xe4\x02\x823V\
4I\x94\xa0\x15@\x05\xca\x17\xe5\xdc\x1f\xdb\xc1\x89\xdc\
V\x10\x11\x976\xc9Z\x0eTF\xdd\x0f\xd4*T\xa9\
R%F+\xe1\xd4{/^\xc0\x05\x13[6\x8a\x16\
B=U4~\x04\xb5\x1cm\xdb\x09\xc9\x8c,y\x9a\
\xcd\xa1\x0d)]\xbf\xeb\x0d\xb7\x1d\xb5\xed\xcc\x0c\xec@\
\xfc\x9a\xf5\x07\x13\x892\x93\x1a\x84\x18\xba\xad\xfd\xa6\x94\
=\x9b`\x135i\xc2\x8b\x06\x1d\xe2X\xb3\xd4CF\
\xa0RB\xe9\x9cW\xc92\xd3\x91\xa4\xe7\xbb\xbb`S\
IRf\xab\x22@I\xe4I\x99\xa6!\x80Za\xd0\
d\xa4o}\xd9\xb8\xb8(T\xe0}-/U\x0aA\
\xc0Q\x84\xe7\xc0\x01\xf0\x08\xe5h4\x14\xadX\xc6V\
\xc6)*C\xd0~\xa9.\x99\x8c\xb8\x1ce\x1bk\xee\
\xdc\xaa;7I.\xad\x96\xe7W\xfc\xc6\xb8\xe3x\x97\
v\xe7\xf2\xce\xd2\xe1=\x07\xf6\xed]\x92P\xce\xcf\xb5\
AvPVkkkw\xdf}\xf7\xda\xda\xdas\xcf\
\xbfp\xe4\xc8\x91N\xa7\x13\xe3#\xea\xd5\xfb\xaat\xa3\
,\xcb\xda\xb9=u\xea\xd4\xfa\xeae\xef\xfds\xcf\x1e\
\xbf|\xf9r\xb7\xdb]\xe8\xf5\x1e\xfb\xe2\x17\x11B\x92\
$\x93\xc9daaAU#\xe1Q\x96\xe5\xe9\xd3\xa7\
\xd34]__\xbf|\xf9\xdc\x0f\xfc\xcd\xef;~\xfc\
\xf8\x99W\xcf\xed^\xda\x0f\xa1N;+\xca\xcd\xbc\x95\
\x14\xe5\xa8\xd7]\x1a\xaf\xad\xb6&\xaf~\xe0}w\xd0\
\xf8\xd5\xcd\xcb\xe7\xe7\xdb\x92d)\xa3D6\x8f\xb4[\
\x92q\xac\x16&\x91\x9c\x80:k\x83L\xa8\x1c\xb10\
\x19\x22\x16UUG2D\xa8\xd4U\xe2K\xf1\x15\xa4\
\x0a\xa1\x84\x04\x0dU\xc4\x1c\xe0!qID\x0aV\xdd\
2]\xa6h\x05\x1aa\x86\x18Pme\x1a5\x96J\
F\xc5\x041A\x8c\xaa\x09\xc1\xd4\xa7\x01&\xb6D\xc6\
&\xd1N\x91\x10\x8b\xde\xb0r\x9b\xbcs\xc1U!8\
\x82D\xfd\x85jS\xbeM!1U\x16\x0aR\xaa\xeb\
\xb5\x1bBFh1:\x862\x80<\xb6\xd9O\xd5a\
#ht\xa2#\xc0\xa8\x13i\x97\xd4f;\x09\x18\xc2\
wS\xb3\x00\xde\x03\x1e\xb5\xba\x99\xd3q\xd7\x14\x1a)\
\x8b\x9a\xc6\x00\xd7G1\x80\x89\x1c\x06\x131\xd9\xc4d\
\x86,\xb3Q\x15nLF\xa3\xc9\x08\x98h;\xa2\xd7\
Y\xbcPs4\x8d\xff\xb9\xd6x\x0d\x0c\x85z\x0d\x02\
\x89\x1a\x1b\xae\xab\xbb\x81\x9a\x94\xacf\x9d\x9e\x8e\xff\xab\
\xa7\xa60\xc5\xe0\x22\x00\x91\x10\xa2U\x18\xd7\x0e\x97@\
=_\x11\x1a;\xd4+\xda\xb7 \xa3\xd8q\x0e\xb5\xb0\
\x80\xd9\x88xk\xf9\xca5\xec\x8a\xcf\x9d\x9d\x91\xae\x04\
\x1cM4d\xca\x97\xc4\xebM\x14\xf3\xae\x9b\x18J\xcc\
\xc3\x9fb\x8c\xa8\xae\x99\xd6\xf1Q@\xad\xa4\x81\xbd\xb0\
\xf3LF\x93D\x13\xd2`\xd8\xb1\xd5!\xe1\xf9\xb3k\
\xc3\x90\xa6D\xacL\x15'l\x89\xc8\x87\xb0{\xf7\xe2\
\xa5\xd5\xcb!\x84/}\xf9\xc9W^=S\x8cG\x17\
.^\xf8\xfe\xef\xff\xfe\x9f\xfa\xf8Ou\xbb]\xe7\x9c\
1\xc6;\xff{\xbf\xf7{{\xf7\xec\xbd\xed\xb6\xdb-\
\xdb\x95\xd5\x8d,O\x17\xf6\xec^\xd8\xbdp\xfe\xb5\xd3\
\xe7N\x9e\xd8GIKuO\x9e%\xea\x9d\x06\x09\x8e\
\xb5\x15&\xe0\x96\x158kxs0y\xfa\xf8K\xc6\
\xe2\xfe\xfb\xf3\xdbo\xbf\xfd\xfb\xff\xc6\x07$_\xf0\x9c\
i\x08\xc1\x09\xc3x\xa7U%\xaa\x9c\xa6\x89a\xf2U\
\x11\x11\xc3,V\x88m\x07D\x98%3\xac\xb5!\x84\
X\xdb\x5cD\x1a+\xfd\xa6\x1b\x9a(\xcc\xebw\xf8\x95\
\x10\xe4\x9bz\xcb[\x98\xe3[o\xb3\x10\x92a\x15\xf0\
\xae\x22\x11c-\xac\x09\x84\xe0\x91\x12\x80\xcbXyi\
\xf5\xdc\xa9\x8e\xabT\x1d\x91\xa8\x84X\x22\x1c\x00\xa8\xf6\
\x94\xc3\xf6\xa2\x0bDL\xd6\x06\x1f\x82\x0b\xc2\x94\xa5\x19\
\xb1\x11\xef\xb7\xeeI\xc2\xb6\x80\xee\xccym\x13\xddM\
\xa1\x09\xea\xed%\xc0W\xab\xc9\xb2\xe3P\x06\xdbrd\
\x1aW\xde\xfa#\xa3\xe7\xc3\x90\x08`\x82\xd6\x8e\xcf\xa2\
\xc6\xa9U\xcd\x98\xdb6i\x8b\xd7\x10JfK`E\
PhP\x15e\xe5<I{6\x9dG\xda\xb5y+\
z\x1f\xa94\xb0h\x16\x15)E\xb9aCM7\xe2\
\xc1\xbapE\xe3\xf4@\x88\xa9\x97J\xa2\x14\x8b\xb2y\
\x95\x8a}\xa9\xa1\xf4\xbe\xc8\xab\xa1\xa5@\x0c\x88\x81K\
\xc4\xa1\x98$\xeb\x1b\xb2\xb6\x1e\xfa\x03\xb7\xbaZ]X\
\xf1\xe77tc\xe0\x83\xe9-\xed:\xbc\xb8\xf7\xfa\xbc\
\xbb\x94\xb5z\xc4\xdc\xedd\x96\x95\xa1\xeb\x9bC\x11\xb9\
\xf3\xce;\xf3<?w\xee\xdc\xde\xbd{\x8d1Y\x96\
\x01\x88b\xe1\x10\xc2d2)\xcbrmm\xed\xe2\xc5\
\x8b\x83\xc1\xe0\xa5\x97^z\xe2\x89'>\xf0\x81\x0fD\
\xf6ucc\xe3s\x9f\xfb\x5c\xaf\xd7\x13\x91\xa5\xa5\xa5\
,\xcb^{\xed5\x22\x1a\x0e\x87\xaa\x9a\xa6\xe9\xde\xbd\
{\xad\xb1\xd7^s\xc3\xbf\xfd\xf7\xff\xde\xe6\xecy,\
\xa6m\x92\xaeN\xbc:\xd3\xb6\xae\x9a\x9c\x1dn\x9c|\
\xff\xbbnh\xb5\x8a\xaa\x5ck\xb5\xc0\x14\x06\xfd\xcdv\
\xc6\x89\x0d0&1\xb9\x0a\xb1f\x1c\x87\x9eD\xfe\xc9\
Q\xa8Xc-\xde\x10|%\xa1\x82\x1b\xa9w\xde\x95\
\xc1W\x12\x1ci\xac\xe9*\xa4\x02\x84Z\x98+Id\
\xf2\xa7\xf3>5\x9d\x1f#U\x9e\xed\x94\xfc\x88A\x01\
\x8d\xfc\x14`\x04\xaa\x9a${4\xaa\x80c\xc7\xa9\x89\
2\x8bX#\xde\x18N\xc8\x86\xa1\xcd\xe0A\x9el`\
\xe3D\x0b\xe7\xc7\xaa\xa5H\x15\xd4\xa9\x06\x84\x1c\xe0&\
\xed\x95#\x0d\x01X\x86e(\xe0\xa6#{v8o\
\x7fF\x89\x18\xd4l\xf1A\xa4H\x13\x02\x02\x0c\xe5\xad\
\xce\xba\xc0fi\x80\x9f:n \x0a\xaa\xa6\x10\x1f@\
]\x81\x9e\xa7f]\xcd\x22?MC\x8d\x11\x98\xd7\xbb\
\xaf\x08\x08\xb5\xb5\x1fM\xdf\x06EYV\xaa\x12\xf5\xe6\
\x98\xde\xbc\xdf\xf0\xf62\xde\xf3\xf5\xa90\x19\x18\x10\xbc\
w\x22\x92$\x09',\x22\xa8\xb7![\x13\xc3\xb7\x89\
C\x8f\xeb\x96N\x0d\xc1\xae\x14\xe8\x5c\xf1\x8e\xed?\xef\
8\xaf\x1d\x14H\xdc\xf5P\xcd{\xe9\x14sH\xf3Q\
\xaa5\xd4P\xd1\xe9z\xa8\xb3\x0bc3\xc7F\x13\x0b\
[\x06\x09\x84\x13'_J\x92l\x1a\xe3\x8b-\x84\x90\
$I\xbf\xdf\x8f\xf0\xe2\xa5\x17_d\xc2\xa5\xcb\x97V\
WV777.\x5c\xb8p\xe0\xe0\x81=\xbbw?\
\xfb\xec\xf1\x0f~\xe0\x83\xefy\xe8=\xe3\xc9x0\x18\
t\xda\xed\x93/\xbf\xf8\xd5\xaf~\xf5\xc7\x7f\xe2'\x04\
8s\xf6\xacM\x93\xf9v\xc7\x89Xc\xbd\x84@J\
PkX\x99EEU\x06\xa3\x22(w\xda\xdd\xebo\
\xb8\xe5\xf6\xb7\xdd\xb5\xff\xc0\xb5Qi\x1e\x09\x09\xe7\x5c\
Y\x96\xd6\xda$I\xa2\xcd\xe8\x14^\xec\x10\x84N\xa5\
\x1b;s\x0bf\x8c:\x22X\x89\xe0#\xe6\xd0M\x09\
\x8fX\xe9\xfe\x1b\xef\xeb\xaf\xd7^\xe7 oa\x8eo\
\xbdm\xebW%\xa9\xac\x84\xd2X\x15k<R\x09H\
l0\xb2\x8c\xd5\xafn^|*q\x9b\x0c/\xe2c\
\xd9mf\x06I\x9d|A\xd40\xa6[\xe3\x86\xa2\xb3\
\xa1\xa9\xc7GUUq\xf0m\xbb\x03\xaf\xda\xadu!\
\xca\x86\xf4n^^O\x9e[\xac\xf3\x8e9z\xc7\xb1\
\xb8)\xfd\xd0\xbc>*$\xb6x\xb8`\xb8PP\x80\
\x15$A\x13\xd1\x94Lnm\xd7\xda\x1cd\xc5\x91\xab\
6\x88\xbc\xa5\x16s*J^\xa8\x0ad\x93v\x9a\xb7\
m:\x0f\xd3\x85\xc99\x9aAH\xac\x86\xc53\x94L\
Sj\x83\x82\x12\x00&\xdd\xf2\x10T\xad\x83&\xa0\xa0\
\x0ce\x16\xf5\xaa\x1ak\x86C}\xa8&\xa1\x1a\x91T\
\xac\x1e\xe2\x12\x168\x07\x17P\xe8`\x14\xfac\xda\x18\
\x99\xf5azq\xd5\x9d\xbb4\xb9\xb4:\x1e\x0cR\xc5\
\xee\xf9]{\xf7\x1f:\xb2\xb0\xf7\x00\xa5\xad\x00\xb2i\
\x22!\xb4\xf2T\xc5\x8f\x87\x83\x10\xc2;\xdf\xf9\xce\x8d\
\x8d\x8d\xa7\x9ez*I\x92\x85\x85\x85\xe8(\xea\xbd/\
\x8a\xa2\xaa\xaa\x10\xc2x<\x16\x91,\xcbVWW\x1f\
\x7f\xfcq\xe7\xdc\x87?\xfc\xe1\x83\x07\x0f\x0e\x06\x83=\
{\xf6D\xb9\xa8\xaa\xe6y\xde\xef\xf7\x8b\xa2(\x8a\xc2\
{\x1f\xad8\x00\x9c9s\xe6C\x1f\xfc\x9e?\xfa\xc3\
?\x19\x0c\x87{\x0e\xec\xf2(\x85;\xfd\xa1\xef\xe4K\
\x1c\xc6\x9dt2\x1e\xbet\xef\xdb\xda7\xdf\xd8\x0b\xa3\
3\xd6\x94&#\xaa\x5cf\x8d/+\xe7\x07-\xf4\xb8\
\xb7\x90)\x87\x10WD\x01\x09\xb4\x82V\x9c(\xa4\x08\
\xe5\xd8Uc\xe7\x0a\x11'\xbeP\x15\x88 zA\x93\
@}\x9c\xa9\xebt\x172@\x02\xd4\x09\x86\xd3\xd1\xa0\
\x0aj<\x0e\x1cYm\xe6g4\xb4=!aJ\xd9\
X\x22\xe3L\x16\xc8\xc6\x950\xb2\xdfUP2\xb1+\
I\x15F\xd4\x8a\x03#*\x17\x82c\xe2<\xb3\x99\xc0\
\xa9\x06\xd5\xa0\x10\xef\xea\x0a\x9a\xb1\xc8*E\x04\x5c\xc3\
\x1bUT\x80\x01e\xdb\x86\xf3v\xc8A\xcd\xd6\x18$\
\x04b%C\x08al\xb4\x04\xd0\xee,z1d\xc0\
\x1a\xcb\x7fG-D\xb4\x12\x9fn\xc15\x9e\x00\xd7\xd1\
\xf0X%\xbc\x0e\x9dPs\x07Q\x13F\xd96M\xec\
\xb8Cg\xa2\x9cqM\x94\x10T\xd5\x18cm\xac\xee\
#\xb3\xdf\x81\xae\xceH\x5c\xb9\xb3\xacc\xa9q\xeeP\
\xa5(\x18\x0a!\xec\xd8\xd1\xd6\x80\xe9*Q\x91\xbf\x9e\
F\xc4P\x11\x11b\xbe\x1a\xe4\xb8\x22\xa6\x03\xdaN\xdb\
\x5c\xed\xb4\xb6\xde2\xddf\xd46\x80S\xa6\x19*3\
\xd6r\xd3\x15v\xabCb\xe8N\xeb\xcf\x88\xc1%e\
fQ**\x7f\xfa\xec\xf9\xbcu\xa4jbe\xb1E\
\xdf\x0bk\xad\xaa^\xbcx\xd10\xf777lb\xcf\
\xbev\xb6\xd5j\xe7y\x8b@\x83\xc1\xf0\xc8\x91\xeb\xfa\
\xfd\xfe\xd93go\xbf\xfd\xf6\x17_|\xd1\xa6\xd9h\
2:\xf5\xca+\xbf\xf0\x8f\xff\xd1\xa5\x97_\xb9|\xf2\
\xe5\xff\xfc\xbb\xff\xaf\x83\x1aC\xde\x90\xf3\xf0\x10\xd2`\
\xd8(\x93\x0a)q\x15\xa4\x0at\xf0\x9a\xeb\xf7\xee?\
\xb2\xff\xe0u\xed\xce\xdc\x94\xbd(\xcb2\x84\x10\x87G\
,\x1a\xac\x8d\xf9\xd3\x958Cg\x14\xa3\xcd\x95\xdb\xa9\
!\x8d\xa38\xd6\xbb\x8f<\x8d6\x06b\xdf\x08\xcf\xf1\
\xdf\xd8\xde\xc2\x1c\xdfb\x9b\x92Z\xaa*\x22\x1a\x0c<\
\xd9\xd4P\x22\x12+\x9f3,\x06\xa8^X;\xf7h\
\xb5\xfa\xb5E3\xb4,\x04Q\xf5\xc4\x0doP\x1b\x22\
h\x9dkG\x8d\x0bt3b\x8c1 \xd2\x10\xca\xaa\
\x12\x11\xc3\x8d\x09\xc1\xb6}\xd0\xf6!\x22\xf5=\x09\xe2\
X\xc9\x16>l\xcd\x9b:}\xc3\xd6\xbbv\xee\x09\x01\
\x80\x94\xea\x90O}\x93o\xf1%\xb5\xe9\x11C\x03\xc8\
+\xfbX@\x86\xdb\x89\xed\xd9\xacK&\x83\x0f\xea\xca\
V\x96\xc1\xd6\xf1\x8e\xcak%H\xf29\x9be6\xef\
\xc0\xceAs\x80%T\xaa\xd3\x1a\x98\xd4L S\xa9\
\x17\xa4\xae\x93\x12\xe3,Fa\xa0h,:\x1c\xe0\x15\
*dm\xc2\x80\x04W\x15\x93\x09\x89\xa3P\x92+\x8d\
\xfa$\xd6\xe3\xdc\x1c`TU\x13\x19\x16\xe9\xda\xd0\xac\
\x8d\xec\xab\x97\xca\xe5\x01\x9f])\xcf^\x1el\x8c|\
\x96,\xee[<4\xbf\xfb\xe8\xe2\xbeC\x9c\x9a\xd5\xfe\
\xda\xb8\x18UUq\xee\xec\x99\x85\xb9\xb9\xb7\xdfq\xc7\
\xe2\xc2\xae;\xef>Z\x94\xd53\xcf<\x93$I\xbb\
\xdd\x1e\x8f\xc7\xd6\xda(\xff\x8c)\xac\x22\x121\xc4\x0b\
/\xbc\xf0\xc8#\x8f\xec\xdf\xbf\xff\xe1\x87\x1f\xce\xb2\xac\
\xaa\xaa]\xbbv\xad\xaf\xaf\x1f<x\x10\x80s.\xbe\
\xc59\x97\xe79\x80\xcd\xcdM\x00\xe3\xf1\xf8C\x1f\xfa\
\xd0p0X[[\xdb\xb5{\x97I\xac\x0bA\xd9\xb4\
\xdb\xbd\xb2\xbf\xb9\xd4\xd6\x0b\xa7\x9e\xbe\xfe\xb0\xdewl\
\xd1\x8f\xcf-\xf4\xcc\xfa\xf2(\x94\xe3\xb9,\x11\x09\x01\
\xa1\x18\x0f\xd8\x0e\xf2t\x8eL\xc6^\x14\x9eXA\x1e\
ZBK7\xde\xf4n\xe4\xdc0\xf8\x09!\x10+\xb1\
\xd4\x08\x03\xf5\x9e\x97 D1}0j\x1ak\xdc9\
\xb5W\xab\x8d5\xa2\x9d\x12H\x94\x02ES\xd7X\x8c\
\xd7\x10Y\xe6\x8c\x90\x08\x92X\xc6o$\xe2\xea\xd8!\
\x03D`\x9b\xa713WTU\x91\xa8\xccu\xc4\x07\
\xaf\xa2\xcclM[%8\xe7@\x96#\xb8 5i\
\xa8\x97\x8b(\xef\x89Fs\xe4AN\xd5\x0b\x09@f\
{\xaca'\xbd<\x85\xd9\x14e\xael@\xc5d\xad\
\x83\x02\x9a\xb4;K0\x19\xb8b\xad\x22\x9d\x82\x9do\
\xaeo\x16\x8e4\x07s|\x98\x09\x857\x8fWV'\
\xd8~*Zo\x0aj\xde0\xf2\x01!\x04c\x8d5\
[\x80c\xfa\xa6\xaf\xbf_\xdc\xbe\x8b\x05\x88k\xdfO\
\xa8\xd6\xe0\xcc\xd8\xb8b\xf9\xe0\xb7VQn\xc2N\xdf\
\xa6\xea\x1b\x0a6\x14\xa65\x99Ar\x05\x1f{\x95U\
M\xaf\x0c\x15m\xdf\x5c\xe9\xf4ImzD\xb7\xc7V\
T\x11\xa6,\x05\xb6\x01\x9b\xba{\x1a2\x0e\x88c1\
\x8ah\x14\x00o\xf4\x87\x83\x91t\xba\xe9\xb4/c\x8b\
Z\xab={\xf6\x5c\xbe|\xb9\xddn\x13\xd1\xca\xca\xf2\
\xfc\xfc\xfc\xb3\xc7\x9f}\xf9\xd4\xcbG\xaf?Z\xb9\xaa\
\xd3\xe9|\xfc\xe3\x1f\xff\x8b\xbf\xf8\x8b\x83\x07\x0f\x5c\xba\
|\xa9\xd7\x9b\xfb\xd4\x1f\xff\xd1\xadw\xdc\xfe\xde\xf7>\
\x94\xa6\xe9\x9e}\xfb\xfe\xe1?\xfd'\x97N\x9fy\xfc\
\xf3\x7fq\xf8\xd0\xb5\x97W.WL\x01B\x10\x18R\
&QR`c0\x22N\xefx\xfb=\xd7\xdfp\xeb\
5\x87n\xb0I\x16I\x8e\xd8\x83\xcc\x9c\xe7yd8\
\xa2Pt\xcaL\xec\x00\x1c\xaf\xdf9\x91\xc6\x88\xf0\xc2\
\x18c\x8c)\xcbr\xca\xa6\xc4\x14\xa9\xb70\xc7wi\
\x9b\xde\xb1\xaa\xea\xbd\x87\xa7\x94\x99\xac\x89\xb6\x8b\x86a\
\xc9!\x5c\x1a\x5c\xfa\xab\xc9\xc6S\xf3v%\xf3\x1e&\
\x96\xde\x11HP(i\xcc\xfbo8N\x02)\x83\xa4\
\xa1'\x14@S\xa5\x9a\xf3,\x97\x10\x5c\xe5\xd24i\
hQ\x9a\xb9\x15\xaf<?\xcc\x84o\x9a\x12$Z\x07\
\x90\xc9\xbe\xe1\x5c\x13\xef\xedX\xbdP\xb7$\xa4:\x9d\
U\x09\x9a\x04\xb5\x81Z\x9a\xccq:\xcfI\xcf\x98\x96\
\x172A\x19\xb0y\x02\x09\xea\xc6e\xc9NsN;\
Y\xab\xd7\xeav\x85X8%I\x80\x14\xc4D\xbe^\
\x92\xc0*\xdbg\x99\xbaI,\xdd\x16\xd7\xb9\x19\xb3A\
\x01<\xe0@\x81P\x95\x93J\x833\x08m\x13\x0d$\
\x0a\x90\x83xL\x5c(+\xb7\xe1'C\xed\x8f\xb06\
\x94\x0b\xabza]^:7.x\xae\xb3\xe7\x96w\
\xbd\xfd\xe6CGo\xbcf\xff\xcd\xfb\xe6n\xe8\xf6r\
\xdb2^\x8b\xc2\x8f|\xa8\x9c+O\x9fzy2,\
z\xed^\xb7\xd5\xc9\xf3\xf6\xa3_\xfc\xabv\xbb\x1dg\
\x81^\xaf\xb7\xb9\xb9\xb9\xb1\xb1\x11\xa3*\xe3\xf1\xd89\
7\x18\x0c\x9e\x7f\xfe\xf9,\xcb\xee\xb9\xe7\x9eC\x87\x0e\
\xc5\x0dD\x9e\xe7\xe3\xf1x~~\xde9\x17'\xb2\xe1\
p\x98\xe7y\xab\xd5Z]]\x15\x91\xc1`\xd0n\xb7\
o\xbe\xf9\xe6\xfd\xfb\xf7?\xf5\xe4W\x16\x16\xdbE\xa8\
\x18\xc9\xfc\xdc.WA\xa8\xec\xb5e\xb8\xfe\xd2\x91\xbd\
t\xdfm{\xb2j\xa5\x95\x22\xb8\xa2\x95\xe6D=q\
\x13\x15M-\x05\x09\xd5d]\xc9d\x9dE\xb6\x06\x1a\
\xe0\x9d\x84\xd2\x95#\xef\xc6\x12\xc6\xd0\x92\xb4\xb2\xea\x08\
\x01\x22\xc1\xd4\xb3\xf2V\xb0\xaa6\xe9\xa6h\xd2\x1aj\
\xe8\xd7@\x93f\xae\x16\x8d\x0a\x0f\x02\x0c\x89!2\xa0\
D9U\xca\x022\xa7\x99r\xa6\x9c\x13g\x0a3V\
?\xf6n4\x1e\x0f\x06\xc3\xd1pT\x96\x95\xf7\xc1\xfb\
\xa0\x824\xcd\xda\xedN'\xd7\xf9\xce\xa8\xdb\xe9\xf4\xda\
\x9d\xd4X\x0dB\x0ac\xac\xa9Scj\xed\xb0\x12T\
\x08d\x18\x86`\x826\x15\xfbxV4\xfd\xfa-\xda\
%\x05V\x86\x1aV-\xcb\xb5\x0eW\x22\xd4j/%\
\xd9\x9c`\xddr\x1d9\x01@\x90\xc6p\xa9\xfe\xfc\x86\
\x81l\x92ai\x8b\xfd\x99\xfe\xa3W\xc4V\xaer\x1e\
SC\x05\xd5\xb8\xd7\x04\x915\x86\x08\x22\x01D\xcc\xd4\
(\xb5\xb6\x027o\xd0\xe2\xf9\x10I\xd3\xa7 \x8a\x1b\
\xe2$I\xac\xda\xf8\xf3\xf4\x80\x22\xf2\xed\x5cY\x08\xb4\
\xb5+\xfb\x86^\x0f3C)\xe1\x0a6W\x9b\xb0\xeb\
\x94sj\xb8\xb5z\xd6P\xd5\xa0\xeaT\xb5\xc1\xc6\x1a\
qE\x8cA\xd7K2\xa6\x13\x8bFY\x925\xd6I\
\x08\xcc\xab\xeb}\xaf(\x9d\x88\x95\xe9Nrj\xb1\x15\
c^i\x9a\xae\xae\xae\xbe\xfd\xd8\xb1\xa5]K\xcb\x97\
\x97/_\xba\xbc\xba\xb2\xda\xef\xf7\xef\xbe\xfb\xee\xcf}\
\xees\x1f\xf9\x9e\x8f\xbc\xfd\xedo\x1f\x8d\xc7\xff\xf0g\
\xfe\x97\xcd~\x7f~q\xfe\xdak\x0f>\xfb\xdc\xd7\x96\
Z\x9d\xcdq\xf9\x93\x7f\xf7\xef~\xed\xd9\xe3!1%\
\xd3\xb0\xf2!SRQ&!\x12b\x11q\x81v\xed\
=p\xd3-w\x1c\xbe\xee\xa6\xa5\xdd\x07\x82h\x08>\
\xa6\x99D\x0e,\x06p\xa7\x1b\xdd\x08\x14v\x5c\xc7\xd7\
\x89\xaaL\x9f\x8fQ\x154\xb8**<\x22\x19\x16\xd9\
\x8eo\xa6\xa3\xbfNw\xben\xa7\xbf\x859\xbe\xa16\
\x0b\x9f\xeb\xdd\x023\x80\xc8M\x01H\x12&\x01\x88\x03\
T!\x06B\xb2^\x5c>\xde?\xff\x95\x96\xae\xe44\
\x02\x1bH\x9d\x14\x1e\xab\x84\xd4 \xbd\xc9\xf6\xc04=\
eJ~\xa2\xc6\xef\x00\x22\xafl\xad-\x8a\xd2\x98\x1a\
\x95\x22\x12&;,\x09\xa7\xdd\xbd5\xf0\xe2\xce\xa0\xa6\
\x12\x88h\xf6\xe6\xab\xdf\xb2c\x9fQ\xfbX\x08HT\
\x03M\xbf:\x1b\xa8\x05\x180U\x95\x22i'i\x97\
\xf2\x1e\xa5]\xe5DT\x0d\x0b\x87\x0an\x22\xae\x10\xbf\
\x11|\x11\xa4e\xd34m\xf7L\xde\x05\x1b%\xd6(\
\x16Q\x02\xa9aF\xad\xda\xd0:\xb0\xb2E\xe24\x9b\
lUh x\x13\xbfop\xa0\x00\xf2 \x07-\xe1\
\x9c\xf8\xcaJ\x90Pe\x89A\x92!\x04\x10\x87\xc1\xc4\
pR\x8e\xc2dT\xf5\xab\xc5\xd7V\x8a\xd1\x84\xcf_\
\xf6'N\xad/\xec\xbd\xf9\xc3\x1f\xfd\xe1C7\x1d\xbb\
\xb41\x1aV\x1e\xc6,\xaf\xaf\x0e\x07\xfe\xda\xc3\x07\xf6\
\xce-\xcdu\xf2\x8ds\x17{\xdd\xced\xbcy\xcb-\
\xb7\xb4\xd2\x8e\xa5tmy\xfd3\x9f\xfdc2\xf5\xdd\
\xde\xe9tVVV\x22\xbd\xe1\xbd\x070\x99L.^\
\xbc\xf8\xe8\xa3\x8f\x1e8p\xe0\x81\x07\x1e\x18\x8dFq\
#\x12y\x8eN\xa7SUU\xab\xd5:v\xec\xd8d\
2y\xf4\xd1G\x0f\x1f>|\xe8\xd0\xa1?\xfc\xc3?\
L\xd3\xb4\xddn\xcf\xcf\xcf\xdf{\xef\xbd\x8f?\xfex\
\xf0\xa3\xa2\x5c\xcd\xdb\xbb\x92\xa4\xb3?m\xdf\x00\x00 \
\x00IDAT\xc7>mqh\x9b\xe1\xc6\xc5g\xf6\
\xf7F\x0f\xdcs\xed\xaev\x95\xc2\xaax\xd2<\xcf\x96\
\xaa\xb2re\x99\x1a\x03r\xd6\x86\xb8\xf1\x0b\xae\x82R\
\x90\xaa*\x0b\xef*\x887\x04\xf5\x15!0\x94\xd4\x10\
X!\x1e\x15PW\xba\xaa\xb9\x8a)\x9e\x8bO\x1aU\
v*\x12\xb5\x1dD\xc4d\x9d\x13/,\xc4\xc6$I\
\xda\xceB\xe2\xc5(gb:\x95fE\xc8\x83\xe9j\
2\xb79\x0e'_>\xfb\xd5g\x9f\x7f\xf6\xc4\xf9\xf5\
~9\x19W\x93\x09\x9c\x87\xc6\x92/\x00\x14\xcc`\x06\
\x1b\xd8\x1c\xbd6\xae\xd9\xc7\xc7n\xbb\xf1\xbe\xbbn\xbd\
\xf1\xc8\xc1\xb6)&\xc5Jn\x8aV\x1a\xa0\x95\xf7\xea\
\xbc\xe4y\xdb\x08\x97\xe3\xaa\x93wC\xe9\x09\xac\xb0\xcd\
ru\xa5\x08`\xdb\xafq\x05\x07\x03\xe4\xa3\x87\xad\x05\
W\xc5\xda\xa3\x7f\xfa\xa9K#\xba\xe3\xe8\xc1\xa45G\
a8\x13 \x89w\x8b\xd6@\x22\x0e~\xa8\xd6n\x8f\
\x06Ml\x82j:p\xe6S\xb7O\xb8\xa2\xaaq\x84\
\xd7\xd1\x00%R\xb6\x16@\x9c\xeb\x89(I\x12j\xd6\
\xc6\xf8\xfe\xd9\xdd6\xae\xd6\xae\xb0\xaf\x88l\xe9\x94Q\
\x90\xe6\x1e\xaa\x8f\xc0\xcc\xb1\x08\x83\x81Q\xae\x97\x96 \
\x9e\x9b\x17\xa86\xae!\xaf\xdb\xae\xdc\x04\xef8Cm\
\xf6L\x95s\xedv;\x88\xbc\xb1\xc2\xb09R\xfd\xcd\
\xa03\x11\xaa-\x90\x11\x93\xd9TE$\xcc\xccn\x11\
\xbc)H\x88\xe2\x0b\x9aN\x89\xbc\xa9h\xa3+\xe1$\
\xb1`R\xf6Q\x18D\xcc\x08\xc1y1y~y\xf5\
\x02L\xea\xa5\x9e\x1c\xa7\x8bt\xbcn\xd1\x05xss\
s\xff\xfe\xfd\x07\x0e\x1e<r\xf8\xd0\xa5\x8b\x97~\xf9\
W~\xf9\xc1\x07\x1e\xdc\xb3g\xcf\xcf\xfe\xdc\xcf\x1e<\
x\xf0\xa7o\xffi\x22\x1e\x0dG?\xf9\x13?\xf1\xe4\
\x93_!`\xa3\xdf\xff\xec#\x8f|\xe0\xc1\xf7\x94k\
\x1b\xb7\x1e\xb9\xfe\xfe\xf7\xbe\xf7\xf1/=\xbe\xe9\xaa\x81\
/\xc9\xcc\x81\xd0j\xb7\x89h4\x1au;=\x80\xdf\
\xfb\xd0\xc3\x0f=\xf4\xf0\xd2\xd2.\x15r\xae\x22\xd4\x81\
\x8fh\xb80\x1b\x16\x89\xe7\xb6\xc3\xe9|\xb6;v\x84\
W\xbe^\x97MA\x06\x11\x85\x10\x22\xa1\x12\x15\x1e\xd3\
Qq%}\xf2\x86\xb8\xe4\xca\x0e\x9f}\xcb[\x98\xe3\
\x9bh;:8jpT\xd5Z\xcb5\xe5\xc0\x0af\
\xa8\xa5!\x8a\xd7\xdc\xc6\x09[\x9c\xcf12ZB\x12\
\xb0\x9d\x09U\xe8L\xb5\xb6\xc6p\xba\xe1-b\xa41\
\xfeo\x86T\x04\x13%\xd6J\x0dT\xd5\xc0\x82\xaf\xb6\
\xc3\xa3\x99\xc7\x1dO^\xed\x97\xab<\xa3\xa2\x90\xbaD\
\xb8\x0a\xa0\xc6\xa6\xaaT\xdb\x1e\xa8QM9Y4Y\
\x9b\xf26\xb2\x0c\xc6\x82\x14\xe2\x83\x1b\xbbr(\xd5P\
}I(\x899Or\xd3\xea m\x81\x12\x01\xabr\
]\xf22\x16\xe6j4\x2238\xa3Y?4\x000\
\xa0\xa8\xe0\x00\x1c\xc4\x03Q\x90Z\xa1*$\x8cB\xf8\
\xff\xd9{\xd3`9\xae\xebL\xf0\x9cs\xef\xcd\xa5\x96\
Wo\x03\x1ev\xe0\x11\x00\x01\x90\x04\x09\xee\x14)Q\
\x94DI\x96e\xb7lK\xb2L\xf7\xf4\xa8\xc3a\xb6\
\xbb5a\xd91\x1d3\x1d\x131v\x87:\xa2\xdd-\
\x87\xd4\xf6x\xec\x91\xddV\x87\xd4\xb6\xbb\xc5\x96EY\
\xb4\xa8\x85-\xb1\xb5P\x5c\x01\x10\x04w\x10\xfb\xf2\xb0\
\xbd\xb5^\xbd\xaa\xca\xe5\xdes\xe6\xc7\xcd\xccWx\x00\
%\xca!\xdb\x1da^2*^%\xb22\xb3*\xf3\
\xde\xfb\xdd\xef|\xe7;\xa9\xb8\x9c\x04\xf4P\x03PC\
\x96A\x92r7I\xfb6n\x8c.\x5cl\xa7\xa9j\
\xb7\xf1\xc5\x0b\xfd\x99nxq\xa6k\xa2\xd5\xf7\xfc\xdc\
\x87\x9b#\x9bNN\xcd\x1d\xfc\xd6\xe3*\x0c\xc7'V\
w\xfb\xddN\xa7\x9b$\xf9\xd4\xc3\xa7W\xaf\x1e\xfd\x17\
\x1f\xfb5\x91\xbc\xd7\xebl\xbfjk\x9a\xe6$\xc6e\
\xf2\xd4\xd3{\x050K\xd3,\xcb\xc20L\x92\xc4g\
\xa3t:\x1df\xce\xb2\xec\xe9\xa7\x9f>{\xf6\xec\xcd\
7\xdf\xbcc\xc7\x8e(\x8a\xfc\xc2(\xcb\xb2<\xcfk\
\xb5\x9a\x1f\xee\x93$\xd9\xb2e\xcb\xf1\xe3\xc7;\x9dN\
\xbf\xdf\xff\xcew\xbe\xd3j\xb5\x00\xc0Z\xfb\xbe\xf7\xbd\
\xef\x85\x17^H\xd3tqq&\xaa\x91Q\x04\xb9\x0b\
\x8c(\xe9M\x9f{v\xc3\xaa\xe4\xfa\xab\x1b#\xf5,\
\xe0\x14s\x06R(\x06\x04\xb4n1%,]\xc0\x14\
\xd0!\xe4\xc2.KR\x86\xdcr\x02\x0c\x22L\x80\xcc\
\xe8\xe3\x1fE\x9cD\x10\x90\xd1;<\x0c\x0a\x97\x07\xcb\
\x9a\x008\xb1\x02\xec+\xf2\xfa\xd4\x14\x11a\x08XG\
L\x91C\x93\xbb\xc0@MTh!\xecef)\x0f\
f{\xf0\xc2\xa1c\x8f\xed}\xf1\xd9\x97f\xa6\xdb\x00\
\x04J\x03@\x0dD\x97\xc3\x10z'D(\xa8\x04p\
\x226q\xaa\xef^;\x97~\x7f\xffk\x7f\xf6\xc5\xd7\
6\xaf\x81;o\xde\xf8\xce\xb7^\xb7y\xdd\xaanw\
Q\xa3\x22\x9d\xeb\x00\xdbI?@744\xb4\xb4\xb8\
\xa4I\x09\xfa\x15\xad\x12\xa8*\xaa\xfe\x90'\x1c\x05H\
\xc0\x01X\x14EB\x0adna\xea\xb1g\x9e\xadO\
\x5cs\xf7\xed\xb7\xebU\xeb\xe7\x8e\x1e\x1d\xad\x97Eu\
\x0b\x8dU\xc5\xf0\x0d\xd0\xf4\xa5\xd0\xa3\x90r\x5c\xd6\x91\
.kevk9\xa5\x93R\xec\x9c\xb7\xf0QJ\x11\
\xa9rHY\x9ef\xffF1\x8f\x02\x19\x0d\x5c\xea%\
S\x911\xc63\xf3\xde\x1c\x99\xe8\x92\x18\x12\x22\xbe1\
d\xf0\x06\xafED\x04\xbd\xe6\xe0\x8d\xfdJ\xcb\x7f\xa0\
G\x18R\x95\x03\x14\xe1J\xbd\x5c\x8eK\xa2\x88X\x98\
\xc5\xf9\xef\xe4w.V\xec\x1e\xb4 \x11i\xa3\x8d1\
\x81RZ\x91B \x04\xc6\xb2\xc4[9\x9a\x93cl\
/\xf6AE\xa4\x82\x15?\x827\xc5I\xd3tqq\
1\x08\x82\xed\xdb\xb7\xbf\xf8\xc2\x0bO=\xf9\xe4\xfd\xf7\
\xdf\xff\xf1\x8f\x7f<\x08\x82/~\xf1\x8bs\xb3s\x9f\
\xfe\xd4\xa7\x86\x9aC\xd6\xe6\xa3\xa3\xa3_\xfe\xcb/\xdd\
p\xfd\x0d\xa2\xb156\x92\xf4\xbb\xd3\xf3s\xd2\xeb\x9f\
\x9f\x9d}\xdb\xbd\xef\xfa\xc2C\x7f\x05\x86\xa8VKl\
V\x8b\xa2z\xad\xd6\xe9tFFFO\x9f>s\xfd\
\xf5\xd7\xdf\xf7\xcb\xf7\x0d\xb7\x86\xeb\xb5z\x9e\xdb4I\
\x89\xa4\xd4\xf0AES\xfd\x90\xda\xb0\xcb\xd8\xb1|;\
\xa8\xe4x=\x85G\xb5\x90\xae\xe8\xb7\xa2X\xc7\xdfF\
\xdc\x0d\x00\xde\xc4\x1c?V\x1b\xbc\x0d\xde\xa6\xc9S\x97\
J)\x10\x10\x12\x00B\xd6\x862\x90\x057\xf3\x92\x9d\
?\x14\xe5\xf3\xa1\xb2\xc53\xee\xbb\x10:\x10.\x04\xa4\
\xfe\xb0\x05\xbc\xa8\xce\xb2,\xf4\xb8\xfc\x1a\x94\xd6\xc5\xfa\
\xc8\xb9R\xf8C\xcb\x1f\x04x\x03\x1d\xfc\xb2\xa1\xf2\xf2\
\xe8jIe\x02\xa2 \x09\x00\xa2rB,\x1a0P\
*D\xaa\xebh=\x18\x03\x81\x06dp)\xb8\xbe\xb3\
=\x9b-\xba\xbc\x0b.Q\xc8\x04@\x18\xa9 \x840\
\x06\x1d\x82\xe8\xd2\x86\x12\x8a\xaa\xf1\x97\x07\xbfe\x80J\
\xf5We\xa5\x1c\x86\x1cp\x0eb!\xcb\xc1\xa5Y\xda\
\xb3y\xc26G\x91XG\x80}\xc83\xceR\x11B\
\x88]\xce\x17\xce\xe6\xd338=\xd3\xbf8\xd3\xddw\
>\xaf\xaf\xd9x\xc3[oKs=\xd5\xc1\xb5\xcd(\
\x1e[\xb7\xbe\xb9\xaa\xbd0\xd7\x9e\x9f\xef\xf5;\xc7N\
\x1c;1u\xaa\xdf\xef&\xd9\x96\xce\xe2\xc2\xc6\x0d\xeb\
\xc5\xc1R\xb7K\xa0\x82 z\xfc\xe9\x1f\x5c\x98>\x9f\
\xb9~\x9e\xa7\xd6\xda\x91\x91\x91\x13'N\xf4z=/\
$<q\xe2\xc4\xa9S\xa7\xf2<\xbf\xfb\xee\xbb\xc7\xc6\
\xc6z\xbd^\x14E\xcdf\xd3\xaf\x15|2\x0b3G\
Q\x84\x88\xc7\x8e\x1d;w\xee\xdc\xd0\xd0\xd0\xdc\xdc\x9c\
R\xaa\xddn\xd7\xeb\xf5\xfb\xee\xbb\xef\xd0\xa1CG\x8e\
\x1c\x89\xa2H\x1b2\x81\x0aP\x19D\xc8\xe6\xbb\xf3\xc7\
V\xd5\x97n\xda\xb5\xea\xaau\x1a\xbamb\x85\xa2\x05\
\x84\x1d)\x15\x92\x1eRz\x89m\xc2\xe0\x00sD?\
\xfe\xe6\x96S'\x89*\xf2;HP\x89\xcfV-\xa3\
'\xe0M\xd5\x96\x9f\x16\x0f\x81\xcb\x99\xcf\xa7Z\xfa\xb0\
\x8a\x80\x13\xf0@3\xb3*\xaa\x8f\x09\xd6\xfb\x19\xe6l\
H\xd5c3\x9aZ:95\xfb\xcc\x81\x97\x9e~\xee\
\xf0\xe1\xd3pn\x1e2\x05\xac\xc1\x86\x90\x0b\x8a\x0d\x11\
\xb4\x22\xa5\x14\x95\x8f\xf4%w\xdc\x02\xe5\x99Bm\x02\
\xc3\x8a2\x90\xf4\xb53\xdd\xa3\xc7O\x7f\xf3[\xa7\xaf\
\xdf5~\xcf[o\xbc\xe1\xbakG\xc7\xdb\xbd\xec|\
\x10\xc7\x84\xb8\xd8\xefF\x91\x11k\x8b\xe7\x18\xd52~\
\xb9\xc2s>\xf8d)\xcf\xdb\xa1hbB\x848\xe2\
_\xff\xf5\xfb\x1bkn\x86,\xe8\x1c\xae\xeb0\x06L\
\x96K\x8e\x02.\x87\x14K\x85wq\xaa\x95\x5c\xc6\x0f\
k\xcb.\x1d\x88\x00B\x82\x88h\x9d\xb3\xce\xe9B4\
\x8a\x7f\xabq\x8e\xaa)\xa5\x00\xc1\xb3\xe8\xd6Z\x22\xaf\
\xfa\xa8\xae\xad\x9c\xd3\x7f\xcc\xb6\x82q\x91\xe5\xa8\xc7@\
u\xe0\x1f\xfesI\xa5N/\xc2%\x00\x02\xc0\xde\x94\
E|<\x1a\xcb`\x94\xf80\x8at\xb3\xd4+\xe9\xfc\
&\x00a\x16v\xc2\x02\x84J)\x1d\x04\xc6\xe8 \x08\
Bc\x02\xe5\xa9)7\xc0\xe3\xf8\xcb\x13P\xca8\x86\
\xd9\xf9E\xc0\x00\xc8\xc0\xa5F\xcf\x88\xe8\x17\x96D\xb4\
\xb0\xb0p\xfa\xf4\xe9\xf7\xbf\xff\xfdO?\xfd\xf4M7\
\xdd\xd4\xef\xf7\xe6\x17\xe6?\xff\xf9\xcf\xdf{\xef\xbd\xdb\
\xb7_\x8d\x84SSg\xf7\xed\xdf\xc7\xcc\x8dZm|\
\xfd\x9a\xd4e\xb7\xbf\xe5\xces\xa7\xcf\xf4\xad\x9d\xeb.\
]{\xe3M\xce\xe8\xb9\xa5v\xd8\xa8\xa36\xce1\x14\
\x0b\xd7,0\xeaW~\xe5\x9f^{\xed5\xbdn/\
\xcb\xd2^\xaf\xab\x15\x89\x80.\xf9\xb0j\xea\xa9\xb0\xc2\
\xe0\x02x\xc5bxp\x9f\xcb\xe1\xc5\xe0\x0e+\x98{\
\x8fi*\xbdHU\x96\xf6\xb2\xdb\xf5\xe3?$\x03\x1f\
y\x13s\xbc\xd16\x08\x12\x01\xa0\x02\x1c\xc5c!\x19\
(\x8bP#1 )\xe4\xe7{3/B\xf7t\xc4\
\xb9\xf2\x85S\x09\x01\xadw\xcf(\x00G\xc1s\xa0O\
\x12\xc1\x82\xad\x95B\x0c\x7f)\x10\xa9\x9a\x08+EJ\
\x91s\xec\xac\xb5\xd6\x19\xa3/Q\xb8\xffD\xbe,\x18\
\xc4\x00\x80}\xf6)\x03\xa6\x16X\x02\xa4\xd8\x98\xa6\x0e\
\x1a`\xea\x104\x01\x05$\x83\xb4\x0bI\xdbeK\xd6\
v\x11\xac\x01[xy\x01\x09(a@\x07\xa0\x08P\
\xfb\x1c\xdd\x22\xb3\x16\x18\x80\x00*\x9b\xc2bx\x02\xe1\
\x92\x06G@\x04\x8b\xc0\x02h\x81\xfb\xe0z\xe0\xfaY\
\x7f\xc9\x17G\x05\x16-\xa80$\x1b\xc2\xa2\xcb\xad\x00\
F\xb9Ss\x8bVh\xf8\xe0\xcbgR\xd7\x98]P\
\x07\x9e;\xf7\xfe\x8f\xfes\x88\xc7\xf6\x1f88\xb9u\
\xe7\xaa5\x13\xe7.\xce[\xc7\x9d\xc5v-\x8eN\x1c\
;q\xf4\xc8k\x8bK\x8b\x9b\xb6m\x9e\x9c\xbc\xaa=\
\xbf\xd8\x99\xef\xf3j\x9d\xa7\x99\xcb!\xac\x85\xa7\xce\x9c\
:\xf0\xfc\xde,\xcb\xb2,\xef\xf5z\x13\x13\x13J\xa9\
\xf9\xf9y\xcfr=\xfa\xe8\xa3G\x8e\x1c\xb9\xe3\x8e;\
v\xef\xde\x9d$I\x18\x86U\xf4\xd7\x18\xe3\x9c\x8b\xa2\
hzz\x9a\x88:\x9d\xce\xd0\xd0\xd0\xd7\xbe\xf65\x22\
j4\x1a\xde\xe3\xbc\xdb\xed~\xf4\xa3\x1f\xdd\xbf\x7f\xff\
s\xcf=\xa7\x94\xda\xbau+`,\xc2Z\x8b\xedM\
-\x9c;\xbci\x15\xbd\xfd\xf6\xed\xab[V\xa7\x0b\x9c\
;\x11F\xc5\x0c)\x83S\xa8\xbd\xe5\x17\x03\x01KI\
'k\x12\xe3k\x85\xb0c\xc7BEQuF\xf4w\
\xd2C\x0a)\xa7\xe8r\x1d\x8f\x83\x92;\x04\x00!\xc5\
@\xae\xf0\x8c\x08I\xd5\xc2`\xa8\x97G}\x17\xe9\xda\
\xea(j-e\xfa\xd9\xa3s_\xfa\xf2C{\xf7\xcd\
\xa7\x16\xba\x16\x84@4\xf4rp\x0e\x00\x81\x02\x03\x94\
\x89$V\xc09@\xf4\x03\xd9%\xc1?$\x15\xd5\xeb\
.\xeb\xe5\xa9\xcbs\xb1B9\xd4\x9aQ\xd8\xb6\xfc\x8d\
'g\x1e}\xea[7\xec>\xf5\x91\x0fn\xbf\xf1\xba\
\xf5\x82.\xe9\xb7\x87k\xb5ng6\xd6U\xde\x85\x0c\
\x06#\x00.\xf9V+\xfb\x8e\xd7\xc9\x0a\xa1(\x02\xcc\
\x92\xb6\xa2<\xb7\x89\x91\xda\xc6\xcdW-\x9e~\x02\xcb\
o_i\x0b\xfd/Q\x00pO\x81\x14\xc3\xbd\xef\xb0\
o\xac7!\x96\xe2+\x04\x10k\xad\xb0(\xa5\xb41\
\x84\xe8\x1c\xff\xf8\xb4\x86,w\x99\xd7?\xed\x0a\xd4\xc5\
\xcc\x08\xa8\x95fbg]\x9e\xdb 0\xdel\xa5\xbc\
\xc07\xf8\x85.\xbb\x96\xc1wU\xfaj\xf1\xd6+,\
~\xe4!\xc4g\x5c\x03\xb0\xaf\x8b\x8b\xc8 N\xc4\xb1\
\xb0\x88c\xceY\xd89\xeb\x1c;g\xfdvf'\x5c\
\xd8\xdf\x0a\x10\xb0&\xa5\x22\x1dDQ\x1c\x06\xb16\x81\
7\xc2'$\xef\xd9\xaf\x0a\xf9,#\xf8\x9a\xb2\xc2\xd6\
\x91\x89\x00h~\xa1\x03*pN\xe8R\xbf\xc4(\x8a\
\xba\xdd\xae1\xe6\xa6\x9bnZ\x5c\x5c\xdc\xbbw\xef\xd4\
\x99\xd3\xbf\xf8\x8b\x1f\xbe\xe3\x8e;Z\xad\xd6\x17\xbf\xf8\
\xc5\x83\x07\x9f\xfb\x9d\xdf\xf9\xb7\xcd\xa1\xa14M\xba\xdd\
\xee\x9dw\xde\xf9\xce\xbb\xefA\x11]\x8b^;~4\
\xaeE\xbd~\xef\xd0k\xaf\xf5\xd7\xad\xdf\xb4y\xd3\xfd\
\xbf\xfe\xbf\xfd\xdf\x9f\xf8\x84\x22\x1a\x0a\xe2z\x14\x8b\xe5\
Z\x18)\xc0\x8f\xfd\xf3_\xbb\xfb\xae\xb7t\x16\xe6\xb4\
\xd6\xdd\xce\x9c\x08\x90\x8e\xb46PN4>q\x06\xca\
 \x05\x0e\xb4\xe2f\x0f\x04\xe3V\x10\x1b\xd5\xc6\xeaK\
\xad\xd8B\x03\xa9:PR\x1d\x00\xe0\x07\xb1\xbf\xc1\x13\
\xf1\xc3\xdb\x9b\x98\xe3\xc7k>\x8a\xe6\x91\xe0`i`\
 '\x90\x02\xd4\xc8\x07J\xe6O\xa6\x8b'\x22;\x1f\
\x02\x80UL\xe8\x14\x90X\x04)\xbd1\xc4W\xd5\xc2\
Jj!\xcb%\xbb\xcb\xb8\xca\x15`G\xb1\x0d\xbd\xba\
T\x81s\xcc\xcbCF\x19\x12\xfe1\xbf\x94?\xee@\
CP\xe04P\xe9\xfc\x88\x88\xa8H\xc5\xca4\xb5\x19\
\x82\xa0\x09&\x04\xb0\x9c\xf79]\x94t\x91\xf2%r\
I\x089\x90\x00\x02\x0b1\x0b\x13z\xc0\xa1\xacT~\
\x1f\x08\x82\xe0J;\x12\xaf\x0e\x19\x5c6z]\xb9W\
\xbf\x0a\x00B.`-\xb8.\xdb\x05\xe7:\xcc=\x97\
'\x0aP\x03\x11\x04\x8a\x0c\x88\x06\x1b\x00\xa1\xb0\xeb\xa7\
nf!\x99Yt\x87O\x1e^\xe8\xc7\x07^:\xe2\
p\xf8g~\xe17\xe6\x16t6\xd7\xd9u\xf5\xcd\x14\
\x04\xedv\xaf\xdb\xed\xe7y~\xea\xd4\xe9C\xaf\xbc\xe2\
\xd2\xf4\xd6\x9bo\x8a\x1b5\x0c5\x89^\xbbj\xd3\xc4\
\xf8&\xb0\x81M\xed\xf9\xf33\xad\xe1\xfa\x13O<\xb6\
\xd8\x99\x19_5\xda\xef\xd1\xd2\xd2\xd2\xbau\xeb^y\
\xe5\x95,\xcb\xa6\xa6\xa6\x96\x96\x96\xf2<\x7f\xef{\xdf\
;>>\x8e\x88333>\x93\xbe\xddn\xdfz\xeb\
\xad\xf7\xdcs\xcfSO=u\xe1\xc2\x05o\xc8\xe1\xa3\
0\x1b6l\xa8\xd5jJ\xa9\xe7\x9f\x7f~\xdd\xbau\
\xef{\xdf\xfb\xbe\xfe\xf5\xaf\x9f;w\xce\x18\xb3n\xdd\
:\x11A\x88\x84\xa1\x9b\x5c\xe4\xde\xc9\xb5\xab\x92\xb7\xdd\
\xbam\xfd\xa8v\xddE\xb6\xd6(-\x90;\x97X\x9d\
\x22!0\xdb<\xcd\x9d\x87n\xde\xb6K!\x18\x82\x10\
\xd0\x9bNZfg\x85\x05\xac\xd6>\xa2\xb1\x1c<)\
`a17\x94\xfa\xff\x81\x09\xc4r\xc0\xa0\x01@Q\
\x00\x14\x036\xfaY\x84\xd1\xb8\x86\xd6\xcc\x22\xec\xff\xc1\
\xc1\xef\xef?\xf4\xc8\xb3\xd3i\x06\xd6\x82\x00\xa8@\x09\
\xa8\xcc\xb2\x10x\xcb+\x12\xd1J\xa1(\x19\x98 \x91\
\x07\xcf\x22\xc49/-($\xa3\x0cR\x80\xac@\xa0\
'y\xc2,q\x94K\xf6\xd4\x91\xd7\x8e\xfe\xde\xa1\xf7\
\xbcu\xcd\xfb\xee\xbdsr\xddh\x92u\xc3\xa8\x01\xdc\
\x83\xa2\xe2k\x19\xb6\xb8\xb4]\xbe:+\x00\x0a2@\
\x91\x94\xc5.\xc9\xf3^\xac\x03acjCi\x967\
#?v\x17\xbfRi\xa0Q\x05\xfe\x96\x8f\xf9c\xf0\
\x1c\xc5<\x07^1*\x22\xd6qil\x8e\xfc:%\
\xe9\xdf@\xfb\xb1?\xe8iy\x22BAP\x80X\xa4\
\x96\x00\x11q\x19X\xfb\x1b\x5c\x87\x5c\x06:\x06t\x00\
~\xf9\xf4#\x0f-b\x05\x84\xc5\xf9\xa8\xae\xb0\xf3\x14\
\x00\xb3u\xec\x98=\xe6pe\xea\xaf\x13a\x22(%\
\x0e\xa0\x94R\xca\x04\xa6\xa9\xb5\x0eL\x18\x04\xa1R\xa1\
\xb00\xa3\x14\x19\xb5j\xd0VE\xca+\xf4\xb7\xd1:\
Y\xect\x91\xc6\x9c\xac\xb4Z\xf3e\xb3&''o\
\xb9\xe5\x96\xb5k\xd7v:\x9d\xb3gN_\xb3\xeb\x9a\
z\xa3\xde\xe9t\x1e}\xf4\xd1\x0f~\xf0C7\xdf|\
\x8b\xb36K\xb3n\xb7;99\xd9]\xec\x88\xe3\xde\
bgdd8\xcd\xb3kw_\xb7i\xed\xfaP\xe9\
\xf9N\xe7\xbd?\xfd\xd3\x7f\xf4\xb9\xff\xd4^Z\xb2\xb9\
\x8d\xc3(\xed\xf7\x99\xf9\xa6\xdb\xf7|\xe0g\x7ffn\
n.\x08\x03v\x02\xe2\xe20t\xce\xb2R~\xee\xf7\
\x5cK\x05\x08\xf0\xd2\x06\x03\xbc\xc5\xe0M\x19\xdcx\xb9\
\xb6cp\xcb`\xbc\x06\x11\xabh\x8e\x9f\xe6\xd4e\x15\
s\xde\xe49\xfe.\xda \xc9\xe11G\x10\x04>\xb3\
\xc8g\x1f!\x90\x83\x22q\x10\xa0\x9f.\x9eq\xbd\x0b\
!$\xe0\x84\x1d[\xad\x98P\xc9\xca|\xbeKe\x9e\
\x88>S\xc0\x0b\xceJ6w\xc5pJ\xc5\xa7\x18\x00\
\xb4V\xa2T\x9e\xe7\xc50\x89\xd5A\x7f\x04\x95\xe9O\
?\xf0Zm,\xe7\x06\x16\x00d \x16\x14\x22\x87\xca\
DCB5\xd2uT\x0d\x80\x10\x1cf\xd0\xcb\xd3\xae\
\xedu\x94\xed\x86\x92+,g\x16!\x22E\xa42\xb1\
\x0c\xa0\x10\x81\x08\x80\x85}\xb7\x11*\x80\x97\x1f\xcem\
Yu\x0c\x00\x04\x08\x10\x04\xc4\x81s\xec\x9c\x08\xc8R\
_\xb2\x84\xa5\xcb\xd0AL\x08\xad&1\xa0\x11\x0c\xb0\
\x06\x07\xe0$u\x8eA\xcf-\xa4\x17\xe7z\xe7\xe7\xb2\
\x8b\x8bp\xf0\xd0\xc2S\x07\x0e\xfe\xec\x87\xef\x7f\xfb\xbd\
\xbfp\xe8\xc8\xd4\xc4\xf8\xaa0\x8c\xe6\x17\xdbs\xd3s\
\xfd49{\xe1\xfc\x93O<AD['\xaf\xbaz\
\xeb\xb6-\x9b6\x1d=~\x5c\xabhxh\xd4f\xb6\
\x1e\x0d\xcd\xcft\xbe\xf3\x9dG\xadM\xde\xf6\xf6\xb7\x9c\
<y|\xfd\x865[\xb7ny\xf1\xf9\xa3\xa3\xa3\xa3\
\xadV\xeb\xc4\x89\x13\xfd~\xff\xdc\xb9s\x93\x93\x93\xcd\
f3\xcb\xb2\x83\x07\x0f\xae[\xb7\xee\xa9\xa7\x9f\x22E\
\xfd^\x8f\x88\x9e;x`\xe7\xce\x1d;w\xee\xfc\xdc\
\xe7>\xb7z\xf5D-\xaeM\xacY\xb3z\xf5\xc4\xfc\
\xdc\xcc{\xde}\xef\xc4\xda5\xa3c#\xa3\xa3c\x9f\
\xfe\x0f\x9f\x1e\x1b\x1d\x1b\x1b\x1b\x1bn\x0dGAd\x94\
\x06\xa6\xb4\xbf\x94tN\xef\xdc\x12\xbc\xe7\xad\xb7\xd5\xdc\
L\x7fa\xaa\x1eD@\xa1\xcb\x96\x94\x11R\x0c\x92\x01\
\x90c\xce\xf2\xbeu\x99&\x04P\x00\xcc\xae\xc82\x11\
$ \xa3\xb5V\xec\xac\xcb3\x9b\x15\x8bM\xef\xa2\xe6\
\x05\xcb\x85a\xc6\xb2i\x0b\x82\xc8\xc0\xb4\xear\x16$\
cb\xa5\xea\x22\xb5\xd4\xd52=\xc40\xf6\xf8\xbe\xc3\
_\xfa\xeb\xef\xberT:\x0c\xb3h\xc0! )\x13\
Y\x06q\xac\x03TJ\x10\x1c\x02+\x12`Mh\x94\
R\x88\xe0\xd89k/\x15\x00\x02\x82\x03\xceX\x181\
G\x12\x01%$\x19:\x86\x9c\x0c\xa0\x06\x16h\xa7\xf0\
\xc8w\xcf\xbf\xfc\xf2\x97\xff\xd1{oz\xdf;\xae'\
\xcc\x01\x13\x05\x16}b\x8d\x0c\xc0\xa9\x15\xdd\x16\x06O\
E\x85\xdf\xa7\x17\x11\xa13\xda-L\x9f\x1bZ\xcf\x08\
\x1a\x86Zq\xab\x05\xd9,\x80w\x95C\x10\x07T\x08\
\x98i\x00\xfc\x17\x5c\x07`!\x0b\x1d\xecW%\x95q\
\xe9E z%)3\xb3_!\x94<\xb6\xb5\x80\xa8\
\x94\xf2\x83\xfb\xa5\x9f\xf8\x89D[.]H \x02\x88\
\x1f\xaf\xb4\xd6\x00*I\x13\xdf\xf7\x98\x08\xe5G\xa4\x1b\
\xbc\xe1\x86ex\xae\xfa\xffu/i\x80\x0da\x11\x16\
\xef\x1a\x08lm\xe6\x5c\xe68w\xce:\xb6\xecX.\
5P\xf7\xd3\xb0\xd7W\xc6q\x14\xc7\xb1\xd11aD\
\xa4\x10\x89\x19l\xee\x08\x89\xd0\x1b\xc9\x08\x22\x12j\xe1\
\x0a=\xfa\xc1G\xc8`\xc6\x92\xe4\xd2\xed\xb3\xd2>\x0a\
~Ic\xe68\x8e\x7f\xea\xa7~j||<\xcb\xb2\
=7\xdcpv\xea\xcc\xb6\xed\xdb\x02c^9\xf1\xf2\
\xab\xaf\xbe\xfa\xa5/}\xc9#\xb9\xf9\xf9\xf9\xe9\xe9i\
O\x12\x88sA=^Z\xec\x02\x801\xc1\x8d\xb7\xdc\
\xac\x18.\x9c?_\x1bj\xde\xff\xcf~\xed\x93\x9f\xfa\
T\x18E\x9e'\x8b\xa3\xf8\xd6[n\xbdxq:\x08\
\x8c\xcd\xb3,\xcf\xb5R\x19\x02\xe9 I\x12\x00\xf0\xa4\
\xa9\xff\xb20\x10\x07\x91\xd2\xa2\x03\xaf\xa4\xd5\xa8~\xa5\
j\xb2\x7f=Ii\x05J\xaaW\x22\xaa\x9c]\xb2,\
\xf33\xdd\x8fq\xff\x7fT{\x13s\x5c\xa1\x0d\xde\x80\
\x15l\x95O^\xaa\xd5j\xd5\xceE\x02\x0b\x84\x0c!\
H\x06\xea<\xf4^J\x17_\x0b!#\x16`K\x84\
\x1a\xc4\xe6\x88\xc5\x88\x8f\x00\xe4\xabW\x97o\xfd\x88\xc9\
\x9e\xbf\x95\xe5\xb5\xd1\x95\x86\x00\x0f[J\x5c\x81\x00\xc6\
\x18ksk-\x912\x81\x01\x02\xe0\xd2\x07\xda\xcf\xf7\
\xbc2\xd4\xcdDX\x14\xc1\xa2r\xa5(\x02V '\
t\x80Nl\x8a\x14\x93\x8aR\xab-\xc6ac\x95\xaa\
\x8f\xb0\x18v\xe4,8\x97\x08\xe7dr\xa3B\xd3\x18\
\x03\x1eB\xb1\xd6e\x9c',9\x0a\x13\x8ac\x07Z\
\xa1R\xa2\x9c\xf0\x22\x8a\x90\xaa\x81C@\x0dH\x80\xbe\
\xe4\x84\x03\x98\x07\x08\x01\x0c\x88\xf6~\x1f }N:\
\x92\xe5\x90;\xc8\x85\xb8K*a\x9d3:'\xda\xb9\
8\xc2\xb1\xb4\xed\x22\x0a\x01,dm\xd0ib\xed\xc5\
9>t\xa23\xdfo\x1d=K{_8\xfb\xf2\x91\
\x8b\xff\xf2\xff\xfawo}\xfb;\x8e\x1e;\xba\xeb\x9a\
m3\xb3sg\xe7\xa6\xe6\xe7\x17\xce\x9e\x9dz\xf5\xd0\
\xa1\xf3\x17\xceo\xdf\xb6}\xd7\xae]sss\x93\xdb\
6w\x16\x17I\x8b\xb8tvf\xea\xe6\x9boY\xe8\
\x9c\xff\xfc\xe7>o\x9d\xfdW\xff\xea\xff<}\xfa\xd4\
/\xff\xf2\xffJ\x84\xcc\x9c\xa7\xe1\xc2B{jjj\
jj\xaa\xd7\xeb\xb5\xdb\xedw\xbc\xe3\x1d\x7f\xf2'\x7f\
r\xf1\xe2\xc5\xd5\xabWOOO\xf7\x93\x1e\x05\xa0#\
\x8d\x00K\x9d\xa5O\xfe\xee\xef\xfc\xf2}\xffx\xc3\x86\
\x0d\xdf\xff\xde\xe3\xd7]w\xc3\xaf\xde\xff\xb1\xb9\xb9\xb9\
\x85\xf9\xf3\xdf\xf8\xfa\x97\xaf\xbd\xfe\xfa\xc6P\xf4\x87\x9f\
\xf9\xfd\xb1U\xe3\x9b\xd6o\xac\xc7\x8df\xd4\xd4\xa0\xed\
R\x06\xe9+\x0dw\xe8\xb6k6\xde~\xe36\xca\xe7\
$\xeb\xd6C\x01\xe9\x00\xb2\x0a\x00\x84\x90\xe3\x90\x09\xc0\
J\xde\x05\xb7\x08\xd8u\x92\x108\x02T\xc0\x00\x09`\
\xc6>\xa3U\x04\x054\xa26A?I\x15icB\
R$,N8\x05\x8b\x88\xca\x9bp0\x96\xf8\x03\x95\
&\x16\xb6\xce\x19\xc6f\xbd\xd1\xe7\xa8\x9b\xb7R5\xd1\
S\xab\x8e_\xc8\xfe\xeb\x97\xbf\xfd\x9d\xc7\x8fu\x13\x8f\
-!0\x84\x9a\x08I)V\x81\xf2\xd5\x07\x09Q\x84\
\x00\xc4\x9bXx\xd2A\x00H\x912!\x0b\xfb\xa2\xb4\
J)a\xb6\x16\x81\x14x\x1a@D\xfc\xb4 \x0a\x91\
$\x17\xc9\x05\x10\xda\xac\xbaN:\x17x\xfa/\x9f=\
yv\xe1\x9f|\xe8-\xab[\xe0\xb2\x19\x83\xa0\xd0\x80\
\x8d\x01\x81\xa1\x0dEG\xf2\x9d\xa7\x88\x90\xf8\xb8\x01\x0a\
\x10\x1af\x14bK\xa1\x0d\x9cPb \xb3\xe7O\xc0\
\xdc\x1c\xd4'\xfaq\xd4\x1dn\x9a\x0byC\xd7\xc9\x11\
Z@E\x0e\xf2\x1csVN\xb1\xd2b\x14\x93(\xc8\
\x1d\xd7\x00\x11HlauPpvPZ\x9c\x96.\
i\xbe\x7f\x0a\x8b\xcf\xb8\xb5\xcc \xe0#\xa1^\xee\xe0\
\xc3L\xc2n\xa5!\xc8r\xfaIy\x98\xcbf\x8bj\
\xaa\xa8*\xb0^\xb6\xcf\xe5\xa8\xc5\xc79\xb0Z\xa0\xc4\
q\x9c\xe7yn\xad\x1fF\xc8W{\x96\x22\x9b\xce\x13\
!e\x14\xae@\x0f\xcc\xbcr\x5cB\xc6el\x81\x00\
\xc4\x8e\x08C\x85\xce9et b\x0bD\xe8=\xbb\
\x0a\xad\x86\x94\x91\x14Ap\x0aRg\xf3\xdcf\xd6Z\
\xe7r\x11\xe73\xfb|\xd2\x1c\x898\x08E\x94x\xc0\
\x86\x9aH\xb7\x86\x1b\x81\x89\xc20\xd6Z\x8b@\x01\x98\
]14jB\x11\xef\xe8\xe2\xef\x8d\x13\xb1$uq\
\x82\x92\x03\x87\x08(\xda\xa6\xaa\xbfd\xc7z\xdcX\xea\
5\x19r\x91\xbeH\x080p\x07\x01\x92$\x99\x9d\x9d\
\xdd\xbe}\xfb\xd4\xd4\xd4m\xb7\xdf~\xe4\xc8\xe1\xcf\xfe\
\xe9g\x09i\xef\xdeg\xee}\xf7\xbdk\xd7\xads\xce\
fYz\xe2\xc4\x89,\xcf\xe28:|x:\x0a\xc3\
\xe10\xd0@\xa4\xd4\xd2bgi\xa8k\xb4\x0e\xeb\xf5\
^\xaf\x9f\xf7\xd2@\xc8\x04\x81e\xd7j5\xb41\x9b\
''3\xeb|Q\x22E\xc4\xa8\x1d(\xe1b\x88\xf7\
\xfa\x9b\xe5\xc5-\xa2w\xe9\x18\xdc\xb2\x22\xc8r9\x0b\
\x02W\xe2B\xaagb\xf0\xb30 \x1f\xf1p\xc7\x1b\
\x11y9\x9a'\x96\xfck\x05P\xf0\xd28\xce\xe0\x83\
;xaU{\x13s\xbcn[q#\xbdG}a\
N|\xc5\xc6@\xe8\x00\xfa\xc0Kl\xfb\xc2\xde\xd5\x91\
A\xbcSw\x95\x80^\xdd\x83\xc1\xd5LEz\x17\xa7\
\x14y=\xd4Q~j\x10vh\xa3\x94\xb6\xec\xb2,\
\xd3\x0a\xb5^f\x0e\xc4\xd9Jd\xba|\x08\x01(\x14\
\x15\xc5\x91\x9c8\x00\xe7\x17\x13\x08\xa8\xb4\x11&kA\
\x85\xf5 \x1e\x81\xb0.\x18 \x1aM\x1a4\x18\x11\x10\
\xcb\x9c\x008a\x8dJ\x03\xe7\xa45\x18\x03.\x05\xce\
\x01\xacf\xcc\x1c\xb05\xc0\x1a\x85\x94\x874d\x00\x8d\
\x9fc\xfc\x08&\x02\x02\x86Y\x09\xb3p\xca\xbc\xc8\xf9\
<\xd8\x8e\xe2\x8c\x9c\xe3\xdc\xe9\xd0\xe6\xe28\x0d\x02\x1a\
\xd2j\x08 \x82\x1c\xf3\xa4\xdb^\x9a\x1fj6\x11\xa2\
\x0b3\xbd\xe3\xb3\xfd\x0b\xb3\xf9\xe9\x8b\xf9\xbe\x17_8\
t\xba?\xb1\xf1\xbaO\x7f\xe6\x93{n\xb9\xfd\x95W\
_\xbe\xe5\xce\xdb\x0f\x1f~\xe5\xc4\xe9\x13\xc7\x8f\x9f8\
y\xf2d\x92$ccc\xd7^{\x8dR\xca\xda\xbc\
V\x8b\x8f\x1e=\x92eY\xadV\xebv\xbb\x88\xb8m\
\xdbU\x0f>\xf8\x97I\xda[\xbdzu\x14\x85/\xbe\
\xf8\xe2\xfe\xfd\xfb\xb3,3\xc6LOO\xff\xec\xcf\xfe\
\xec\x9e={\xb6o\xdf~\xe8\xd0\xa1\xed\xdb\xb7o\xdc\
\xb8\xf1{\xdf\xfb\xde\x86\x0d\x1b\xf6\xec\xd9s\xe0\xc0\x81\
w\xbf\xeb\xde \xd4\x84\xd8\xef\xf5\xba\xdd\xee\xfc\xdc\xdc\
\x17\x1fx`tt\xec\x9ak\xae6F\xfe\xcb\x7f\xf9\
|\x18E\x0b\xf3\xe7\xdf\xfb\x9ew\x1f|\xee\xa5\xa7\x9f\
\xd9?1\xbe~\xe3\x86\x0dqh\x86bm\xa0\x93\xf5\
\xda.\xed\xadn.\xdd\xb8s\xe7\xe4\xa6\xb5h\xbb6\
\xed\xc5\x0a\x0b\xef\xc4\x22\x9b\xba\xe4\xc68w6e\x97\
\x82X_\x8d\xaf$\x8a=\x90\x85A\x137\x00\x08L\
\xc0\x02y\xee\xd0\xb2RDJ\x11\xba*\xaa-\x80 \
\xa8u(\xa4\xbb\xbd\x84\xb46aSA\xd4\xb7\xb5\x14\
j\xce\xac\x9e\xe9\x04\x0f}\xfb\xb1/\x7f\xe3\xe0\xc56\
\xa4\x0c:\x0as+\x00\xa8\xa9\xcc\xdb.\x83\x05~\xcd\
\x07P\xa4\xe1\xf9\xbc\xbb\xc1\xc8qU#\x17\xfc\xe8V\
Z;\xfb\xb8u\xf9\x84\x03T\x82\x0aD!cY\xba\
\xb9\xcd\xfb\xf9c{\x8f\xb9|\xee\x03?u\xed\xf6\xcd\
M\x904Om\x80\xc2lQU=F\xa0TO\x14\
3l\xd1S\x8ao\xeaM\xdd\x05]\xa0\xa8\xdf]\x02\
\x14\xc8Y\xc2\xa0\xb5j\x0d_@\xc7\xa0\x00\x09\xa1H\
e/\xbbJy\x94\xe5+\xc4KW\x06\x15OX\xfe\
[\xf1O\x82\xc0\xceYgA@)E\xb8\x5c\xac\xf0\
\x87\xb6\x1f\xc9s\xfc\x048\x09a\xd6J\x11\x22\x0b[\
k\x1ds\x10\x18\x7fl)\xaa\xa6\x0c\xb0`\x970\xa3\
\xb8<\xc2\x14?\x89T\xc8\x83\xc5!\x90x\xeb7\x14\
$\xc6\xc2\xda\xd6y\x0d\xa8\xb7\x9c\xb5.g\xe7\x1c;\
\xe0\x9c\xf3naV\x22\x5c\xca\xda\xc4\xda\x9c\xbdO>\
\x92\x00)\x1d\x06A\x10Gq\x10\xc4Z\x19DB\xd4\
\x84\x8a\x1d\xf8\x10\x95V+~\x13\x5c&n\x01\x00!\
\xcbrP\x0eQ\x00H\x04rv\xa8\x1di\xddYJ\
\xda\xed~\x1ea\xd0\xa8\xaf\xf8\xe1\xb5\xd6i\x9an\xdb\
\xb6-\xcf\xf3\x85\x85\x854Mw\xed\xdc\xd9j\x0d\xe5\
6\x7f\xf2\xc9\xa7>\xf1o>\xe1\x9c\x05\x91\xe9\x99\x99\
\xd3\xa7Oo\xdf\xbe\xed\xc8\x91\xa3\x9f\xf9\xccg6o\
\xde|\xdf}\xf7\x19m\xf2<\x0f\xc3\xb0\xd7\xed\xf9\x0e\
\x92\xa6\xe9\xf6\xed\xdb\x1b\xb5z\x18\x86a\x14%i\xba\
sr\x12\x10\x1d\xb3u\xce\x18CJ\x03`\x96\xe5\x95\
\x84s\xb0U=k\xf9\x0e\x16(\x8c\x06\xc3(\xd5n\
+\x16\xccW|\xad\xf6\xbc\xe4\xc1\x18\xd8\xc1\x97\x9f\xec\
\xf5zA\x10T\xf2\x8e\xc1\xcf\xbe\x1e\x83\xb2b\xcf\xe5\
\x9f\xf4\xf5v}\xb3\xad\xf8\xa5\xaa\xf2\xf4W\x04\x8c>\
\x15O!\x830\xe4y\x9e\xe5h\x1d\x03+v@(\
,@\xfe\xd7/\x15\x19R\x84\x96\x97\xbb\x84\x1f\xf9\x8b\
4RA\xc4j\x05\xb3|\x96b\xf7\xea#%IA\
H\x88\xaaH\x15\x13\xf2\x02\x0c\xa2\xd7\x89;#\x95\x15\
Z\x01}\x05,Q\xca\xc7a\x15\x80!B\x96\xd0\xa2\
\x01\x1d\x9b\xda\x10\xd6Z\x82\x11\xfb\x07\xd8\xab;}|\
T\xc5\x00\x0clA2\x10\x02\x16\xb0\x09\x88\x03\x14 \
B\xadB\xaa\x03D`\x81\x1de\xfd\x5c\xa4'\xe8\x8b\
\xb1i\xa4R\xd1QU\xe5\x04_&/sY\x07\xdc\
\x02a\xae\x94\x18\x85\xbd\xbcG\xaa\x16\x99a\xe0q\xc8\
\x02p\x08\x924\x1a\xe1L\xa7}av\xb1\x93\x98\x13\
gz\xedn\xf3\x85W/\xec{~*\xa3\xe0]?\
\xf3\x91_\xfc\xc7\xbf\xbam\xe7\xee\xaf=\xf2\xcd\x9d\xbb\
v\x1cx\xf1\xb9'\x9fx\xec\x99'\xf7\xe5\x99]\xbd\
z\xf55\xd7\x5cS\xaf\xd7}\xff\xb1\xd6\xb6Z\xad\xf9\
\xf9\xf9<\xcf\xbb\xddn\x96e\x9f\xf8\xc4'\x0e\x1e<\
8333;;\xfb\xcew\xbe3\xcb\xb25k\xd6\
|\xf4\xa3\x1f\xf5@s\xdf\xbe}[\xb7n\xbd\xfa\xea\
\xab7m\xdat\xd7]w\x9d<y2\x8e\xe3\xdbo\
\xbf\xfd\xd4\xa9S\x17/^\x9c\x9c\x9c\xacGq@\x94\
\xa5YRK\x9a\x93\x8d4M\xce\x9c\x9dz\xf6\xb9\x03\
O?\xbd\x17\x09\xe2Z\xf8\x8b\x1f\xf9\xa5\xff\xfd_\xfe\
\x1f\x0f|\xe1/\x0f\xbfvt\xdb\xe4\xae\xf1\xd1\xd1\xd1\
\xe1F\x9e\xccG\xb4\xd4\x9e=\x0en~\xf7\xb5\x93\xd7\
m\xbbz$\x12\x97\xf7\x00\xb2\xda\xd8\xb0\x9d;\x87\xce\
),\xd0F\xb1\x9e\xc3\x5c\x5c\x92\xe5}\xc79\x00\x97\
S\xba\x9f\xcc\x08\x18\xb9\x0c\x9b\x14>j\x22\xa4\x948\
v\xe0|%>\x02Q\xda\xebt\x05\x90\x1d\x00\x90\xce\
]\x9e&.\x88ZQ\xad\x95[\xe8fq\xdc\xdc`\
9|\xf1\xd0\xf9\x7f\xff\xff>|\xec,@\x04\xa4)\
\xa4\xd81i\x8dQ\x1c9\xb1J-\x17\xa8\xf4\x05h\
*CC\xff\xbb\x0db\x0e\xff\xb7\x8f\x91\xfb>\x95e\
\x99\xf7\xf5\xaf\xaaHxp_\xad\x93\x88(\xcf\xfb\x04\
\xa8\xb5\x11M\x17\xdb\xfc\xcc\x0b\x0b\xad\xe1C\xa4\xae\xde\
\xb6\xa1\xa5)a\x972\xe7\xa4\x10\x07\xe5*\x95\x15{\
\xd9q\x10\x9c\xa0\x0f\xeb\xb0\xdfqa\xbem\x1a\x98_\
\x98\xfa\xab\xef?\xa5\xd6\xa5\x9bZY\x8cA\xee\xc0\x10\
\x022\x80\x03\x1f\xe8\x94\x8aw\xa8J'\xfa\xccR\xb9\
b\xef\xaa\xc6z\xff\x96\x99\xad\xb3\xecXi\xed=\xe2\
\xae\xf0\x99\xbf\xa7\xe6\xed\xc9\x95R\xc0\xc0\x8e\x99\xd9Z\
W8vH\xa9\xccX\x19\x84\xad(\x98\xe2]q\xa7\
\xa0\xcc0.\xbcAY\xc0\x01:\xc0\xdc\xb9\xa4\xb0)\
)^!M\x12\x16v.w\x05\xe6p$\xd6\xab]\
\xfcIYX\x98\x05\x14\xf9\x10!\xa9\xda\xd0\xb8\xd2\xa1\
1F\x91\xf25u}yk\x11\x07H\xca\xdf}\xb9\
$D%\x83C%\x00xi\x82\xff\x9f\x11\x18\x01\xc9\
9&\xa3z\xbd~\x9a\xe6)f\x10\xe4\xe1\xa5\xaa\xc9\
\xca2\xd8'\xac-u:\x0f=\xf4\xd0\x07?\xf8\xc1\
\xfd\xfb\xf67\x9b\xcd\xadWmUZ'\xbd\xfe\xf3\xcf\
?OD##\xa3\x7f\xfd\xd5\xbf~\xe0\xbf=\xb0n\
\xed\xda\xad[\xb7\xdeu\xd7]i\x9a\x22\xa17\xfd{\
\xe1\xc5\x17\x0e\x1f>\x1cGqe@\xdc\xef\xf7w\xec\
\xd8\x91\xa6iU\x15\x01\xca\xb4\xd8j.\xaf\x90\x87\xc7\
\xebUT\xa5\x02\x22~\xcfA[R\xbf[\x85\x09`\
\x80\xeax\xe3\xb0\xa3j\xbeo\xfa~\xea\xfb\xf8\xe0\xe3\
\xfdC\x9e\xe7\xc1\xb3\x0cn\x7f\x13s\x5c\xb9\x0d\xfe\xa6\
\x22\x92\xa6\xa9R*\x08\x82J6\xbcr\x7f\x00\x8d\x80\
\xc8`-8\x07\x02\xcc\xe0D\x8c\xd7^P\x81\x0fD\
\xa4\x5c:\x5c\x025\x8ac\xf8\xc3\x8a\x80\xbf[\x97-\
edP\xe9\xb5\xbc\xbc\xf2K\x12D\xc0\xd0\x18\xaf\xb2\
\xf2\xa5\xc1\xc9\x9b.\x89\x5c\xda\xf7\xb0\x8c<3@\x8e\
X\xd0\xb3\x22\x1a\xc0 \x06\x22&c\x03\xa6\x11\xd6[\
\x186D\x8c\xa0A2E\xc1L\xf1\xbeN\x02&\x00\
q@X\xb8\xad\x83\x02\x10\x97g\xe2R\x02+lQ\
[\xa4\x14Q\x11\x86\x81\x09\x81\x14\x80\xf5Q\xf5\x92\xea\
@0\x06@\x15\xd7#\x0a$\x88t\xec\xfa\x1d\xc9S\
\xc8\x1d\x00Ef\x8ct\x0b\xb2\x18\x16:\x900(m\
%\x9f\xcd\xdcT\x9b\xcfv\xd5\xb9E<rB\x1fz\
\xe1\xe2B\x17\xaf\xb9\xe3gn\xbd\xeb\xee\xb7\xdd\xfb\xee\
\xd6\xf8\xaa\xaf~\xeb\x9b\xad\xd1\xa1'\x9fy\xe2\x9b\xdf\
\xf8Z\x96&\xabV\xaf\xde\xb0n\x83\xaf\x1a\xefsY\
\xbd\x93\xdb\xcc\xcc\x8cs.\x0c\xc3<\xcf\xef\xbc\xf3\xce\
}\xfb\xf6}\xfa\xd3\x9f\xbep\xe1B\xb7\xdb\xbd\xef\xbe\
\xfb\xc20\xbc\xfe\xfa\xeb\xbd\xbb\x861\xe6\xc2\x85\x0b\x00\
\x90$I\xaf\xd7\xb3\xc5Tv\x00\x00 \x00IDA\
T\xf3+\x9e}\xfb\xf6\x9d<y\xb2V\xab\x05AP\
\xaf\xd7\xd3NO\xe5\xd0\x08j\x06tw\xb1g\x9d\x1d\
\x1e\x1ey\xeb[\xef\xda\x7f\xe0YAy\xd7\xbd\xef\xdc\
\xb4i\xd3'\xfe\xcd\xbf\x1b\x19Y\xfd\xb6\xbb\xdf\x85\x0c\
\xc4Y\xbf=\xc3\xd9tn\xcfn^K\xd7\xec\xd8\xb8\
f\xc2\x842O\xce\x10Y\xb1I>\xb7`\x8a\x12z\
\x85\xc6\xaf\xc0\x1c\xae\x9fg]g{\xc09\x16\xc8\xd5\
W\x8a\xf7\xf6\xa0\x04\xc2\x82\x0cU\x84P\x80\xc5!\x92\
V\xda\xeb\x0a\xac\xcd5\xa0\x8f=\x88\xb7<G\xc5\xa2\
@E\xa0\x86\x96\xfa!Q\xac[[_\x9aJ\xbe\xff\
\xf8\xbe\x07\xbe\xf2\xdc\x5c\x178\x80~\xaa\x04#\xadj\
A\x14(\x22\xa5\x00E\xc20\x0c\xc3\xd0\x93\x7fZ\xeb\
8\x8e\x07\xc7\xc1\xaa\x07\xc1\x00\xeb\xeb\xf7\xf4\x95#<\
\xc3\xe1\xffH\xd34MS\x8f\xec}\x82b\xb1\xb3\x12\
\x10p\x829D\x8by/\x9b\x86\xc7\x0e\xcc\x90R\xf1\
\xdd\xbb6\x8d\x05 \x89FaQ\xb0<\x1f\x22\x94Y\
a\x02\x02\x04 \xa8\x8a$,_0\x99Q\xa0Yo\
\xf5\xd9\x9e8\xfe\x8a!s\xd5\x96\xad\xdb\xd7l<q\
v\xbfMRV@\x22\x02\x0c\xa59Z\xb1\x82/\xc2\
\x9e%\xbd\xf1:\x88\xa3\xec\xaa\x00\x22,\xec\xac\xf3\xdf\
W\x1b\x83\x00\x8e\x99~2\xb2\x89\x9f@\x13\x10\xf1\x14\
\x81w\xef\x10v\xce\xf2@U\x19aXI\xca\x5c6\
\xc5x\xb4Q<k\xe2\xa0*\xb8\x08\xa9cA\xe7\x1c\
\xf7\x05\x5c\x810\x9ccqy\x96\x89\x88\x88\x93\xd2(\
\x0d\x19D\xa4(\xf4\x88\x88\xa8\xb4\x0e\xe2Z\x1cGu\
\xaf'\x10\x0a\x01\x94\x8fF\xb1HY\xbdM\xc0?\xfa\
E\x80{\xe5\xf7[q\xb1Z)\xa9<\xc2E\x00 \
\x0c\xa3\xd4\xca|\xbb\xa3\xb4\xa9\xd5\x1a\xa8W\xa6i\x04\
A\x90e\xd9\xcc\xcc\xcc\xc8\xc8H\xab\xd5\xda\xbbwo\
\x9a\xa5\xe3\xe3\xe3\x0f<\xf0\xc0\xa7>\xf5\xa9\xaf~\xf5\
\xabQ\x14MLL\xcc\xcd\xce)\xa5j\xb5\xf8\xcf\xff\
\xec\xcf\x8d6\x8b\x8b\x9dG\x1f}\xf4\x8e\xb7\xdcAD\
J\x911fll\xf4\xc8\xe1#?x\xec\x07\xbb\xae\
\xd95::\xaa\x14%IZ\xaf\xd77n\xdc\xd8\xeb\
\xf5\x9a\xcd\xa6\x97\xf5x\xfc\x8de\x00\xc5\xbfV\xa2\xce\
\xe2\x07\x1f\x00\x10p)\x92\xf0;\xf8O\xad\xd8g\xf0\
\xed\x15\x0f\xb2\x22\xc82\x08\x17\x94R~\xcc\xf4u\xe6\
<\xec\x18d4W\x00\x8bA\x1c\xf3&\xcf\xf1\x86\xda\
 \xe0\xf0\xfd\xc4\xcbj\x06\x7f\xe2\x95\x1f)H\x08\x06\
\xe7\xc0\x09\xa2\x16\xa0\xc2\x82\xcf\xd7[/\xa2\xa4PL\
\x0f\xa5zz@.\xe6\x8bu\x03\x00\x96\x8e\x1dW\x82\
\x90\x97\x81w(\xc9\x8ejPgv\xcc\xec\xac\x13%\
\x8a\xe02\xe8\x02 T\xda\x8c:Ou0\xa3\x80\x16\
Q\x08!IHA\x93j\xc3\x185\x04\xb5\x13\x85\xa8\
\x11\xf52\xcc\xf1\x8f\x14\x13\x88\x14\xba\x10F\xb0\x9c\xf4\
3\xb19\x89E%J\xa9\xdc-Z;'\x80\x00\x1a\
\xc0\x00\x9a(\xae\x83h\x12\x0d\xa2\x00\x91\x11RK(\
\x1a\x9d\x06\x87\xe82t\x09\xba\x0cm\xa8%\x02\x0a@\
4eC\xbc\xe4\xfa\xdd\x99\xac?\xcf\xccB\xb1\xd5\x13\
\x07\x8f\xf7N\xce\xd5\x8eM\xe3\xde\x97O\x9c8\xdd\xbd\
v\xc7\xdb\xff\xd9\xfd\xff\xa89\xda\xdaq\xed\xae\xa1\xd1\
\xa1'\x9ez\xa2\xd9\xaa]8?\xf5\xd8w\xbf7>\
\xbc\xaa544:<\xe2\xac\xebt:\xbe\x9f\xcc\xcd\
\xcd\xb5\xdbmk\xed\xc2\xc2\xc2\xcc\xccL\x96e\x1f\xf8\
\xc0\x07&&&>\xf9\xc9O\xb6\xdb\xedf\xb3y\xdd\
u\xd7\xb5Z\xad$I\xbcp'\xcb\xb2\x93'O\xb6\
\xdb\xed^\xafw\xe1\xc2\x85-[\xb6\xbc\xfa\xea\xab\x07\
\x0e\x1ch\xb7\xdb\x13\x13\x13\x0b\x0b\x0b\xf5z\xdd9g\
m\x0e\xb9\xf4S\xb6\xccV\x10\x83\x08\x9c]\xea\xf4~\
\xed_\xfcfkx\xe8\xcf\xfe\xfc?\x7f\xe5+\xdfx\
\xffO\xff\xc2\xad7\xdd\xb4\xb48'\xb6\x0b\xf9B\xde\
;\xbf\xaa%7]\xb7y\xc3\x841\xd0\x0e\xa5\x17\x9a\
\x9a8\xb66\xd1$\x04\xc8\xae(Z\x01 ~~@\
\xb0y\xde\xcdm\xd7q\x8a\xc8P\xf8\xc9\xf9u\x1ez\
\xd2\x98\xab\x02\x9bE\x9agq\xcb|\x1d5\xbf\x89\xad\
-\xf27\x10\x00\x94\x13\x05\xaaf\x82\xd1\x8c\x87(\x1c\
\xcbl\xf0\xea\x89\xfe\xef\xfe\xc9\x83\xaf\x1di\xa7\x0c\x19\
\x812\x8dfk8\xcb\xc59V\x86\xa20\xd0\x9a\xac\
\xa38\x8ej\xb5ZE\xba\xfa\xf1\xb1\xf2\x8f\x91\x81,\
\x06\xffpV\xeb\xa4\x8a2\x0c\xc3\xd0c\x0eO\xdeF\
Q\x94e\x99\xc7\x1f>\x98m\x08\xc4\xdb&\xa8H(\
\xec\xf1\xd2\x91\xb3y\xfc\xe2\x85V#\xa4=\xeb6\x8d\
G\xc5w\xbe\xb4;b\x99\xd9\xe2m\xae\x11,\x16\xb5\
{\x9c\x8f\xbf \x13I\xaeM\xfe\xf3\x1f\xf9\x004\xeb\
\xdd\xf3\x07L8\x92&3\x0c \xe8\x00|\xec\x09e\
@\xe3\x5c\xc1\xa6B\x93qyt\xbc<\xbd\xf8:*\
\xd6+\xff\xb5\xf7\xdb\x15\x01U\xaeG\xffgh\xcb9\
\xf6\xc5\x1b\x22\x12vl\xadEB%\xaa\x5c\x0f\xc0\x8a\
 \xc5\xe0\x10\x84D\xe0\x9d3\x0a\x8c\xe7\x13O8\xcb\
\xfb\x02\xb9c\x95\xbb\x9e\x88w$qe\xd6\x09@\xa1\
\xe7\x00\x00\x10FtDD\xda\x18\xa3\x03mL-\xae\
GQL\xa4\x08\x89\xc5s0((\xcc\x05\xf5E\x0a\
\x0b\xfd\x8f\x14\xbf4\x00\x12^\x22u\x14Xiq\x94\
d\x892ViB \xe7\xc4:;?=\xdb\x83p\
zz\xdeZ\xa7H\xc1\xca\xb4\x15\xf0\xf5V\xba\xddn\
\x9a\xa6\xc7\x8f\x1f\xff\xde\xf7\xbe\xb7n\xddz\x22\xda\xbd\
{\xf7\xe9\xd3\xa7\xa7\xa6\xa6>\xfa\xd1\x8f\xfe\xc1\x1f\xfc\
\xc1\x9e={\x9a\xcd\xe6\xf3\xcf\xbf\xf0\xd2\xcb/i\xa5\
\x89\xe8\x85\x17_XZZ\x8a\xc2(M\xd3,\xcb\xe3\
\xb8;2:\xb2i\xf3&\xa3\xcd\xf8\xaaUi\x96\x13\
\xd1UW]U\xaf\xd7\x11\xd1/\x81\xbcl\xd3\xb3\x86\
\x15\xf3WIG\xa1\x04\x13\x97\xc3\x85\xc1\xd8JqS\
.\xdb\xe7\xf5^W\x90\x1f\xd5\xc7\xab\xb7\xd5\xbfz)\
\xab\xbf\x89\xbe\xe0\x5cu\xba+V\xa3}\x93\xe7\xf8\x9b\
\xb4\xaa*c\x1c\xc7\xd5\xc6+b\xb7\xa2\xf9`$ \
\xa9\xc0\x81\x16!\x16\x04\xf61sY\x96\xb5\x97#X\
\x11%\xf6\xe8\xa2\xe03\x01\xe1\x87+\xc8W\x04V\xfc\
%\xf9\xb2\x13\xc2\x8e\x89Pi-y\xee\x07}P\xa0\
\x94\xbe\x04v,/\x5c\xa4`\xdf\x11Qif\x03\x18\
#5\x88j\xaa6*\xd1\x90 1*@\x05h\xac\
c\x02D\x14*\x18kr~\x1d(@\x82$\x08d\
\x82\xa8nS\xc7V,\xe7\x8e\x19\x94#e\x05\x10\x80\
\x89X\xc0.\xf5:\x88\x9aP#)Dr\x04]p\
\x08\xa1\x96\xd0H\xa8\x05\x94\xb0\x12M\xd8\x004`5\
\xa4\x98\xb6m\xaf\xd7\xcd\xa0\x0b\x11\xf4\x90\xe6\xba\xee\xa5\
\xa3\xa7g\x96V\x1f9#{_\x98\x1a\x1a\xdb\xf8+\
\xbf\xfa\x81\xeb\xaf\xbf\xab\x97.\xe9\x00\x1aC\xcd'\x9e\
x\xfc\xf1'\x1f\xfb\xc8/~\xf8\xf9\xbd{'FW\
5kC\xbd\xa5\xfe\xd9\xd3g\xbb\xfd\xae\xf7\xc3\xe8\xf5\
zY\x96\xf9\x0e\x13\x04\xc1\xe8\xe8\xe8M7\xdd\xf4K\
\xbf\xf4K_\xf8\xc2\x176m\xda\xe4\x9c\xebt:\xcf\
>\xfb\xac1\xe6\xe8\xd1\xa3\xd3\xd3\xd3\xcc\xac\xb5\x9e\x98\
\x98X\xb3f\x0d\x11MNN\x1e>|\xf8\xb9\xe7\x9e\
\xcb\xb2ldd\xc43\xaeI\x928\xe7\x94QZ\x81\
\xcdsa\xd2\x14$\xb9\x1d[\xb3\xfe#\xff\xe4\x9f\x9e\
8q\xfc\xb3\xff\xe9?/,,\xdc\xf3\xf6w\xef\xb9\
\xf6\x9a\xac;\x9bu\xcfjh\x83\x9d\xb9v\xfb\xc8u\
WO\x0c\x05\xb6\x11d\x06\x0d0J/A2&@\
N3\xf0\x96\x97\x85)>#0\x013\xa7\xd6\xf6\x9c\
K\x00lIT@A5\x17\xb0\x03\x05\xb8`\x8e\xb0\
\xa8GAD\xfe)d\x10 $!\xce\xa4\xf0\xe2W\
J0d\xaa\xa1\x1eI\x5c3\x87\x11\xa3'\x1e\x7f\xe6\
\xf9\xff\xe7\x0b\xff\xe3\x85S\x10\xc4\x90Z\xa8\x0f\x8d\xe6\
\x0e\x97\xda\x9d(\x8ek\xf5\xa8\x16\x87a\xa0\x11EQ\
\x1c\x04A\x18\x86P\xda\xf2VI}00\xe4\x0d\x8e\
e\xd5\xf2\xa8\x1aF\xfdn>\xf3<\x8ec\xef\xa2\xd6\
\xedv\x01\xc0\xc3\x0e\x04&B\x0b\x90\x03YQ\xc2u\
\x97,\x9c\xbc\x00\xcf\xbcpf\xd5p0<\xb4\xa1a\
\x88\x90\x80\xa5,c\x8aX\xd0\x89X\xd64*x\x0b\
\x01Dd\x8f\x95It\x14\xd2\xd9\x8b\xc76\xf1\x1c@\
\xc3\xa8&\xea!\xa1\x8e\x83T\x83#\xef\x84'H\xa8\
\x8a\x15E\x91\xe5\xee\xbf\x89\x7fA\x80\x22\x96\xb0\x5ct\
\x19\x00\x10\xc59\x1f\xad\xd0Zk\xa5\xa4\x94\xe6\x19\xad\
}\x02\xe4\xdfo+\xef\x07\x10\xfa\xec~a\xc7\x80\xa8\
H\x09\x8bc\x06\xc7 \x95e\xb5\x8f\x9eT\x03NA\
!\x09\x00\x80P!\x1eba\xc7\x85,\xd4\x8bvz\
,\xda9\xea\xa7\x8b\x02\xb6`m\xfd\x13\x81\x85\xd3\x97\
\x14:D\x13\x9a\xba1&\x0c\xa3(\x8a\xc30*\xab\
/!3\x01\xa0R\x88@>\xd9\xd8\x09\x13\x02\xa0\x8f\
\xca\x16\xa5\xceDX\xca\x87\x7f\xe0;V7\xab\x08\x89\
i\xa3\x1d\xa4I\xaf\xdb]\xeat\x17\xd3~\xd2\x0fj\
.\x18^\x0b@Z\x87\x96\x01\xca9\xbej\xb5Z-\
\xcb\xb2\x97^zi\xcf\x9e=i\x9aNMM\xfd\xc6\
\xc7\x7f\xfd\xa5\x17_\xb8\xed\xb6\xdbn\xba\xe9\xa6\xfb\xef\
\xbf\xff\x81\x07\x1e8x\xf0\xe0\xf6\xed\xdb\xf7\xec\xd9\xf3\
G\x7f\xf4G\xec\x044l\xde\xb2\x19\x01O\x9e<y\
\xd5\xe4U~\xeeh/\xb6w\x5c\xbdcll\xec\xc0\
\xb3\x07z\xdd. \xc5\xb5\xda\xb6m\xdb\xfc\xe4R\x85\
-|\xf4\xcdw\x93\xaa\x14p\x15L\xa9*\xb4\x0d\x82\
x(\x93]\x07!\xc2\xe0\x1f\x83\xed\xf2\x8dxY\x9c\
\x05.\xed\xb0\x00P%\xcd\x1ac|\x1f\x87\x81\xfe[\
}d\xc5\xa1^o\x96|\x13s\xbcn\xf3\xfd\x06\x00\
\xfc\x90:\xd8^\x07\x12\x14|\x06P\x10\x86\xf5\x0c\x8c\
\x15\xcd\xa0\x853\x06\xf6r2OF\x10T\xb0\x82\x06\
V\x0c\x08P\x14\xb6(\xc9\x0c\x84J\x08\x07\xe5+W\
\xc9/P\x0cz\xc5\xc62f#\x80\x02J\x19B\xe5\
\x98\xadeD^.@\xe0\x87_aX\x96\x8b( \
m\x9dr\x10\x12\xd5L\xd0\xc2h\x18L\xc3A\x80\x80\
\x22\x04D\xcc@\xa4Jsl\x01_\x96\xd4\x01\x80\x1f\
\xb34\x08\x031A- t\xb9\x11\x97\x82X[\x15\
m\x13\xb4\x8c\x00\x12\x04\x01\x08!j@\x85\xa8H\xa9\
f\xa8\x11\x82\x90jD1\x00\x82\xcd!\xcb \xcb`\
\xc9\xf6\x97\x92\xa4\xcb\xd4O5\x89\xd5\xe1\xc5>\x1d\x9b\
\xcbN\xce\xd3\xf3G\xf9\xc2t\x97e\xcd\xbb\xde\xf3\xbf\
\x5c\xb3\xf3\xdaFkh\xb6}\xa1\xbd8\xb7c\xc7U\
\xfb\xf7>\xfe\xef\xff\xed'~\xf9\xbe\x8f\x5c\xbdy\xd3\
\x9f\x1d=124N\x19\xac\x19^3\xbcf\xe8\xc5\
W_L\xd3t\xdd\xbauq\x1c{\xb6\xd6\x18\xd3\xe9\
t>\xf0\x81\x0fDQ\xf4\x17\x7f\xf1\x17\x17/^|\
\xed\xb5\xd7\xe6\xe7\xe7\xfb\xfd\xfe\xe6\xcd\x9b\xad\xb5W]\
u\xd5\xe8\xe8\xe8\xf0\xf0\xb0\x17\x7f\x04A\xf0\xca+\xaf\
\x9c={\xf6\xc2\x85\x0bw\xdey'3\x8f\x8e\x8e>\
\xf9\xe4\x93'N\x9c@_\xad O\xac\x92D\x9c\x05\
\xdc\xb1c\xc7\xe4\xd6\x1dK\xdd\xfe7\xbf\xf5\xe8\xfc\xdc\
\xdc\xed\xb7\xdf9?;S\x8f\xc2c/\xef\xaf\x99\xa4\
\xd9\xcc\xb7l\x8avn\xdf41J\x11-\x04\x82F\
4\xb8\x08\xb8\x81\x98\x80t\x81\x85\x08\xa1\xc8\x11\x10f\
\x0b\xe2\x88Dl\x9a'\x8by\xba\x04\x98\x13r\x99\x08\
\x00\x0c\xe8C\x01\xc5<p\xf9\xa3\xe9\xe9d\xf68\x04\
\x000\x8e\x1bYf\xfbi\x86A`\xe2a\xa1\xa1D\
Z\xce\xacn\xf7\xe2\xaf\x7f\xfd\xfb\x0f}\xf5\xd9c\x1d\
\xb0!\x0a\x05\xaa\x11Yet`\xeaC\x01\xa0\x04\x86\
\xa2XE\xb1\xd6\xa4P\x02\x11\xf1\xf2\x8br\xfe\xa0K\
O*\x97]F\xb1\xa5\xaa\x1fQ\xbd\xfa\xe1\xdeW\x97\
\xf0\xd8\xc5\x18\xd3\xedv\xd9\xa6H\x0e\x940z\xc4\x14\
\xa3V\xe7\xe7g\xc3\xe3\xbci\xe2b-\xd6{vn\
\xa8ib\xce\x09\x958\xe7\xf7\x02\x01_B\x95\xd1\xdb\
XZ\xf0\xceQ`\xfd/@h\xacK\x10\xb9;w\
\xb4^_\x1f\x04-G5\x87a\xe6\xfa\x846&`\
\x01\x02\x12\xafM\x14\xebK\xeeV\xe3)\x0b\x1bc\x9c\
\xb5P2\xf5R@?\x14)\xd6*>\x19\xa4 \xa8\
}\x89\x93\x01O\xc9\xd7o\x7f+D\xc8%\xe7\x1d\x98\
\x96\xc4+\xb9\x01<\xf0 E\x01\x91s\xce:\xab\x8a\
\xc9\xae\xfa\xac\x10\x81\xa71\xa4\x08\xe9\xb2\xf7\x01ev\
\xcc\x96\xd99g\xbdV#\xb7\xa9\xe3\xcc\xaaB\xff\xe5\
\xd8\x15\xa1\x13 \xeb,!)\xad\xc2 \x08\xc3\xd0\xe8\
\xa8\x11\x8fRa\xa9\x8c\xdeT\xa3L\xa9+1#\x0a\
\x80\xcf\x83*\xbe\x85RTZ%\x89R\x84\xa8\x01\x94\
'R@\x80\x08\x05@\x91RJY\xe7:KK\xdd\
\xa5n\xda\x13\xc6\x1e\x98n\x14\x0e\x8f\xafZ\x15\xc71\
\xe8\x84\xa3uI:\xc3\x80\xb9c\x13`5\x7f\xfb\x1b\
\xedC\xb1\x0b\x0b\x0b\x0f>\xf8\xe0\xf3\xcf?\x7f\xd7]\
wM\xac^\xfd\xf8\xc2\xc2\x9dw\xdd\xb5s\xe7\xce\x83\
\x07\x0f\xfe\xd6o\xfd\xd6\xed\xb7\xdf><<\x9c\xe7\xf9\
\xf7\x1f\xfb>\x00\x08\xcb\xec\xcc\xec\x8e\x9d;^}\xe5\
\x95\x9bn\xbc\xa9\xd3\xe9 \xe2\xf7\xbe\xfb\xbdC\xaf\x1d\
\xfa\xed\xdf\xfe\xed\x87\x1f~\x98\x94b\x81\xb1\xb1\xb1-\
[\xb6\xf4z=\x1c\xb0:\xf5\xfcAu\x01\x95L\xaa\
\xea,+\x00\x07\x0eT\xfe\xba\xe2s5\x18\xd6\xac@\
\xc0\x15\x89\x8d\xc1\xd7\xc1\x7f\xaa\x8e\xe0\x1f]/\x0c\xf7\
a /\xd8\xaa\x96\x10\x83\x0b\x8c\xeaS\x83\x0f\x9e\xff\
\xe3M\xccq\xe5f\xad\xf5\xd2\x9e \x08\xde(\x17*\
\x02H \xc0N(\x88\x85B+\xda\x91a\xb1,\x0c\
\x02\xa6,\xf5\xc4\x80T\xb2~X.\xbe\xfcbi\x00\
\x80\x0c\xc4V\x96e\xa7\xd5b\xaa2G_V}`\
9\x9f\xf8\x041$\xa5\x00\x11)\xcf\x1d!+\xad\x0b\
\x91\x9d\x08\xb0EDAb\x09D\xb4s&sd\xc2\
\x91 \x1aC3\x04\x18\x03\x18\x04S,\x89=\xce\x10\
\xf1\xb1\x9f\xeaQDB\x842\xcb\xcf[{\x05\x0a\xa2\
\xba\x12\x0b.\x83<\xd1\xbc\x1a\x04e`u\x88J\x03\
*\xf0\xc6\x0bH\x80\x0a\x90\x00\x03\xa0\x00\x9c@\xd2\x81\
,\x03\x9b\xe6\xbd\xceb{\xb1\xb7\x94)\x15\x0f\x8f\xe0\
|\xbbw\xfab0\xb5\xb4\xea\x85\xd3\xb2\xffp[\xa2\
u\xdbv\xef\xbe\xed\x96\xb7\xb4jC\x0b\x17\xe7f.\
N\x9dkO\x1f;v\xf8\xfa\xeb\xb6<\xf6\xddo\xef\
\xdav\xd5\xad{n\xe4\xcc~\xe4C\x1f\x1e\x1b\x99\xb0\
\xa9l\xbbj\x87\x0dr\xf8\x0a\x0c\x0f\x0f\x87a87\
77<<\xec\x95\xd8\xbf\xf9\x9b\xbf\xf9\xdak\xaf}\
\xe7;\xdf9z\xf4\xe8\xbe}\xfb\x10q\xf7\xee\xdd\xab\
W\xaf\xde\xb5kW\xab\xd5j4\x1a\xcdf\xd3'+\
\x01\xc0\x85\x0b\x176m\xda4??\xff\xcew\xbe\xb3\
\xdb\xed\x9e8q\xe2+_\xf9\xca\xdc\xdc\x9cG$\xd6\
\xdaZ\xa3>3{~\xd3\xe4\xd6\x0f\xfc\xfc\x07\x8f\x1f\
?\xf5\xcdG\xbe\xde\xef\xf6\xc6GF\xd6\x8d\xc5\xa1\xca\
\xd8\xf4/\x9e:\xb4y\x5c\xb6n\x1c\xdf}\xed\xc6\xc9\
\xcd\xb5Z\xd4\xcb\x93\xd9\x08\x84 \x00\x08A\x02\xe0\x10\
\x88\x01{E\xac\x0e\x11\x04\x9d\xb3\x0a\x05\xd0\x81K\x5c\
\xb6\xe8\xd2E\x04\xeb\x8b\xd1\x14\xa0Q\xca\xbb\xe2\xa59\
\x80\x05\xaf\x06Ut\xa5\x0c\xccx\xacJ\x08@K=\
\x0b\xa0\x83x\x08t\xc3Q\xcb\xd2\x88\xe8U=;\xf4\
\xa7\xff\xf5\xc1\x87\xbeq\x9c\x09\x5c\x00\xc6\x84\xa8\xb4\xd1\
:\x8a\x02c\xc2(\x0c\xb4\xa20\xd2qh\x90\x98\x9d\
\x88\xfd[\x99\x1d\x8d1\xadVKD\x92$QJu\
\xe6g\x99\x190\x07H\x05\x9c0\xe5\x88\x86\xc2\xe3S\
\xe9\xf3\x87\x17M\x18F\xb5\xfauW\x8d\x9a0\xc8s\
\xa7H)\x00_\xa1\x03\xa1\xfa\x9f\xc1g\xf0\x8a\x02\xb4\
\x9e\x0br9p\xd0\xaf\xc5(<\x03(P\x1f\x1d\x1e\
\xdb\xe8\xfa\xf3u\xcd\x98\xf4\x9c\xeb\xb3(R\x1a\x84\xa4\
\xd0v\x0b\xbb\x22;\x11J\xb9\x95\xd7\x1f\x10\x22\x03\x10\
\x82R\xe4\xacKz}\xa5U\x18ER\xf2\x9b\xffs\
\xb6\xe5\x91M\x8aW\x16\xa1R\x16\xe1\x17G\x88\xe2\x83\
`\xde\x0f\xd4:\xef\xa2\xe1\x04\xc0+cr\x9by3\
uks\xe7\xac\xb5y\x89S\x04@\x9ce\xc7\xaeJ\
\xf8\xd4J+\x1d\x18\x13GaT\xab\xd5\xc30TJ\
#(\xce\xb1\xca\xdb\xbf\xf4\x07+\xe4n\x97\x0f\xc2\xfd\
^_)\xad\xb5&E\x08\x98;\xd7K\xbaQ\x14\xd7\
j5R\xc4\x8e\x934YX\x5c\x9c\x9d\x9d\xed\xf7{\
a\x186\x1b\xcd\xd6\xc8\xb0\x09\xebA\xadE\xd0`\xab\
\xd2,\x0b\x0d\x10)\xc7\x82\xa8\xb4\x0e\x11.I\x0c\x11\
\x91F\xa3\x91eY\xaf\xd7\xfb\xd0\x87>\xf4\x9e\xf7\xbc\
\xe7\xce;\xef|\xef\xbb\xef\xfd\x85\x0f\xfe\xc2\xf5\xbbw\
3\xf3g>\xf3\x99\xf3\x17\xceo\xdf\xbe\xed\x9e{\xee\
\xf9\xfd\xdf\xff\xfd#\x87\x8fDQ\x98\xdb\xfc\xcc\x99\xd3\
J\xa9\x1b\xf7\xdc\xe8\x8f\xe3\xb5\xd5\x93[&\xf7>\xb3\
\xf7\xd5W^\xd1Z\xf7\xfb\x89W\x8f\xfa\x9aM\xb5Z\
\xad\xaa\x5c\xefA\x86\xc7\x1fU'\xae\xbc\xa0\xaa\xaf?\
\x18\x16\xa9\xac)+\x8edp\x87\xea\xbb\xbc\x1e(y\
\xbd \xc8\x15\x99\x12\xbf=\x08\x02f\xf64d\x10\x04\
\xde&\xd53\xeb+\xce;x\xea\x22Fs\xf9\x11\xff\
\x817\xf1\x0c\xdee!\xab\x1f\xf9\xb1\xb2\xe3\x92\x15\x22\
S\xab\x0d\x8d9\xdb\xee%KJ\xa12\xda\x8aS\x82\
\x00\x8c\xe5\xda\x0b\x06V\x0f\xc5\x11\xbc\x1c\xfb\xf2\xbb\xbc\
\x0c8\x8ahHA\x84\x14[\xa0\x94\xea{:\xbd(\
\xe0\x8c\x80\xe8\xc3\x9e,,\xc2\xb9\xf5\x82&\x22\x02d\
 \x04\xd0,\xe4\xd8\x88\x8aMX\xd7\xe10\x05-P\
5\x10-h\x10\x08K\xea\x05\x08\xcb\xb1\xb3\xd4\x8b\x01\
\x22r\x19\xd8E@\xed\xb3P\x00\x00(\x04\x8c\x80\xea\
\x00!\x80F\xf0)\xfe\x0c\xe0\x1d\xb0\x15\xa0.\xe2\xc4\
\x82@\x0a,\x82\x15\xc8r\x97\xba<\xcdz\xbd\xc5^\
wA\x18u\xad!l^\x9b\x9e]\xe8\x9acS\xfa\
\xf9#\xdd\x1em\xde\xb1\xeb\xedW]\xbb\xab\xde\x8af\
\xdb\xd3\xc7\x8f\x1d\x9e\xbf8{\xfc\xf8\x893\xe7\xa6&\
'7\xaf_\xbb\xf6\xbe\x8f\xdc\x87 \xdb\xb7oo\xd4\
\x9bo\xbb\xfb\xee8nv\xda\xdd\xd3\xa7\xce|\xe7\x89\
\xef\xce\xb7\xe7\xbd\xfa\xc9\x97DY\xb3f\xcd\x1dw\xdc\
\xf1\x83\x1f\xfc\xe0\xe1\x87\x1f>p\xe0\xc0\xf0\xf0\xf0\xee\
\xdd\xbb\xb7o\xdf\x1e\x86\xe1\xe8\xe8\xe8[\xde\xf2\x96 \
\x08:\x9dN\x1c\xc7\xc7\x8e\x1d#\xa2\xb1\xb1\xb15k\
\xd6\x9c:u\xea\xf4\xe9\xd3\x8f<\xf2\xc8\x96-[\xce\
\x9d;\xa7\x94\x1a\x1a\x1a\xf2U\xdfFFF\xc6\xc6G\
\xc6W\xbdu\xbe\xbd\xf8'\x9f\xf9\xff\x16\xda\xeduk\
\xd7\xac\x1f\x1f\x1b\x1b\x8a5'\xf3\x17N\x9bt\xea\x8e\
k\x86\xdfz\xf3\xfa\xcd\x1bZC\x0d\x95\xa7\xb3\x92\xf7\
c\x05\x84\x0aD\x83\x10\x80\x08:\xc4\x12\x91\x16\xd4\x84\
\x7f@,\xb8\xbeM\x16\xf2\xa4\x0d\xae\x8fhK\x92\x0a\
\xcb\xc2\x16\xfe\x09*\xf2\xe6\xcb\x9bU\x08\x88D\x04\x91\
\x90@\x18X\x8a\x84h\xd2\xb12uP\x8d\xd4\xc6K\
\xfdFFC\xc7\xcf\xb5?\xf7\xc5/>\xfd\xfcB\x1e\
\x03\x93\xd1&\xd4\x8a\x88t\x10\x84q\x14\x85a\x14G\
\x11\x80\x90\x02fa\xeb\xacu\x86tu\xc6+v\x8b\
7\xb0\xa6\xbf\xc2G\x063_D\x04\x1dgy\x92\xda\
\x94\xb9\xa7TH*\x14\x0b\x16u\x10\xa5\x87OAk\
4_\xb5zi\xa8\x96mZ\xb7\x1e\x01AXSi\
\xf8.@\xa5\xfeI\xc0?\x9f\x9e9\xf7\x9ehJA\
\xae\xb073}\xb81\xd1\x05\x8c\xc94\x17:}\x8a\
\xfa5tq\xa0\xad%.\xf4\x1c\xec\xe9GfG\x83\
\x8b9\xf6\x15M\xd1\x93\x97\x0e\xc113;\xa5\x94V\
\x9a\x10\x19\xae\xd4\x9d\xffN\xda\xe5Yo?\xba\xe1\xf2\
\x7f\xa4\x0a~C\xc4\xe69\x17\x8aZ\x14f+>\x17\
\x87-3\x8b\xb8$\xedBQJ\x16\xbc=\xa8\xa7\x81\
\x98\x9deFDa \x0c\xc2(\x88\xa2(\x0c\x22m\
L\x18F^\xab\x01\x80\xecX\x04i0\x15\xa5\xfa\x06\
\x83\x7f,/\xc1\x8a\x00J\x18\xc6>N\xc3N\x98\x19\
\x90\x1a\x8df\x9a\xa6\x17\xa7g\xba\xdd\xa5~\x92\x88\x88\
V*\x8c\xa2\xe1\xe1\xe1(\x8a\x8c\x09\x14F\x0cK\x8e\
\x13'V\xa1\x0e\xc3\xd0q\x0f\x05\x924\x13@\xa5\x8c\
\xa0\xd2\xaa\x10\x99\xfa\x80B\xa7\xd3\x11\x91~\xbf\xff\xf2\
\xcb/\xdfw\xdf}\x9f\xfd\xecg;KK?\xfd\xbe\
\xf7MO\xcf\xbc\xf8\xe2\x8b\x0f>\xf8\xa5\xbb\xee\xbc\xeb\
\xdak\xaf;r\xe4\xc8g?\xfbY_\x17^\x98\x01\
ptt\xf4\xf8\xf1\xe3\x88\xc5/\xb9m\xdb\xb6\xd1\xb1\
\xd1\xdf\xf8\xf8\xc7\xfb\xfd\xc497:>\xben\xdd:\
\xad\xb5\xe7\x08_/\x229\x08&*\xfd\xd3\x0a\x9ec\
\x05E\x01\x97r\x1e+ \xc5`\xde\xe5 !\xf1#\
\x9e\x8bK?RQw\xde:\xcc\x7f\x85*H:\xc8\
\x9d\x0c\xa2\x8dj\xcb\x9b\x98\xe3\x92\xe6\xd1\x867}\xf3\
\xd6\x02o\xf4\x93\xa5\x1a\x03P\x0bjPQ\xa35\xd6\
O\xa6{\xbd\x19\x06\xc4\x80\x18\xd8\x15\x0a\xf12W\xd5\
\x97\xa0\x15A,\x91\xa0\x88w\xac\x18\xbc[\x97\x00\x0e\
(\xa3\xa8\xd5v\x18\xec\x8d\xbey\xba\x04K\x87\x06\xd1\
Z9\xbf\xd6p\xd6g\x97\xf8\xe0\xbe\x13\xcd\x10\x02\xd5\
\x94\x1e\x0aj\xa3B1c\x04\x100\x91\x02EUz\
\x8d\x97\xa1\x90\xb7V\x82\xc2-\xa8\x92\x80!\x80 \x83\
BR\xe8\x09s\xf6\x02\x11\x04V\xc0\x04\xe2\x00\x1c\x88\
\x13p\x88\x1a\x18\xc4\x97[\xf1\xa9\x9a\x04\x9c\xe6.u\
`\x1d;\x10\x0e\x10\xeb\xa4\x01@\xf7S\xb9pa\xe1\
to\xe4\xf4\x8c\xee\xf5\x86\xaf\xbe\xe1\xd6\xe1U\xd7X\
l\xb4\x93\xc5C\xa7_=w\xf1\xc4\xf9\x8b\xa7\xceN\
\x9d\xe9-\xf5v\xef\xb8\xe1\xee\xbb\xdf\xb1fb\xc3\xe4\
\x96m\xb9\xb5\x88\xa8\xb5Z\x5c\xec\xec{\xee\xb1\x99\xb9\
\xd9<\xb3\xb9\xcb\x88\xc8\x18333\xd3l6\xdf\xfe\
\xf6\xb7\xd7j\xb5?\xfe\xe3?\xfe\xf6\xb7\xbf\xbdv\xed\
\xda\xdbo\xbf}\xfd\xfa\xf5q\x1c\xfb\x82\x8a7\xdcp\
\xc3\xa6M\x9b\xda\xed\xf6\x993gFGG7n\xdc\
h\x8c\xc9\xf3\xfc\xb1\xc7\x1e\xfb\xda\xd7\xbe\x96eY\xbb\
\xdd~\xe6\x99g6o\xde<44t\xddu\xd7\x8d\
\x8c\x8c,..>\xf7\xdcs_{\xf8\x1b\xc7\x8f\x1d\
\x1b\x1aj\xae\xdf\xb8n\xf3\xba\x89\x89\xd5\xcdf$\x17\
O\xbd\xb84s\xbc\x15\xd8]\xeb\xe2\xf7\xdf\xbbu\xa4\
\xdeA>\xc3\x8b.\xd6\x01\xe8\x082\x01\x1dx'w\
Q\xb9U\xb9\x16\x8bB\x85Q\xb6\x03\x11!\x04\x97g\
y\xbf\xed\xd2y\xb0]\x8d\xd6V\xc5`=\xec\x10)\
'\x18\x11\xe0\x22\x85\xb0\x04\xa6\x83CJ15\xf8\xff\
P\x93\xaa\x095\xc3\xc6D?i\xbc\xf4\xd2\xf9\xcf\xfd\
\xb7\xff\xfe\xcc\xab}\x89!\xa38\x07\xbd\xaa\xd60 \
J\xe9 \x08\xe30\x0a\xc2(\x0a\xa3\xdcYk\x9du\
\xcc@\x5cU\xd6x\xfda\xeb\xf2\x1e\xf4F\xc6\xb8\xc1\
\x15[\xbd^WB\xfd^\xa7\xdd\x9buY\x06\xd0S\
(\x02ZD\x8bj\xb4\x93\xa5\xe7\x0e-lX?\xb2\
\xa6\xb50::6\x14\xc5\xc2\xd69\xf1\x82g,j\
\xc7\x97\x02*_\x0f\x06\xd1\x8bJ\xd9\x02\x98\xdchf\
^\x04M\xd0\xc9\x86G\xd7\x84q\x1d\xb0\xa3\x88\xb2\xbc\
O\x18\x01xK*\x06\x02$\x9f\x85\xa8\xb0\x10y\x97\
\xac\xa1\xafg#\x8557\x09\x84a\x08\x08\x8e\xdd\x0a\
\xbe\xf2\xef\xb4\xc9\x1b\xfa\xa9}\xc3RE\xea\x9dI\xca\
\xd0.\x12\x01\xb38\xce\x9d\xcb\x05\x98H\x9c\xb3\x5c\x08\
Bs\xc7N\xc49\xce\x8a\xc7\xca\x8fO\x0c>\xba\x81\
D\x00`t\x10\xd7\x9b\xc6\xf8\xf4\xa6\xc8\x17\x1d\xf4@\
\xc1\x15z\x12\x22\x02)\xad\xc6\x04<\xbe\xf1\x974 \
\xa0YN\xeb\x03\x7fosk\x15\x19\x22\x12\x06\x9bs\
/\xed\xcd\xcc\xcd\xf8\xf9/\x0c\xc3\xa1f\xab^\xaf\xfb\
Ec\xf5\x10:\xe7@\x01i%\x8e\xd8\x09\xe7\x96B\
d\x96\xa5\xa5^\xbf\x9f\xaazn!SQ\x80\x03\x19\
\xaaQ\x14u:\x1d\xa5\xd4#\x8f<\xf2s?\xf7s\
\x8f}\xff\xfb\xbb\xaf\xbb\xee\xb6\xdbn;u\xea\xf4\xef\
\xfe\xee\xef\x06A\xf8\xcew\xbec\xc3\x86\xf5\xbf\xfd\xaf\
\xff\xf5bg\x91|\xf2-\xa1\x88\xbc\xe7\xbd\xef\xb9\xfa\
\xea\xab\xfb\xfd~\x18\x86F\x1b\x13\x98\x87\xbf\xfa\xf0\xf1\
\xe3'\xc6\xc6\xc7\x1aqc\xdb\xd6m>\xee\x96eY\
\x14E~\xe4\xa9\xc2:\x83Y'\x83\xe8\xa1\x9a\xec\x07\
1\xc7 \xab1\x18\xd9\x84+\x058\x06\xd1C\x85\x06\
\x06\xb7T\xb0f\xc5>\x15\x98\xf0\x7f\xd8b\x98-0\
G\x15g\xa9\xce{9wRmy\x13s,7)\
\xb5O>\xd8?\x08<\xdf\xd8\xe7\x11\x00@i!\x03\
\xa0\x94\x8e\xe2zK\xfaCi2\x9f\xe59\x1a(\x17\
\x83\xa5u\xc0%\xf7\x06D\x00\x98\x81\xca-\x05h@\
\x84\x81\xc0Jq\x22\x00,\xdd\xc3\xcb\x11mP\xc2V\
\x0c\x85>\x8e*LDZ)E\xe4\xc7Dks\x13\
\x02\x8b\x160\xa0\xc20\x1c\xc6p\x04t\x131`\xd4\
\xecC\x1e\xcb\x83Uy\x02$\xdf\xeb\x11\x90\x11\x01\x84\
\xfc\xa0\x01\xa5\xcf1\x92\x00I\xb5\xf6\x03ThIe\
\x22V\xc4\x8a\xf8\x02\x0a93\x00#\x91\xd6* E\
Yo\xde\xe5\x22\x0e\x895\x08+\x1d5\x83\x1809\
;\xb5p\xf6|'I\x86\xda\xc1[\x866\xef\xd8\xd0\
4\x92\xf7g.\x1e\x9a\x9b\xeb\x9c<5\x9d\x89\xea\xda\
\xccA\xb0m\xcfu\x1b\xd6\xac\x1b\x92\x91\xb5k\xb6h\
\xd3\x04\xd0\xfd\xde\xa2u\xe9\xf8\xc4\xf8L\xfb\xf4\xa6\xab\
'G{\xe3\xfb\x9f\xdb7\xb78\x9f\xf52D\xbc\xe3\
\x8e;&&&^z\xe9\xa5O\x7f\xfa\xd3\xadV\xeb\
\xdd\xef~w\xbd^\x8f\xe3\xd8WyM\x92d\xe7\xce\
\x9d\xf5z}nn\xce9w\xea\xd4\xa9\x87\x1f~x\
rr\xf2\x9e{\xee\xa9\xd7\xeb\xdb\xb7o\xff\xd8\xc7>\
677722\x02\x00y\x9e\x9f:uj\xff\xfe\
\xfd_\xff\xfa\xd7_}\xf5U\xe7\xdc\xd8\xc8\xf8m7\
\xde\xb6\xeb\x9a\xab\x1b\xcd0K\x17\xe7\xcf\x9d8~\xf1\
\xf0\xd6\xf5\xb5\xf7\xbe\xef\xe6\x1bw\xae\xe9\xce\x9e:\x7f\
\xfaq=\xe2F\x9a-\xadZ\x90\x22d5\xc0:\xb0\
\x01\xe3\x84\xac\xd3\x09S\xc6V\xa9L\x0b\x83c\x9f\x13\
\xe8@8O\xfby\xbaD.\xd1\x94#g\x00!\x14\
Q\xae\x0a\x89\x02\xa0pe\x8dP(O+\xbaC\xd8\
Y\xbfDAB/\xc11\xd1\x90\xe5pa1\xeb\xdb\
\xa5\xff\xf1\xf8\xc1\x07\xfe\xfa\xc5Ss\xd0\x18\xae\xb5\x9d\
\x86\xb0\xdeh6\x94\xe4M\x8d\xc6\x04A\x10\x07Ad\
\xb4\xb1\x19\x0b#\x08!i\xf2\xa1\xb9K\x1d\x11~\x22\
mp\xa6DDc\x8ci\x04\x81Q\xa83\xd5\x9d\xcd\
2`\xee+\xd5\x00G\xd6\x91\xd6\xf5\xf3\xf3\xdd\x17^\
;\xb3\xbe\x95\x8f\x0c\x0fo\xdf\xb8\xb9f\xb4d\xb9\x94\
\xd9&Tv8A\x04 )\xd8;D\x80\xc0\x04)\
\xf6\x00\xf2\xf6\xc2\xb9W\x9e~\xe2\xe0\xc13w\xdf5\
\x99d62lB\x9d\xf6\xb3(\x88\xc1\xbb\x97P\xd1\
\x99\x98K\xcc\xe1\xe3\xa4\x15\x09\xcf\xe2\xa9\x1f\x04 R\
\xc5\xb4\xc0\xe2U\x05\x7f/\xed\x8d\x9cwy\x16\xa9\xbc\
\xbf|6\x88\xb7\xca\x00\xb1\xd6\xb18v\x9c\xe7in\
3ks\x22\xbf0r,^\xc8\xe2\x8a\xea\xaf\xfeQ\
-\x8eG^\x0d\x8aHa\x14\xc6\xe1\xb0/\xb4V\x04\
\xff\x18\xb4\x0e\x0a\xcf0)\x82\x84\xe4\xf3\xeb\x8a\xc5R\
\xc5\xdbr\x95\xf2L\xa8|\x80\xab\xc4\x8f\x14\xc6q\x92\
d\x0b\xf3\xed\xc5\xc5\xa5\xa5\xa5\xae\x13;4\xd2\x18\x1a\
\x1a\x8a\xe3\xd8G%|\xa0G)\x85\xe8'rQd\
\x1c;\x97\xa6\x04\xc6\xa8P\x1bc\xd1\x22\x91\xb3\x8e\x90\
\x8c\x09\xf3<\xad\xcc-\xbcxbaa\xc1Wd\x9c\
\x9e\x9e~\xf0\xc1\x07k\xf5\xfa\xf0P\xf3\xd5C\x87\x1e\
\xfa\xcaC\xcf<\xf3\xcc;\xde\xf1\x8e-\x93\x93\xfb\xf6\
\xed\x7f\xf2\x89'\x15\x91\x08DQ\x98e\xe9\xe8\xe8\xe8\
M7\xde\xd8h4\xbf\xf5\xado\xb5\x86[D\xf4\xd7\
\x0f=t\xfc\xc4\x89\xd1\xd1QB\xea\xf7\xfb\x93\x93\x93\
\x88\xd8\xedv\xbd6\xc2\x87*p\xc0Z\xb4\x9a\x1a\xfc\
\x96\x8a\xde\xa8\xf4O\x95Q\x87\xf7\xf3\xa8\x0c9p@\
\xdaYA\x90\x1f\xc2j\xac@\x06\x83\xc8cp\xfb\xe0\
q\xaa\x10\x8f\xbf6_\xcc\x92\x99\xb3,\xab\xec\x01W\
\xa0\x96\xc1\x13\xfdC\xc4\x1c>n\xe2\xff\x1e\x84r\xde\
'\xa022\xfa\xf1\x0fL@\x08 h('\x93p\
d\xf4\xaaF\x0b2w<\xb5\xb3\x1ar\xc1\xc0\x89\x03\
q(\x8e\x10\x09\x95e\x22!B\x04\xcf\x05#\x0b:\
\x10\x1a\x1c\x05d@0\xea/\xb9|#\xe5J\xb7\xe8\
\xe8Xn\xe6\x92\xff @\xf1\x07F@$Bt\x08\
V \xcf\xc1\x89\x22\x13\x85\xd10\x06\xa3@\x0d\xe1\x10\
\xc8@\x11\xa8v<P\x0f\xc9\xe7\xbeCaf\x8a\x05\
\xfa\x00\x04\x0c\xfcp\xe0\xdd\x9e\x01\x00\x80\x15\x14E\xa7\
\x99\x85\xc0\x02'\x08)R\xea\xecR\x92v\x008\xcf\
\x1cI\x18G-\x810\xcfD%Y@\x81\xcd\x99\x94\
\x12\xa5:\xfd\xc4\xe9\xf0\xd4\x9c=z\x91t\xed\xba\xfa\
\xea\xcd#4\xb9\x98\x06g\xce\x9e\x9f\x9d>\xd3\xef.\
)T\xa3\xe3\xab,\xe3\x08\xc2\xf8\xdaU\xe3k\xc7\x08\
\xb0?\x9f\x0a\xcb\xf4\xc5\xe9\xf1U\xe3\xa3c\xadc\xc7\
O\xb6\x8f\x1c\x1f\x1d[eB}\xfc\xd8\xc9\xf1\xa1\x89\
\xcd\xf7l\x1ei\x0e/\xcew\x1e\xf9\xfa#\xbf\xf7\xdf\
?u\xf6\xc2\xd9\xabv^\xd5l5\xceO\x9fIO\
\xa6Z\x14!\xcdD\xd1\xc2\xfc\xdcp\xa3>T\x8bN\
$}$\xcc\xad\xfd\xf6#\xdf8u\xfat\xab5<\
<2Ba\xd0h\xb5\xc4q\x96fY\x9a\xcd\xcd\xce\
m\xde\xb8i\xd5\xf8\xaa\xb7\xde\xf9\xf6\x0f\xff\xfc/\x05\
A\xa0l\xc7u\xa7fg^\x99:u\xb6\x16\xb9\xdd\
\xdbV_\x7f\xef-\xeb\xc7M\x84\x8b\xd2yIe\xd3\
\xab\x9a\xc9\xc2t\xb24\xe7V\xaf\xaeG\xad\x1a8`\
H\xc9\x80\x03\x0b\xc0\x0a\x09E\xa1S\xc0\x1a\xc1\x92d\
\xc0]\x90\xbed\x8b\xe0\xda$\x09\x89#@\x01#e\
Y\x95\xc2=\xa8\x18\x5c*\xa3\x17B&add\x87\
\xc2\x02\xc8Zc\x0cL\xec0\x13\x97\x83s\x02\xd9\xdc\
L.\xc39\xad\x99\xee\x9a\x87\x9f8tr\x09\xf2\xba\
Y\xb2HQ\x18\x1a\x15!6\xe2\xbaQ\x10\x85\x91\xd6\
\x01\x00\xa4.w%S\x87\xc0U\xbc\xc29\xa7\x14\x11\
\x927\xcd\x0b\xc3\xd0\xab\x97\x94R\xb9\xb5J\x90\x10\xad\
s@h\x8cIm\x8e\x84\xce:\xad5\x888k}\
)\x16\xc4b\xe8\xc4\x22\x89\x0b\x10K\x8e@\x80\x02\x0a\
)\xae\xc1\x88e\xb1\xb6\x93\xe7\x964\x80rH\xca\x01\
aP;|\xb2\xb7c\xd3H\xa3\xd1]\xdd\x9ao\xb6\
\x22d\x83\x18Y\x04\xa6\x14\xc8\x82\x00\x8aAq\x08\x0e\
$'\xa7P\x90\x01Pg\x96\xc9e\xa1Q\xcd\xb1Z\
v\xc7\x9d\xd7\xac\xdb\xbd\xab;\xbd\x9f/NY\x9b\x81\
\x1a\xcfT\xc8\x8e5.!\x08\x10\xe5:\xccm\x16\x05\
\xca\xf9\x89\x81\x90\x85A!\xa0\xb0s\xccN\x13*\xa5\
\x10\xc8\xfb\x85#a\xd1AV\xb672\xb6\xe0\x0f}\
\x0b\x02\xb6\x1c\x0b\xca\xde\xbe\x9c\xb5Q\x8c\x1b\x95\xd0\xa7\
\x08\xfa\x16<\xc1@\xa0\x1d\xca\xd5\x0e\x08\x80\xf3\xd9=\
\xcc\xd69\xcb\xce\x0a\x88\xcd\xfb\xcc\xb9\x088g\xf3\xdc\
:\xeb\x1c[\xaft$D\x16`&F\x12\x16\x01T\
\xa4\x94\x0e\xa2(\x8e\xa3Z\x18\xc6Z\x07i\x9a\x19\x13\
\x18\x15\x83\xa0\x94\x0e\x88\x08\xe0\xac \x0e(S\xc1\x81\
d\x5c\x12-$\x08\x80(\x84\x95`\xd51\x91!e\
\x900\xb5\xf9R\xb7\xdb\xef\xf7\x16\xdam\x04\xd0Dq\
\x18\xaeY3lL@D\x80\x08\xcc\xceY\xf6\x8a\x13\
\x94,s\xce\xd7\x9eE \x0a\x002\x04\xab\xa9G\x0a\
A\xd7D\xb7\xf2\xbcn%\x08cC\xa8\xeaQ]S\
\x91U\xe4\x1fH\xef=\xd3\xeb\xf5Dd\xef\xde\xbd\x1b\
6lx\xfa\xa9'\xbf\xfcW\x7f\xf5\xa7\xff\xf1?\x8e\
\x8c\x8d\xdey\xd7\x9d\xd7^{\xed\x1f\xfe\xe1\x1f\xf5\x92\
\xbe\x7f\x92s\x9b\xaf]\xbf~\xcd\xc4\xda}\xfb\x0f\xbc\
\xff\xfd?==3\xf3\x1f~\xef\xf7\x9a\xcd\xa61\xa6\
\x9f$a\x10\x90R\xb7\xdczk\x5c\xab1s\xe5\xc6\
[\x01\x8eJ\xd2q9\xdaX1%\x0d\xe6\xaa@9\
\xfd\xaf@\x0c\xc5\xa33\xc0\x97\x5c.5\xad\x0e>\xb8\
}\xc5\xe9\xae\xc8\x94\xe0@\x1e\x8d\x0f*\xf9\x11\xa0\xa2\
[\x06\x19\x8e\xc1\xb7\xff\x101\xc7 \x01\xb5\x02px\
\x0d\xc7\xdf\x04p\x14\xdd\x1a\x00D\x142\x19\xd0C\x0c\
N\x85A\xbdi\xb9'I>\x83N\x05\x8a\x90\xc0I\
N\x22\x0aQX\x89(\x00$\x14@\x0bJ\xbc\x8b/\
\x12\x0e\xb0\x9cU\xe4\x05`\xe5\x85\xc9\xf2\xa9\x8b\xd1\x06\
\xcb\x97\xea\x11\xa1\xff\x9f\xbc7\x8d\x96,\xbb\xca\xc4\xf6\
\xdeg\xb8\xf7\xc6\xf4\xa6|/3+\xb32+k\xca\
*JRY#\x12\xa0\x06\xac\x16\x12\x18\x96\x97\x17f\
\x195xRK\xc2 da\xa9i\xb3\x166\xed\xee\
\x16\x12\xac\x0e\xa1\x00\x00 \x00IDATC\xaf\xb6\
\x98<0I\x80[\xb0\xc4`\x81\xd1\xd4\x80\x8c\x84\x10\
\x94$S*\x95T\x83j\xca\xb1r|\xf9\xc6x\x11\
q\x87s\xf6\xde\xfeqnDF\x0eR\x81\x04\x06\xac\
\xb3r\xbd\x17\x19q\xe3\xbe;\x9ds\xbe\xf3\xedo\x7f\
{:\xee)\x00\x184\xc6\xd8RT\xc5\x81\x16\x86\xba\
\x80\x05@\x86\x98\x01\x11)\x830\x92\xb2\xb1J\x06\x01\
Zo \xa0v\x12HKG\x05@\xa3I\x9e\x02<\
\x8d\x9eD\x90\xd8F\xd0U\x8d\x02H\x80Xk\xb3[\
6\x9b\x0a\x13\xeb\xa4\x09UFy\xee=*\xc7\xaal\
\x86\xd1\x8d\x01\x9dF\x89\x0d\x8cM\xafW1=q\xea\
\xd2S\xe7\xab\x83\xc7\xbe~i\xf5\xfe\x0b\xeb\xb2\xbe\xb1\
s\xe1\xe2\xe5\xaa\xaa\x96W\xf6e\xc5\xe2\x85\x8b\x17c\
\xd8\xbb\xfb\xf8\xdd\xf7\xdcsoQ\x14\xe5d2\x1a\x8f\
\xa2o6\xb6.\x9f=w*\xeb\xd8(\xc5\xa5\xcb\x17\
\xa2\xf0\xe2\xf2B\x91\x15\xdf\xf0\x8aW\x9e?w\xfe/\
>\xf1\xa7\xbf\xf0{\xff\xfb\x9f~\xe4\xe3\x93\xbd\xb1s\
\xbe\x86\xe6\x81O=\x00\x168\x82\x07(0o\xeaf\
ym\x9f\xcf\xfc\xaf\xfe\xea\xbbW\xd7\xf6\xdd\xf7\xbc\xaf\
Y^YY[;p\xea\xf4\xd9;\xef:~\xcf=\
_s\xf9\xf2\xfa\xe9\x0bg\x16\x16\x17\xef\x7f\xd1\x0b\xff\
\x83\xfb_p\xcf\xddw\x1dX[;s\xea\xe4\xe6\x95\
\xf53\xa7N\x9d9\xf5\xc8\xc6\x95+\xf5\xee\xc9\x8e<\
{\xff\x0b\xee\xf9\xc7\xaf9~\xec\xd6\xa5NV;\x18\
j\xd8\xb60\x8e\xf5n,7;Y\xbet\xe7\xfd\x17\
\xcem>\xf6\xe4\x99[o\xa7\xb5\xdbn\x8bU\xdd\xc4\
\xaa\xb7\xb4\x0c\xaa\xcd\xee\x10\x01\x1c9\x09\xa2Z\x13\xd4\
\x16\xca\x18\xb6\xcb\xd1:pI\x12A$\xb9\x8d\xd7\xa1\
\x04B\x22C\x0e\x11\x09\x11bd\x9dz\xc9\x88\xa8\x05\
o\xd0\xaaaA\x012\x88~w\xab\xd1\xe0@-[\
\x1b\x9de\x84\xa5\x85Uq\x07*:\xf4[\x1f{\xe0\
\xd1s\xa1\xca\xf2`\x0b\x9f\xe7\x99s\x10\xb9\x8b\x909\
\xef\xbc%\xe74\x19\xff\xc7VK\xdb\x16\xe0PE\x80\
\x18\x9b^\xbf?\x99\x8c\x15\xb5\xe8\x14\x09\x7f\x84\xa0\xcc\
1\x84&\xcfs\xe4\xd6`;\x0a\xef\x8dF\x9dn'\
\x0agy\x964\x98\xde\xbb\x18B]UDd\xadI\
\x06\x00\x22B\x86\xda\xe7\x1e\x00RJ%\xa1\xcf\xbaE\
\x84\xa61!\x8c\x90PU8}\xa2f\xaf\xf2\x8f\x9f\
tG\x0e\xfa\x8b\x97/\x1dY8@\xe0\x14,\x03\x06\
\xaa\x00\xd9\x00Zn\xf16\xaa\x92\xa4B\xe9\xc0X\x02\
y\xa3}\xaa\x0b\xcf\x9bk/\xb8_}\xbf\xd7\xebW\
\xeb\x06\x1b\xa3\x9d\xc5R\x98\xa8\xf22!@\x86\xbc\xc1\
<\x06!\xdf\xc6\xc5\x01[\xa7\xb5\x18\x83\xaa\x10\xa1\x99\
-\xd6\xafY\x1e|\x19\x98\xe3\xc6\x0dn\xec\xf8<\xb7\
\xf7)\xc8\x98\xdfR\x11\x14f\xec\x05\x00`\xb2\x07\x9c\
\x85\x84\xa6tB\xb2.S`\xd1\x18c\xad\xca)\x98\
\x22\x129\x96\xa8\x0cm\x15\x1b5\x84*\xa0\x91\x9b\x84\
\x10\x80\x90P\x90\x9c\xf3E\xd1\xe9v\xfbE\xde5\xc6\
\x8a\x805^\x15\x95A\xd0\xa7\x91dn|JxH\
g&^Hl}\x12v\xa8*\x0a+\x80!$P\
Kh\x1c\x19\xb2\x86\xc8\xed\xec\x0e/]\xb9\xbc=\xda\
U\x14\xe3hyy!\xf3&s\xd6(K\x0c\xa1\xd9\
\x8b!\xb9\x85\xb1\x80(H\x94\xa83\xbe\x0bTAC\
\xc3\x16)w\xa6\x97\x8b+rk\x5c\xa0\xa5\xf1\xc4\x9e\
<}\xa1\x896\x0c\x87\x0b\xcb\xcb\x00m\x22hj\xce\
\xb9\xaa\xaa\xd2<\xba\xbe\xbe\xfe\xaaW\xbd\xeaMoz\
C\x0a\xbcnnn\xbe\xfa5\xdf\xf2+\xefz\xd7'\
?\xf5IDL\xfa\x8f\xfe\xa0\xff\xd2\x97\xbe\xec\xcf\xfe\
\xec\x13\x9f\xfc\xd4\xa7\xfe\xe9\x1b\xde\xf0O\xbe\xe7{\xdf\
\xf7{\xbf\x9f\xe5E]\xd7\x9dN7\x84\xd0\x1f,\x1c\
:|k\x02\x1c\xb3x\x0a3\xa7\xce5c#\xe6_\
\xcc3\x1c0\x87\x12f\xff\xfdb\x13\xd6MY\x8a\x19\
b\xb8.nr\xe3N\xe6\xb1\xc8\x8dHe\xf6z\x86\
3\x9csI\x9c\xa0S\x19,\x5c[\xb46\xb5\xafF\
\xcc1\xbb\xf4\xb3\x8b\x92\xacN\xbe\x02\x86#u\xc0\xb6\
\x17\x11\x1a\x83\x0e\xc5\xd5\xa5:\xf0yq\xd0\x92\xd9\x1e\
9\xa9\xb7E#YB \x11VdB+\xad*B\
\x08\x18TU\x10\x11D\x00q\xdeY9M\xf3\xc9M\
,\xbd\xa3\xd7\x0eCSD\xd2\xca/\xa6N\xa63\xcd\
\xc7\x5cS\x04cI\x85\x92{\x13H\x03jD\x15\x95\
T\x05Q\x88\x10\xc0\xc6T\xe3\x15\x0d \x09\x10\xe14\
u-\x1d\x0f \xb4eL\x19 \x80F\x90\xa0\x5c\xa7\
\x90,0\xab\x08\x87\xb2\xa9F1\x96d\xd0\xda\x0e\x88\
\x90d\xde\xf6Q\xbau\x89\xb1&K]\xdf\xb3`\xea\
\xdcY\xd0&\x92\xdd\xd8\xe4q\xb5v\xf7\xf1\xfb\xb1\xb8\
\xe5s\x8f\x9d\xbb\xb0\xb1\x8b\x06\x17V{\xfb\xdc\xe2d\
R\x16]\xf7\xe2\xa3\xf7///\x03\xc0$\x0c\xb7\xf6\
\xd6U\x05\x10\xc6q\xe7\xdc\xc6\xce\xa9\x8bO->\xb8\
\xb8\xba\xb6\xda\xef\xf7\x9cw\x1f\xfa\xc8\x17N\x9c<\xf1\
\xd4SO=\xf4\xd0C\xe7N\x5c\x8c\x95x\xc8\x08\xfc\
8\x08\x93\xa1\xa2\x1f\xa4\x06\x0bM\xc5\x22l\xb2\xfc\xfc\
\xce\x06\x18\x02k\x87\x9b\x1b\x17\xff\xf2\xb3\xc7\xef\xfe\x9a\
\xff\xfa\x1f\xfdG\xdf\xf7\xb6\xc3w\xdfu_\x9eu/\
\x9c\xbb\x90\x87\xcdA\x8eD\xbcy\xe2\x89\xf7~\xf4\xf7\
\xaf\xac\x9f\x9e\x8c\xd7Y\xf6\xac\x0dk\xab\x83\xfb\xee\xba\
\xf5\xae\xa3\xb7\xdfw\xfb7/\xf4\x0a\x8b\xb5\xc4\xa1j\
\xc5<A\x8e\x80\xa4\xea\x0c\xf5\x882\xd0p\xcb\x91\xfd\
\xfb\x0e\xee;y\xf6\xdc\xc5+\x97\x0e\x1f\xb9mqi\
_\xbd\xbd\xeb\xad\xf7\xc5\x00B\x84\x10\xc8\xb0p@\x12\
\x10\x8d\xb1\x81\xb6X\x9a\x01\x85(\xaa,\xde\xf7XU\
\x84\x9b\xd0\x8a>L\x8a[\x83u6\x03\xc0\xd8\xc4\xaa\
ijmj\x09\x81\x05\x02\x15\xd4\xf7.s.\xa7N\
\x0e\x85\x03\x9f+/\x8a\xdd\xff\xe7\x9fz\xfa\x03\x1f\xfe\
l\xdd@\xb6\xd4%\xe3;\x9dN\xe6\x1c\x89\x16.+\
\xf2\xdcXR\xd5\x99\xeb?\x5c\xbbvQU\xe7\xfdh\
\xb4\xe7\x9cC\xc0\xba\xae\xad1\xa3\xbd\xd1\xac\x12f]\
\xd7\xe4,\x18@\x90\xc5\xe5\xc5N\xdd\xa4\xa1\xb9\xae\xaa\
&4\xa2\x0a\x84\x96L\xa7\xd3I\x80\xa9nj\x93j\
Z\xaa\x5c\xf3\xc4\x02\xc04\x99%q\xc8i\xdd\x09\xd3\
\xb9\x81\x05N\x9e^\xbft\x1c\x06\xa6\xbc\xeb\x96\xc5}\
\x9d\x05\x8e!UM\xc1\xa9\x7f\x0c'\xc9\xb2\xce\xd6\xf9\
\xaa \x00\x8c\x10-\xf2p\xeb\xf2bhP\xed\xf2\xca\
\xe1s\xa7\xf3\x00# \x11\x0d\x04\x9c:7\x08\x02S\
\xeb\xf1E4\xab\xe3&\x92,\x92\xc8X\x0b\x0a\x22B\
7\x947\xfa\xca\x9b^\xdf\xdf!U\xd1\xd3V\xd03\
\x17\xe2\x9cQ\x1d\xaaWS\xc6\xda\x89\x83S8\xa8u\
\xd3\x02ATa\x9d\xd6\x8b\x8f\xcc!\x84Z\x94\x93D\
TU\x0c\xaaAT@ee\x86DE1\x0b\x8b:\
\x9b\x15E\x91\xe5\x99\xcb\xbd\xf7\xdeyo\xc8\xce|\x92\
S8KU\x10\x151$G\xb79\xc7\xadk\xcf\x05\
\xb4i$2#\xa01\xce8\x03J\x88\x06\x01C\x0c\
\xe3\xbd\xdd\xc9x\xb2\xb3\xb3\x0b\x80\xc6\xbb\xe5\xa5\xbe/\
\xbc\xcdL\x08U\xd3\x94\x93Q\xcdM%\xcc\x00\x11L\
\x03\x00\xad)\x99N\xd5\xfa\x92\x8e\x01\x01\xd1R\xd6\xc9\
:\xfdN\xd6+\x0ac\x1d#0\xc8\xc5\xf5\x8b\xa7\xcf\
M\xa4\xdbob\x1d8\xa0\xc6\xf4P\xa5'-=\xfc\
\xc9\xaa|8\x1c~\xe63\x9fy\xe1\x0b\xef\xef\xf7\xfb\
o}\xeb[\x1fy\xe4\x91\xcb\x97.\xbf\xe7=\xefQ\
\xd5^\xafW\x14\xc5\xd1\xa3G\x97\x97\x97E\xe5\xc7~\
\xec\xc7^\xf5\xaaW\x01\xc0/\xfc\xc2/4M\x93j\
\xe9\xa5\x94\xd7\xdbo\xbf=\xcb2\xbc\xa1]{s\xaf\
\xea0f\xef\xcc\x88\x0d\x9c\x0b\x94\xe8\xb5\x22\x8f\xebf\
w\x98\xa3%\xe0\x06tr\xdd\xfb\xd7\xfd\xd1\xeb\xde\xfc\
b;\x99\xdf8\xcd\x9eM\xd3\xa4\xe2\x063\xdb\xee\xeb\
\xbe\xfb\xd5\x889R\x9b\x01\x8e\xc4p\xb4e\x15\xbf\xfc\
\xa6m\xbfB\x22r\x86|\x0cPNbn\x8d5}\
\xebq\xb1\xefk>\x1b\x9a\xad\xa6\x09\xceYD\xe4\xc8\
`\x14AR=D\x84\x80i\x1c h\xd3\xfcZ\xbe\
\x02 \x19 \xb6\x9aaH=\xba%\xa1g\x99/\xd7\
HM\x11`^\x02zMCP\x83\x08\x16\x11E\xb8\
\x86f\xa2(`\x22\x90ARD\x05A\x22C\xc9\xcc\
}\xfa\x95\xe9c\x9dv'\x00\x001\x02\xb0j\x03\xda\
`\xfb3\x800\xc4\xc0u\x1dc\xa8b%(y\xee\
\x8b\xbc+,\xe5\xb8\xee\xe4}\x94\x8c\x1b\x0bL\xdez\
G\x0eH\x81\x98\xb1v\x99\xbdti\xfc\xc4\x89\xa1\xc9\
\xef\x97\xbd\x85s\xa7\xaf\xec\x96a\xdf\x81\x95\xe4\xd0\x8e\
D\xab\x07\xf6\xe7y\xd14\xf5\xc5\xf5\xcb,b\x88\xaa\
\xaa:{\xf6\xec\x993\xe7\xce=\xbb\xbe\xd9Z\x8b6\
\x9dn\xb7\xdb\xe9(\x88\xaa\x8e\xc6\xa3\xd1\xde\x1e\x12e\
Y\x01\xb1\x94\x18\xa1M\xa1A\x09j\x8bB9\xae\xac\
\xad,\xf7\xfa\x0a\xb6\xbb\xef\xc0\xda\xeaJ\xa7\xeb\x00\xc3\
\xe2B\xb7\xd3qO=\xfa';\xdb\x1bO>\xfa\x81\
\x8b\x17.(\xf3\xa0\xac\xa1\x1c\xc50):p\xe0@\
\xef\xd0Zq\xec\xf9\xfb\x0e\x1e<v\xe8\xf0\xe2\xd2R\
^\x14F#H\xbd\xe1\xd0Y\xa3\x885pM\x18\x8c\
!P\x87\x9a\x1b\x83d2\xb06\xc4F\x09\xef\xb9\xf7\
\xce\x9d\xdd\xbdgN<\xe5\xfd\xb3G\x0e\x1d\xc9\xf6\x1d\
\x04Q\x88\x0c\x5c\x83\xd6\x04\x0d7\xe3\xa6\xda\xa9\xcb1\
\x87\xc6([\x04B\x83\x04\xa0\x14\x1a\x044\x88\xd6Y\
Jn\x10UUE\xe6\x18B\x88\x91##\x08\x19\x00\
G\xde\xe7\x9d\xc2Y\xf4RJn}\x96\xe7\xd1\xfa\x06\
\xb0\x89\xa6\x94\xfe\x89S\x1b?\xf3\x0b\x7f\x5c\x0at\x17\
\x06\x95\x9a\x22\xef$\x1b\xf3\xdc\xda\xc2y24\x13\xa5\
\xe3\xd4\x89\xe8\x9a\x07\x09\x11@\xfb\xbd~U\xd7\xc6\x18\
\x03PVU\x88!\xe5\xf1\xdfw\xdf}G\x8f\x1eu\
\xbd\xfc\xeb_\xf9\x0d\xfdN'G\xbbPtI\xa1\x1c\
O&Uye{\xeb\xc9\x13O\x7f\xfa3\x7f\xf9\x85\
'\x9e\x1c\x0e\x87Y\x96\xf9\xcc\xb7\xde\xd77vU$\
VI\x8b\xa7\xe4\x0c;\x1a\x8d\xd2\x08;\x1d\xd4\xec\xa4\
\x8e\x8f>\xb1\xbe\x7fa\xe9\xc4\xb9\x8d\x85\xe3kJ\x01\
\x10S4\x8a\x84Rq\x94i\xccf&\x17H\x9d\xae\
\xb6\xe8\xca\xbd+0\xda\x81\x81\xcd\x16\x0fE\xea*n\
;\x8a\xc4L\xb3\xf2\xe7\x82\x18M\xdb\xb7\x10\x95\xdb\x89\
\x8d\x99\xad5D\x94T\x90Dx\x13^\xe3+oW\
#$\xb3w\xccT\x0c\x0cp\x15s\xc0\x0cvh\xeb\
#w\x95\x07I\xe9k\x92\x8c\xb5\xda\xd71UY\x8b\
1\x0a\xb3(\x8bH\xfb\x91\xc8T\xcc\x0e\x91YX\x10\
\x08\xc9Zc3\xef3\x9f\xe7y\xe1}f\xacEg\
\x88\x08\x01S\x89\xb6\xa4\x0bM\xbcB\xeajJ\x0c\x10\
\xaf\xe2\xa1\x9434\x07\x8f\x14@\xc1Z\xe7\x8d1H\
\xc4,*:\x99\x8c\xd6\xd7\xd7ww\xf7\x8c1\xbdn\
oi\xa5O\x84\x8a\xda\xc48\xda\xdb\xac6+D\x06\
\x95T\xc5\xda \xa1\x11\xa18=W\xa5\x94`\xa7\x0a\
*\x04\xe8\x9d\xf3\xde-\x0d\xf69\xe3\xbdu\x06|T\
\xcbJ`\xfc#_x\xd8\x17\xd0x\x97\xbb\x82\x85\xdd\
\x5cT9\x85W\x8a\xa2(\xcb2\xe5\xbb>\xfc\xf0\xc3\
\x1f\xfa\xf0\x87\xbf\xe5[\xbe\xa5\xd7\xef\x1f\xbe\xf5\xf0\x8f\
\xff\xf8O\xe4y\xfe\x8aW\xbc\xe2\xe8\xd1\xa3\xa3\xf1x\
aa\xe1\xf6c\xc7>\xf7\xb9\xcf?\xf3\xcc3EQ\
\xbc\xf7\xbd\xef\x1d\x0e\x87\x8b\x8b\x8b\xa3\xd1\xa8(\x8a\xc9\
dr\xfc\xf8\xf1;\xef\xbc\x13\xe7,\xbff/n\x04\
\x1f7N\xff\xa9\x03^\xb7\x00\x98a\x91yW\x0f\x98\
\x83 \xd7A\x87\xf9\xfd\xdf\x14R\xcc\x7f\xfa\x9c\x5cH\
j3Y\x09N\x8d\x86\x93\xb3\x9f\xf7\xde{?\xdb-\
~\xd5\xea9`.\xa4\x92bi3\xcd\xed\x17sV\
\xf9\xab\xed\x14\x00\x08\xd0\x128C\x8e\xackE\xda\x82\
 \x99\xb1\xcb\xdd^U\x8eEjU\xad\x00\xa2j\x10\
\xc6d\x93!\xcaH\x11\x15I\x0d0 B\x1b\xa0\xc7\
\x19\x9chi\x8f\xb6\xce\xe5Tg\xda\xa2\x8a\xab\x0c\xc7\
\xf4H\x92\x18K\xf1\xfa\xa1\xaa\x1d\xbe\x84@Ucl\
JA\x00\xc3>\x032\xae\xd5t\x05\x050\x94\xf2J\
\x90\x90\x928\x14\xa1\xf5\x7f M\xbf\x98AS\x81\xb7\
\x0a\xa4\x02\xadAj\x085\x87&\x86Z\x99\x8d\xa3\xee\
\xc2\xc0\xda|\xb2WI\xc0^g\x1fP\x07\xd4\x1b\x9f\
\x99\xc2@P\xe0\x00^\x80L\xa8\xd9\x18[\x06\xbe\xb2\
5\xb9x\xe5\xc9\x92\x87\xfb\x0e\xdf\x16\xb0^?sr\
a\xf1\xc0\x81\xfd\xb7:\xef\xc7\xa3\xd1d4V\xd5\x10\
\xe3\xe6\xc6\xc6\x993gN\x9f>\xbd\xbe\xbe>\x1e\xd5\
\xd5\x04\x98\xe3\x91\xa3G\xef\xbc\xe3\xf6\xc1\xc2\x809\xee\
\xdf\xbf\xba\xb8\xb8X\xd7\xd5\xca\xf2rQ\x14\x1cwF\
\xc3\xed\xf1\xcehgk\xb8\xb1\xb3;\x0e\xa1\xb3\xb4T\
\x85j\xa1\xdf\x95r\xa2U\xd9/\xfa\xc3aS\x8e6\
\xc2hb]\xb3~y\x17t\xb4\xbd\xb5\xbe\xb8H\x00\
r\xc7\xfe\x85^Q\x1c\xce\x96\x0e.\xdfy\xf8\xd0\xfe\
\xfd\x07\x96\x96\x96\xb2\xa2\x80,c\xeb\x1a\xc2\x86y\x22\
\xdc\x18\x9b\xdb\xbc\x1f\x9a!\x04&T\x94\xa8\xc2\xa0(\
\x8d\x86\x06\x14r\xc0\xa2n8\xeb\xf6\x98\xb9*'\x0b\
\xfd\xceK^\xf6\xa2\xbd\x8d\xad\x13O=\x16\x1ey\xf8\
\xd0\x81\xc3\x07\xf7\x1f@\xa7\x00\x15 \x83\x94*\x8d5\
\xe0(Ce\x0d\x91\x99\xd3\xa4\x10\xd5\xb0\x84\x10B\xd3\
\x04\xe6\x98\xaa\xed\xa4L\xabNQ8\xe7\x8cQ i\
\x84\x03Gf\xaec\xe5\xc0\x1a\x0bdH\x01#\x9bF\
\xb3\x91.\xfd\xcao\xfe\x9f\xa5\x82X[5`;Y\
Qt\xf2\xcc:\x83\xb9\xf3\xce\xd8&\x84\xc8<\x1bJ\
\xae[\x09\xa5\x9f\xd6\x9a\xe1p\xe8\xbd\xdf\x1b\x0eEu\
ee\xe5\xf6\xdb_\xf0\x8d\xdf\xf8\x8d/z\xd1\x8b\xd6\
\xd6\xd6\x1e|\xf0\xc1\x0b;\xebw\x1c\xbfc\xa57X\
\xcc{\xbc3\xda\xbe\xb4\xbe\xb6\xb2\xaf\xb3\xb44\x1c\xed\
\xbe\xf2\x1b\xbe\xee\xad?\xf4\x96\x8d\xad\xed?\xfc\xd0\x1f\
\xfd\xc1\x1f\xbc\xff\xcc\x99\xd3\xc6\xb4}\xf0\xc6\xbe5\x1b\
p\xad\xb5\xddn\xb7\xd3\xe9$o\x80v4D\xcb\xd0\
}\xe2\xe4\xde\xf3\xef\xd6\xb3\xf9\xf8\xc8\xa1\xf1J\xbf\x87\
\x12\x8c\x0a\xea,K\x0c\xa7\xf0\x01I\x05P\x90\x145\
\x10\xd4\xa4\x96D\x87\x9b\x97\x07\x07\x01\xf2}T\xecc\
\xdd\x02\x1e'\xf1!NS\xd20\x92Ac\xc8 \x00\
3kJ\xc1\x22\xb2\xd6\x02hd1DI\xae\xf8e\
\x0e _\xbc\xdd\xb8\xcf)\xb7\xd1v\xe9k?O\x91\
\x14\x9d\x062DU\x14\x859^u\xee\x12V\xe5\x10\
JI\xd5\x5ce\xea\xdf\xd2\xf6\xf1v\x1ci\x1a\x06I\
K\xd8<\xf3\x85\xf7Y\xb7\xdb\xf3.s\xce\x03`\x8c\
\x1c\x99\x91Q%\xb9\x82Zk\x11Z\xaf0\xd5t\x91\
\xb1\x05\xf9W!\x11\xd2t-5\xc3\x1c\xa8@\x80\xd4\
D\x9e\x94\xa3\x9d\x9d\x9d\x9d\xed\xed\xc8\xb1\xdf\xeb\xad\xee\
_I\x82\xd0I\xb9\x1bc\x1dB\x10P\xb2\xc6[\x0a\
1\x10\x02\x11\x12\x22A*m\x03mu\xcb4p\x8a\
 `\xe1\xb3NQ\xf4\xba\xdd\xa2\xc8S\x80X\xc4\x08\
X\x06\x1f\xa1\x08\x90=\xf4\xf9'l\x8e\xc3\x86\x8d\xa7\
\xc8\xec\xe8\x9aJ\x22)X0[\xc1{\xef\xdf\xff\x07\
\x7fp\xdbm\xb7]\xbax\xf1\xd4\xa9S\x9fy\xf0\xc1\
\xd7\xbe\xf6\xb5ox\xe3\x1b\xb7\xb7\xb7\x9f|\xf2\x89\xba\
\xaa\x7f\xfe\xe7\x7f\xfe\xd2\xa5\xcby^0\xf3\xbd\xf7\xde\
\xbb\xbc\xbc\xbc\xb9\xb9\x99J\xb3\xae\xac\xac\xbc\xf0\x85/\
L1\x88\xa4\xb5L\x86Z\xd7\x95e\xfeb\xcc\x07N\
\x05\x1f\xb3\xe7a\x06\x05f\x95Yfv\xa5\xd7\xe5\xc4\
\xce\xe3\x89y(3\xdb\xff<\x1c\xb9)\xf9qS.\
d\xfe\xeb\x90:\xc5\xd4\xd9\x0c\x00R\xf4`\xbeL\xcc\
W;\xcf1[\xc3\xa5{?[\xcc\xc1\x97\x8c\x90}\
\xb1\xa6\x80\xaaD\xe8\x00<\xa2'4\xe8\x0c\x1aVb\
\xf09D\x17E\xac\xe9uz\xfb\xc9\xf9\xf1d]\xc2\
\xc4\x1a\xa3-\xff\xd9f\xa1\x92\x22\x08\xa5\x11=\x19h\
\xb4\x13}\x0a\x95\xb4a\x93k\x19\xd4t\xbf\xaf\x06V\
0\x8d\xcf\xd8\xd6\xa6\xbd\xc9\xa1\xa2\x020#\xb1jd\
\xad\x18T 4\xe5$\xeft\xbc\xf3@\x00\x06!\x94\
\xc8\x9c\xe4\x1c@\x84H\x88\xd4\x96H\xd7\xf6\x91$\x01\
\xd0\xa0\xd2\xa0V %\xf0\xb8\xa9\xf6 \xd6\xa0\xd1\x80\
ZC\xda\xe9\x07\x89\xe3\xd1\x9eJ\x96g}0]`\
\x03\x0a\x10\xab\xe4\xdeH\xa4q2$/M`VY\
ZZ;~|aXnW\xc3\xed^wm\xffr\
\xe7\xf8\xe06oo1f!4M\x87(\xc6\xb8\xb9\
\xb99\xde\xde\x8e\xe3q\xd7\xda[\xd7\xf6\xef\xeb\xf7c\
`\x15 \xa2\xe5\xa5\xa5\xa5\xa5~\xaf\xdf\xe9\xf7:\x99\
\xf7U\xb5\xcdM\x15\x86\x95N,\xf3\x95\xd1\xce\xe5j\
<1\xac]\x17\x89\xb0\x9bwW\x16\x8b\xf3gO\x98\
X\xdeqh\xffZ\xb7>r\xd7RY\xd2\xeen\xd9\
\xeb\xf9\xa2X\xdc\xb7\xb2\xe6\xdc\xa1\xe5\x95\x22s\xdc\xef\
e\x9dnQ\xb8\x81A\x8b\x08\xa8c\x84\x91!\x04\x16\
`\x05\x15\x07\x06\x5c\x0f\x18\xa4\x1e\x1aPj\xddeI\
\x99U5F\x89\x0c\xcef\xc6u\x15-\x07\x02Ug\
\xac\xc6\xc0\xf5\xd8@u\xec\xc8rSVM\xb9y\xe6\
\xd4E\x81\xa8(\xa2\xc1\x18!\x8c\xdcT\x964\xe5p\
\x83(\x01\x22\x9a\x00\x04d\x88(\xcb\x1cQ\xd6\x92\x10\
\xd0\xce\xcc!6!\xb2\xa20\xa2\x02\x129r\xe8\xc9\
\x1ag\x95\x90\xd5\x81\xed\x1a\xbf\xff\xf7\xff\xaf\x07?\xff\
L%\xc6S\xb6\xd8/\x06\xe8|\x96\xe5En\x0d\x88\
!\x0cM\x881*\xc2\x0cm$=\xffu\xcfRS\
\xd5\xde\xbajR\xde}\xd7\xdd\xcf\x7f\xfe\xf3\x0f\x1f>\
|\xff\xfd\xf7WUu\xe6\xd4\xe9\x93\xcf<\x93\xe7\xc5\
=\xf7\x1c\xbfr\xf9Rye\xcb,\xaf\xfd\xf6\xbb\xfe\
\x8f\x87\xfe\xfc\x93_\xf7\xf2W\xdc\xfb\x82\xe7\xbd\xf0k\
_*\x02[\x97.w\xfb\x83\xef\xfa\xae\xef\xfa\xf6o\
\xff\xf6\xcf?\xf2\xc8\x07\xde\xff\x81\xbf\xf8\x8b\xbf`\x8e\
t\xad\xff\xf4|H8u\xd8\xb5\xb5\xb5\xcd\xcd\xcd\xdd\
\xdd]Uu\xce\x01\xd9\xc0\xb6\x8c{O\x9c\xde=\xb0\
o\xf5\xc9\xb3\xe7^z\xdf]\x0e\xa2QA\xb5\xa84\
\xcb\xed\x9a\xf9\xf5\x22(\xa0\x90\xaaj\x8dB\x85\xb3\xa3\
\xadK\x83\x10\x81\x06\xbe\x7f\xb0\xe4\x0be\xb5\xbe\x90u\
\x0c\x83\x22\x01\x0a\x08 \x931\x16\x89T\x95\x85A\x95\
\x0c:\xe7E\x18\x11\xac\xb5\xa0\xa0*\x7f\x05\xb9\xc6W\
\xdeZ\xc0\xa1\x0a7T\x15\x99\x89\x0aY\xa1\x11IV\
\xe6Q5\x86\xd8H\x1bC\x89,Q\x85\x15\xc3T\x86\
\xda\xae(\xb8\x8d\xc6\xa4.\x8e\xd6x\x9feEQ\x14\
E'\xf39\x91Mi;\xe9\xd3\xd6\x03M\x00[\xe5\
lZ\xb3\x01L\xf3\xb7\x13\xec\x98\x8b\xfbP\xfb\x1a\x11\
\x80\xda<\x14\x00U\xd8\x9b\x94\xdb\xdb\xdb\xe3\xf1\x08P\
\xb3\xcc/,- \x02K\x9c\xd4\xa3\x10\x02\xc7`1\
\x22\x08\x10\x10\x80J\x08\xa2)\x91.q\xbe\xa9X2\
i\x87\x80\x08\xc9 \x11P\x9e\xe5\x9d\xbc\xdb-\xbay\
\x9e\x13\x110\xd4P\xaa!D\x0f\x94+\xf5\x11\x17\x9e\
|j\xe3\xa9\x93\xe3\x92\x0d\x83\x1d\xedN\xbcw\xe2\xc4\
Z\x9b\xac\x8a\xe1\x86\xd9=\xc6\x98\xe7\xc5o\xfe\xc6o\
\xdcu\xd7]EQ\xfc\xf0?\xff\xe1\xaf}\xd9\xd7:\
k\x01\xe0\x0b\x8f\x7f\xe1\xd3\x9f\xfet\x08aumu\
mu\x7f\xaf\xd7c\xe6+W\xae$\xb8\xec\xbd\x7f\xde\
\xf3\x9e\xd7\xedvg~_\xf3/fE\x88\x9e\x13v\
\xcc\x03\x88y\x04p#D\x80/\x82\x15\x9esv\xbb\
q\x83\xe7\xe49\x92\xbb\x84\xcee\xf9\x1ac\xba\xdd\xee\
|Y\xb8\xd9N\xec\x8d\x12\x8f\xff\x9f\xb5\xf9+5\x7f\
\xc3\xea\xba\x8e1fY\x96\xc8\x9f\xf9\xf6eR\x1dH\
\x00\x1e\xd4\xa3-\x8cu\x8d\xd4\xbeK 58\xd3\xa0\
4\x8c\x86\x06\xa1\x01t\xd0\x1b\x98j\xb2=\x19\xef:\
k\x10E%(\x8a\xaa!\x01\xd3&\xad\x03)`k\
?\xd4\x02\x89v}\x09\x82\xd0\x16\xd5VL\x82z\xc2\
\xb9\x90\x0a\x00\xa4<\x98\xabC_+l\x9f\xad3\x14\
ED#\x90q\x16\xbdu\x02~R\xc5\xdd\x9d\x1d\x00\
\xcc\xf3\xac\xd7\xeb\xa2\x05\xa4\x08d\x00\x09\x04@\xdaq\
hjt\x99\xc6o\x02\x12\x84\x00a\x1c\x9b=\xe1\x09\
iM\x10\x11\x05A@\xa0\x1e\x9b\xda\x80w]\xeb2\
f\xd1z\x22AR\xff\x02\x179\x86 \x8dB\xa9\x8d\
7\xa6c\xccb^,\xbf\xf4\xa5\xfd;\xef\xd5S\xe7\
\xd6\xcf]>\xb9\xb55\xdc\xde\x88\x84k\xa8\xddv\x08\
\x13\x15\x91\x81\xd3\xbc\xdb\xf4lUv\xea\xba\x8e!L\
\xcaj\x13@AO\x8c\xb7u\xb2-\xe7\x9b:4\x15\
\xa0:kr\xef\x9d\xb7\x8b\xbdn'\xcbV\x16\xf3A\
\x7f\xb138\xc8\xa6\xf7\xaao\xfbO\x0e\x1c8\xf8\xc0\
\x9f\x7f\xack\xc2\xd1\xfd\x0b\x03\xb7k\xc3\xa9I\x99\xd7\
\xe5\x9a3@  \x8c\xaa\x06\xd0\x913>\x03\xeb \
\xaf\x01+Pl\x0ba+\xa9\x12\x82\x03\xb4\x006\x91\
\xc7\xc9\xde\x1a\x80A\x22pD\xc0\xa6\xae\xea:Z\xe7\
\xb3<\x03\x04\x15\x8f`\x88\x18Ac3i\xea\xe1x\
\xb4\x05\xd2\x10H\x9eq\xe6\x05\xc8\x229a\x14i\x98\
A\xd1\x1a\x9c\xa9u\xda\x98\x9b\x15\xd6\xe9\xadL\x11\xbd\
\xab1\x89\xb6h\x97\x22\x91\x82\x0d\x0c\xca\xe0\xadE\xb4\
h\xb3\x08Y\xc9\x85\x98\xe5\xcf>v\xe9\xd7\x7f\xfb\x93\
b\xd0\xdb\xbe\xf7}Wt\x8dw\x86\xb4\xc8<H\x0c\
eMj\x8d\xb1\xac<\xeb/)\x17.E\xa6\xd3\xba\
\xcd{\xb7\xb5\xbb\xd3\xef\xf7\xdf\xf6\xb6\xb7\xbd\xe65\xaf\
\xf9\xdd\xdf\xfd\x9d\xa7\x9f~\xdaXS\x95\xd5+\xff\xd1\
+\x8f\x1e9z\xf2\xd4\xc9\xc7\x9fz\xec\xc0\x81\xb5}\
\xfb\xf6\x7f\xe2\x8f\xff\xe4O>\xf4\xefuR\x7f\xf4C\
\x7f\xf8\x85\xcf?r\xea\xc4\xc9\xff\xf4M\xaf\xf7U\xb9\
~\xeeBoe\xb5\xdb\xed|\xdd+\xbe\xeek_\xf6\
\xb2\xcb\x97\xd7\x7f\xe8\x87~\xe8\xf4\xe9S\xce{k\xec\
\xa4\x9cd>\x8b\xd72\x1f\xaa\xda\xe9t\x98\xb9\xaa\xaa\
\xba\xaeU\xd3\xc5q\xc6\x17\xcf<[\xbe\xe0>\xb7R\
\xca\xb8i\x0am\xba\x94\xa5\x8a4\x8a\x11@Z\xa30\
H\x17\x08\x10\x14\x08P\xd4 k,!\x0ca\xbc\xce\
\x13\xc5|q\xbb\x0c\xfb:9F\x05\x06\xb5&p\xe3\
\x1dUe$@Bl\x9a\xa6iB\x91g\xc6\x9ad\
x\x0a\xa0z\x13v\xe6\xe6\xedf\xa4\xc5\x0d4\xc5\xcd\
\xd4\x7fs\x1b\xa7\xe5\xa2\xb6\xe7\x81W\xf7\x93x)\x00\
UhD\x9b\x18c\x08M\x085Kr\x08\x0524\
]\xbd\x07\x00\x9e\xc6\x9aHUU F\x05@k]\
\x96\xe5y\x96/\xf4\x972\x9b!b\xbb\xfc\x00PM\
\xf2\x914\xe0\x91\x05$\xa4\x18\xb9\x8e\x0d\x22ZcR\
*\x93s.6\x8d\xaaz\x97!!\x8b$\x8ftB\
\x83d\x08\x8cs\x19\x02\xed\xee\x0e/]\xba\xb4\xb5\xb3\
M\x0e\xfb\x83\xc1\xca\xbeeU\xa9\xaa\xc9h\xbc'\x1c\
\xda\x8a\x97\x04dA8\x18J\x85e\x93\xa0\x84\x09\xc8\
Z\xd7\xa2m\x00R\xe4:\xaab^\xf4\x16\x06\x8by\
\xd6\xe9\x14}B\xcb\x8c\x88V\x15Cd\xea\xadV\xac\
\xc6\xe4\xaeX\x1cM\xf0\xf2v\xf8\xb5\xf7~d\x120\
`\xaf\xe8\xae8\xcc\xad\x85N\xd6\xa6\x90\xcc\xd8\x82\xaa\
\xaa\x9csi\x05\xef\xbd\x0f\xb1\x19\x8f\xc7\x8f>\xfa\xe8\
\x91#G\x96\x97\x97\xdf\xff\xfe\xf7_^_?\x7f\xee\
\xdc\xe6\xe6&\x00\x1c8x\xb0\xdf\x1f\xa8h\xd343\
\xf1iUU\xcf\x7f\xfe\xf3\x8f\x1d;\x06\x00\x89\xe7H\
TJ\xe2\xd7\xe7\xcb\xb4\xa6vS\xe41?\x8b]\xff\
\xc0|\x19\x8b\xe4/\xa9<\x9d\xff\xf4\xc6\xcdn|\x80\
q.\xcbw\xb6sD\x9c\xd5gIk\x83\xa4h\xf9\
r%\x93\xff\xd0\xda\xec*\xc0\x94\xe1\x00\x80<\xcf\xff\
\x1aN\xa3\xcf\xfd7\x00\xd0\x82:\x00\x0fh}\x91\x9b\
A\x015\x07\xd2\xda\xd8h2\x1eO\x1c\x0d\xd0\x1b\x88\
\xe0r\x1a\xb8n5\x19\x8b4\x0c\xa0 h\x93\xedV\
\xea\xdb*\x0a\xc8\x9aX\xc2Y`\x15\x93\x85\x07\xc2L\
\xba\x81\x88*\x00\xb3PukE\x90\x00\xc8\xd5\xb2J\
W\xe3.)X#b\x0d\xb2\xaap4\x16L\x9e-\
\x14\xfd\x18\xb4ibd\x1e\xeeU\xa8\xd1\xa0\x1aC\xce\
:c-\x98i\xa4'\x81 Mv\xa8\x0e\xeaFc\
\xc9\x5c\xaa\x94\x04\x8dAF\xe0\xe4\x88\x0c\x0a\x06\x8c\xa7\
,\xb7\x19\x1a\xcf\xa0I,\x22\xda\x04\x09\x0a\x11\x0c\xa3\
Qg\x1db\x1f\xcd\x22\xd9e\xf0\x1d\xf0\xa6\xbf\xaa\xfb\
\x0f/\x8f&\xdd\xbdqUNxg;\xd6u\xdb\x81\
\x9b\xa6\x091$\x1d\x1f\x00\x00\x10@\x81\x98y\xbfd\
\x0d9k\xbc3\xd6P\xaf[t;\x991\x949\x9b\
e\xce9+\xb5d\xd6YK\x88\xb6\x8ang\x82\x9f\
\xfe\xd8\xfb\xb2,\xbfem\xf9\xc8\xbe\xce\xbe\xce\xce\xd6\
\xe5\xcf5\xd5\xd3\xe9\xbcP\x1d\x01\x19t\xde\x14\xde\x16\
`s@\x0f\x8a\x10\x10\x08\x15\x10\x95\x00H5\x95\x87\
0\x90\x22h\x0a\xa0\x04l\x00\x184$\x97\xd5P7\
\x1c\xd5Y\xef\x9cEc@\xd5\xd9\x14\xc0\x12\x89US\
\xee\xd6\xd5\x16\xe9\x18\xa1\x01\x8d\x8a\x0c \xca\x8e\xa3\x03\
\x15\x15A\xe5\x16\xee\xb5\xd3\x10\xb6\x86\xd28\xef\x95\x04\
\xedm\xbd\xe1\x81W5\xa0\x96\xc8\x19c\x81L\x04\x1f\
 \x8f\xb4ty\x0b\x7f\xe5=\x7fX\x038\xd7G\xdf\
uy'\xcf3\xeb\x8cu\xaa\x1c8FaMQ5\
CW\xa71D\xec\xf7\xfb\xc9Q Y\x92\x0f\x87\xc3\
\xd7\xbd\xeeu\xff\xe4u\xaf\xcb\xf2\x1c\x00\xbe\xf5[\xbf\
\xedO?\xf6\xb1W~\xfd7loo\x7f\xe8\x83\x1f\
\xfa\xd8G?\xba\xb1\xb1\xb1\xb4\xb2ppm\xf5\xae[\
o;\xf7\xc43\xcf<\xf5\xcc\x81\xc5\xe5\xcdrs\xd2\
\xd4\xbb\xd5$\x188r\xd7\x1d\x87\xee\xb8\xfd\xf4\x99\xd3\
\xcc|\xeb\xe1[\xfb\x83\xfe\xca\xca\xca/\xfe\xe2/\xfe\
\xe6o\xfe\xe6\xfb~\xef}\x93\xf1\xa4\xd7\xedM&\x13\
\xbc\x96\xf6Hg\x97eY\xa7\xd3Ib,\x041\x08\
A\xb2q]\x9e\xbeX\xae-\xe6\xeb[\xc3;V\x17\
\x8c\xfa\xe4\xae!\x14\x10\x10\xc1L{B{%!u\
\x17\x10\x00\xae\xc6\x1b\x1f\xfd\xc3\xdf>\xfb,\xbf\xfa\x1f\
\xbf\x00\xf3~Y\x9d\xc9\xb0C\xeaD\x91I\x19Y5\
\x1ak\x92\xa8\xd0;g\xace\x0e\x86\xcc\xb5Y*\x7f\
#\xc3\xe9\x97\x02%\xd3\x11;^\xddr\xda\xf3E\x99\
%\x11\xda\x1cb\xc9\x5c\x8b\x08K*\xe5*\xc6\xa0\x08\
7u\x90\x84\x1a\x10\x89\x0c\xb3\x88\xa4 \x911\xc6\xf5\
\xba\x99\xcf\xf2\xa2\xe8\xe4Y\xe1\x9c#\x9d\xd6\x95\x9d\x96\
\xf2\xb9\xf1\xf0\x10\x91\x08\x93\xa6UT\x8d\xa2\xb5\xdeZ\
[\xd7\xb5\xb5\x9eY9\x00R[\x99#e\xd1\x0f\xf7\
F\xc3\xe1\xe5\xe1\xee\x9e\x88dy\xbe\xb6\xb6\xc6\xd00\
\xc7\xe1p;\x86&r\x00\x10$%H\x19|\x80\xa8\
\xe4\x0d\x08\x8b0*Z\x22g\xbc1V\x15b\x94(\
\x82\x84\x99\xa1\x85~^tzY\xd6\xb56'\x9bU\
\xccH\xd6\xbaB\xc9!:\xdb\xf1\x9bu>\xaa\xe0\xdc\
\x85+\x0f>\xf4\xff<\xf0\x97\x8f<yR\xb3>\x94\
Z`\xde\xa9\x1an\xa4rF\x80%\xcd\x0b31D\
RD\xa6\x99\xa2\xaekUFk'\xe5\xe4\xd2\xa5K\
\xab\xab\xabEQ\xd4U\x95\xe5\xf9m\xb7\xdd\x96$\xab\
\xbb;CD\x9aL&\x89\xc9\xa8\xeb\xfa\xde{\xef\xbd\
\xed\xb6\xdb\xf2<\x9f\xe1\x98\x19\xcf1C\x18\xf3\xaa\x8e\
y\xb3\x8d\xf9\x09\xfa\xa6\xfc\x07\xdc\x0c\x16\xfc\x0d\xb6\xbf\
\x16\xa0\x99\xdfr^\xde1S\x95\xba$f\xfc\xdb9\
\xd4\xbf/\x0d\xe7\x12\x84\x00 -\xd7\x00\xc09\xf7\x95\
\x00\x8e\x1b\x90\xe6,\xd8a\x01<\xa0c@\xb5\xd6\x9a\
\xae\xc9z1\x98\xe1^c\xc92T$@\xc4\xd6\x19\
g;\x00E\x8cU\x1dFQ\xc6\xb1)\x15\x84\x00[\
\xaf\x05PQ&h\xd5\x1a\xad\x00\x0e\x80R\xc1E@\
\xc4\xb4\xdcQ$\x9d\xbeL\x89pm\xb5F\x9c\xaa\xd5\
a\xa6\x05\x85vlj!\x8a\x80\x08C\xa6@F\x19\
\xad\xcflf9j\x08l \x18\x0c\xc214MU\
\x8e\x99C\xe6\x9c!5\x04h\x10f &4\x1cK\
\x95\x86(\x12\x09j\x9a\x0b\xd3?p\xd6[\x93#Y\
P\x11n$\xd6B\xc8\xca\x02B\x16\x9d\xf3\xd6:c\
s0\x8b`\x16\xc0\x0c\xc0\x00`\x058\xce\x5c\xccr\
\x5cYp\x1c3\xbe\xf5\xea\x02r\xea\x93\x06)k\xbf\
\xbd\xadj\x1du\xb1u\x00H\x9a2A\x02\x00\x01a\
\x10\x06\x89\xea\x02\xc2$\xc6Z\xd4\x1a\xd7\xc7N\xf1\x9d\
\xff\xd9k\x80\xf1\xf23_\x18_yz_g\xa1\x97\
\xc7\x91]\xb0D\x08j\x90b\x88\xaa$\xd6\x81\xf7\x80\
\x06\x989\xa8\xc6\x22\xd5\x98\xc1\xa9A4\xb4z\xf8\x99\
\xb3\xbb\x87\xe8\x01\xd2\xad\x0b\xcc\x1c\x1a&\xa2,\xcb\xd0\
N\xa1\x0914Ml\xf6\x9az\xbb)\xb7b\xb3c\
m\x00\x08\x00\xac\xca\x00\xaa\xc2\xa9JY;\xb6 2\
\xc7y\x17k\x85\x99E\xd5s<\x9f\xa2\x8a\xe8\xac-\
\xac\xf5H\x141\xaf8W\xbf\xf6{\x1f\xfe\xc8\xa3\xcf\
\x80[\xe8\xda\xac\xeb\xb2\xc2g\xdeZr\x16\x9c\x01\x0e\
5G\x050\xaaW\xc5\x90\xb3\x91\xae,\xcb\xe4\x957\
\x99L^\xfa\xd2\x97\xfew?\xf4\xd6cG\x8e\xa4\xc5\
\x9f\x88|\xe4\x8f\xfe\xe8\xa7\xdf\xf9\xce\xdd\x9d\x9d\xad\xad\
\xad\x9f\xfb\xb9\x9f\xbb\xf3\xce\xbb\x8c\xa1gO\x9d\xdd\xb8\
p\x89j\xb9p\xe6\xec\x85\xed+\xc3\xbdQ\xe6\xdc\xe5\
\xd1\xee\x11\x94\xa3\x17.\x9d\xbax\xf1c?\xf5S?\
\xf8\xc3\xff\xec\xf8\xf1\xe3\xbf\xf4K\xbf\xf4\xf2\x97\xbf\xfc\
\x9b\xbf\xf9\x9b\xbb\xbd\xee\x9b\xdf\xfc\xe6\xe7=\xef\xbe\x9f\
\xfd\xd9\x9f]_\xbf\xe2\x9c\xe3\xeb\xd7u-\xe6\xe8\xf7\
\xfbeY\xd6uM\x18\x15\x9b*\x90\x88y\xfa\xcc\xee\
\xbdwt/^\xd9\xb9cm\x95$\x17\x88@,\xd4\
 8j\x0dp\x11\xe0j\x85\xfa\x14\xa2P\x04\x09\xc3\
\xaf\x7f\xc97\xfc\x87\xdf\xf1\xaa\xf1\xf6\xa9G\x1f\x0d\x83\
\xc2i\x89\x08\x9e!\x06b\xc4&\x8aE\xab\xc9\xa9\xdb\
\x18K\x841\x82^/\xa6\xb8\x11.\x5c\xf7\xe6Mj\
X<\xb7\x04d:\x05\xcd\xbe!\x1a@uZ\xcf]\
D\x95c`\xe1\x18C\x8c\x919\x8a6\xa2\x0csn\
\xa4e\xd9\x00\xa2!\x83-\xab\xa11D$\xe3l\x9e\
eY*\xe8\x9ag\x1dk-\x91\x95\x94?\xdb\x9a\xf1\
\x5cs\xb0\xd7\x1e\x18\x00$\xbfs#\xad]\x0cZ2\
\x1c\xa5,\x9b<\xcb\x11,\xa21\xc6\x03\xe0x<\xde\
\xdc\xdc\xdc\xd9\xd9F\xc4,\xcbz\x83.\x026\xa1\x19\
M\x861\x8e\x01\x14\x09\x89(s\xc9Z\x90\xdb\xe8\x09\
$\x0d{\x1b\xc0\x22\xa0\xd4WB\x13\x8cu\xcefE\
'\xcf;E\xe1\xa9\x97A^t\x01}\x1d\xa1\x8aH\
y\x87!c\xdf+\xba\x8b\x1b\x9b\xbb\x8f>\xfa\xc4G\
\xfe\xfc\xcc3\xa77\xce<;\x0e\x11\xd0\x81t\xfc\x90\
\xbd\x9a\x9c\x1b\xade\x0cd\xc0!\x81\xceT\x90:\xad\
\xaf\x86\xadz\xc9\x02@\x08\x1cBp\xce\xb1\xc8\xf6\xf6\
v\x8c\xb1\xd3\xe9t:\x9dn\xaf\x07\x00\x93\xf1x2\
.ww\x87\x00\x90p\xf9\x1dw\xdc\x91\xdc\x8a\x13S\
\x92\x96\xfb\x89\xeaH$\xc7\x0c\x85\xe0\x0d-]\xe3y\
\x83\xaf\x9bn0\xf7\x80\xe0M\xc1\xca\xdfa\xa3\xa9\xd2\
'\xd9\x95\x8a\xc8W\x85\x9ecv\x03\x12\x1f\x9bFI\
s\xc3\xe2\xe9+\xfe+\xe9\xb7\x01\xb0\x80\x99`\x11\xa5\
`(\xb2\xde\x91\xc2.gTE<]N\xd6\x81\x9b\
\x9c\xba\x88F\x9b\x89\xb5\xdeP\xc7\xd8\xbc\x8eY\x15\x86\
\xcae\x94\x06\x85\x89\x92K\x18\xb1pk\xfb\x09\xc9\xc2\
Y\xf1\xaa\x97s\xfbt\xd1,\xecr-\xc2\x98n6\
\x0d\x99\xce\x8bL\x05ajY)Q\x8d \x9a\x0cL\
\xae`\xd5\x22\x22\x88\x94\x00\x0d9\xf4\xb9Hl\x84k\
\xe5\x10c\x13B\x83 \x86\xd0\x1a\xd08F\x10\x8b\x0a\
\xc4@\xd3y\xb7mm\xe0\x16E \x06\x00Un\x94\
\xc8\xba\xc2P\x86.\xb3.G\xeb\x81<P\x07\xac\x05\
k\x00j\x90d{\x9cA$T\x06ec\xd8\xd8\xf9\
%\x1e\x00\x00\xc7\x08\x80\xc9O\x13\x11A,p\x07\x92\
H^\x05\x80\xa1.\xb5\xaa[\xa3v\x15`F\xae\xc0\
\xa3u\x08M\xb35\xdc\xb8\xb4\xa5\xcbw\xbc\x08\x00\xd7\
/\x9c_\xc8B\xbdu1\xc6\xb8\xb8p\x9c,\x02)\
X\x05\xa9\xc6\xc3\xed:\xd4\xb1\x19\x1bS\x02 \x18\xb4\
\xb0\x0f\xc1\xa5\xcb\x8c\x04\x88\xa2\xc0\x90\x9c\xdc 1\x01\
\x82)_ZB\x94\xb2iJc\xd1Y\x8f\xc6\xb6\x95\
>\x10!n5\xf5n9\xd9\xe10\x22)\xbd\xa9A\
creQ1\x92\x12\xad)\x91\xe3m\x16\xc7,\x1e\
\xa0W#[\x08\xfa%\xe3\xa1\x18U\x05\x01\x88\xac\xb5\
\x05\x1ag\xac\x1fV\x04\xf9\xf2\xe7\x9f\xba\xf2\x81\xff\xfb\
\x0b\xa6\xb3 \xce\x905\xd6\x9b\xdc[\xef\x09\x8156\
*l\xc8\x019\x89\x96\xb9\x01\xba\xc6\x8399\xff\x8c\
\xc7\xe3\xef\xfc\xce\xef|\xc3\x1b\xde\xb0\xb9\xb1q\xf2\xe4\
\xa9{\xee\xb9\xc7Z\x1bB|\xe8\xa1\xcfZk\x1fx\
\xe0\x81\xcd\xcd\xcd#G\x8e\x5c\xbe|i4\xb0w\xe1\
\xc2\x00\x00 \x00IDAT\x1a\xe5yN\x00\xb7\x1f\
\xbb3z7\x06\x1a\xc6\x89\x8d\xb4\xb8\xb8\xf4\xc0c\x8f\
|\xf2\xc9\xc7\xef:~\xf7\xa4\xae\xde\xf9\xce\x9f\xfe\xd0\
\x87>\xf8\x9a\xd7\xbc\xe6'\x7f\xf2'?\xf3\x99\xcf|\
\xff\x0f|?(\xbc\xfa\xd5\xaf\xde\xb7o\xdf\x0f\xfc\xc0\
\x9bE\xe4\xa6\xf8\x8a\x88\xba\xddn\xb7\xdbM9\x17\x00\
\x0d3\x05\xf0\xeb\x1b\xe5\xde\x18v\xf3\xb8\xb7\xd7t\x8b\
\x01\x00(2S\xb0bh*\x8fL>y\xa0$ \
\x90\x5c\xcd\x15-6\x93\x9d\x13\xa6\xf7\xa2\xee\xea\xfe}\
\x07\x0e\xd9\xd1\xb3\x163d/\x88\x11\x95\xb0\x89B\x16\
\x94\x88\xac!\x11\x11\x16\xe7\xac\xb0\xb4\xe4\xdf\xec\x19\xbd\
Q\xb4}C\xe4d\x9e\x0e\xf9\xab(N\xd3\xf8\xa53\
q\x01H\x82\x14\x1c#3G\x0e\x22\x1cc\x93\x0a\xa0\
\xb0$\x8f\xa9\x99\xc2\x07\x92\xe3\xa71V\x15\x99a\xe6\
\x1e\xd6\xeb.x\xef\x8b\xa2\xc8\xb3\xdc:\x07\x00\xc2*\
\x8c*\x80d\x8cA\x94\xeb\xe5\xa9p\xa3\xb1j\xebK\
\x0c\x84(\x0c\xcc\xcc\xa2\xd68\xef\x8aN\xa7OD\xe5\
h\xb4}\xe5\xca\xc6\x95+u]\xf5\x06\xbd}\xfb\x96\
\xac3\xe3\xf1\xdep\xefJ]\xd7H`\x0d\x1ad2\
)!\x9fE\x18\x11mr\x22l\xd9\xa8\xd6a\x97\x95\
\x01\xc0\x80!4E\x91gy\x91\x15\x1d\x9fw|\x91\
[k\x99\xe3\xce\x84\x95\xbc-\x16Lw\xa1\x91<h\
\xfe\xf4\x99K\x1f\xfe\xe3\xf7\xfd\xe9'\xcell\xc1$\
\x82\xcf\xc0\xe7Y\xa3 b\xc9\x15\x81E\xa2\x006Y\
\xe1\xb2\x8c\x0c\x91\x9d\xb3\xd1L\xd2\xd1\xf4\xd8'n\xcf\
Z\xdb\xed\xf6\xaa\xaa\x0c!\xd4\xdb\xdb\x0b\x83AQ\x14\
yQ\x80j]U)X\x7f\xcb-\xb7\xec\xee\x0eE\
\xa4\xae\xebC\x87\x0e\xbd\xe4%/Y\x5c\x5cLK\xdf\
\x94\xc7\x81\x88)\x8ft\x9e\xdb\xb8\xe6\x11\x99c\xe5g\
\x9c\x07\x5c\x0b8\xae{\x07\xe68\x86\xbf\x0fhc^\
A2\xa3sR\x1a\xadM\x90\xed\xef\xfa\x08\xff\xbfh\
)\x86\x89\x88\xb3\xb4\xd8\xf9\xeb\xf2\xd7m7,Md\
\xca\xda\x02\xa0\x05\xcc\x8c\xed\xb3k\x9a\x86}\x5c\xc6\xfe\
\x1dK\xab\xb6\xf2R\xefA3B\x8d(\x11\x005r\
c\xd08k\xc8\x18\xe3\x9c\x86\xa16C\x11a\x89\x88\
@4K\x91Kd\x86\x22\x82\x80Pk\x8a\xde\x16}\
\x10%\xbcz\x22\x98\xe4Y\xed!\xce0/\x5c\xfd\x02\
\x00\x00 \x88$\xd7\xa0\x18\xa2\xd6\x0de\x1dE\x04\xe3\
\xc8yr6\xb2e\xa9\x15\x80\x90\xc9f\x16\xf2d\xf0\
\xc5M\xc9\xb1\x16\x8e!\xd4NJ\xa4)K\xad\x0c-\
\xcbB\xd3E$A\xd3\x08\x8c\x8d3h\x8d1\xe8\xf3\
\x0c|\x01\xb6\x0b\xb6\x07\xb6\x03\x90\x01fb\xbahK\
\xb5\x13\xc1\x093Jt$\x85\x83\x01b\x04\x9c\x80\xec\
\x01\x15\x08.\x9dN\xba\xd06K\x81\x8c\xe9P\xaa\x08\
\xb0\x07\xca Q9\x80D\x04A'\xa0\x0c\x12@\xa2\
h 5:\x09\x93r\xaf\x8a\xd2h\xdf\xbb\xde\xe8\xdc\
%P\xbb\xb2\xbc\xd6\xb7;\xa8\xeb\xdd\xc5\x1e\xc4\x896\
\x819XO\x80JM\xa0\xa8\xa4h\xd4\x1a\xe3\x88\x8c\
B\x00L\xfe\x92)\xaa\x02-\x9d\xa4\xa8\x8a\xa2J*\
\x00{\xcc\x81c\x10e\xe34\xf3\xd9\xd4\x93\x0d\x81\x95\
c\xdd\x84\x0bM\xb3\xd34c\x92\x1aI\x08Y\x22\x03\
\x90\xaa\x115\xa2\x88*\xa8QS!\xb6\xb4l$L\
\x0a\xbf4W\xaa\x02\x88}\x0e\x0e_# #\xa0\xb5\
\xde\x18\xaf`\xeb\x08J\xf9\xe6n\xf3?\xff\xfco1\
\xf5\x1a\x1dX\xd7\x18K\xceQ\x96\x19g\x90Yb\x0c\
\x89\xc7\x11M\x01~\x80\xb9\xa2P\xcc<\x1c\x0e\x8f\x1f\
?\xfe\xfa\xd7\xbf\xfe\xf0\xe1\xc3\xefz\xd7\xbb>\xf1\xf1\
\x8f\xf7\x8a\xe2g~\xe6\xa7\x0f\xdfz\xeb\xdepom\
u\xb5\xd7\xed\x81\x02\xc7x\xfe\xdcykm\xbf\xd7W\
\xc4\xc8<\x0eA\x8a,\x16\xbejjk\xedh\xb4\xb3\
\xb4\xbcd\x8cy\xf2\xec\x99\xb2\x9c,nm\x9e=\xfb\
\xec\x8b_\xfc\xe2\xef\xfb\xbe7\xfd\xdc\xcf\xfd\xfc\xc9\x93\
'\xfe\xc5\xbf\xf8\x9fD\xe5\xbe\xfb\x9e\xf7k\xbf\xf6\xab\
\xff\xfd\x8f\xfc\xc8\xf9\x0b\x17\xaf;_cL*Q1\
\x18\x0c\xaa\xaa*'c\x91\x8aL\x1f)\x9fT\xe5\x99\
g\xaf\x1c\xea\x0c._\xde^=\xbc\xaah\x04@\x0d\
\xa3$\xc5\xa8N\xa7M\x12H\x1e8\x04@\x80Fb\
9\x19\x9e[Z\xe8\x02\x8aqYY\xd6}\xec\x81Z\
\x01e\x94\x08!*u\xb3\xce\x0c\xd9\xab*\xb6F\x9f\
z\x0dr\xb8\x8e\x92\xb9\x1es$N\xf4\xfax\xfc5\
[\xcck4\xd2\xe0\x22\x9c\x14\x9am\xd3\xc82\x16e\
\xe6\xc8\x1c#\x07\xd5\xe4C\xaf\x92zb\x9b\x19\xdb\xf6\
\x12\x11\x04M`\x16\x0d\xd9</\xba\x9d^\x96\x17\xde\
\xf94\xf1%\xa3\x11U0\xc6\xa4lY\xd0\xab\xc6\xa5\
s\x07\xa67\x9c\xa1j;\xaa \x22\x1ak,\xf8\x10\
b9\xa9F\xa3\xc9\xf6\xd6\xb0\xae\xeb \xc18Z\x5c\
\xea#\xf6Cl\x86{[\xa3\xf1\xaeu\xe4\x9c\xe98\
#\x12A93F\x84E#\x22:CI-\x7f\xcd\
%!\xa3\x0a\xa4\xe8M\xd6\xcd\xbb\xb9/\xfa\xbdE\xb2\
\x0e\xd00\x12\x00F.\x14\x17\xfaK\xfdZ\xcc\xd9K\
\xdb\x8f?s\xfa\xb3\x8f\x9f~\xec\xc4\xf9\x93\xe7\xc6\xc3\
\x0a\x94@:\x0e\xc1M\x22\x8c\xa31&c\xa5PG\
\xef\xad!A\x88\x80u\x08\x93I\x10\x82<\xc9,R\
Q\xf1\xc4F$\xb8\xb0\xb8\xb8\xd8\xebu\xf3<\xcb\xb2\
,2\xaf\xaf_\x1e\x8f\xc7O>\xf9\xe4`0P\x80\
\xd1\xde\x1e\x12\x1e\xb9\xf5H\xb7\xdb\xcd\xf3\xbc,\xcb\xfd\
\xfb\xf7\xbf\xe8E/J~Bio\xa9\x04k\xda\xf9\
l&\x9eM\xcc\xed\x99\xce\xc1\x88\xf9\x0dnd8\xae\
\x9b\xb9\xae\xfb\xe8\xef\x9c\xea\xd09+\xd5T\x90\xa5\xbd\
\x9e1\xc6\xaf\x06\xcc\x91B*\x88\x984\xcc\xc93n\
\xa6L\xfe\x9b\xb87\xc9H\x02\xda`1P\xd5DD\
o\x9cm\xb8\xc8\x9aN\x84^\xf7\x96{\xba\xa3\xee\xf0\
Jo\xbcq60x\xb4\x99\x0d\x225\x88\x22:G\
9x\x14rM]I\x9c\xa0\x06\x98\x86*\x10@%\
-$0\xf9^_\x0d\xad\x00\x90\xe0U\xc1G;'\
M\xa3\x1f\xa0\x88h\x08\xdb\xe2\x108[\xa5 0\x03\
\x00\x1237\xdaTy\x07\xc1\x1a \x0b`E\x8d\xf5\
=\xd5\xbc\xaeK\xe1\xc6\x12:\xebb\x189\xcaMN\
&\x127\x13\x0d\x9aV^ \xa90\x88\x00!\xa1U\
@\x00\xa3@\xa8&F\x09\xdc #\x1a\x03\xd6y\xa7\
\x14UY\x89\x01\xc4\x80\xcb\x80:\x0a\xb9b\x0d @\
\xd1\xa0\xb5\xe8(\x16\xd0X\xe0\x12\x8c\x01\xe7\x813\x90\
\x14\xb0\x98\x0e\xee1A\x0dPE\x11\x05\xa8U\xf64\
9\xa8j\x04\x89\xc2Ac$P\x03J\x08\x04\xc0\xb1\
P%\xe7\x8a\xac\x93\xdb\xee*\xe0b\x94\xc0\xb1\xb9\xe5\
\x96\xc5\xd1\xa5u\xe6\xb8\xfd\xec\x05k\xa1i\x82\x02\xf4\
\xfb\x83\xac\xdb\xcfM\xaeDd<\xa4B\x0f\x11\xd0\x05\
\xc5\xd8NQmms\x045\x00\xad\xc7\x0ab\x10\xd8\
+\xeb\x09\x07\xf66+\x8a\x1e\x90\x85(\xa0\x0c\x08\x1c\
\x9b\xf1h\x97\xe5\x8a\xf0\x1ej4$0\xab\x5c \x08\
\xda\x1e\xafB\x9c\x01Hl\x8b\x87%\x07\xa7\xf6\xf4\x15\
\x10\xc1\xdc\x8c\xe7\x98\xddZ`4\x02h\xd0;\xf2\x06\
MPPS\x04X\xf8\xd5\xf7\xfe\xfb\x0b[\x00E\xaf\
\xe8-\xfa^i\x882\xe7\x105\x95\xec\x22\x22Ed\
\x16\xe6Hh\x91\x00\x89\x0c\x91\xaa\x86\x18C\x13\xee\xbe\
\xeb\xeew\xbc\xe3\x1d\x0f\x7f\xf6\xe1\xd7\xfd\xf0\xeb\xd6/\
_\xf6\xdey2\xef~\xd7\xbb\xdf\xf1\x8ew\xd4U\xf5\
-\xaf~u\xaf\xdb=q\xf2\xc4\xa5\x8b\x17c\x08\x84\
\xc81F\x00 \xac\x9a\x1a\xac\xd1\xcc20\xc7\x00\xce\
^\x19n[\x97\x0d\xba\xbd[\x96W\xb6\xaf\x5c\xf9\xde\
\xef\xf9\xdew\xbf\xfb\xdd\xef\xfa\x95w\xff\xcb\x7f\xf5\xaf\
~\xf1\x97\x7f\xe9\xfb\xdf\xf2\xe6_\xff\xb5_o\x9a\xe6\
\xf6c\xc7~\xe4\x9f\xfd\xf0\x8f\xfe\xd8\x8f\x0dG\xa3\xb9\
3E\x22\xac\xeb\x90eYQ\x14Y\x96U\xe5H\xb5\
\xb1\xce\x22\x98\xba\xc1\x13\xa7\xab\x17\x1c]\x5c\xdf\xdek\
\x0e\xb3!\x11\x15\x02;\xcd\xd5l;\x14@\xfam\xa6\
%\xd4\xd5b\x90\xc9\x06H\x056\xdf\x7f\xeb]\xe7\xcf\
\x7f\x9c\x05\xa9U{\xa0\x08\xb0J^\xe4MSF\x06\
g\xad\x82F\x9e\x95\x03\x9d\x1b@\xae\x06@\xe0\xfa\x8f\
\x00\xe7?x\x8e\xf1d\xee5s\x14\x15\xe1\xd8\xe6\x1f\
*\x87\xb8\x97l\xc1S\x89\xf9i\x90\x85\xa7e\xa4\xd3\
\x98\x86\x89\xc5!\x22P*\xf2n\x91w\xbb\xddA\xe6\
\x0b\x84T\x8d\xcc\x00 \xc7D\x9dZ\x04PV\x9a\xd6\
=\x00\x05\x808\x1d2f8i&\x0ek\xe9\x9d\x19\
\xa8\x22$D\x13\x02_\xbcxikk\x87Y{\xdd\
\xfe\xd2\xf2R\x1d\xc7M\x98L&\xe3\x18\x1b\x00A\x03\
\xdd\xae\x15\x09\x22\x0d\x82\x1ak\x0c!\x87`\x0cY2\
\x09ZA\xb2\xf9h)=\x04\xa0\x18\xab\xa2\xc8\x17\x07\
K\xbd\xce\x8239\xa8\x8bB\xac^\xd1\xa1\xf16+\
([\xdb\x1e\x0d>\xfe\xc9\xcf\x7f\xf4\xe3\x0f|\xe6\x91\
sWv\x81\x1d\x88\xcb\x22.\xb2\xcf\x228\x01R\xad\
0\xd3\x18\xa5,\x03\x18S\xe4Y\xe4\x06I\x85k\x8a\
Zd\x96\xbcE\xf0)\xec\x9e$\x17\xb3\xc2[\x0b\x0b\
\x0b\x87\x0e\x1d\xeav\xbbDX\x96\x13k\xed\xed\xc7\xee\
\xd8\xdb\xdb{\xf4\xb1Gw\x87Cgm\xd3\x84^\xaf\
G\xd4\xd2\xe7\x8b\x8b\x8b/\x7f\xf9\xcb\x8d1eY\x16\
E\x91\xa2*\x09p$\x13<\x9c\xc6S\xd2\xf63\xde\
\xfd:\xbab\x1eC\x5c\xf7\xe2\xc6\xff^\xb7\x87\xbf\xf3\
6KcI\xe1\xd7\xd6x3\xcb\xb2\xa4\x0b\x9bYp\
^+\x90\xfe{\x14\x19\xfa2\x9aN]S\x92ht\
\xa6\x0c\x9a\x0f\xac\xfcU\xce\xee\xc6\x80\xeb\x0d\xc9>$\
\x22\x00\x8c(`9\xf2\xcep\xef\x82C\xeet\x97\x22\
\x94Y\x06\xc2vT\xae8?\xe8\xderw>\xb82\
\x5c?9\xd9<\x1d\xe2\x96\x87m\x8f!\x83\x1a\x04j\
\x5cj\xfc1u{\x8ew\x80\xb7b\xd8\x94\xd0\x10\x0a\
\xa1E\xcdT\x9d(!\xd6i6\x9a&1\xa4\x18u\
*\xbd\x05\x80\x8a@\xd8\x06a\x15\x11\x14\x95U`Z\
\xdb;i\x11(%]b$\x88*\x0d\x84\x06J\x00\
\xbf\x02V\x00\x94 \x075`}'\xa3:\x9a\x10\x9b\
\xa6\x92\xc2\xad(\x97\xa0c\xe0\xa1\xc6]K\x8dV\x88\
\xd6\x01A[\x8f\xac\xfd\x83\x16\xc1\xa4I\x91\xa1\xc0\xbc\
\xe7\xbc\xb7\xd6\x89\x027\xa0\x11\x15*\xc6\x00\xb0\x8b\x88\
\x8c$y\x9e\x92\xf8\xa7\x07\xbf\x07\xb0\x9e\x9eBL\xe1\
\x12\xa9\x80\xa9\x0d\x9a\xb4>\xeb\x11 \x89+eZ\xcc\
\x17T\x02\x02\x13(\xa9@\x14\x10\x005 \x06\x04\x01\
\x1dQ6\xaac\xa7X6\xc6B9\xe6\xb89\xda\xdb\
\xf0\x16+\xc4^\xd6\x8d\x95\x8c\xd5\x10\xa1\xeb\x14.\xef\
\xdbb\x00\xae\xa8\xaa&\xc6\xe8\x81,\x01\x81\xa8F\x96\
\x02Z\x11\xa2\x1a\x02@Ee\xd0F9\xa6\xc2&\x22\
\xe3\x18w=8\xe3:\x96:\xc09D\x00\x0d \x93\
\x18\x86e\xb5\x13\x9a=+\x0d\x09\xa8\x9a)`\x9ay\
\x08F\xd4h\x00\x040L\xed\x1a\xa7\x8bJs\x95\x9f\
O:bU\x04\xben\xb5\xd9>\xc5\x89\x1b\xc9\xba{\
\xe3xh\xb0\xdf\xd4hX\xd0\xeb\xd0,\xfd\xd9\xc3{\
\x7f\xf8\x97!v\x8e\xb8\x9e5~\x98\xdb\x05k\x9cw\
\x9e\x8c\x0dA\x9a\x88\x86\x9c\xb1\x16HAY\xb1T\xe1\
\xc2\xe7u]\x03\x00\x88~\xd37~\xe3[\xde\xf2\x96\
_\xfe\xe5_\xfe\xf5_\xff\xb5\xdd\xdd!\x11\x8d\xf6\xf6\
\x0c\xc1\xe3O<6\x1c\x0d\x1bn:\xbd\xce\xb7}\xc7\
\xb7}\xf0\x83\x1f|\xf8s\x0fg\x9d,4!3\xde\
\x92\x09M0\xc2(\xbc\x98e\xdc\xd4\xd1;n\x02\x90\
\xe5*\x0cG\xdb\xd4\x8d\xfd\xacw\xf9\xec\xe5\xefx\xed\
w|\xef\x7f\xf9\x9f\xbf\xe4e_\xfb?\x1e9\xfc\xdf\
\xbc\xe5\xfb\xdf\xf6\xa3\xff\xfc_\xfd\xe8\xff\xb0X\xe4\xaf\
x\xe1\x8b\xdf\xfe\xdf\xfe\xe0O\xbe\xf3\xdfVU\xe3\xbd\
\xaf\xeb\xba(:uU\xe7\x99\xe7\xc8\xd6P\xaf\xd3\x1d\
\xeen9\x9f\x87X\x01X\xd5b\x5c\xf3N\xdd?7\
\xdc\xde\x0c\x17\xf7\xe5\x1d\xab\x08\xf5\x22+3\x00\x80\x00\
\x84\x04_\x0d\xd2\xf4\x1aFP\xce06{\xd5\xe4\xfc\
3\x9d\xbb^\xd2\xbb\xe5\xf9#\xbae\xcc\xa3\x95\xac\x0a\
\xe5\x86+\x8c\xa5.8\xcf\xb16FT!J3\x95\
o\xe2t\x1a\x9e]\xfe\xa9\x00Ig\xceW\xa8\x0aS\
\x19&*\x04\x00\xbdfr!\xba\x86\x0fQ\x91\xb6N\
-\x8b\xb6F\x1a,M\x9cRh\xaa\x8a`Z\xca\xa3\
u\xffCQU%UT%P\x05c\x15\x0d\x91\xc9\
\x5c\xd6)z\x9d\xac\x9bg\x1dT\x83@\xc8\x08J\xa6\
\xad\x9a\x93\xfc\x06[\x91\x0b\x02\x82L3q\x01\x98\x98\
\xb1\x01@\x22\x8bH \xa4j\xf0*PC\x00E\xa3\
,ZW\xf5\xeep{wg\xa7\xae\xeb,\xcbW\x0f\
\xec\x17\xd5\xf1htq\xfd\x22\xd2\x980 \xa1\xb5\xad\
4M\x93\xec\x17\x94\x10P\xa2\x82Q\xe7X\x95U\x09\
\x10\xc9\xa0 \xa9%\xf0\x16\xbcw\x9dN\xd1\x1d,\x8c\
\x9c\x8fhrA\x13\xd0\x07\xe8\xa9]d3`\xd3[\
\xdf,\x1fy\xe8\xe9\x87\x9ex\xfc\x13\x9f\xdb\xb8x\xe9\
b\x081\xcb\x07\xd0'\x11U$\x00D\x88\x0e\xa2\x02\
\xa6\x8bd\x0dd\x05\xa8F\x8d\x01U\xb5\x16\x00\x08L\
\xdc(\x00\x1bS&\x0b/\x22\xea\xf5z\xe9\x9e\xf6\xfb\
\xfd\x03\x07\x0e\xe4y\xbe\xb1\xb1\xb1\xbe\xbe\x9e>Z\x5c\
\x5c\x1c\x0c\x16\xee\xb8\xfd\xce\xd3\xa7O\x17E\xf7\xf8\xf1\
#\xe9[{{{\xb7\xdf~\xfb\xc1\x83\x07\x8d1y\
\x9e\x17E1\x18\x0c\xbc\xf7)Gr>!e>\x86\
2{}S\xba\xe2:\xdeb6\x8b\xcd\xd3!\xb3\xe9\
\xecK\xef\x04\xe0&h\xe6\xba\xfd\x03\xdc\x1c\xcd\xcc>\
\xba\xee\xe7\x17k\xb3\x03\x9b\x81\x8f6o%\xd9\xa4'\
\xf6c\x1ey\xe1\x0de\xe5\xfe\xa1\xb4Ym@DL\
\xd9t\x88W\x9d^\xfe\x96\x9b\x02\x08\x22x\xef\x80#\
s\x00\xab\xa9\xe6\xa7\xba\x22\x80S\x88\xaeg\x96\xbd\xc7\
}\xab\xdb\x17\x9e\x8cc\xdf\x94T\xab\xf5\xae\xa7\x18\x81\
G\x08\xd1\x9a\xdc\xd2\xaa\x9a^\x0dC\xe6\x92\xa5\x11\x0c\
@\x81\x10\xd2\x880et\x01\xb4\x1d\xca\x08\xd3T\x04\
\x0aJ \x0a)\xaf%e\x0a\x02\xa2*&\xd3\x0e\xb8\
:O\x03@*\xa6\xc0\x0d\xd7#\xa3\x0e\x84\xc0\x00X\
\x04\xb1\x10\x08\x8cxD@\xc3D\xb1a\x0bd(\x03\
\xca@\x8c\xcc\x9cQ\x95\xc8x2V\x81D\x01\x80\xd2\
\x02\x05\x81\xbc\xe9\x80\xc9\xc9\x10b\xaa\xed\xd8\x8el\x00\
\x09^\x00\x02O&\xc3\x84\x9d$\xbd\x99\xe8`h\xc7\
f@5BSO'M.L\xd3\xea\xa9\xb3\x8c\xb1\
\xc02\x11\x09\xa0\x91\x80\x95\x1b\x8d\x91\x14\xbcq\x06m\
R\xae\x04\xb7 \xd1\x82S\xb0\xf9dw\xa3\xaavU\
\xcbR#!\xe5\x83U\x9b\xf5r\x8f!\xee-,\xee\
\xa3A\x01DPOP\x82#\xb0\x08\x06\x044\xa2&\
w\x0a\x03\xad\x04W\x01\x14B\x0d\x04\x08\x0c\x12$\x04\
\xe6\x0a\x08\xbc5H\x04\x1c\xa4\xacU\x85\xb9\x09a/\
\xc4=\xd1\x12!\xa8H\x0b\x0bZwhhiz\x80\
)\x93C\x0at\xc3\x13u]\xc7n\xd3C\xaf~\x0e\
3\x86\x1b\x10PY\x17\xfbK\x84@\xd6\x90\xefL\x1a\
\x0e~\xf17~\xe7\xb7\x86\xa5\xcb\xfa\xe4\x9c\xed\xf7;\
\x86\xbc!\x03\x801\xc6\x14\xecO74\xcd\x9a\x88`\
\xad\xa9\xaa\xd29w\xf9\xf2\xe5\xef\xf9\x9e\xef}\xf9\xcb\
_\xfe\xa67\xbe\xf1\xb3\x0f?<\xdc\x1b:kUu\
a0`n\xb6\xb6\xb7/_\xbel\xacI\xb3\xd7\xb1\
\xdbn\x8b\x1c\x89(\xcb<\x22\xb20\x11T\x93\xc9\xa0\
\xdb\xbd\xf3\xd6#\xcd\x93Ol\xedM\x8c#\x0e\x01\xd1\
\x92\xb1;\xe3\xe1\xa84\xfb\xd7\xd6b\x08\x1f\xf9\xe3?\
z\xf9+\xbfnqm\xe5\xf5\xff\xc5\x7f\xf5\xe1\x0f~\
\xe0\x7f\xfb_\xfe\xd7\x7f\xf3/\xff5H|\xed\xb7\xbe\
\xf6\xec\xa5\x0b\xff\xee\xdf\xbd\x07T\x09IX\x10Sf\
\x8f\x10Q\xe6}\xb7\xd3-\xab\xbd6\xb6i\xccp4\
\xb9\xb29\xdc\x97\xeb\xce\xdeh\xb9_\x88\xaaA\x0fm\
\xc0\x00\xaeR\x08W\xc7\xb6v\xb9n\xc9\x9c?\xff\xd4\
]w>\xdf\x99</VB\xbd\x17\xb5!PP\xaf\
L,\x8dB6\xcd\xe3h\xef\xcb,qtzc\xae\
\xf3\x03\xc5\xd9}\x9d\xfb\xeb\x09\xad(\xa4\xc4uP\x95\
\xa4\xf5L\xdb%\xb9FdNe\xb3\x1a\xd1\xd6\x92\x5c\
%&\xf3S\x00PIA\x22TQVI)l\x92\
\xb0\x94\xb1\xce9\xe32\x9fu:\x9dn\x91\x15\x84\xa4\
\xdcF\x92\xda\xa3GA\x00\x84\xd8\xb2>\x08\xd0f\x0f\
\xb7\xa1\xa3\x96\xd30\x84`U\x01\x90\x88,\x90I!\
D\xe1\xb6\xf7\x89\xca\xf9\x0b\xe7\xeb\xba\x0e!:g\xbb\
\xbdb\xb0\xd0k\x9afwoK\x98E$r@e\
k\xc9\x92%\x83)M\xd7Z\x97\x22A\xd3k@\x18\
2LI\xf9\xc8\xa2\xec\x8c)\x0a\x9b\x17E\x91u\x8b\
\xac\x93\xe5\xc5\xa8\xb2\x91\xbc1\x9d\x889\xfa\x05\x9b\xaf\
\x9c<\xb7\xfd\xb9\xc7\x9f\xf8\xf4CO<}\xea\xe2\xc6\
v\xb3\x17\xa0\xa4\x15\x9b\x0f|7\x15\x95\xe5\xc48\xcc\
\x12\xaf@\xe5\xaa{\x04a\x0a\x8f\x8a\x88*\xcd\xd4\xaf\
\x00@D!\x84\x94g\xe1\x9cK\xd3\xe2`0\xe8\xf5\
z\xeb\xeb\xebg\xce\x9cI\x13\xe7\xee\xee\xeeh4:\
v\xec\xd8\xca\xca\xca\xcc\x84#\xc6\x98dF\xbd^/\
\x15\xac\xee\xf5z\x0b\x0b\x0b\x09\x8b\xcc\x97 I\x8b\xde\
\xe7\x0c\x9d\xdc\xf4\xcdy1)\xdc0\xf7\xcf\x7f\xf7\x8b\
\xedv~\xfb\x1b\xdb\x97\x06\x19_yk1G\xba\xc4\
\x89\x0c\xb8\x0e4\xfd\x83\x83\x1d\xf3\x07\x9c\xaa^%\xed\
\xcf\xdf\xach\xf4f\x97e6q \x00eY\xde\x94\
U\x08\xd1ei\x1cQ\xb4\x9e\x05\x99\x01L\xe1\x8b\x15\
\xcc\xf2\xe5n\xbf\xdc8\xb3\xbbqf<\xde\xd8\x8b\xe3\
L7\x0b\xda\x04!\xd2L%\xe3\x98e\xd9@\xb4l\
x\xb7\xe6\xdd\xa8c\xd5\x86\xc4\x9a\xd4Q[\x9e\x03\xda\
\x8a[3E>\xa6\xd5\x0b\xcc\x94\xa7\xd3@\xcc4\xf9\
\xa5\x15\xd0\x01\x90\x8a\xa8\x22\xb3\xd6q\xbcC5#U\
\xd6\x8d\x9d\xef\x81\xe9\x80\xc9\xc0\x1bD\xcd\x08\x14M\xd3\
0\xa8\x02!D\xa3\xe2\x01\x22`\xad\x0a\x00\x96L\x17\
\x5c\x07\xd0\x1b4\x00\xd3|Z\x04\xc0\x0c\xc0\x81jZ\
\x15!\x19\xd4D\xf6\x22\xa0\x01\x00B\xe88\x03S\xfe\
\xb4\x8d\x0d\x8b\xc0\xd5q]\xc1\xb4\xc2IR\x020\x88\
\xa4\xac\xb3\x85#(\x00F\x02\x17\xb9Qi8VQ\
\x93g\xb3\xd4\xa1\x06\xad\xbc\xf3\x80X\x8d\xd7\x9d\xef\x19\
\xb4 \x1c\xcam\x8b!+\x0c\xb3\xd6u\xd3\xd4co\
\xf2n\xc7E&\x82\x0aFW\xa2\x98\x18\xc1\xba\xccZ\
35\xc0\x88\xa0<\x8d\xaa\x08\xc4\x08\xc2\xed\x0be\xe5\
\x18ch\xea\x1a\x0c\xd9,\xab\xea2\xc6\xb1\xc4\x96\x83\
Q\x8d\xcc%s\x85\xc4df1\xf6V\xd4\xdb\x06\xc3\
\xe6\x7f\xfe\x95Zr\xd4\x9c\x0e\x01S\xc2>\xe9{\x80\
\x88\x942\xe3\x00\xa2X\xb79,\xb3}w\xfd\xca{\
>t\xe2Y\xce\xba\xdd \x93\xccwQ\x8c\xf3m\xba\
|\x8c\x11\x11\x8d1I\xa8\xafSOqcL\x0cq\
\xb47z\xe3\x1b\xdf\xf4\xe2\x17\xbf\xf8\xedo\x7f\xfb\xe3\
\x8f?\xd6\xe9t\x9duy\x9e\x0d\x06\x0b;;\xdbE\
\x9e\xad\xaf\xaf_\xb8x\xe1\xc8\xadG\x12|Y]]\
%\xa2\xc1`p\xfe\xfc\x85~\xbf\xc7\xca\xceZC@\
\xcc\xb7\xae\xae.e\xf9\xe3O=uic\xa3VP\
\xd4\xa0\xc1\xfbL\x80\x9f\xbdt\xae[t\xc6\xa7Fo\
{\xeb[\xb3Nq\xdb\xedG\xff\xcdO\xfd\xd4\x9b\xde\
\xf0O\x7f\xe7}\xbf\xfb\x1f\x7f\xfbwT\xa3\xc9w\x7f\
\xf7w?\xf8\xe0g\x1e\x7f\xecq\xef}YV\xd6\xd9\
\x84\xde\x00 \xcb\xf3\xc1`\xa1\xacF\x22\x9c\x922\xeb\
\x00\x1b[;|\xcb`{g$\x07\xd6X\x98\xe8\xb9\
\xdd3T\x91\x19%\xee\xfc\xf1\x07\x7fw\x1c\xe0\x85\xb7\
\xdc\xb6\xbdu\x9aQ\x8c5\x86\xb2\xc8\x00\xd4\xa8z\x9c\
QS05\xff\xbdn\x08\xb8Y\xd8k\x0a7Z\xae\
q\xc6a%\xf0\xd9Z\x92sL\xae\xb2,\x919\x88\
H\xe4\xf4\x22b\xca\xae\x11Q\xe5\xd4\x1dTZ \x83\
D\x84\x00\x88*\xe2\x9d\xcb\xf3\xbcS\x14Y\x9egy\
\x17\xc9\x89\xa8$U\xa7\x803\xa6\x8d\x87\xb6j\x111\
\x14f\x0f\x1c\xea\xd5\xc2\xd1\xd3\x15\x09\x92\xb5\xa2\x86c\
TAQE\x94\xba\xaa\xb2\xac g\xb6\xb7w\x9e}\
\xf6\xdc\x95\x8d\xf5\x83\x87\x0f\x14E\xd1\x1ftb\x08\xe3\
\xc9n\x08!\x95u\xcd\xb2\xac\xc8\xbd\x8d\x12\x82\x00\x80\
\x82i\xd7$\xc9]pZ\xfa\x06\x11H\xc9\x88\x11Q\
4\xc6\xe7Y\xde\xc9;\xdd<\xeftl\x96\x01PU\
7\xc3\xf1\xf6\xe2\xfe\x17OB^\xa9)\x1bx\xf0\xd3\
O\xfe\xd9\xa7>\xfc\xe4\x89\x8b\x9b;Z3\xf8\xee\x02\
\xbb\x8e\xaad.K\xda\x8b\x94\x969_<<\xbdh\
\x9a&A\x90\xc4\xf3\xc3tJ\x9e_\x8b\x1e<x\x10\
\x00\xce\x9c9c\x8c\xa9\xeb:y\xd2\x00@]\xd7\x9b\
\x9b\x9bi\x0f\xa9\xe3L&\x93\xaa\xaa\xba\xddn\x96e\
\x9b\x9b\x9b\x17/^\xec\xf5z+++KKKK\
KK\xab\xab\xab\x89\xdep\xce\xa5\x00\x0dN\xf9\x8c\x9b\
R\x1a3$q\x1d\xa4\xb8.o\xf6\xa6\xe8a\xf6\x95\
t\x0a\xb3\xaf\xdc\x98\xea2\xffP\xde\x14\x9d|\x89O\
\xe7\xdf\xffJ\x9aM{I\x92\x96\x04;\xe6m\xd1\xbe\
\xc2\xbd\xff\x9d\xb44\x80\xc24\xa4\x92r\x93\xe6}\x0c\
\xff\x96\xceK\x15\x88\x92\x9fBJv\xb7\xaa8\xcd\xe6\
`@\x8d\xaa\x11\x0c\x116\xa0Q\x09\x15\xad\xf1\xd9\xfe\
\xde\xda\xbe\xdbF\xbb\xeb\x1b\xeb\x17\xaa\xe1\x17\x5c=B\
\xb5\x80\xd6\x1a\x83\x10\x05Br\xbe\x01%d\xcbq\xa2\
\xb1\xd1\xb6\xe8I;m\xa5:g\x00i\xb1\x02\xa4J\
\xd0*\xc9\x11\xb1\xfd9u\x09\x9b\x16rADU\x96\
V\xf1\x09\x02(\xd2(@-\xcdX\x9b\xc2\xda\x05\xb2\
]\x88\x06Rv,\xfa\x0cQ\x19 2\x07\x95\x98\xce\
n\x22`\x08\x1c\x98>\xd0\x00 \x03\xb0\x8a\x88\xc8@\
\xc9\xed\x98Z\xf3u\xc5i\xa6(\x01\xa4j\x0b\x94\x0e\
\xcb\x08\xcf\x08\x9b\xc4}\x82R\xf2\x15\x04@\x00a\xc3\
\x92\xa4+`P\x11\x05@\x0d*\xa1P\xa2EP3\
\x90\x8e\xd5\x08\x18\x1d6L\x95)\x0cx\xaaw\xb6'\
\xe58\x92S\x11\x8d\x9bYn\x80*\xa8J\x09\x93\xa2\
\xe3\xabrl\x9d\x05\x91\x10\xa3GDg\x9a\xd1\x1e\xc7\
\xa0`\x01\xac1\xb9pU\xab\x80\x0aBL\xa6#!\
n\x03\x1aJWVXEA\x19E\x92&\xd0\x13\x08\
`\xac\x22(\xa32Q\x04\x0d1\xd6\xa0L(dU\
\xd3\x82\x94\xa7>\x95\xed\x09\xa6EpZ\xb3*(\xce\
&\x84/\xf1\xa0!\xccfP\x9a\xf2F\xed<\x81H\
H\xc6\xa9\xef\xd9\xbc\x89u\xc0\x82z\xab\x0f>\xbe\xf5\
\xbe\x0f\x9f.\x96\x8a\x8a0\xf7\x0eT,f\x86\xcc\xd5\
%\xe0t9\x08S\x919\x00\xd4u]\x96\xe5\xeb^\
\xf7\xdd\x87\x0e\x1dz\xfb\xdb\xdev\xfa\xcc\x99n\xb7W\
WU\xa7S\x80\xc2\xd6\xe6\xe6`\xd0\x8f\xb1\xde\xde\xde\
\xde\xde\xda\xbe\xfd\xd81Q\xb1\xc6\xe4y\xbe\x7f\xff\xfe\
\xdb\x8e\x1e}\xe0\x93\x9f\xdc\xde\xdav\xde6u\xc5\xa1\
\xc9\xf3\x22\xec\xec\xe8p\xf4\xc2\xa3\xc7\xce\xfa\xe2\xc4\xf9\
\xf3{\xca\x006Jd\x120\x184:\xeb\xd7/\x5c\
\xbc\xe3\xf6c\xef|\xc7O\x1c\xbd\xf5\xe8\x0f\xbe\xf9\xcd\
\xff\xfa'~\xbc\xbf\xbc\xf4\xcd\xdf\xf4M\xa8\xf8\xfa\xd7\
\xbf\xfe\xedo\x7f{\x13\x9a\xe4\xf8\xd9\x86$\x00\x88\xa8\
\xd7\xed\xee\xb8\xac\x990\x1aUT\xb2\xb0\xb5S\x03\xe6\
\xc3Q\xddD\xcd\x89\xd2\xaa\xfaK_VD\xe7\x5c^\
\x8e.\xdcv\xe4H18\xe2\xc7\x177\xd0\xb0a\x22\
\x22\xea\xc4\xd8\xa0\x95\x19\xb1q5\x83\xe4\xfa\xbb\x857\
HDg\xb4\xa2\xcc\xf5Ym-\xc9U\x14X\x84\x93\
gW\x8c\x819\xd9\x862\x5c\x9d\x9f\x00\x115\xad\xd5\
\x95\xda?\xaa61[\x84I\xed\xe8\x8aN\xc7;\x97\
\xe6ZDdA\xe66xBHhqv0\xd3#\
f\xc40\x05\xaf\xa8(\x00\xa4\x80s\xa3\x09\x84\xc8H\
\xceg\x19 \xd4u=\x19\x8fw\xb6w\xca\xaa\xac\xca\
\xca\x18\xdb[\xec\xaf\xdd\xf25\x93\xc9\xa8\xac\xf6vv\
+U\xb1\xd6\x18\x0b\xc6\x01\xa2Qm\xeaP#\x82\xf3\
^%\xb9l\x81I\xc6\xd8S}4\xab\xa0\x00\x81\xf6\
2pY'\xeb\x14\xae\xc8\xc9{!\x13\xc8F\xcd\x8c\
\xcb\x8dwY\x0f?\xff,=qr\xe3s\x8f>~\
\xf2\xd4\xf9\xddQ\xdd\xb0\x11<\xe8\x96;\x06}`@\
\xa5~\x0fD\x9b\xb4lN\x16^\xf3smz\xa4\x8b\
\xa2\xd0i\xbd\x8b\x84\xb0\x93\x155@\xab\xcf\xcd\xb2\xec\
\xe0\xc1\x83D\x94\x94H\x8b\x8b\x8bg\xcf\x9eM\xd5\x0a\
G\xa3\xd1x<n\x9af\xdep3%\xb3$\x90\xbd\
o\xdf\xbe\xb5\xb5\xb5\xff\x97\xba7\x8d\xb2,\xbb\xca\x03\
\xf7\xdeg\xb8\xc3\x1b\xe2Ed\xe4<T\xa9JH\x96\
T\xb2J \x04j\xb5\xc4\x92\x816,K*\x83\x05\
4Z\xbd\xba\xe9\x16Z\xb4\xa1\x8d\x0d\xdd\xa0\x86Fv\
\xc3\x02\xcc`l\xda\xab1\x93\x07\x89\xb6\xbbYn\x10\
\x12X\xd8\x0c\x92\x10h\x16R\x0d\xaa\x92T%\xd5\x9c\
\x99\x95cD\xbc\xf1\x0e\xe7\xec\xbd\xfb\xc7\xb9\xefed\
DdV\xa9(a\xfa\xac\x5c/o\xdcw\xdf\x1d\xcf\
=\xfb;{\x7f\xfb\xdb'O\x9e\xdc\xdc\xdc\x1c\x0e\x87\
\xbd^/\x11%\xf7L$v\x0b\x7f\xc13su\xdc\
\x04\x85\xc0\x8d\x03+O\xbb\xe6\xfa\xce\x7f0\x1c\xd9\xf3\
\xedsb:\xedj_\x89\xeb\xb0\xd2H_9\x06\xfe\
\xff\x85<V\x90\x22\xf9%\x13\xeb\x18w\x89\xbf>\x93\
\xcby&\xd3\xcd\x83\xb6\x91\xe5LF\x11H\x15U\x80\
\x96\xe8\x87\x08Q\x99R\x91\x14\x22P/@\x0cE\x88\
\x1e07\xa3\xb5#\xc3[i\xe7d|\xea\xd8b\xb1\
S\xb5\xdb\xa4s\xeb\x02HC\xd0\x10\x82\x81Anz\
\x88\x11\xf5*hPa\xe1\xd0\x8dM\x89'\x99\xce\x0a\
\xd0\x00w\x13\xa0e(\x05uO\x04n\x99\xd1\x92l\
<(&\xe1\x02T\xd5(\xa1\x16\x9e\xd52U\xc8l\
f\x8d\xf76+!\x1f\x80\x1a\x04\x05\x88\xa8,\x1c\x82\
\xb4\xc6\xb0\x82At\x80%h\xa9\x92\x09zM\xa9\xb3\
\x12\x11#\xa6`\xaa\xa1k\x93\x9b\xe4\x08I\xb0#\x95\
]H\xc6 \xc1(\x95\x94z\x0a\x00K%\x0eE\xe0\
N\xda8\x0d\xdd\x02\x98\xee,p\xba\x94\x8e\xcd\x92.\
\x1d3\x83\x04\x8c >\xcb\x9dql\xb3,\xb4M\x08\
U\x14r\xe0@\xc1\xd8a`\xb0>CBu\x8cn\
M\xb5\x17Z\x11\xd3s\xae\x14\xc66p\x88B\xc6 \
\x10\x82\x22\x18DB\x10\xb4.\x05\x89\x00@\x99\x05\xa2\
\xb21\x8e\x9c1\x90\xfe\xa1\xc9\x94\x80k\x09\xf3\xbaY\
\x848SmRiSPRI\x016\xd8c\xfc\x96\
\xea\xd5\x0a\xcb\xde\xf3\xb4}\xefZ\xbe\xa2J\x97\x22\xd4\
\x15\xad@\x00B\xb29\x96\x18-\x1ai!\xaf`\xed\
\xff\xf9\xbd?h\x09\x1d\xf5\x8d\xd7\xe1\xa8\x80\x96\xf2\xac\
\xc7\xda\xb2p\xca\xe4\x02\x80\xd5Bz\xebS2\xfd7\
\x7f\xf37\x9d<y\xea\xa7~\xf2'\xb7\xb6\xb7\x93\xd0\
H\xdb\xb6M\xd3nll\x94\xaa;\xdb[y\xe6\x16\
\xd5b6\x9b%\x8a\x1c\x22\xee\x8c\xc7\x1b\xeb\x1b\xa3\xd1\
\xda\xc6\xfaz\xb5X0\x0as\xac\xabE\xbe\xbe\x0e\xf3\
\xc5\xec\xc9s'n\x7f\xfe\x89\xdb\x9e?\xb2\xd9\xfdg\
\x9f\x1cK\x9c\xc5\x16\x1c\x81J\xdb6\x10Ci\xdd\xb9\
G\x1f\xfb\xa1\xff\xe9\xef\x1b\xe7\xbe\xeeo~\xc3?\xfc\
\xdf\x7f\xfc\xa7\xfe\xc9\xcf\xbf\xf8%/\x19\x94\xbdW~\
\xf5+\xdf\xf8\x867\xfe\xce\xbb\xdf\x9d<\xdeH\xe4R\
\x92\x85\xaas.\xf7\xd9d>\xb3\x16Y\xa2Z\xbc\xb2\
\xa5\x81\xedt^U\x0dg\xa5\xd5k\xf5>n\xd8X\
\x14\x10cuy\x94\xc5#\xa7NL\x1fo\x8a\xe1z\
\x90\x89\x07P1\xca\x88$\xaa\x80JKt\x98\xd0\xc3\
\xae'\x99:\xecn\x12i\xa7\xde\x96\xa0F\x0a\xeeh\
\x92\xe1b\x89\x1c\x03\xa7\xea'\x1cU#K\x14M\xc5\
\xecd\xa5X\x96^\x22\xee\xea\xbc\x03h2Q\xc4\x11\
\xb2,/\xcb\xb2(\x8a\xccg\xd6\x1a\xbbd;2s\
\x8c\x8c@\x06\x0d\x1a\x02\x00a\x8e\x1c]\xc2jx\x0d\
(a\xa7\xf4BK\xd8\x81\xa9\xb2\xd22\x06\x8ay\xd1\
\x8b\xac;;;;;\xdb\xe3\xc9\xce|>;|\xf8\
p\xd9+\x06k\xfd\x10\xc2|6\xd9\xda\xbe\x80\xa0E\
\x91\x0f\x07E\x8c\xa1\xaa\xe6\xc2\x9a\xe5\x1e@X:\x0a\
\x9dI<\xeae\x96\x992\x11\x19C\xc6\x18\xeb\xacs\
\xcee\x8e\xd6\xd72\xb2\x19\x98<b\xd6\xb0W;\xb4\
\xf9!\xa6\xfe\xb9K\xb3O~\xfa\x81O|\xea\xde?\
\xff\xdc\x18\xb3\x0d\x9f\x15Qr\x85\x1ez_\xf4\x86\x93\
Y\xcdBy\xd9S\xc5\x18*O\xb0\x22L$\xd0\xb0\
\xc7~\xaf\x10\xf6\xb5\x87\xbe\xf4\xed%\xb9\xcc4A-\
\x8a\xe2+\xbe\xe2+\x92\xde\xeed2\xd9\xde\xde\xae\xaa\
*\xa5`\xec\xec\xec\xa4\x17$\xcb\xb2\xb5\xb5\xb5\xb5\xb5\
\xb5\x94\xb0\xbd\xb1\xb1q\xfc\xf8\xf1\xd1h\xb4\xbe\xbe\x9e\
|\x84\x09\xd0\xa4\x09\xf0j\xc6\xbbR\x00\xeb\xde\xe3\x83\
@\xc6\x8d\x10\xc6\x81\xfa\x1c+s\xb6{\x9f\xfb/|\
\xd5v_\xfe\xeeoa\x9fq\xdc\xbfr\x0f\x10y\xd6\
\xedZa\xb3t\xb5I\xac4\x85$\xe09\xce\xec\xf8\
\xb2\xb7\xd5\xe4#\x01\x0e\x00H\xe3\xa0.\x93v\xe0\xcb\
\x06\xa1\xba\x5c5$\x05EE@\x93^\xb1tcE\
\x18\xadZ\xe4T\x87\x00\x98\x14P\xd5\xc6\xe4\xc8\xc6\x12\
HA\xa58<\xc0\xfeI\xb7}v\xb2\xf3H\xbd8\
\xdb\xb6\x17\x9d\x01+\xa4\xb1!\x01\x124\xa0\xb6 \xe6\
*\x86Z\xb5Vm\x14b\xa7\xe4@\x00\x80\xda\xd1\xe2\
R\xb0\x16\x01:\xc8q\x9d\xcf\x03:\x8fH\xa2s!\
*\xb0\x002\x92\xa0\x04\x02B&G\x0c\x14%r\x1b\
\xa1\xad\x1d\xcd\x8a,\x1f!:0D& \x06\xe6\x06\
\x91\x11\x01\xc9\x00ZP\xa3j\x912@U\x8c@\x84\
D\xa2\x04\x98\x12\xd0\x8dR\xba\xe44\x8fOc\x5c\x12\
\xe0J\xb7)ES\x93\x80iz+d\xc9S0\xc0\
\x0a\xa0()\x8c,\xa0\x11Rr\x0e$\x98\x12\xc1F\
\x10\x05\x01\x89\x5c\xb7Q\xd0\x948 \xe3\x89H\x00\xa7\
U\xa3\xb6\x17\x14\x0b\xe8A\xd9\xeb\x9b\x8d\xd9b\x8e\x0e\
\x18 \xeb\xfbrx\x040\x87\xd9\xe5\xdc\x83\xb3\x19(\
\xfa\xa8\x84\x06\x88@S`eE\xe0 \x15\x95\x189\
FE\x06\x92\xa2\xcc\xc1\x10\x18\x02@\x10\x86\xb6\xe5\xc5\
\xacn&M;Q\xad\xc8\xb4\x04!\xcd\x88T\x8c\x8a\
Q0\xd0\xd1\xf5v\xf5\x9c\xeb\x17R:\xd0\xfe\xfe\xb5\
\xa7\xb7-\x97p\x85\xe1TR\xd9v\x0b\xe8\x8c)\x9a\
\x1a\xb4_D;\xfc\xe8\xa7\x1e\xbf\xf7\x0b[\xaewB\
\x8d\xeb\x0d\x00A\xf2\x22\x07 Q]\xd5dJ/N\
\x9ar\xa4\xcf\x10\xc2k^\xf3\x9a\xd7\xbc\xe6\xb5o{\
\xdb\xdb\xc6\xe31\x11\x09sUU\xc7\x8f\x1f\x8f1\xcc\
\xe7\xf3\xc5\xa2\xca3\xcf\x12Aa:\x9b\x02\xa0I\xe3\
)\xd2h\xb4\xf6\xc4\x93O>\xf2\xc8#u\xd3Xo\
\x8d\xb1*b\x11\x07eYl\x1e\xa2\xad\x9dCE\xff\
\xbfx\xfeWph\xef;\xff\x84\xf5n&\x11-\xa9\
H\x8c\xd2\xc6f-/\xef\xfd\xc4\xa7\xd0\x9a\x07\x1e\xfc\
\xdc\x0f\xbe\xfdG_\xf1\xaa\xaf\xfd\xc5\x7f\xfe\x7f\xfc\xdc\
O\xfe\xe3\x18\xe3[\xde\xf2\x96\x8f~\xf4c\x97/_\
\x11\x15\x87\x96\x90X#\x00\xa8\xaaw\x19\xe1\x02\x10\xa2\
p\x14\x98\xd40\x9d\xf3\xc8\xd0l\x1e\xd6\x87\xb9j\xab\
B{`\xc7j(\xe8\x06b\x22\x0584\xb4\xdb\x17\
\x1e>r\xea\xe5\x83#\xa7\xe0\xa1\x1e\x07\xc7mc\x08\
9\xb2\x9a\x142$\xe8\x02\x22\xda\xa1\xde.V\xa2K\
\x7f\x9d.\xbdXi\xa5\x00t\xe9\xa7*\x02\xa0M\xdb\
&\xe9\xf1\x18c\xaa\x1a\xcf\x1c\x13':=\x7fQ\x96\
\x0e\x02\x92*\x83R\x07\xb8\x91\xac\xb1\xcee\xce\xb9^\
o\xcd;\x9fe\x9e\x88DTUB\x9b\x82\x05\xc9\x01\
dQI\x158DD$C\xd6f\xcc\xbc:\xb7\xce\
\xf9\xa9\x0e\x96\xc3@\xaap\x0dHHVT\xdb66\
M\xf3\xe4\xb9K\xf3\xd9\xacn\x1acp8\xe8\x1f9\
zx:\x9b\xcc\x17\xd3\xa6\xadE\xc4ZS\xf62\x14\
\x11i\x17\xf3\xda\x18,\x8b\x1cPD\x18Q\xc9\x19U\
\x91\xd8\x1a\x0a\x09\xad\xab\x80(\xa8 \x19*\xf2\xbc\xd7\
\x1b\xe4E\x91e\x85\xf1\xb6\x95\x10\xc5\x92\x19\xa8\x1d\xd6\
!\xbf\xb4-\x9f\x7f\xf8\xc9\x8f|\xe2\xf3\x0f<xn\
<g\xa4\x1c\x8b[\x02P\x1b\x80\x8c%c\x89\xccd\
\xde\xd8,\xf7d\x14\xd4:S\xe4=\x04G\xbbj\xab\
\xae\x04\x11\xf6>\xe8\x83\x16\x92\xe7#\xa9t\x0f\x06\x03\
\x000\xc6\x9c?\x7f\x1e\x00\xb2,#\xa2\xd1h\x94\x9c\
\x19m\xdb\xe6y~\xf8\xf0\xe1[o\xbd\xf5\xf6\xdbo\
\xb7\xd6.\x16\x8b\xd1hT\x14E\xcasI\xcaW\xb4\
K\xe3|u\x1a\xfb\x81\xc2~d\x007\x96\xff:\x10\
m\xec_\xdeo\xe3\xf6\xe3\x86g\x82$\x0e\x84 7\
\xda`u?\xf7\xac\x5c\xcd\xf6Wk,\xc0u)\x18\
\xb8\x8c\xb3$Q\xe1\x14\xbbz\xfd\xcd\x11\xba\x00\x00 \
\x00IDAT\xda\xfd\xfegl{.)\xc1\x8b\x10\
B\xca\x81^}\xfb\x17$s\xec\xf7j\xec[\xa3\xa2\
1\x04\xb5\x08\x1a\x02Z\x87DM\xd3\x12e!\x86\x1c\
T\x85Q\xa3\x05\x00E\x05\x9b\x12J\x05\x10\x92\xee\x92\
\x08\x80\xce\xd5fy\xaf8y8;rr>yl\
\xb1\xfd\xf0b\xeb\xf1\xd8l{\x9dg\x08\x96\x944N\
\x9b\x86\x8c\xb1\xaet\xb6U\xae\x85\x1b\x8e\x8d\x00\x8b\xa6\
\x02\xd5\xa0hh\x97N\xf1JP*\xd16\x97D\x90\
\xce\xae\x13*a\x97\xf3\xa2\xa2\x88\x1d\xdbB\x85A+\
 !D\x10+R\xcd\x9b\xb9w\x85\xf7\x1e\xa8u.\
D\x88\xca\xac$ \x1dhH\x92\xa9\x8a\xc0*\xc2\x91\
H\xc98E\x07HI_\x10\xc1\xa8*\x00\xa5t\x1a\
\x80\xe4\x86\x11M\xe1lP\x00AT\xc2T\x0f\xb7\xe3\
Z\x82\xa8\x01\x00T\x82\xa8\xa0\xaa\x91\x80\x01#@\x04\
\x09\xa0\x11d\x06p\x95\x19\xda\x001b\x10\xab\x989\
\x80,\x1f\x91\x92\xa8\xa0\xc7\xfe\xda)\x89\xd8j\xe1\xed\
\x06y\xd7\xcf\xdb(\xad%\xf0\xbe\x00S4\x0bnd\
P\xe4$h\x10\x88Lr\xa8\x08\x80\x82A\xc0\x14I\
a\x16m\xdb\x10[E\xa0\xcc\xbb\xccy\xb0\x94\xe2?\
\xd0\xd4\xcd\xa2\x0d\xf546c\x80\x16\x80\x01Y$ \
\x04\x00UM\xbc\xda\x8e\xc1\x01\x07\xbe;\xdd;\x0d\xa0\
\x9d\xda\xf9MzZW0x\x95\x13\x01\x04j\x04\x09\
\xd1\x92q\xc6e\x22\xce\x97\xa3\x1di/\x8c\xe17\x7f\
\xf7\x83\x930p\x83\xa1\xb1H\xd08g\x09)rL\
\xf2J\xb0\xab\x962.g\xc9\xd3\xe9\xf4\xc5/~\xf1\
\x1d/\xb9\xe3\xc7\x7f\xfc\xc7\x1f{\xecQD\xf4\xde\x8f\
\xd6\xd7\xbf\xf2\xe5/\xbf\xba\xb5u\xef=\xf7\x1c\xda\xdc\
4d\xea\xbaJ\xea\x90\x97.^\xb4\xce\xb6m\xeb\x9d\
;u\xea\xe4\xc9\x93\xa7\x9e<{\xf6\xd0\xa1\xcd\xf3\xe7\
\xcf7m\xc8\x9d\x0b1f\xde\xc1\xa2\xea\x01\xac\x11\xad\
G\xb6\x80\xaf\xb8\xe5\x16P\xbe\xf7\xa9s9B\x13\xbb\
\xe4HU0\x0a\xfd\xb2\xcf\xa8\xb3E\xf5\x1b\xef|\xe7\
\xff\xf8\xb6\x1f\xfc\x95_\xf8\xc5\x0f\xfc\xc9\x07^\xfd\xea\
\xffr4\x1a\xbd\xfe\xf5\xaf\xff\xf5_\xff\x97\x84\xa4\xaa\
\xb1\x93\xf46\xca\xd8+\xfaY6\xafc$C\x8aV\
1<q\xee\xea\xa9\xe1\xa1\xab\xdb\xd3[Nm\xc4\xb8\
0\xe0\xf6\xc5A\xae\xdd[DdQ0\xda\xce\xafr\
\x1cB\x98C\x7f\x94\x0f\x0e\xd5[O:] H\xaa\
F\x90\xe8\xcb\xbabp\x03\xac\x00\x07,\xb9\x1a\x9d\xc7\
\x0aT\xba>\xcc\xa2Q\x92z\x17G\x11\x0e!t\x95\
];\x11<U\x15\xc4\x04c\x84E\x93\xc4\xdc*\x0d\
M\x01\xbd\xcf\xacq\xdegY\x96gYn\xad\xb7\xc6\
.\x1f_\xc2\x10\xd7tc;\x1ej\x8ah\xa6\xb1]\
\x84U\x89\xcc\x8a\x17\xc2*\xa8\x08\xe8S\xffABD\
c\x89\x9a\x10\xb7\xb7\xc6;;\xe3\xaai\x10\xd1\x1a\xf5\
\x99\xeb\xf5\x0a\x00\xad\x9bjza\xac\xc0\x88J\x04\xd6\
\x12\xa0\xaaFT1\x04i\xd0\xe1\xd8BJ\x89\xe9\x5c\
%\x88d=1jdU4\xce\xe7\xfd,\xef\x95\xbd\
5$o\x5cnm&\x80u\xccpp<\x8a}\xf4\
\x89K\x9f\xfc\xf4}w?\xf0\xf8\xc5\xabaR\xd9E\
\xc8\xd1\x9e0\xeb\x03Q#\xda\x10r\xf7\xea \x8a\x8a\
s\x064\x80\x06g\xac5j\x0c\x119\xdc%+\xbe\
\x7f\x1e\xbf\xff\x9d[\xb1JSS\xd5\x8d\x8d\x8d\x93'\
O\xa6?\xf3<_[[KU\xec777O\x9e\
<\xe9\xbd\x0f!\x14E1\x1a\x8dz\xbd\x1e\x00\xc4\x18\
\xd36i\x9fI6f\xb5\x7f\x5c&\xa7\xd02\x0e\xf8\
\xb4\xe8a?\xce\xb8\x91\xe7\xe3\xc0\x9f\xec\xbe\xd8\xd5\xa7\
.\xeb\xab\xed\x8e]\xdc\xe4\xfe\xdc\xdc\xbe\xef?\xc4\xfe\
w*\xad?0bp\xb0\x0eizf\x89\xbe\x9b\x5c\
\x97\xda\xbdi\xcf4<\xf1\x97\xd6\x101M\xce\xd2\x93\
HP)\xb9\xc8\xe0/10\x84\x08\xc6P\xe2\xb5}\
\xf6\x81\xcf\xae\xf9\xf9\xa9\xc3=cL\x96g\xf3\xa6\x0d\
1\xb8\x9e\x89\xa1E\x00\x00\xea\xcc\x8a\x02).\x13K\
\x14@#q\xc0h\xc0Xw4\xdf\xd8\x18\x8c\xfeZ\
\xdc\xbc\xb0\xb8\xfa\xe8\xe4\xe2\x83\xe3\xf9\xf9\x8c\xe6\x99\xb3\
\x91\x0e\x03p\xd4\xd6AC\x94\x19l\xadmYc\xcb\
AbT\x15\x966t\xc9\xf9\x1d[\xad[N\xa9!\
\x00\xcbd\x09@L\xde^\xa4\xd5E$\xb7\x87\x02R\
\x04`\x90\x946\x17\x11\xd8\xa0r\x8cuD\xa4\x00\xd8\
\x22FC\xb6\xaak\xe6qi\x07\xe0- \x83\xb4\x88\
` \x1ad\x14\xed\xcai+\x82\xa20*\xa0\xb5N\
!y\xb9;\xd9\xb2D\x86@\x94\xce\x9f\xbc\xe4\x96\xab\
&QQ\x80(\xa8\x80\xa4)\xa5\x16\x8dBl\x81k\
\x8eu\x8c\x15sPmT\x1b@\x07\x98\x1b_:\xdb\
\x8f\xe2\x01\x06\x80C\xf0\x05\x19\xdf\x93E\x94\x88\xde\xb1\
dM\x9beyI\xc3\xdcc\x00\x14h\xdb\xc5\xbc\x95\
h|1$gT4\xa5\x05]\xcbLA\x05\x15\x8e\
\x10X\xab\xaa\xb2\xc6d\xf9\xc0{\x83\x86\x80\x00\x84!\
\xb6\xb1Z,\xe6\x93\xf9|\x0e\xbc\xc8L\xa3\x10T\xb9\
\xf31\x81M)D\x9aJ\xb4$\xa5\xfa\xeb{\xceA\
\x7f>\x1d\xf3\x80L\xd7\x91\x94T\x0d\x80\x11\xb4H\x96\
\xc8\xa3q\x00^M9\x09va\x07\x7f\xf0\xc1{\xef\
\xf9\x5c4\x83\x8c\x0cyk<\x91\x01\x13YE\x1a\xa2\
\xeb\xb4\xaa\x92\x90\xc0\x89\x13'\xce\x9e=\x9b\xe7\xf9\x9b\
\xde\xf4\xa6_\xfcg\xff\xec\x9e{\xef\x19\xf4\xfa\xce\xfb\
\xc3\x877_\xf9\xca\xaf9s\xe6\xf4{\xdf\xfb\xfb\xd6\
\xb9\xe1p8\x9dNR\xfd0P\x98L\xa6\x94\xea{\
\xa9\x8e'\x93S\xa7O}\x8d\xbe\xf2\x93\x9f\xf8D\x08\
A\xd1\x9a<\x0b\xac\x1b\x87\x0f\x9f<v\xfc\xe2\xfc\xee\
\xcdHG\xacm\xa6\xb3\xdb\xfa\xa5\xbd\xf5\xd6\xc5x\xe7\
b\x08;\xa1\xad\x14\xc4\x000\xd4M\xd5\xb3\xbeZT\
\xd9Z\xef\xf3\x9f\xfd\xdc\xfd\x9f\xf9\xcc[\xbf\xfb\xbb\x93\
\xb6A\x88\xf1\xeb\xbe\xee\xb5\xbf\xfb\xbb\xbfw\xf5\xeaU\
fa\x96$\x81\xda/\x0ahc\x9e\xe7m]1&\
qr8{n\x1e_xl<\xa9\xa20\x00+\xba\
=\x12\x9a\xcb\x9e\xa6\xc9\xdf\x0d\xa8M\xac\xbcB\x8cu\
\xb8\xf2\x84[;\xbaq\xf4\xcc\xfd\x8f\xdf\xdd\xcb\xbdp\
\xed\xac6bX\x94T\xae\x8d*(]W\xc1k\xc4\
g\xa2\x8e.\xc0\x12U$Use\xee\x9c\xc7\x22\x0c\
\xa8]\xb9\xc2t\x02\xa01\xc6T|\x03 \xd1<;\
\xe9aC\xce9\xef\x5c\xd6\xef\x0d\xb2,\xcf\xb3\x82\x8c\
\xe5\xc8!\xc6\x9b\xf7\x10\x80\x15/\xbb\xebO\xa8 \xcc\
\x9dt\x87!c\x9c1N\xa3\x15\x00f\x89m\x08\xb1\
\x9d\xcdg\x17.^T\x00cl^\x14EQ\x80\xd6\
M3\x9fN'!\x04c\xd0Z\x93\xce\x1f1a\xe7\
dM\x01`5\x0b5\xc9\xbf*\xaa]!B\x80\xaa\
\x8deQ\x1e\xda84\x18m\x92/\x05\xb3\xc9\xb4e\
p\xb9\x1bek\x87\x94ug\x07\xff\xe3\x7f8\xf7\x9f\
\xfe\xf0\x8f\x1fyt\xea\x0b\xb0\xe5\x901S\x93cV\
\xa0sLA1\x16I\x89\x0f;\xce,&b\x1aA\
R\x0e\xb5\x8e\x90,\x9alU\xac\x95\x96%[ai\
\xb6w\x1b~\xb8\xde\xd6\xae6f\xe6\x94\xd1\x9ae\xd9\
h4:s\xe6\xcc\xc5\x8b\x17\x93\xcb?\xcf\xf3\xe4\xea\
\xd8\xd8\xd8H?\x891.\x16\x8b\x10BY\x96{\xc2\
%+\xc7\xe1nsy#\xc0q#\x00\xb1:\xb7\xdd\
g\xbbg\x9f7\x07\x1c\xbb7;\xf0\xf3\xe0\x9e\xf3\xe5\
\x0c\x08\xc0\x8d0G:dbB$\x0d\xd7\xdd\xa9>\
\x7f\xd5\x1a-\xa5\x12STh\xd5\xd5nT2\xf7i\
\xe9\x1a\xcf\xc0\xab\xb1w\x8d(\x13)s4\x06/]\
\xbe\xf2\xa1{>\xf0\xfao\xfc\x9a\x93'N\xcd\xa7\x8b\
^\xaf\xe7\xbdob\xe8\xe42\x80\xe0Z>\xe4\xae\x04\
\x0d\x10@aP\x16\x8a\xea\xa3\x16\x11\xfa\xc5\xda\xfa\xb0\
<68t\xa6\x9a>6\xd9zl{|\x81U,\
\xb2\xc3\x00P\x19]\xa8V\x04F\x81\x8da$\xb1\x80\
\x12\x16\xda.\x00\x14S\x149E\x945\x0d\x00\xb2d\
\xadw\xb5\xab\x11\x015Q\x01@\x00\x10\x09\x13Fa\
\xea\xf2\x5c\x12pQ\x04h\x93\xd6\x98J\x8b\xd4\x02\x08\
\x905D\xc2M5\xbd\x88v\x0e\xe4\xc9d\xc6Z\x22\
D\x83\x80\x04\xaa\x08\x0d\x10\x01\x92A\x02$h\xa0\xf3\
\xa4t\x9f\x00id\xd2\x94\xf0\xbb$\xb8i\xd2\x18\x15\
M!#\x10\x08A%0\x07\xd5\x10\xdaJ%h\x92\
\xdaD$\xea\x91\xdb4\xc6#\xe5\x0aY\x14\x07jC\
\xc8\xc2\xd8\xb9\xccf\xbd\x9e\xef\xad\xf1\xfc\x8a*\x00:\
\x16\xac\xab\x16\xeaF\xa11FD\x19\x18\xbc+\xacC\
\x050\x84\x80\x0a\x91!\x06H\x1d(\xb6!\x86\xc8Q\
@so\xbd\xb3\xc6; \x05n\xa0i\xda\xc5\xbc\xae\
g\xd5b\xaa\xdcZc\xd0D\x8e\x95\x82\x000\x08\x00\
8\x5c14t\xc9\xeb\x00\xdd\x1b[\xd9\xd7\xb3n\xde\
9\x01PE\x96\xf3\xeb$\xa9n\x09=\x99\x8c\x8cG\
\xe3\x00M%$\xbe\xff\xc4\xc5\xf8\xbe\x0f=\x08\x1e\x5c\
\xee\x89\xa2'\x9bQ\x81@\x8c\x22\xc4\xb8\xf74\xb4(\
\x8a\xabW\xaf:\xe7\xbe\xef\xfb\xbe\xef\xdd\xef~\xf7=\
w\xdf\x83\x80yQ\xcc\xa6\xd3\x97\xbc\xe4\x8e\xe3\xc7\x8f\
WU\xbd\xbd\xbd\x95e\xd9\xd5\xabW\xda6\xdcy\xe7\
\x9d\xf7\xdf\x7fo]5\xf3\xf9LTE\x14Q\x9du\
\xb7\xder\x0b\x00\x9c:}\xfa\xf1'\xce:\xe7\x89\xb2\
y\x13N\xdfv\xdb\xabn\xbd\xe5O\x1f{\xec\x8c\xba\
\xa2\x15\xe7\xfdS;c3\xbe\xfa\xb2c\xc7\xce\xb5\xfa\
\xe8\xf6\xe5\xf3\xf3ic\x80\x10\x0a_f\xde\x8f\xe7;\
N\xca\xef\xf9\xee\xb7\xfe\xf5\x97\xdeyrs\xf3\xcc\x89\
\x93m\x1b\xda\xa69r\xf4\xe8+^\xf1\x8aw\xbf\xfb\
\xddEQ\xae\xc2\xf3M\xd3\x1a\xe3\xf2,\xdb\xa9\xe6\xac\
\x1cPs\x84\x8b\x97\xa1nq\xbah\xab\xba\xe9\x15\x00\
\xf1\x80\x1bK\x94\xe2\x17\x1ac\x0c*@XP\xd1\xaa\
\x5c9\xff\xc8\xd1\xf5\x93k\x87N0\x0cX*\x8cS\
$C\x90\x13\xa6\x1c\x91\x95{\x03\x10\xbb\xe8\x89t\xac\
O\x16\x09\x89\x11\x1a\xe3\xd2\xab\xa1K\xcf\x83*\x80r\
l\xb4k\xc9\xedH\xdee\x22\xca\xb1\x9b\xd4Y\xeb\x9d\
\xf7\xde\xb9</\x8b\xbcp\xde\x13\x19\x15e\xd6\x94d\
d\x8d\xddS\xc76Y\x89=k\x08\xba\xf2\x8f)\x94\
j\x8cM\xf7\x0b\x13\xdb j\xd3\xc6\xba\xaeg\xf3\xe9\
|6\xaf\xeb\x0a\x09\x87k\x03k\x0d\xa2\xd6M\xb3\xbd\
5\x16\xae\x88\xd8\x10\x15Y\x02\x13\x8c\xd4yL\x11\xaf\
\x8d$\xda\x85k(\xa9\xee\x8a*\x019\xef\x8b\xa2\xcc\
\xf3\xbc(\x87\x0a\x16\xc8\x05S*\x94\x11\xb2\xf2\xe8\xa1\
+;\xd5\xfd_x\xea\xbe\x07\xfe\xe4s\x0f~\xf1\xc9\
\x8b\xf5\x93[=\x22\x0b\xe5FC\xa6\x89N\x10\x11\x8c\
AQ\x9e\x01\x81u&bf\xc9\xa0%K\xc69k\
\x88\x9c5d\xd0.s\x12\x91,\x98k\x82\xe2i\x01\
w\xd5kE\xc4,\xcb\xf6\xacY\xf9'\x92_<\x91\
\x1a\x13\x0f\xc3{\xbf\xb6\xb6v\xf4\xe8\xd1\xed\xed\xedD\
\xf2HZ5\x8b\xc5b\x95\xf6BDEQ\xec\x07\x16\
\x07FRn\x0e)v\xff\xfc&\xd0\xe4F?\x81]\
 \xe3&\x98\xe3F\xe0c\x0f\xce\xd8\xbf\xf0\x1c\xb6\x83\
1\xc7*\xaa\x92\xd0\x5cJ\x10\xfa\xab\x098`\x89[\
\xd3K\xbe\xe2\xb2\xa5X\xf5\x81\xb7\xecYPD\x9f\x1e\
\x85\xa0\x22A\xdb\xb6.\xb7\x83\xfe\xe0\xc2S\x17\xdf\xf3\
\x9e\xdf\xfd\xee\xef\xfa\xce\xdeh\xb45nlh!\x03\
Q\xdbi\xd4hJ\xdcH\x16iU\x17M\x08\xd0\xa1\
\x03cU\xad(5\xa2u\xd0\x8cF\xe5F\xbf<t\
\xd2\x1d~A9\xbd<~\xea\x8b\x5c\xed4\x8b\x9d\xc8\
\x98\xa3\xb1\xd6\x03\x1b\x80@\xa9\xf6\x87\x82s\xd6\xd8\x8c\
\x99YZ\xe6V$\x90I\xfc\xd0%KQ\x05\x97\x85\
\xca\xba\x19K\xa2\x99\xa6\xeb@DTH\x01\x0dRD\
AL\xba\x0d\xa9vZr\xa8\x8ahDdg\x5c\x10\
\xae\xe7[\x11v\x8c\xcb\xac\xcb\xacq\x88\x08I\x8d\xc8\
\x94\x80\x0e\x0d\xa5\xcc~\xe8\xaa\xb0\x12 \x01\x9a\xee\x80\
I_y\xe9\x8e^\xde\x5c\xee\x02\xbf\xca\xdc\xcc\x85\xdb\
\xc4kNC\xb61\x06\x0d\x19SZk\xc19\xa0\x1e\
\xe8H\x19X\x0c\x99<\xf7\x05\xd8\x0c\x14\x17uS\xd7\
\x0c\xc4\xd9\xa0(\xd6\xd6\xc2|^W\xc1`\xe2\x0d\xd4\
>S\x94\xe0\x8d\x925\xa0\x15\x08\x0b\xd6\x00\x0a\xa9@\
Lh5\x06\xe1(\xc2\x84\xd8\xf3\x1e\xbc\x03$@\x06\
\x9e\xc9bQ-&m3\x8bm\x05\x1a\x08\x22b\x04\
\x11\x01\xee\x02\x16]m\x1c\xb7\xb4\xeb\xc9\x9d\xa3K2\
\xe1\xd3t\xad\xa7m\x22\x9a\xc6wD\x83h\x81<Q\
\xae\xe4\xc9x@\xab@\x01\xadf\x83\x8f~\xfa\xde\xc7\
\x9e\x92\xf5\xc3\xa7k\x05k\xa2'\xf0\x9aEA\xa5\x16\
L\x84x\xdd\xeb\x9cNc>\x9f\xbf\xe1\x0do\xf8\xd4\
\xa7>\xf5\x9e\xf7\xbc\x07\x10\x8e\x1d;:\x99LD\xa4\
(\xf2\x18\x83\xb5\xae\xaa*k\xddl6\x03\x80\xe1p\
h\x8d\x05h\xaa\xaaZNQ\xe03\x9f\xf9LY\x16\
\xa7O\x9f^\x1f\xad\x1b\x02\x00\xe3|\xc1\xd0\xa8u\xe5\
p`,\xad\xb9\xbc\xd4\xd6FVk'\xaa[[\xe3\
\xa3\xa3c\x17\x05\x11\xc0\x12\x92\xb3Qx^-\x0e\xf5\
66O\x9d\xfcG?\xf6\xf6\xcf<\xf9\xe8\x13_\xfc\
\xe2\xaf\xfe\xd2\xbf\xf8\xe9\x9f\xfe\xc7kkk\xde\xfb\xbb\
\xeez\xe3{\xdf\xfb\xde\xc4sg\x96\xa2(\xda\xaa\xce\
\x5cV\x96=\x9an\x83\x22\x92\x91\x08m\x80\xe9\xac]\
/e<\x99\xf6{n?\x98C\xc4\xa5\x86\xbd03\
C g\xbd:\x10\x9d\x8d/^\xb8\xf4\xf8\x89S\xcf\
\xdf8t\x0b\x8f\xafX\xa8U,\xe2\x10Q\x09;\xb1\
\x07\x05\x06\x14\x11\xe9\xe8\x9f\xc2\x22,\x12\xa2\xd4\x22\x12\
\xa3p\xe44\xed\xe9\xf2\xa3\x93\x17OE!\x00$\xb2\
WJ\xe3\xc2\xae\x82\xbc\xf1\xde\xe7y\x9egy\xe6\x9d\
\xb7\xce\x1a\xb2\xd0\xd5@\x91dn\xa0\x0b\x1f\xeb\xfe\xc1\
x\xcfX\x87\xc0\xbbry\x11\x00c\x8cH\x96\xace\
\x91\xc9t>\x9e\xcc\xce^\xb8\x92g\xbe(\xb2\xbc\x97\
\x0d\xd6{\x1c\xc3l:\x09\xb3Z8XC\x99\xf7\x98\
\x92\xc3A\x01b\xca\xb2\xb1\xd7\x82\xd4z\x8d\x19\x92\xee\
\x07(\x10\x18rE^\x94E\xbf,{\xdeg\x884\
\x8f%ekE\x7f\x04\xb6wi\xa7:\x7fy\xfe\xae\
\xf7\xfe\xf6\xe3g\xb7\xcf^\x9c\xd4l\xa3R\x90\x01\xf5\
\xd7\xab\xbaq.\xcb\xf3\xbcmB\xe4h\x858F\x91\
\xd6Z\xb0\xc6+ZA\xb2H\xc6Z\xeb\xbcM\xb5k\
\x8d\xb1K\xcdP$2\xee\x1a\xe6Xy8v{>\
\x12\xa40\xcb\x96\x0c\x87\xb5\xb6(\x8a^\xafW\x96\xe5\
*sb2\x99\xc4\x18\xf3<\x1f\x0e\x87\xc3\xe1p{\
{[U777\xab\xaaJ\xa5\xedW\xfa\xa4\xfb\xad\
\xf5nX\xb0\x87\xb7\xb0\x1f@\xec\xde\x06\xaf\x0f\x9d\xdc\
\x08s\x1c\x08e\xf6sHw\x7f{\xe0\xfa\xdd\xdf\xee\
\xdf`\x7f\x8fz\xae\xda\x01\x98cw\xfc)!\x0f\xef\
\xfd\xca\x8b\xb0\x92\xf2\xfc+\xd2\xd2\xd9\x86\x10R -\
\x11\x86\xd3\xf9\xa7\xa9\xc4\xb3\xb8q\xcf\xc2\x0c\xa8\xaa\x8a\
\xe6y\x8e\x10\x01\xa0\xdf\xef_\xbc\xf8\xc5\x7f\xfb\xef\xfe\
\xed\x1b\xde\xf0\xb7\xdd\xf0\x96\xaa\xaa\x8a\xd2\xb4L\xb2\x94\
\xcc\xea\xe6\x1e \xb8\x5c\x00\x00b\x87\xec\x84D(\x0a\
\xb18\xb6\x85i\x22\xcd[C\xb0\xe1\xb3cy\xce\xc3\
\xd1Q\x98\x9e\x9bn=Uo\x9f\x95\xc5U\x0eB\xea\
\x01\x00\x80:a-B\x02\x02dTK\xc6\x896\x91\
\x1bUM\x05\xc9\x92\xd9&XR]\x01\x13\xf2`\xa0\
e\xe8\x0f\x00\x01\xc1\x81\x12*\x222\x81\x22\x10\xa9\x11\
@\x01F\x120\x8a\x88\x1cE$\x00\x811\xac\xca\xc2\
U\x10R\x93!\x18\x10\x144\xac\xb3D\xb3\x07\x22L\
\x1a\xcc\xc6\x02\x10\xa2EBDR$1\x89\x07\x02\xb0\
\xf4\x06#\xc0\xd2\xf3\xcc\xa2\xd2\x86\xb1hKH\x86\x9c\
\xb5\x991\x9e\x90\x90\x1c\x92\x07u\x10H\x01\xaa\xd8X\
\x9f\xf9\xdc\x83\xcf\x80\x0c@\x00\x90\xcc\x06\xaeg\xf3\xf6\
\xb2\xd4yQ\x94\x8e\x942c\xd0(\xc7FZ\xd2\xd6\
h@f\x0d\x8cj\x14%B\xc3m+m\x031Z\
\x15\x83@\x88i\xdc\x92PA\xc4\xae\xb6E\xdb\x84P\
q\xa8Xj\x82`\x0c#2h\x10\x8e\xa2\xc8\xe4\x01\
\x08\xc1`\xaa#\xbf\x0a!\x01k\xe2\x04<\x17o1\
\x01!\x18\x22G&\xd5\xc9\xcb\xd0\xe4\xaaN\xc0\x00\x18\
\x00\xa3\xd6]\x1c\xcf\xfe\xd3\xfb?i\xb3Q`\x97\x95\
\x9a\x1b\xc8\x1c\x19\xf0!*\x9bZ\x0d\x9b\xeb\x95\xc7\x88\
h>\x9f\x9f<y\xb2,\xcb_\xfe\xe5_\x8e1n\
\xac\xaf\xa7Z\xe7\xc6Z\x11\xcd\xf3\xfc\xea\xd5\xad\xf1\xce\
x}}\x9d\x99C\xdb>\xfc\xc8#!\x06]\xce\xfc\
\x9c\xb5!\x84\xc9t2\x1c\x0e\xfa\xbd\xfe\xad\xcf\xbb\xd5\
9G&#\x935m\xddJd\x94\xaa\xa9\x18-\xc5\
@u<\xd2\xef\xeb\x91\xa3\xf3\xa0\x8f,ZS\x87\xa4\
\xc1\x0a\x88\xe4,7:\x9e\x8f\xfd\xce\xe0\xed?\xfa\xbf\
}\xf57\xbe\xee[\xdf\xf8\xc6\x9f\xfa\x89\x9f\xf8\xd9\x9f\
\xfd\xd9\xef\xf8\xf6\xef\xf8\xca\xaf\xfa\xaa[n\xb9\xf5e\
/{\xd9\xa7?}\xf7p\xb86\x9dN\x11Q\x05P\
\xd0\x18\xa3K)\x9c\x18\xc18\x18Ofr\xd8o\xed\
\xec\x1c?vh\xff\x98\x85\x88\xbb'\xac\xceZ1\xaa\
5 \x88%^\xd4\xe36\xc8\xb1\xe3\xb7\x8d\xc7\xf7\x14\
\x85\x99\xce[V\x02\x97\x84AS\xe7d\x00\x16\x8d\x22\
1\xc66\xc4\xc01(\xb4\x8a\xad\x0a\x88@*\x5c\x22\
B\xday\x15;\xaaG\xb2\xd1Ia\x9c\x90\x10m\x9e\
\xe5\x99/\x8a\xa2\x97\xe7\x85\xb3\x1e\x13\xed]\x97U\xfe\
:\x0ex\x8aZ\xe8\x92\x08\xfe4\x8a#\x89[\xb5\xcc\
i\x02\x00p\xcem\xefL\xb6\xb6\xc7U\xd3\xb6mh\
B<z\xe2(\x22\x80r\xdd.&\xd3\x05\x87\x86H\
\xbd#\x9b\x1b\xe1\xd8\xb6\x13g\xc0$\x96\x0db2\xeb\
r\x8dm\x94\x00\x0d\xaa*\x91q\xcegY\x91ge\
\x9e\xf5\xbc/\xadqD6\xa9\x97\xfa\x8d\xdb/\x8e\xe1\
\xfe\xfb\x1e\xbf\xf7s\x8f\xfc\xf9}_\xfc\xec\xc3\x136\
T\xc5,\xe0\xba\xd8\xbe\xa2cZ0\x9fsY\xc6\xd4\
T\xb1v6+\x9cC%\x03h\x5c\x87\xbf0\xcf\xd0\
\x9a\x94\x0c\xec\x9d7\xc68\xd7\x15EYVg\x05\xe7\
\x0d.\xf9\x1c\xb8\xf4g\x98]-\xad\xb1\xcb\x96lD\
\x92\xed\xca\xf3<\xfd*\x95\x05\x19\x8dF\xa9f\xac\xaa\
\x8eF\xa3\xc4\x0c\x1d\x8dF\xd3\xe9t2\x99\xa4\xd8\xfd\
\x1e\x85\x0f\xdcE\x98X\xbdS\xe9\xdb\xdd\xb4\x84=\x00\
\xe2FN\x8bgB#]u\xe3=;\xd9\x83'\xf6\
\xac\x87\x1b\xc3\x8b\x03\xd7<\x0bkx\xf3v\xb0\x9fc\
\xcf\xb1\x93\xd0J\xc2\x1cI\xc0cE\x93\xf9r\xf3I\
\xf7\x5c0\xeec\xa6$\xc6\xe8n\x0e\xc7j\x83g~\
bO\xeb\xc6x\xda\x0d\xd0h\xcbs\x0f}d\x19f\
\x85\xd7\xc5z\x09\x17\x1f\x7f\xe8w\x7f\xebw\xbe\xf9\xdb\
\xbe\xe7\xe8\xd1~\xads\xe1\x82(\x03\x80\x18ZD\xca\
\xf3,Q\xcd\x01\x11\xc0@\x1a\x8dH4\xc5\x86\x15H\
\x88\x1bI\x13 \x04\xc3\x8a\x15S\x84\xe3~\xed\xc8`\
tGQ\xed\xd4\x93\x0b\xed\xec\xc2\xce\x85\x87\xa1\xb9j\
\xe24\xa3\xc6\x1b%hE\xdbV+$@kP\x9d\
6>\xcf\xb2\xba\x9e\x8b\xd4\xd6j\xdbV\xba\xec`\x84\
@\x1d\xcc\xd0$%\xde-k\x04\x00T!\x00F\xc0\
.\xf8\x81\xa0\x80\xca(\x84hHI#\x22\x81!K\
hX\x98\xa3\x800\x11\x10\x1a\x02\x01h a\x08\xc1\
.p\xcd\xbb\xa2*\x88\x00\xc4J]t)\xc5\x80\x96\
E\xa4\xd2\x18+\xaa\xa0\x8d!\xc1\xa4\x1f\x12j\x8e&\
\x041\xd6%6\x03\x22\xb6\xdc\x13:\xbdy\x045l\
\xd5\xd3\xf1b^\x13\x96\x99_+\xcaQ\xcf\xf0\xc5\xad\
\xb3\xd5N=*\xd73WX\x9f\x83b\x98\xcf\xea\xc5\
\x18\xb4!\x8a\x08\xac\xca\x84\x88\x08Q\xa30+3\xa8\
,\xd3|\xbb\x0e\xc6\xd7X&\xaaI\x0d\x0c\x84@\x00\
\x98#/\xcb\xfb9\xc4$\x5c\x96\xc8|\x02In\x19\
\xd2\x83Mq\xaen>\x98\xba\xcc\x12eQ\xda\xa4s\
\x90\x93\x022\xa7\xf90\x22^\x13\x99^F\xe1\x00\x8d\
)\x802\xb5\x9e\x8dG2\xcb \x18\x1b\x22Ad0\
\x01\x8f\xfc\xce\x7f\xfc\xe4\xb9\xcb1\x1f\xb9\x00\xb1\xf0k\
\xd68&\xdfBT\x15' Mz\xa8\x9ajL[\
k\xdb\xb6\xf5\xde\xbf\xf9\xcdo\xfe\x99\x9f\xf9\x99\xba\xae\
\x8f\x1d;\xe6\x9d?\x7f\xee\x9c\xb5\x86#\xb7m\x8bH\
)\x81\xc5Z\xdb\xeb\x95\xc1\xfb\x18B\x9e\xe51FX\
\xba\x15\x17\xf3\xc5\xfb\xdf\xff\xfe\xcdC\x87~\xe8\x87\x7f\
8i+\xf52\xafm\xa3\xcce\xde/\xcb\xb5\x9di\
e\x06\xc7X\xa7\xce\x80\xa2d\xb99}\xea\xd0\xd9\x87\
\x1e\x15\xad\x10\xa0%\xec\x0d\xd7\xe2\xa2\x81X\xafe\x85\
\x07\xfd\xd4\x87?\xf2\xdf}\xcf[\xabY\xf5K\xbf\xf4\
+\x17.^\x88\x1c\x1f|\xe8\xf3w\xdey\xe7k\xbf\
\xee\xd5\xf7\xdf\x7f_\xdd\xcc\x9d5\xb1m\x8d3\xb5\xb2\
\xf5\xa6\xf0&\xce\xe7`\x9d\x1a;k\xe2\xa5\x85\xbc\x00\
\xf3\xe9\xb46\xa2\xcb\xb8\xdd\xaeF\xc8\x91\xa3\x0a\x02X\
k-\xa1*\x07l\x82\xa2\xc4Y\xd9^q\xf3G\x8f\
l\xc0U0\xb5\x0e\x95jh'\xac\xa2\xd2\x8aHb\
\x83\x8ar\x8c!\xfd\xc9\xcc\xaa\xac\x90\x8a\x0c\xa3.=\
Z\xca\x0c\xd8y\x13\xd33d\xb5D\xc6Z\x97\xfb<\
\xcb\x0a\xef\xb2\x22+\x0cYB\x8b\x80\x89z\x9a\xde\x17\
\x84\xe4\xce\x22L\xac/^\x99.Um\x96\x9c\xa1N\
\xfcFX\xd1X\x04T\x05\x16Q2\xce\x19C\xaei\
\xc2\xd6\xf6\xce\xce\xcedQUd(\xcb\xb2\xb2,z\
\xfdB$\xb4\xd5\xe5\x18\x83pT\x15O@Y\xf2\xa2\
\xb4\xaaj\x08]N\x82\xc0\x9a\xea!t\x18G\x05\x0c\
e\x08F\x02 Xk5\xcf\x9b\xa2\x1c\x14\xbd\x11\xb9\
\x1e\x98R\xb0\x0c\xd4S\xbff\xb2\xfe\xd5\xed\xd9\x03\x9f\
}\xe8O\xee\xfe\x83\x87\xcfO\x9f\xbapi2\xab\xd4\
d\x90\x0d\xdb\x88\x94\x17\x16m\xcb\x02\xdaZ\x83\xce\x0c\
:\xd1\x1d$D\xb0\x96\xbc\xf3\xce\xba\xa4\xa8\xe5\x9d#\
\xef\xc8Zg\xadw\xce\xa6\x0b\xb3\xce\x18k\xac\xb5\xd6\
\x1aC\x08\x80\xd4%*\xa6^\x9a*\xb8\x12Q\x12\xe6\
\x02\x80\xb4\x06\x97\x19\x9ai\xe3\xf5\xf5\xf5^\xaf\xd7\xb6\
mr\xd7%\xbd\xaf\xc1`\x80\x88\x09a\xa4j\xf5\xfd\
~\x7f>\x9fWU\xe5\xbd\x87]3\xf3\xdd\xf6~\xf5\
\xe7\xf21\xed\xb5\xfd\x07\xa2\x01<\xa8\xed\xde\xc9\x81\x98\
c\xff\xf23\xf9\xdc\xbf\xf2\x9a\x09\xdbg.o\xbe\xb7\
\xddv\xf0K\xc2\x00\x07`\x8e\xfd`'\xdd\xdf\x94\xcf\
\x92B\x18\xb0\x14{\xff\xcb\x04\x1c\xb0K\xb6}\xb5A\
\x8c1\x01\x8e\x15\xfb\xe4/~J\xcf\xca\xcf!\x91\x9b\
\xdc\xadC\xd3f\x88\x18g\xcd\xecb\xbb\x98}\xf2\xa3\
\x1f}\xe4B\xfc\xbb\xff\xeb\x8f\xaf\x9f\xb9\xadW\x8c\x9a\
ZEx\xd8\xef\xc5\x18\xb7\xb6\xae\x0c\xfa\x03\x80k\xf6\
FA\x84B\xda!*\xe2uc\xa4\x00\x00\x10\xb6\xba\
\x11\x11\x11\x15\x8a\xc3\xea\x8ee\xeb\xd3S'^\x1av\
\x9e\xa8\xb7\x1ekw\xceNgWA(\xcb2\xb5\xce\
\xda(\xd2\x86\xb6\xf6y?\x04\x99Mk\x00W\xf6l\
Q\xf4\xdb\xa6\x81.\x08\x9d\x12\xdb\xc4\x10\x22$\xa1\x1b\
V\x90e\xa2EJS\x05P$J%Z\x10\x00P\
\x09dYS\x96\xa1\xcb\xb1\x03\x03\x8a\x10\x84Q\x94\x18\
\x8c!\x02@\xe5\xeb\x99\xe1\xbbn\x19\x80\xa2Q\x0b)\
\x9f\x10E\xb1\xf3\x04\xa4\x98\xb3\x00\xaa\x00\x01\x93@'\
l\x81\x08D\xde\x12\x12Gf\x10e\xd5\xd0\xb6\xc5\xf0\
6n\xc7\xb3\xd9c\x1c\xb74\xa8\xeaZ3_P\x13\
\xf3\xb5\xbc\xd0f^]\x99W\xb3`\x9d1\x84\xca!\
\xd41\xd4\xce\xa2\x02\x032\x00+tj\xeaK\xc3\x0e\
\x9ard\x97\xbc\xe9\xdd\x9f\xb0wM\xc2\x8b\x09\xec\xe2\
.\x92\x84\x02\xf2\xeek]\xf5\x93\xb4\xe5r\xd5\xca\xb9\
\xd3\x1d\x5c4&\x06\x1e \xa6\xe8IJ\x13N\x9b\x19\
c\x88\xac\x81R(\x17\x93\x099D5\xca\x04\xec\xbc\
k\xa2\x1a\xeb\xaaF\xcfo\xc7\x0f\x7f\xf2\x09\xb0@\x06\
\xcb\xdc\xab\x18\xf0E\x04\x8c\x1a\x0d\xb2\x115@\x98\xdb\
v\xe9\x1d\xf4\xdeooo\x7f\xcb\xb7|\xcb;\xde\xf1\
\x8eG\x1f}\xd4Z\xfb\xeaW\xbf\xfa\x13\x1f\xffx\x8c\
\xc19\xeb\xbc\x07P\x22|\xe2\x89'\x12\xdd\x0e\x02\x22\
b\x8cq6\x9bE\x16\x8e\xb1#&#\x10\xe2\xd9s\
\xe7\x92\xd7$\x84\x18B\xed\x1cXCeQf.\xaf\
\xe6mS\xc5!\xf9^\x0eU\xac\xabj\x1cBu\xdb\
\xd1\xb5{\xaf^&\x80\xa6\xe5\xe9\xc5+G\xca\xfe\xe6\
h\xcdV\xf5m\xb7\xde\xf2\x13\xff\xf4\xe7oy\xc9K\
\xc8e_\xf5\xd5\xaf\x9cN\xc6\xeb\xeb\xc3\xdf\xf8\x8dw\
\xe4\x85\xbb\xe3\x8e\x17\xado\x0c/<u\xc9\x19\x8fh\
\xd0\xd8 j\x0c\x16\xde.f\x82\x80@n\xc1q\xa7\
\x96Fm\xd3V\x1aX\x12\xe6K6m9t\xa8v\
\xfe\x060D\xa0 \xc2V@E\xb8\x92\xc9\x05\x5c\xcb\
\xa0\xd7kcT\xb1(\x86\xdbqMQ5\xf0\xb2-\
i\x19\xca\xc2+\xf6\xaf\x82KG`\x15aN\x04|\
\xe6T\xf7\x15\x11q0<\x94&\xe8\xb9\xcb\x9du\xd6\
\x98\x8e7\xd5\xa5\x92w\x9c\xa6\xae3%g\xed2\xbf\
\x1c\x97\x19\xb8.\xb3\x00*\x0a1\x0a3+\x02\x80\x91\
\x98\x0a\xba\x19\xe7\xac\x92\xeeL&g\xcf=\xb6\xb3=\
v\xce\x0f\x87kk\xa3MUfi\xebf\xde\xb6\x15\
s\x9d\x19N\xe2>\x09\xd5\x80v3\x90\xa5'E\x82\
\xa8\x22Zg\x89PYb\x8c\x96\x1c\x22)\x933\xd9\
p\xb8\xb1qh\xad(c\xd5H\x13M\xa4\x81\xf1\x87\
L\xb1\x19\xb4\xf7\x99\x87\xce\xfd\xfe\x1f\xbd\xefC\x1f\xff\
\xdc\xa2\x82&\x1bTZ\xa8\xf6\x8d[KC4Y\x12\
\x00\x95h\xd2Q\x05P\xf3\xe4\x8a\xb0\xd6\xe6y\x9e\x00\
A\xaa\x02\xe6\x96-\x01\x85\x04 V\x9cP\x222\x06\
\x89\x10\x00R\xaaj\xf2a\xac\x00\xc7\xaa`\x9b\xed\xd0\
\x89Y\xd5oKE\xea\x0f\x1f>\x1cc\x9cL&\x88\
\xe8\xbdO\xf5\xd6\x13\x99\xb4i\x9a\x10BUU\x89\xd1\
\x98\xc2\xbb\xab\xa8\xca\xfep\xc6n\xfc\xb1\x1f:\xec\xfe\
j\xf7\x90\x98\xda\xfep\xcc\xea(\x07\xe2\x86=\xcb\xab\
\xf6%A\x90\xdd?\xd9\xbf\x93\x1b\xed\xf0/\xd8n\xc8\
!=\xf0\x0cVzA+\xdd\xb0U\x08\xe6\xcb\x0a>\
Vm\xc5\xcd\xd1\xa5\x84m\x12\x8f\xdb_\x94\xefK\xda\
\xe7sqb\x80\x98\xb2{\xc4z\x12h\xc9\xb0Hs\
\xf8\xc8\x91\x87\x1f\xf9\xe2=\x9f\xbe\xfbu\xa7o\x9b\xcf\
g\xd6\x96\xde\xbb\xf9b\xa6\xaa\x9b\x87\x0e5ms\xfd\
^\x9e\xe6(\x08j\xb1K\x22e\x10 /fh\xfa\
\x03W\xf6\xcb\x8d\xe3a~\xa5\x9e^\xadv.\xb4\xb3\
K\x12'm\xdc1\x8a\xceXo\xb2\xed\x9dm\x83E\
\x96\xf796\xae\xdf\x03\x99\xa9FQ\x16a\xd5\xa0\xc2\
\x91\x19\xd2\x8c*)ztQ\x80k\xf2A\xcc\xb0\x1c\
\x8e\xa0\x0b\x09u\x0f]\x97n\x0bD\x04\x16\x16f\x00\
%cR\x80\xbf\xbb(D:\xc0M\x87\x9d\x06\x07v\
\xde\x1d\xe8vJ\xd2\xf9\x96\xc1[P\x89\x08\x90\x0am\
\x08\x8a\xa8\x02\xa2\x88Z\xeb\x94Yc\xeb3]T\x93\
\xf9b\xea}$\x83\xcaA\xb1\x99/\xae\xbar\x98\x17\
8\xad*\x86PGP\x95.\xecaT\x84\x11$\x09\
\x8e\xa1\xaa\x02\x09\x1c\x90M}\x00\xe6\xb8\x86=\x0e\x22\
\x7f>\xa3\xaet}J\x01.\x89,\xdd\x1d\x97D\xd7\
 2\x08\x04`:\xa6/ \x91q6\xb3\xd6\xabX\
$\x9b\x5c\x22\x89!\x22\xaa\xaa\xc8\x82\xc2$d?\xfe\
\xc9\xbb/\x5c\xba\x8a\xc6)\x1a\x9f\x17\xad\x02\x1a\x14U\
e\x06\x89\x16\x01\x09\x12\xf9)\xf1\xb4\xa6\xd3\xe9-\xb7\
\xdc\xb2\xbd\xbd\xfd\xb1\x8f}\xac,\xcb\xd7\xbd\xeeu\xb7\
\xddv\xdbG>\xf4\xe1\xe5\xd0\x9f\xb5m\xd8\xda\xda~\
\xf4\xd1G\x01 \xb4\xedb1GD\x22|\xe1\x0b_\
(\xc2kk#\x00p\xceMbt\xde\xbb\x18\x11q\
\xbc\xb3\x93e\x99\x18\x8c$D\xd0\xeb\x95\x16P\x16\x15\
5\x8dkE\xeb\xba\xad\xc6\x18\xe6\x1e\xb4\xe7{'\xb3\
\xecb\xd3D\x93\xcdE\xad\xe2b\xb1x\xe37~\xe3\
\xff\xfcc?z\xf4\x05\xb7_\xadgC\xa2\x0f\x7f\xe8\
C\x7f\xf8\x87\x7f\xf0\xe6\xef\xfc\x8e7\xbe\xe1\x0dm\xdb\
*\xe8\x89\x13'\xc7;Sa@\xa06\x045\x16\xb1\
\x13\x00L\xc19c\xa1n\xda\x189\x84\xd0\xb4\xd1z\
\xc5%}HDE\x859.\xd9\x84\x09rwF\xd7\
\x1a\x8c\xaa\xd5|<\xd9\xb9\x92U\x93\xd9t\xabp@\
\xda\xb4\xcd\x5c\x94U\xe3\xb5\x92\xf2\xcb\x14\xc4\xae>p\
\xf2\xd7)\x12\xa6\x94tCH1*\x22:\x9bey\
\xaa\x82\x9b\x1b\x93\x91q\xd6X\x04\x84\xd4\x9d\x01\xba\xb8\
'\x22\x02\x220uE\xaa\x01;\x05\xe1\xa4\xb2\xb3\xaa\
\xf1\xaa1bz{\x09\xc9X\x0fH\xac@dC\x8c\
\xdb;\xd3\xf1x2\x9dMD9\xcb\x8a\xa3\xc7\x0e\xa7\
b\xa7U=cn\x02\xd7\x00\xd1\x18\xc8\xbd\x97D$\
\xe9\xc6L\x04P\x060\xcb\x1ad\xa0P\x90\x01!m\
E\x91\x11\xd9\x90d\x99\xcb\x8a\xac\xd7\x1bdYNd\
\x03\xf0\x22\x1e\xf5\xbd\xa11\xf9\xc5\xcb\xb3\x07>s\xf6\
\xfe\x87>z\xefg\x1f{\xecl\xdd*\xb8\xbcl-\
3\xfa\x94\xdb\xbc\x02\xf1\xbb\x15\xa1\xd2\xd0\xb1\xbb\xd4{\
B\x15\xe9s\x7fY\xf9\x15h\xd8\xediH1\x94\xa4\
\xc1\x9a\xccAZ\x992PV\xdf&\xc4\xb0\xaa\xa3\x8e\
\x88Y\x96\x01@\xe2'%\x07\x86s.\xb9\xf3\x07\x83\
A]\xd7\xb0\x8c/\xac\x08\x8eO\x0b V;_-\
\xd3\xf5\xd9\xad{\xb6\xdf\xfdC\xbaA\x1e\xec\xee\x1d\xee\
\xdf\xd5\x9e\xc3\x1d\xb8\xfd\x81\xbf\xda\xff\xe7\x81k\x9e\xdb\
\xf6\x8c0\x07\xecr\xa1\xacT\xc2\x92p\xd0\x0ar~\
\x99\xceoO[\x1d}\x99x&\xa9\x9f\xa55\xab\xa0\
\xda\xcdw\xf2\x17\x8f\xa4\x1c\xf0\x13@\xa2L\x95\x0cQ\
\x7fP\xd8L\xc4Ko\xe0\xb6\xb7\x17\x87\xd6\x8f\xff\xce\
o\xfd\xf6\x5c\xdc\xb7\xbe\xe9-\x80~<\x1e\x03@Y\
\x94\x93\xe9$\xf5\xf8/\xa5\xa9\x83 *\x11\x00\xd0\x08\
eB\xd9v\x13,9\xdf\xdbp\xfd3\xf9\xa1f\x10\
\xe72\xbf\xd8L\xcf]9{_3>\xeb\xa8\xd6\x88\
Fm\xd9\x1b\xf82\xbf\xb2s\xb5j\xad3\x05\xa9\x90\
\x0a\x18\x06e\x15\x0e\xa1\x06\x14X\xaar\xb1\x86%\xd5\
\xb4#}\xb0p\xc2\x1c\xcb\xf2l\x8aH\xaa\xcb\xbaq\
]\xc6/\xa0\x01B\x14\x95\x10\x9b\xc8\xd1\x905\xd6\x12\
\xa2\x88\x06\x89{\x99@\x8a\x06Y\xb1\x0b\xc2'M\x0c\
\x10\x04D\x11`A\x22\x1bC+\x91\x13\xa9\x5c8\x8a\
\xaas^D\x94YQ%\x0a\xc7\xa0\xd0DnXb\
\xaa\xed\x0d\xd2\x124\x91\x99\xd9 5\xc2\xb5\xf3\x19j\
*\x8e\xa5&]\x0e\xb7\x1d\xa1\xb3\xf3\x19\x1b\xd9[Y\
\xad{\xae\xba\x84\x1c\x00\x9d\x07f\xf9\xf7\x01}\xfe\x19\
\xc0\xd7=9\x8c\xb0<\x81N4\x05\x15\x89\x5c\xca\x0a\
\x04 \x15\x14!B\xe7\x9c\xb7\xc6%uT \x83h\
\xba!E:\x1f\xcd\xa2\x8e\xe4\x07U0\xea\x06\x1f\xf9\
\xe4g\x22z\x9f\xf7\x83\x02Xk\xd0\x02\x81\xb2*\x08\
\xa3 \xa9AlC\xcc\xf3\x02\x11SQ\x89\x97\xbe\xf4\
\xa5\x7f\xfc\xc7\x7f\x1cc\xfc\xfa\xaf\xff\xfa;\xee\xb8c\
kk\xabm[\x22\xd3\xb6\xa1m\xdb{\xee\xb9\xe7\x81\
\x07\x1e\x18\x8f\xc7\xc6\x98\xa6m\x99\x85\x08\x9b\xba>q\
\xe2\xc4\xd1\xa3G\xca^\x8fE\x08\xa9(\x8a\xb2(\x87\
\x83\xa1\x8a>\xef\xb6\xdbR\x817A\xc9H\x07\xbd\x5c\
C\x031H\xdb\xd6\x93E\xbd\xb5\xc5\xdc\x96\x99\x11g\
[1\xb7\x1f=\xf3\xe8\x13\x8f\xd4j\xb32\xe7\xd0\xfc\
\xb7\xdf\xf5]\xff\xf0\xc7~\x14\x06\xc5\x0c\xd8\x0f\x86\xe7\
\x1e\x7f\xea\x81\xfb\x1f\xf8\xdbw\xdd\xf5\xc2\x17\xbe\xf0\x03\
\x1f\xf8\xe33gN\x1f9r\xf4\xb6\xdb\x9e\xf7\xf9\xcf\
?h\x80\x00PBL\x92\xe3\xce9\x22\xa3\x0a\xa2\x90\
eT\xd5\x0d\x0b\x84(m\xe0\xacp\xc9\x1d%\xc2\xcc\
\xc2\xcc\x9da2\x06\x01\x98\x85@\x1c`TF\x89\x99\
!\xe00\xde:\x1fc;\x9f^\x86\x9c\x0c\xb2r\x03\
\x01\x144ip\x89t>\xc0\x15o\x0c\x11\x09\x0d\x82\
\x11\xe9\xc4\xd6\x0c\xd9\xe1p\xe0\xbdO\x82\x9bd\x0c!\
\x01:QPN\xbf\xbaF\xf9I\x95\x9fU\x110\x12\
\xc6k\xde/\xc4\xc4=_\xd6<@\x00d!$\xe7\
\xac%C\xc2\x1a\x98\x17Uu\xee\xa9\xa7\xb6\xb6\xb6\x8d\
5\xeb\xa3\xf5\xcd#\xeb\x00\x1a\xdaX7U\xdb\xb61\
\xb6\x00j\x0cX\x0bdP4Fn\x09}g`V\
\x9dYU\x80RJ\x8a\xaa\x1ae\x94h\x0c\xd9,+\
\x07\x83\xbcW\x1a\xe7\xa3\x12\xd9\x8c\xca\xbe\xf7y\xc4\xf5\
K\xe3\xcdO|\xf8\xde\x8f~\xe2S_|\xe4\xfc\xa5\
-h\x22\xb8\xd2\x9br3\xb4\xba3\x8fd{\x06l\
\x07\xc8\x97\x19\xa4+\xc7\xf9\x0aUdY\x96e\xd9\x8a\
\xe3\x99\x90\xc7\x0av\xac\x8a\xa7\xac\xf2M`Y$|\
\x95o\x92\x16p\x99\x9c\x922MV\xc8#\x81QZ\
&\xb3\xe8R4,\xa9\xa1\xa7\x89\xab\xf7>i\x99\xeb\
RC\x12S\x1d\xeah'\x17\x00\x00 \x00IDA\
TTkWb\xd6\xe9O\xb8\xdef\xef\xb6\xee{\x86\
\xb8\xfd\xb8\x01\xaeG\x03\xfb7\xb89\xc3\x03`/\xd4\
\xd8\xb3\xf1\x9emn\x0eSv\xaf\xbc\xd1f\xcfy{\
\xa6\x98c\xb7-OOE\x97r\x9f\xcf!\xab\xf4\x99\
\xb8\x1cV\x80#u\xdcUZ\xec\xaaZ\xc4\x7f\x16\xcc\
!\x80\x88\x8e\x19\x08\xa07(\x8b\x9e\x0b\xb3\xb8\xbe^\
\xce\xe7rr\xe3\xc8\x9f|\xf2\xe1\x1f\xf8{\xdf\xff\x89\
O>\xf4\xdf\xbf\xe5{^\xf0\x82\x17\xccf3$p\
\xce\xee\x9b\x17?\xed\xe5+@DPD\x8bH@\x96\
\xd1\x88-j\xe1\x86\x85PAc\xee\xd6]\x7fX\x0e\
7\xddt\x5cOw\x80\x148\x14\xbe\x08\x81'\x93J\
\xc01\xe4\x0e\x10P\x085\xc9p!\x88\xb5\x85h\x14\
\x0e\xc2\x91\x85A-\x02w\xf6\xb5C\xf9\xa8\x90\xd4;\
t\x19\x96\x86U\x88\xbcs\xf8\x8a\x1aKh:\x09%\
aV%\x05N\x0fEd\xff\xd5)hL9\xa4i\
G\x92\xf2g\x14\x99\x01\xc9eY\x0f4,\x020\xa3\
\x92\x0b\x0cD8_$\xda\xbfFQBK\xd6\x8b\x04\
cH\x04\x9aV\x0c 0\x03\xd7\xce\xf5\x88\xa4n+\
K \x5c\x91\x0a\xa6_%^\x9fI\x82\xad\xba\x22_\
\xc8\x0dn\xfe\xca\xc9\x91^\xc0\xeb}\x1e{\x1a>\x83\
\xfe{@\x01\xb0]\x9f\x80d\x00,(\x0a \xa8A\
0\xc6XC\xde\xb9\xdc\x90UE\x11\xdd\x85[\xba\xa0\
\x8b\xb1.\x0a\xaa)\x90z\xf7}\xfe\xc9'.DW\
\x1crE/(\x0a\xa0\xb1VT\x15E\x09Rn'\
\x03&\xc7r\x8a\x96\xbe\xe8E/\x9aN\xa7\x0f>\xf8\
\xe0K_\xfa\xd2;\xef\xbc\x93\x99\x9b\xa6iC\x9b|\
!y\x9e\xcdf\xb3\xa4\xae\x98e\x99\x08#\x82\x88\xfa\
\xcc=\xf4\x85\x87\x9a\xa6>}\xe6\x8c\x88\x84\x18\x86\x83\
\xc1\xed\xb7\xdfv\xc7K_Z\xf6\xca\xd1hd\x88l\
\xe6\xa2pQd\x1bkkM]\x01\xc0\x85\xcb\x17\x1d\
\x98\x82\x00\x80D\xa5\xaa\x1b-G\xd5\xbc\x22\xb0\x83\xbc\
\x87\xc3\xfe[\xde\xfa?\xfc\xbd\xbf\xfb=P\xf8E\xb3\
\xa8-\xfd\xfb\xdf\xfa\xad\xdb\xd6\x8f~\xcb]w\x8d\xc7\
;\xef~\xd7\xbbBl\xda\xa69q\xfc\xc4\x8b_\xfc\
\xe2\xff\xf7\xdf\xff\xb6\xf79\xa2\xb1\xd6FQDr\xd6\
\x11\x1a\x16PE\xe7\xb3\xaa\xae\xa2h\x1b\xa5\x0d\x8cD\
* \xc2,\xa2\xa0Dh\x8cM\x81\x16]\x96\xff@\
B\x03 \xdc\x1aG\x99\xa5\xba\x1e/\xaa\x99\xc1\x16\x14\
Bh\xac\xd1\x10Rg\xed\xb2^A\xa1\xcb.GD\
@\x22\xa3\x82 \xe0m\x96\xe5yY\x14yQ\x18c\
\x0c\x19c\x0dt%'\xc5\x18D\x05\x11A\xe8p\xca\
\x128.1=.;[\xd73\x96T\xef\x95*\xb9\
\x12\x80\x11\xd6\xa6\x8euS\xef\x8cw\xc6\xe3q\xdd\xd6\
\xbd^\xef\xd8\xc9c\xd6Z\x15\x99\xcd\xc6MS\x09+\
 XKei\x13\xe9U!\xaa\x0a\x82 \x81Q^\
\xe6\xae\x03\xa5\xb7\x1a)\x95C\x00$k\xa8\xc8\xa8\xc8\
\x5cV\x946\xef\x81-\x193[\x8eX\x1ccqq\
\x16\x1f\xf8\xdc\x17>}\xff'>\xf0\xe7\x97'\xd3E\
U\x0b\x1arY\x1f\x8bl\xd2p5\x0fy9\xe8m\
\x0c\x03K\xa8'\x84\xb2\xb2\xac+\x0a\xe7\xaa\xbc{\xf2\
[\xa4\xe5\x048\x12 H\x14\xbd\x15\x98\xc0]^\x0d\
\x00H\x1b\xaf\xa0\xc9\x8a\x01\x9a\xe79\x22\xa6\xca\xae)\
\xe9\x92\x96b\xe4+#\xbar\xbaTU5\x1c\x0e\xcb\
\xb2\x9cN\xa7\xb04mi\x9fm\xdb\xa6Zq\xb8\xf4\
s$\xf8\x02{-7\xa4|\xa2\x03\x01\xc7j\xfd~\
3\xbf\xba\x22\xb8\x1e\x22\xac\x80\xc2\x9e57\x81\x0b\xbb\
\xc1\xc1\x8d\x10\xc9\x97\xf4\xc3=_=\xb7\xed\x19a\x8e\
\x04,\xd2I\xac\x10\xfd\xaa>K\xe2\xa0\xfd\x05\x85>\
\x9fa[\x01\x0e\x00H=i\xe5\xd5|\x86N\x8e/\
\xd7\x89\x09(\x10\x07&\x14\x9b;\x9f\x99\xb2\xe7g[\
\xdb\xfd\xde\x91K\x97.\x9c9q\xec\x0bO\x5c|\xc7\
\xbf\xf9\xd7\x1f\xfa\xc8\xc7\x7f\xe0\x07~\xe0\xae\xbb\xeeJ\
\x91\xf2t!\xd7\x1a>=\xeaH\x91\x05D\x022\x89\
G)`\x05\x0cQ\x92\x9c\xd2\x05\x88\x82\x1bY3n\
\xdd\xac\x92Q\xdf\x840+\x0b_\xefLfM\xc8\xd7\
\xd6\xc0xUY\xb9\x16@\x18A\x09-!\xa3\xc9\x0c\
\x89\x03\x10\x09*!\x05_$F\x81H\x94*\xc4.\
\xeb\xa1\x80FN\xe8\x07\x01\x14i\xe9\xa8\x88\x92\xdc!\
d\x8c\x22)Ch# Xc\xc9\xd8\xfdO'j\
*`\xbd\xbc\x8d\xd0I\x84\x88\x92#\x9fe=\x9be\
U\xb4u]\x87@*\x98\xf9\xac\xd7\xcfU\xa5^,\
B\x0c\xa0\x10\xc4,\x16\x8b\xe1Z\xbf\xd7\xdbXT[\
U][\x02GX\x96\xb9%\x5cLf\x1a\x15\x0d\xaf\
$\xd1\x10\x92vH\xd2\x8a_\xa5\xcc\x90\xec\x11<\xb8\
6\xea\xebu\x09\xae\xbb@\xc7A\xaf\xe5\x97\xfa\xa2\xea\
\x9eG\xae\x8a\xdc\xd5\xc63\x86\x9c\xb5\xde\x9a\x1c\xc1\x02\
\x18\x11\x93$\x11XZ\x05P\xba\xc6\x03B \xeb\xcb\
I\x8dnm\xf3=\x7f\xf0\x9b\x15CK\x94\xb9\xdc\xa7\
\x10\x0c\x82*\x03\x08\x92\x92v\x8aT\x84NU\xd3\x18\
}\xc7\x1dw\xfc\xca\xaf\xfc\xca\xd1\xa3G\xef\xba\xeb\xae\
4\xca'\x90\x91\xc8\xe3\xce\xf9\xd4Q\x99#\x22v\xb8\
\x07\xb4\xdf\xef\x0f\x07\xc3\x87\x1f~d}c\xc3\x10\xc5\
\x10\x87\x83!\x00dY\x06\xaa\x1b\xeb\x1bD\x06A-\
\xe2Z\xbf\xb7\xb9\xbe\xc1g\xcf\x89\xc1G.\x9e\xef\x1d\
9\xba\xde\xf3\x1c\x84Q\xa7\xaaw?\xf9\xf8cMh\
\xd0\x9c\xba\xedy?\xf8\x8f~\xeco|\xc3\xebT\x02\
*\xdf\xfd\xc0\xfd\xbf\xf0k\xbf\xf6\xe8\xe5+\xff\xf2g\
\xff\xe9\xce\xd5\xad\xb7\xbd\xed\x87\xbe\xe9\x9b\xfe\xab\x17\xbe\
\xe8\x05[\xdb[\xf3\xd9\xec\x963\xb7(\xa8s\xbe\x0d\
\x01\xd1\x02t3\x90\xceB\x08 \xda\xba\x81\xc0\xda\x06\
iC7+\xe1\xc8\x00@\x86L\x92\x9b\xed\xf4S\x14\
\x11S\xb9\x11c02\x03\xb7D\xe8(\xe6N\x86\x03\
\x07\xdc.\x9aZ\x80\x14]R\xd6\xe9\x1c\x03\xd8\xd1/\
V\xe60\xcb\x8b~ome\x05aIAc\x16\x04\
D C\xa4\xac\x80d\xc9%\xbd\xf3\xceA\xdb\xf5\x06\
\x85\xce\xb3A\xba\xa4phJ\xc4_VBQ@D\
\x1aO\xe6W\xaflM\xa6\x13\xe7L\x9e\xe7\xbd\xe1`\
\xe8F1\x86\xba\xa9\xe2<\xc6\x18\x0c\x8a!\xb5&\xc5\
fX$\x02p\x9ai\xa4@\x0d!`l\xb0+\xd7\
\xd4\xbd\x14\xaah\xc9z\x9f\x97e\xaf(z>\x17\xb4\
`l\xa9v\x00v\x048z\xf4\xfc\xfc\xde\xcf\x9d\xfb\
\xc4\xa7\xbf\xf8\xf0\xa3\x97\xafn/&5\xb4\xd9\x90h\
\x03rR\xc0V\x0d\x88Qo2\x8f\xac0\xad*\x00\
r\xc6x\xdb\xa5\x1d\xac\xa0F\xe2^\xacn\xd4\x8a\xb4\
\x91\x96i\x97x\x06\xedj\xe9\xe7\xc9\xf4\xac6^\x11\
5V\xa4\x0d\x11)\xcbrmm-\xc6XUU\xaa\
\x96\xe2\x9c\x1b\x0e\x87\xb4\xac_X\xd7u\xb2kM\xd3\
$oG\x97~\xe5\x5cQ\x14EQ\xcc\xe7\xf3\x843\
p\x97\x8c\x87\xdeX\xcas72X\xe1\x9b=\x1b\xec\
\xf9\xe1\x81\x5c\x8d/\x09s\x1cx&\xfbW\xde\xe4'\
7Z\xb3\xfa\xf397\xa9\xcf\x08s\xac\xb2TV\xe7\
\x91\xf2\xce\xd3\xddOe\xf7\x12P\x85]R\xca\xabs\
M7\xe2\xd9\x9d:.\xc5\xbe\xd2\xf8\x08\x00M\xd3\xa4\
.\x95\x00\xc7\xee\xa3\x1c\xb8\x87g\x13(\xf9\xd2\x7f\x82\
\x88dL\xab\xa2\x80`\xec\xfa\xc6\xe6\xf8\xa2ln\x1e\
>\xf7x\xd3\xcf3pEfp1\x9f?\xf8\xe0\x83\
o~\xf3\x9b\xbf\xff\xfb\xbf\xffG~\xe4GR\xcea\
\xdb\xb6Y\x961sJ\xc7JA\xc7\xe4@J\xcb\xd7\
\x1f\x08\x99\x9cvu`E\x93\xea5\x0a\x00b\xd44\
\xfb\xad)\xd3|\xad\x8aS\xf0\xf9\xd6lrjh\xbd\
G\xd6z0,r\xea\x072\x82\xa0l;\x8f\x05\x00\
\xa2\x00\x08\x8b \x18H\x9e\x0c\x00c\x1d\xa2\xa8\xb2\xa8\
\x80\xb2\x00/\x16S\x00A\x04$\x01PB0H\xcb\
`\x82\xaa\xa6\xb8\x0c-\xcbS)\x80Zr\x80\x18B\
`\x16\xd1hT\x8d\xb1\xd7\xdf\xba.\x94\x0d\xd7\xa2\x15\
\x94x\x1cm\x90\xc8\x8ds\x8dh\x96\xaf\x9f\x9c_\xb9\
r\xf1\xca\x95\xcdC\x1b\xa3\xd1!\x005\x00\xbd|\xbd\
i\x9a\xe9tR\xd5\xa1\xdd\x9e;;\xec\xf7\x8f\x18\x93\
a\x8f\xbd\xf5\xcexB\x1a\x8fwB\xc3\x84\x1e\x00\x14\
\xb8\x0b\x8f\x5cK\x18\xb9\xe6U\x16\x5c\xa5\xcc,\xcfL\
\xf6\x08i\xac|\x18\xd8=o\xd8\xdfp\xcf\xeaU\xb2\
\xe3\x8d\x1b\x0a\x0b\x19ZI/\xb0\xa0\xa2s\xce;\xeb\
\x11-t2\xf9\x06\x94\x96\xb5\xb8\x00\x8d[j\x9f+\
\x02\x10\xa1\x08\x04!_l<|v\xe7c\xf7p\xcc\
M\xd6\x1b\x90\xf5\xd6g\x80\xa4,\xc9\x99\x948\x0b\x89\
FI@m\x1b\xc6\xe3\xf1W~\xe5W\xfe\xd9\x9f\xfd\
YUU\xafy\xcdk\xca\xb2\xbcz\xf5\xea\xfa\xfa\xfa\
\x85\x0b\x17\x06\x83\xc1\xa5\x8b\x97z\xbdr>\x9f\x17E\
n\xadm\xeaZD\x8c11\xc6\xa2\xc8\xdb\xd0\x9e=\
w\xd6;7\x1c\x0e\x17Uu\xfa\xf4i\xe6x\xfc\xc4\
\x89\x1f\xfc\x81\x1f|\xe7;\xdf\xb1\xbe>\xca2_\xe4\
9\xc7x\xcb\xf1S\xde\xd8\x8a\x90\xf3l;3\x0f\x85\
\xc5\xad\x9bG'\xb3\xf0\xc5\xc7\x1e\x9b\x10\x5c\xf4\xc3\xa7\
bx\xd97~\xc3?\xf9W\xffZ3\x1b,z\x9b\
\xfd\x9b_\xff\xd5\x9f\xfc\xf9\x9f\x0f\xe4~\xed\xff\xfaw\
\xeb\xfd\xe1\xdfy\xfd\x1b\x9ez\xea\xdc\x9b\xfe\xce\xb7J\
\xe4\xcc\xfb\xa7\x9ez\xea\xe4\xa9\xd3G\x8f\x1e\xdb\xde\xda\
A\xb2\xa2\x82\x001Dk}\x96\xe5M\xa83\xef\xa7\
\xb3i\xd1\x87\xa6\x89nT\xb4,\x00(\x1c\xbb\x81\x8b\
\x8c1\xb4\xac?\xb2\xec\x07\x84,\xaa,D\xa8\x10U\
\xc1;P\xa1\xdc\xdb\xf9la:\xe7\xbcC4]m\
\xf8.\xc4\xccy\x9e\xa7B_EQ\x10Z\x90e\x09\
k\xd6U\x07[u%\x84\xe4V\xe8\x88\xcb\x80\x80\x88\
\x22\xbaD\x1d@D\xa0F\x04\x93\x04\x0b\x8b\xb0\x02(\
Y\xef\xc9\xd8\xc9t~\xee\xdc\xd9K\x97.\x1bc6\
\xd6\xd7\xcf\xdcr\x1a\x11f\xb3\xc9|1\x93\x05\xaf\xa4\
\x87\xad\x83\xe4\xcfJ\xb1A\x22$\x82\x845\x11\xd0\x18\
\xab*\xb1\xa9=\x04\x9fe\x00\xd0\x06Q!\xef{e\
\x7f\xd4\x1b\xac\x15\xf9\x80\xc8\xb2hk\x0a\xcc\xd7\x5co\
}Z\xc1\x9f}\xec\xfe?\xfa\xc0\xef\x7f\xf0c\xdbb\
\x00l\x81f\x00\xb4\xc1\x05\xb2.\x04\x89\x12\x07WE\
E\x00#\x22 (!Y\xe7\xbc\xb1\xde]\xc7\xd2H\
\x98c\xb7\x0c\xd7\x8a\xe9i:\x1e\xd8u\x86y\xe5\x0b\
YE[\x88(\x115v\xefd\xf5'\x11\xa5\xa15\
\xcf\xf3\xd5\xf2h4*\xcb2EO\x8a\xa2\xa8\xaaj\
\xb1X4M3\x9dN\x07\x83\xc1\xfa\xfa\xfa\xda\xdaZ\
\xaa\xeb\xe6\xbd\x9f\xcf\xe7M\xd3\xacB0\xbbA\xc0\x1e\
\xcf\x04\xec\xcak\xdd\xfd\xf9\xa5\x02\x88\x03\x1d\x1e{\xd6\
\xec?\xca\x8d>\xf7\xa3\x87\xa7\xc5\x1c\xfb\x87\xb4\x15\xa1\
\xe2&knr\x94=_\xad\x96\x9fileO[\
9\x91h)\xb4\x92\xe4J\x0ftx\xdc\xe8<\x9e\xb6\
!\xa6\x0a\xc8\x92\xe6[\x89\xc0\x91\xb0\xed\xea\xabg\xbd\
\xf3\xe7\xb6\x89\xa6\xb1\xc1\x88\x22\xd8\xa2\xdf\xdfp\xael\
\x9bfm\xb0V\x0cOqv\xf8\xde\x07\xbfx~|\
\x09@\x0f\x1f\xde|\xe7;\xdf\xf1\xa7\x7f\xfa\xc1\xb7\xbf\
\xfd\xed\xafz\xd5\xabF\xa3\xd1l6+\x8ab6\x9f\
\xf5{\xbdT\xde\x13\x11\x8b\xa2H\xc2\xf3\xd7=r\xc0\
\x88\xc9l\x03\x00\x22()\x1b`\xd4$\xaf\xad\x08\x1a\
\xd15\xe0\x00\x8d\x22\x09\x00\x83\x0ave\x1d\xba\xd0\xf0\
R\xaey\x99\xa4A\x908\x1a\x9d\xa2\xa0v38H\
5K\xd3\xa7\xe9\xf57T9\xd5\xa6J\xca\x19 \xa1\
s\xfav\xac\x08Y*@/\xa5\xdc99<,\x12\
\x88H\xe0t\x1a\x9d\xab\xa1s\xe8j\x07P\xba<\xdc\
\x94L\x8a\x80\x84\x222\x9dM\x11{\x99\xcf\xf2\xc1\xa1\
5p\xae(Zu\xd5|J\x88y\xe6}1\x5cs\
\xb9\xcf\xc3b\x06W.\x8f\xd7\xd6{e9\x8a\xb1f\
\x11\x10\xae\x17\x93\xf9tGc\xcc\xbdG\x95n\xca\xd8\
\x0d\xfd\xa9\x9c&\xee\xfa\x94}\x82\x07\xfa\xa5;-\xf6\
\xb5\xbde\xcd\xf74\x02\xe8T%\x00(\x9d\x9b\xa1\x1c\
m\xcf\x1a\x9b\xcc[\x9az\x82\x12\x5cK\x9a\x85k\x22\
\xb6\x9a\xf4MQ\x01\x18\xec\x22\xd0\x9f~\xec3\x8b\x08\
y\xb6\x06d\x97U|!\x15\xd9\xe8\x88\x00\x9d\x8e\x0b\
*\x82\xb5\xb6\xaa\xaa#G\x8e\xbc\xeb]\xefz\xfe\xf3\
\x9f\xff\xf2\x97\xbf\xfc\xfc\xf9\xf3\x1f\xff\xf8\xc7_\xf5\xaa\
W=\xf4\xd0C\xd6\xd8\xa2(\x88\x8c\xb5\xc4,1\x86\
,\xcb\x10\xc1Z{\xe4\xc8\x91\xba\xae\x88\xe8\xc5w\xbc\
t2\x19\x9f9}\xda9\xb7X,2\xef\x8f\x1f;\
\xa6*IO\x09S\x01@\xe3\x8e\x1f>r\xe2\xc4\xc9\
\xf7}\xf4c;\xc2\x9b'\x8e>\xb2\xbd5\x0d\xd5D\
\x1a\xf3\xfc3\x9f\xfd\xc2\x13\xa3\xd3G\xbe\xeb\xdb\xbf\xf3\
\xcc\x8b\xeex\xe4\xf2\xc5\x17\xdd\xf1\xa2\xa7.\x9c\xfb\xd5\
\xff\xf3\x9f\xff\xd6o\xfe\xdf\x877\x8f\xfe\xd4\xcf\xfdB\
\xbf\x18\xfc7\xff\xf5\x9b\x1f~\xe8\x0b\xaf\x7f\xc3\xdf\xca\
\x9c\xb3\xc6\xa8\xe8d<~\xdem\xb7\x9f<yr\xeb\
\xea\x0eB\xe7\x1c\x83T\xb4\x19\x10\x00S\x1eT\x88P\
\xb7\xb1\x8dR7\xa1\x0d\x11\x15\xac\xb5\xc6\x1aP\x08!\
\xec\x8b\x08/\xdf\x88%>\x03\x05g\xa9\xd7+Qa\
\xb1X\xb4m\xeb\xac\x15Q\x00Z\xeaC\xd8\xe1p\xb8\
\x92\x7f@\xc4\x9b=\xedk\x87Y\x11N\x93J(\xa6\
\xc8K*\x1d+\x0a\x08\x16\x808\xaa\x82&\x1d\xac\xe9\
l\xb6s\xfe\xf2\xf6\xf6v\x13b\xd9+O\x9c<i\
\x8c\xc6\x18\xaen_\x0c\xa1\x15\x89\x00\xc9\xa5\x01]\xb6\
\x1b*a\xc21\x88\x9d\xc8\xb0\x22\x01\x8aQ\x00\x89\x88\
\xe8\xbc3\xc8\xf3\xc8h]\xb6\xb6\xb1V\xf4F>\x1b\
\x00\x15`\xb2H\x19\xa0\x8b\xacOn\xbb\xcf>\xba\xfd\
\xe7\x9f\xfa\xd3\xfb?\xff\xd8\xe5mh\x18\xb4\xcc\x85\x0a\
\xc6L\xd0EAU\xf6&\xc1eN\x94\x14\x224\x86\
\x8c\xe9d0\xbc\xf3YVX\xdba\x85\x15\x87c\xe5\
\xdb\xb0\xbbt\xba\xd2\xa0\xb0[K\x03\x11\xd3\x96{\x5c\
#\xb4Kxc\xa9\xcf\xd1Y\xa2\xd5\xac\xb8\xaa*c\
LY\x96\x00PUU\xea\xedu]\x13Q\x9e\xe7Y\
\x96\xf5\xfb\xfd\xf1x\x1cc\xac\xeb:\xc5\x0d\x89\xa8i\
\x9a\xf9|^\xd7\xb5\xaa\xa60\xcd~C{s3\xbf\
\x1fv\xac\xd6\xaf\xda\xfeh\xcb\x9e\x9d\xec?\xd0\x9e\x8d\
or&\x07ns\xa3}\xfe\xe5\xb7g\x899v\xfb\
\x8e\xd2\xf3N\x5c\xdf$\xcd\xbb\xe7^\xc33\xf6\xcf\xdc\
\xc8\x9d\xb0\xa2\x8f\xec&\x8d\xae$\x13\x9e\xdd>\xbf\xa4\
5O\xbfAW\xa8\xc3\x8a \x98b4:nM\x9f\
\xac9~\xfay\xbew\xa2\x86\xde\xc60\xcf37\x8f\
\xdc\xb4\xcd`\xd0\x7f\xe4\x91\x87\xdf\xf6\xb6\x1f~\xc5W\
\x7f\xf5?\xf8\x07\x7f\xff\xe5w\xbe|>\x9fs\x0c\xc9\
q\x87\x88u]'\xc4\xbd\xbf\xf8\xb2\xa0I\x87GP\
RI\xfePJ\x80C\x15A\x8dF\xc3\xd6(Xc\
\x050*8 I*\xa5\x98\x925\x080\xd99L\
\xd1\x0cT\x00\xa4\x95\x9f?E\x95!\x15\x0f\xc3\x849\
\x94\x88\x14\x04I\x8c\x91$f\xaa\xdc&\xe5.\x96V\
\x98\x01\x85H\x93\x03?\xcd\xecT\xd8  \x19\x22\x10\
\x00\x8d\x1aY\x00a\xc9\xfc\xee\xe6B\x00\xaa(KW\
G\xaay%\x88N\x11\x9b\xb6i\xa6\xb3\x9e\xe9\x17y\
1\x5cw \x5c\xd5\xcdx2SaC\xd8+\x8b~\
\xaf\xec\xf5\xfb\xde\xda\xe9|6\x1e/\xb6\xb6\x9a\xcc\x93\
5*\xb1\x22n\x09\xc58\x9bd;\x15\xcd\xae\x87\x85\
\xb0r\xe9t\xe0\x02\xafws<\x136\xe8\xde\xa6\xd7\
b5\xab5\x07m\xd55\xea\xc49\xd0\xa6\xb9(\x22\
\x19\x22\xb4%\x9a\x82\xd0 \x9a\xce\x8c^\xffC\x05P\
H\xb5R\x92gKA\x01\xd1D\xa6Y\x0b\x1f\xf8\xf0\
=\xe0\x01L\x89d\x10\x09\x11\xd3.:\xb7Hg\x92\
\xbaA\xb9m\xdb\x17\xbf\xf8\xc5\x9f\xff\xfc\xe7\x99\xf9k\
\xbf\xf6kS\xb5\xaa\xd7\xbe\xf6\xb5\xef{\xdf\xfb\xa6\xd3\
)wz<\xed`0\x10\x11k\xddb\xb18|\xe4\
\xf0\x91#G\x8a\xa2\xfc\xecg?+\xa2\xf3\xf9|:\
\x9b\xbd\xff\xfd\xef\xff\xb6o\xfbv\x8e\xd1\x96\xe5h}\
\xfd\xd0\xa1\xcd\x9d\x9d\xf1\x9d/\xbf\xf3\x95\xaf|\xe5\xdd\
\xf7\xdeWf\xf9\xb1#\xc7\xa1\xe8\xa9\xcb\xae\xb6\xe1\xaf\
\xbd\xe2\xab\xde\xf47^w\xf7\xfd\xf7~\xfc\xf7\x7fo\
\xb1\x98\xbf\xea;\xeez\xf5\xdf\xfc\xe6\xff\xf0G\x1f8\
\xf9\x8aW\x9e\xbc\xfdy;\xb3\xd9\xff\xf2\xc3?\xfc\x91\
\x0f\xbe\xff\xf6[N\xff\xf4O\xfd\xdc_\x7f\xd9W\xbd\
\xfe\xae7=p\xdf\xfd\xb9\xcf\xd6\x87k\xa1i\xa7\xe3\
\xc9`m\xe0\xac+\x8a\xe2\xf9\xcf\xbf\xfd\x9e\xbb\xef\xa3\
T\xa2\x1d0E\x1d)\xa5h+ \x99\x18\xb9nb\
`\xa9\xea\xa0\x0a\x84h\x0c\x19\xa2\xa4j\xbb\x97\xd0\x0c\
(\x80\x80\x89v\xa4\xd0\xa5\x8eCQ\xf4\xbd\xef\xe5E\
\xe2\xda\xd6\x9d\xfb=/\xb2<\xcf\xbcgYR\xad\xd3\
0\xb5\x0bR\xa4v\x80\x0d\xb8\xb6A\xa7CJD!\
\xb0\x88\x02\x91A\x13\x85\x10\xad\xc9LUU\x17\xce?\
\xf5\xd4\x85\x0b\xce\xb9~\xbf\xb7yx\xd3:WUU\
U\xcd\x83,T#\xa8\x10\xa1\xf3D\x08*\x0c\xcb\x0c\
[\x84D\xa0J\xa1\x01\x80n\xc4\xb6D\xc4\x0c1\xaa\
5\xded.\xef\x0d7\x0e\x1d\xf6\xf9\xa0j5\xb0\x8b\
n\xe4{\x87\x04\x8bKW'\x7f\xfe\xe9\xcf|\xf0\x83\
\x1f\xbf\xefQ\x98\xb6}\x05RsH\xadaGQ\x81\
\x11\x05A\xb0\x15# \x8a@\xa9<\xa4!0\x96\x0c\
\x99\xcc{\xe7\xac\xf7\xd6{\x9f{o\x5cil\xb6\xa2\
q\xacp\xc6jM\xbaE+n\xe6\xee\xaf\x12\xaaH\
c\xfe\x0as\xac\xb2Wh\x97\xea\xe8\xca[\xb0ZH\
\xb8!\xfd<m<\x99\xa4\xc21&\xd9\x11\x00X[\
[k\xdb\xb6\xae\xeb\x14\x82\xd9\x0d\x05\xd2\x06p\xbd\xd7\
\x01\xf6\x95k\x81}!\x92\xdd?\xd9\x839\xe8\xfa\x84\
\xd8\x03!\xc5\x1e\x10\xb3\xe7\xb8\xfb7\xb8\xf9~n\xb2\
AZ\xf8\xcbg#<{\xcc\x01\xd7\x9f\xbaY\x96\x85\
[y;\xf6\xa3\xb6gq\x94\x04/Rv..I\
$)\xda\x92\xfe\xdcK\x89x.\xda\xb3y\x0c\xc9j\
\x11\xa9Xhi4:n\xa8_dy\xaf\x18\xeeL\
\xa7\x95\xd4\x9b\x1b\xfd\xe9\xa4>|\xfa\xcct2Y\xcc\
\x17\xcc|\xf9\xf2\xe5\x07\xee\xbf\xff\xf5\x7f\xeb\xf5o}\
\xeb[\xbf\xf7{\xbf\xb7\xd7\xeb1s\x8c-\x11\xf5z\
\xbd\x94\x1a\xbe\x9f\x9c\xdb\xc5!\xb0\x13m\xe8\xbc\x04\x88\
\xab\xaab\xa4\xe0c\xc8P=Z`\x8ab\x18\x1ca\
b\x5ct\x92U\x0c\xd7\xd4\xb7`\xf7\x7f\x80\x9dE\x02\
TH\xd5\xc8\x10\x91\x14 \xb2 \xd84\xbc&E\x03\
\xc0 \xc2\x22\x11%\x88F\xd5(\x1a\x01X\x97\x848\
\x8b\xb8\x94\xd1W\x004\xc623(\x08B\xba,\xed\
h\x92\x89\x95*\x8a]X]5\x09\x99\x1aKv\xde\
V\xd5l\xdb\xd30\xcf<\xabp\xac \xd6\x8e\x10E\
\x9aY\x8daQ\x96C_l\xacg\x83\xaa\xb2\xdb\xdb\
\xed\xa2^X\x13A\xea\x8c8\xb7\xc6\x00\xc8\xffG\xdd\
\x9bF\xc9u\x5cg\x82\xf7\xde\x88xK\xae\x95\xb5\xa1\
@\xec\x05\x02\x04@\x81$\xb8\x02\x12ER{k1\
}\xc6n\xb5\xce\xd8:m\xf7\x8f\xfe\xe3\xb6\xda\xb2\xec\
\xf1\x8cz\xa6m\xb7\xdcG\x1e\xcbc\xb7\xc7\x9bZ\xf6\
\xd8\xc7#\xfb\x9c\xb1\xe8E\x96ER\xd2QS\xd4\xc2\
E$\xb1\x91\x04\x09\x80 v\x14\x96*\xd4\x92\xdb\xcb\
\xb7D\xc4\x9d\x1f\x91\xf9\x90\x95Y(P\x14-w\x07\
p\xf2d\xbd\x8c\xb7\xc5\x8bx\xf1\xc5\xbd\xdf\xfdnj\
\xf2\xac6\xd0m\xae.O\x0ez\x9f\xc8=;\xc3\x0f\
\xdd\x0dnT\xb8W\x0f\xc1\x85\xc2v%O\xa5\x14\x9e\
\x94\x8a\xc9\xb3\xe8q7\x86\xa7\x8b\x09\xbb\xd6\x0d\xc8=\
P\x12z\xe6*\x04\xcbL$\x04\xa3\x9c\xb94\x7fi\
\xd6\x06\xd55\x19S \x80\x04\xf6h\x02\xb9\x01\xa0w\
\xc3\x00\x00l\x8cy\xf7\xbb\xdf\xfd\xd9\xcf~\xf6]\xef\
z\xd7\xe6\xcd\x9b=\xcf\xab\xd7\xeb\xfb\xf7\xef?~\xfc\
\xf8\xd8\xd8\xd8\xdc\xecl\x10\x04\xadV+M3G\xa6\
\x0b\xc3\xf0\xca\x95+\x1b7nZ\xb7n\xdd\xa9S'\
Gk5@\x98\x9c\x98\xd8\xb0a\x03\x11\x96\xcbe\x00\
\x1c\x1f\x1b\x9b\x9e\x9e\xee\xc4\x9d(\x8av\xdd\xba\xeb\xf5\
\xb3g\xad6A\xb1\xd8\xa9\xb7\xd6m\xd9\x1a\x81\xd8\xb9\
\xf7\x1dq\xb1\xbc\xf7\xc7\xff\xa7\xed\xefyoX.'\
Y\xf6\x7f\xfd\xde\xef\xfc\x87\xff\xfd3{\xdf\xfe\xe0\xeb\
\xa7\xce\xfe\xfbO\xfc\x9cN\xa2\xdd\xb7\xbe\xed7\xff\xf3\
gJ\x85\xea\x87>\xf0\xc1\x03\x07\x8f\xa0I\xc6\xc7\xc6\
\x9e\xfa\xdeS\x93k\xc6\xf7L\xdca\x8c\xd9\xb4i\xa3\
\x14bzz\xda\xb0U\xdd\x1b\xec\xa6\xef\x12B:\xea\
\x83\x94\xca\xd84\xc92\xcb*\xce\x8c\x10\x92\xc0\x11\x99\
\x0d\xc0 \xdd\x0fr\xcc\x01\x00`z&@\x00$@\
%\xa4\x08K\xc5 \x04\xe6Xg\xa9\x9b\xc3\x8c\xd6\xc6\
\xb21\x96\x90\x90\x00\xd1\xa5*\xe2\x01[\xc7@\x8f@\
\x00D\xc3\xd7~!fN\xd3\x8c\x84\xe7\xfb\x1e\x03&\
I\x1a\xc5\xc9Rc~\xf6\xca\xe5(j\x97+\xa5\x0d\
\x9b\xd7+)\xb24\x89:KY=\xb1\xd6\x02Zc\
\xdbR\x0a)\x05\x02\xb3\xcd\x8c\xb1R\x88^\xaf\xea\x12\
\xaa\x10\xbb\xf2\x17\xce\x90\x96\xc5\x99Ra\xe0\x15\xfdR\
\xb1X\xa8\x84\xc52\x07\x85(\xd5\x89\x09\xfdrM[\
\xff\xd2R\xf2\xe2\x0b\xa7\xbf\xfd\xf4\xa1\x17_\xb9\xd2l\
\x83\xe7\x83(NYYL\xd2,\xcd2\x06 A(\
\x98\xc1\x00kBMhQ\x10rA\x08T\xdd\x18W\
\xa9\x94tR\xa1N\xbbK)E\xc2sv\x8e\xdc\xb6\
\x81={\x06\xf5\xc9l\x0cp2\xf2p\x95\xdc\xb0\x9d\
\xef\xeevt!\xaf\xb99d`\xfaDD\x97\x09%\
\x8e\xe3b\xb1\xe8\xfb\xbe\xcb\xe0\xe1\x8e\xe3\xd8\x1bq\x1c\
\x97\xcbeg\xf3\x88\xe3\xb8\xddnk\xad\xf33:\xb6\
\xe2\xc0\xdc\x8f\xb8L?#\xc77\xfd\x15\xfa\xbf\xac\xb2\
{~\x90\x81\xbdV\xfc\x1c\xa8\xfc\xc3l\x19\xfe\xf2#\
.o\x12s`\x8f\xca\x9b\xff\xe9\x8aR\xca\xa9\x82\xba\
\xa7;\xc0<]\xfd\x98C\xdc\x85\xaeo\xa5\x9f4\xea\
\xb0\xf0\xb5h\xf8\xa1]V<\xec\x0f\xba\xe5M\xf19\
\xd8Y8\x91T\xd6\xd1\xb5\x91\xb5J\x96|\xd2Il\
\x928\x06\x8f6o\x5c[\x1d9\xbe\xb80_\xa9T\
\xca\x95\xf2\x99\xd3g\x84\x14g\xce\x9e\xbee\xfb-\x8f\
\x7f\xed\xf1\xc3\x87\x0f\xfd\xcc\xcf\xfe\xcc\xde\xfb\xf6\xd5j\
c\xce*\xe8F\xd4\xf0y\xb1\x17\x7f\xe1\xb2\xab0\xa0\
!2L\x0c\xe8\xb2_\x93\x15\x9e6J\xa2\x02\xc9V\
\x18+\x0d\xfa\x02\x08\xc1\x22[\x04k\x9d\x88\x00@/\
\xbb:\xb8\x19\xc9=\xd4\xee\xa4\xc8\xb9\xf3\x85\xba\x0c\x08\
\x14]\xa3sw\x1d\xc8\xc8\x02\xd1\xa5u\xf4\x10\xd9\xb2\
\xd6&q\xc8\xc3\x11A\xdc\x83w\x9eoD\x22D\xdb\
\x13\x1c\xe2\xfc\xcd\xcc]\xb7\x8e\x0b\xba\xb5`\x1d\xec\xb1\
V[6RHE\xd6\xc4\xcd\x0ehU.)I\xa4\
\xb0\xcd\x89\x02r\x13\x88nG\x8b\xed\xa6W\xcd<\xbf\
P,\x95\xa5\x1a[X\xbc\xcc6Q\x8a\xd1$Z[\
f\x14N\xad\xdd\xb5\x97sH\x00\xb8\xc4v=\xe4\xc1\
\x08\x84v\xc0'\xf8\x83C\x8e\x1fh\xcd\xe0\xecLL\
Rx\x88R\x90G\xa8\x08\x85\x01\xc9 z\xe8\xa2\xeb\
\x9e\xe7|\x9f\xaefl/Y6t1\x08[\xf6\x83\
\xe2\x0b\x07\xbeg\x09P\x14\x10\x04Q7\xfd&\xd8\xae\
\x15\xc5\x91h{9\xc6A\xdbt\xe7\xce\x9dG\x8f\x1e\
u\xe8\xf6\x89'\x9e\xa8\xd7\xeb\x8dF\xe3\xf2\xe5\xcbA\
\x104\x1a\x8d0\x0c\x05\x09)e\x96\xa5J\xaaJ\xa5\
b\xad\xad/-\x1d8\xb0\xff\xd8\xb1\xa3I\x92\xea,\
\x9b\x18\xaf\xf9\xbe\xbf{\xf7\xee8N\x88D\x92&\xa3\
cc\x1b7m,\x15\x8b\xe7\xcf\x9d_XX\xa8\x8e\
\x8e\x9e?\x7f>J\xd2\xb0\x5cA\xe9\xef\xbc\xfd\xce\x99\
\xab\x8b\x0b\x96\xe3\xd9\xab[n\xb9\xe5K_\xfa\x87\xe7\
\xbf\xff\xec\x7f\xfd\xfd\xdf}\xe0\xfe\x07\x0f\x1d:\xf2{\
\xff\xf7\x1f\xfe\x8bw\xbd\xc7\xf7\xe8C\x1f|o\xab\xd5\
\xf8\xf9O|\xe2\xd0\xe1\x17\x09=\x01Rg:\x8e;\
\xa5RI\x08\xb1k\xe7\xceZm4\xcb\xf4\x96-[\
\xa4\x94\xd6r\xae1\x8f\x88\x88\xd4\x05\xe6H\xd6\x82\xd6\
\x06\xc03\x86\x89\x08\xd9\x89j :9\xfe\xe1g\xe2\
\xac}=\x9b\x1f\x92dF\xd3u]J\x00B\xce\xac\
a\x04\x12$-1!\x11\x8a.(t\xc3\x91\xcd\x80\
y\x0b{&\xa6\xde#sb\x7f\xcc@\xbd\xf5\x03*\
RQ\x94,.6[\xed\xceR\xbd\x9e\x18\xed\x15\xc2\
\xd1\x89\xd1I5nt\xdaj/fi\x82]\xfa\xa7\
%\xb4\x96\x8d\xef\x03\x83f\xd6\xe8T\xc9\x05\x0e\xa9\xfc\
2[p\xc3P\x08AB\x8e\xd5F\xa4\x0c}U\xf2\
\xbc\xb2\x14\xbe\xa5@\x17\xd6XH\xcf^\x98=\xf4\xd2\
\xb3\x87^9}\xf6Rc\xa1\x05\x09\x07\x06G\xb9\x1c\
\xb4A\xa6IDrQ\xfa\x9ePh\x0d\x10\x00\x11\x22\
\x0b\x04\x14$I\x02\x92\x90\xb2,\xa5\xe7\xfb\x9e\xef\xf9\
\xce\xdf\xe4)\xd5\xcd\x17#r'\x94\xc8\x0d\x12\xceQ\
\x8e}I\xe7]\xe9W\x00\x1b0o\xe4  7o\
\x5co:\xcf\x03R\xa0\xb7\xdcI\xd3\x14\x00\x9c\x81\xa4\
P($I\x92OL\xcc\xdcj\xb5\x8c1a\x18\xfa\
\xbe\xef\x16\xb7\x8e'\xe0f\x9c\x5c\xc9c\xe0,\xabl\
\x19\x00\x1c\x03\x95\xfb\xa9!7<\xc8@\x85\x01\xac0\
|\xfb\x03\xd4\xc67\x08D\xfe\x87\xb1s\xe4H\x22\xdf\
\x92G\x139D\x99\xe7\x97\xff!\xe3Y\xb2,sq\
1\xae\x97`/\xb4\x1a\xfbr%\xfcwR\x8c\xce\xd0\
f@2\xcel\xa14)\xbc\x11Of\x12\xbc\xa9R\
\xd5\x08\xafc\x92PAb\xcc\xc2\xc2,I\x14J\xb4\
\xa3\x96\x92r\xff\xfe\x83\xbbvn\xb7\xd6|\xf2\x93\xbf\
x\xf7]\xf7\xfc\xf2/\xff/\xf7\xdf\x7f\x7f\xa3\xd1H\
\xd3t \xbe\xcb\x95\xde\x8a\xddM\x9f\xd0]\xa2#1\
\x12\x031\xa0\x0f \xacf\x90\x96B\x03\xbe38w\
1\x04\x102\x080\xce\x93\x81\xfd\xc7\xec\xebx\xddE\
\x18\xf7\x9d\xd0\xe52\xed\xbe=]g\xed\xe9$:~\
\x002\xa1\xf0\x84\xb2\xac\x8d\xc9\x8c\xd1`\x8d5\xf9\x1b\
\x10\xdcj\x8bP@/&\x90\x01\xd8\x22\x81\x04fv\
\x8c\x13\xb4\xda\x18\x06\x14\xd2\xd3\x9a\xd3\xcc\x0a!\x84\xf4\
\xb28\x8b\xd2\xb6GJ\x14BI^\xa5<\xd2j,\
i\x9d\x16\x0b\x9e\xf0e'3\xcd\xe6\xbc\x9fv\xd2\xb4\
\x9d\xa4\xa9\xd6\x11af\xad\x96\x92\xd0\x82\xd5N\xdb\x94\
zN\x08\x86\x9e\xa1\xa8g\xe1\xe96b/\xf1\x0dt\
\xed/\x9c\x9b\x82\xba\xcd3\x90\x88u\xb8\xf0u\xffB\
\xe8\xb2V\xa1\x1b\x8c\xc0\x08 \x80\x05\x82\x94\xaa@\xa8\
\x10%[2\x16\x98\x10\xa9\x0b\x8f\x10\x91\x08\xad5]\
\xd4\x81\xf9s7\xc8\x02\xad\x10`\x01\x8d!H\x99e\
qt\xff\xcb'\xad\xf0tf\x82B\x98K\x17\xf1\xb2\
\xcb\xb8vuq'\xde\xbbw\xef\xaf\xfc\xca\xafLN\
N~\xe7\xdb\xdf\xf1</\xcd2\xa5\xe4\xc6\x8d\x1bO\
\x9d:599y\xe5\xd2e\x17\xa8\x02\x00\x93\x93\x93\
\xd3\xd3[Z\xad\xd6\xfc\xfc\xd5\xf1\xb1q\xcb\xf6\xee\xbb\
\xef\xfe\xb5_\xfd\xd5\x7f\xfd\xaf?>;;\xf7\xe8c\
\x8f?\xf4\xaew\xb5\xa3\xb6\x94Rk=>6^*\
W<\xcf\xab/\xd57o\xd9\x1cu:\x89\xd1\xe0\xc9\
\xbf\xf9\xea?^\x5cX(_\xbd\xfa\xbe\xbd\xf7\x1d;\
u\xea\xe7\x7f\xe1S\x996\xcf=\xfd\xd4\xc6\xa9\xf1\x97\
\x0f\x1d\xfe\xdcg\x7f\xeb]\xefy\xef\xf8\xc4\xd8;\xde\
q\xdf\xdc\xec\xe5\x7f\xf33\xfff\xe6\xc2\x15\xd6\xda\x93\
~\xa1\x10LMMn\xd9\xbae\xc7\xce\x1d;w\xed\
\x1a\x9f\x98Ltf\xd3dj\xedMJ\xa9,\xd3B\
\xc9\xaeZF.3j\x99\x09\x9c\x1f\x81\x81\x5c\x86@\
\xe1\xe2FzB\x0b\x83\xa6\x8enc9\xcaS.H\
O\xa27\xb2\x00P*/\x8d;F[\x8d\xd6h\x8b\
\x92\x9c\xe3\xae;,-\x13r\x9f\xeb\x04\x97\xff\xcf\xbb\
\x97\xeb\xff\xc4 \x18\x846|\xf6\xf4\x99\xb9\xb9\xabY\
fFG\xc7\xa6\xd6\xac\x01\x09\xad\xa4\x95\xc4\xadf\xbb\
\xc3F\x13\xb2 \x006\xd6dD\xa0\x94 I\x19g\
\x80\xbdE\x00\xb3e\x14(\x08\x042\x11\x08\x00dk\
\x00\xac\x12\xd2\x0f\x0a\x85\xd2HX\xacX\xf0\x90B\xcf\
\xab*\xafb\xach%\xf4\xc8?\xbc\xf0\xbdg_x\
\xedDJ\x1e\x80\xc2\xd8x\x96\x8a\x19\x15R\xab\x8cU\
\xa4|\xe9[c\x16\xe3,\x16\xe4)\xe5\x83\x05\xd6\x96\
HxB\x05\xbe\xf2\x03_*\xcft\x95\xb7|\xcf\xf3\
\xa4\x10\x8e7\xea{\x9eTJ81._\x08\xba6\
\xbd9\xeb\xf5p\xc8I?\xcf#g\x98:{y\xbe\
\xb1\xdf\xaa1<\x00s\x95\xea\x9c\xde!\xa5t\xba\xa2\
Q\x14\xf9\xbe_\xadV\xe7\xe7\xe7]z\xd8\xdc\x1d\x13\
E\x91c{8\x8c\x12\x04\x81CE\xcb\xba\xc6\x1b3\
\x1e\xac\x088\xf2:\xfd.\x98a\x0c\xf1F\xcer\xbd\
\xf3\xe6\xdfW\x89\xa8X\xfd\xb0?\xca\xb2r\x8e\xb77\
\xb8\xf3\xc0m\xe4\x7f:\xc4\x9aeY\x9a\xa6\xfd\xaa\xe4\
\x03{\xb9a\x8f}B~\xa2OlC\x08\xe1$\x01\
rc\x09\x00\xf4\x83\x8c\x15\x9bl\xd8\xf2\xf1\x96\xd89\
\xfa\xb7\xf7\xfb\x95\xf2\xd3![\x9fD\x86i\xc6Y8\
Rm\xcc\x85Am\x13\x9a\xf9\xd1\xaa\xafc]o,\
\x8e\x06j\xd7\x96\xf1\x17^\xbd\x98\x11\xb4\xe2\x16KQ\
\xaa\x8d\x98N{\xa4\xe2\x9f;}\x12\x196m\xdc\xfa\
\xb5\xaf\x7f\xf3\xe0\xc1C\x1f\xfe\xf0\x87?\xf6\xb1\x8f\xdd\
}\xf7\xdd\xae)\xdc\x00p\x04\xa8 \x08\xb4f\xc4\xae\
;\xdf5:0#\x18`\xe3\xdek\x12\xac\xc5\xac-\
\x0aYi*\xc2\x22\xd9\x86\xe2\x86\xa2L\x93\xcf\xa8\xa4\
ei\x0d\x80\x18\xca\xa8~m~\x05\x80\x1ec1\x9f\
\xe7\x18\xa9\x97\x8c\xbd\x17t\x0ap-uHw~\xb6\
\x02@\x11\x85\xeee\x8e6%\x9bYv\xdc8\xc3`\
\x8c\xd1\xd0\xe5Q08K8{\x863O\xc9(\xe9\
(\xdf\xb3\x00\x06dj\xbc\xb08Z\x0bkR\x15\x94\
M\xc1\xeaDg\xcd8mt\xa8X.\xc8R-\xa0\
\xa5vc6\xe5, \x16\xc4\x81D\x9d5\xdbI\x1d\
\x11=)\x10\x053e\xda\xa9\xc5\xf7Ro\x83e0\
\x08\xbd)\xc1\xc1$\x10\xc8\x12\x99\x88\x9dS\xdaQ\x0f\
\x0d\xa3\x93F\x85\xeel\x81\xdd\xdfa\xe5F\xeb\xb5\x82\
\xe3\xc1vc\x11\xad[v\xe7\xf0\x02@0\x936\x0a\
I:~=\x91$\x14\x0c\xc2\xb0\x00&\xc0^\x8a_\
\xd0y\xd7v\x83\xa6\xd7\xd5\xbbO\x041\x91\xba\xa8t\
@ \xb5JSi\x22\xe1\x1d;9\x7fl\x06Tu\
-\x09+%+\xa9\x88\x84e6\xd6\x0aA\x06\xc0\xb2\
qD9\xad5\x02\xae\x9dZ\x1b5\xa3M\x1b6\xc5\
q\x1c\xf8\xa1\x92\xb2\x5c,G\x9d\xe8\xfc\xd9\xf3\x9e\xf4\
\x16\xae.\xb8\x0eND\x95Je\xeb\xd6\xe9J\xa5\xfc\
\xe2\x8b\x87\x19lX\x0c\xac\xb5\xb7\xdd\xbe{~a\xfe\
O\xfe\xf4O\xff\xe8\x8f\xfe\xf8\xd5\xa3\xaf^\xba<\xbb\
~\xc3FO\xa8v\xbb\x1d\x96J\x991#\xc5\xd2w\
\xbe\xf7\xd4\xbe\xb7\xbf\xddc\xd8s\xf7\x9e\xbaN\xd7\xdd\
zKy\xe6\xec\xb7\xf7?\xf7\xd8w\x9e\xect:\xeb\
\xd6\xad\xfb\xe3?\xfe\xe3\xf5S\x13O=\xf5\xedG\x1f\
\x7f\xfc\x83?\xfe\xfe\xcd\xd3\xd3\xdbn\xde\xf6\xcc\xb3\xcf\
\xfe\xf2'?5w\xe9\x0a\x19(\x91\xf0POMN\
|\xf8C\xef{\xf0=\xef^\xbfesy\xac\xd6\xb1\
\x86\xa54\xda*/\xa8T*\xadfS\xeb\x0c$\xb0\
5\xcc\x16\xc0\x80\xb1RyVk\x12\xd0I\x8c\xf4K\
\x19\xb7\x01\x11\xc1Z\xb6\x86\x81\x90\x84$^.\x18\x83\
l\xc9\xe4=:\x87#\xcc\x90\x01\xb8\x8c\x04\xe8\xc9B\
#\x05\xe9{\x82%\x22\x0a \x03\xda\xe9utwC\
 0]b\x06Ik\x09P0\x90\xed\xca\x9a;'\
'\xa7\xdaDq\xba\xd4l-\xd4\x1bq\x92\x14\x8b\x85\
\x89\xf5\x9bB_\x82\xc9Z\xad\xabI\xd66\x90\x22\xb0\
\x87\x8c\xb2k\xeb\xea\xf5(\x00\xd4\x96\x01\x88I X\
fc\x05\x11\xb1\xe4\x8c\x94*\x81\x96`\xa4\x92a\x10\
&a`\xc3b\x15\x83\x11#\xcbVT\xad\xaa\xce6\
\xed\xb9s\xcd\xa3\xaf\x9f\xd8\x7f\xf8\xd5W_\xbfx\xb5\
]$*P\xa1\x8c\x88\x96\x01\x08\x89\x84e-P\x0b\
\x8a\xc1696\x0a\x8b\xbe\x10\x08H@B\x09Up\
\x8e\x13O\xf6BQ\xa4\x94BH\xa9\xa4\xa7\x94#t\
\xba\xc9\xdeq-\xa4\x94\xae\xff\xe6KPgf\xc8\x01\
G\x8e-\x06PH?K4_\xbb\xf6O\x96\xdcS\
m\xc8Gb^\xa7R\xa9(\xa5\xdc$R*\x95\x1c\
\x13\xc7I:U*\x95f\xb3i\x8c\xc9Wt\x8e(\
\x0a\xcb\xa1@?ic\xc0\xa2\xb0b\x94\xca\xf5*w\
_\xa6C\xea\xa5\xf9\xf5_\xeb~C\x87\xea\xaf|=\
\x5cr\xbd\x83\x0cO\x8e\xae\x89\xfaq\xf6\xf0\x96e\xc3\
a\xe7\xceS\x82\x00\x00 \x00IDATy\xdb\xae\
Xa\xe06\xa1or\x5cqvv\x1b\xdf\xa4\x9d\xe3\
\x86\xc5\xc1LG\xc2\x80\xebxC\x06\x0cM\x0e|\xb8\
hu!\x84\xf3\xd1`\x1f\x87\xe3\x9f7J\xa5\x1fp\
\xf4o\xe9}\x07\xcb\x88\x88\xd6\xb06\xec\x07a\xb1T\
\xc1\xa8)%\xb5\x938K\x93N\xa4\xa77n8|\
\xec\xa2\xb0\x00@n\xd4\x16K\xa5\xab\x97/)\xcf\xef\
\xc4\xa9\x0c\x92\xcd\x9b7\xb7[\x8d/~\xf1\x8b_\xff\
\xfa\xd7?\xf2\x91\x8f|\xecc\x1f\xdb\xbd{\xb7C\x1b\
\xce\x80\xe4\xfc\x8b\xae\x97\xe42h\xfd\xd7\xe8>\x9d\x1d\
\x9d\x84\x02\x14\x96\x01{\xcb\xe6\xbe\x8c\x22o\xa4\xe45\
\xaf\x99\xf6s.\x22\x03\xf4\xe4\xad\xfa\x1aa\xf9R\x9f\
\x84\x02!]\xa2kdf\xb0\xa2\xbb\xf0\xeeyp\x80\
\x08=\x89\x9cfiX\xad\xfaa\xb8ToI\xf2J\
a\xb5P\xacI\x19&\xb1N\x0c\xfbA\x10\xca\x0a\xa7\
\xba\x93\xe9HC\xb9<R\xf4\xabH\xc5\xacSg\xe2\
Pr\x91]\x1697\x84\xd0v%G\xaf5N\x0a\
l\xc02k\xe6\xcc\x82f\xce\x80-0\x22\xba$w\
\xc4N\xaf\xc3\xc9\x9f\x00\xb15H\x02\x1c2ad\x8b\
\xccHH\x03\xa6\x0c\x1cp\xcd:gz\x17pXD\
g\xddE\x00\x81 \x10$\xa0\xf0\xfc\xd0Q\xf9\x08\x05\
\x92D\xa0\xc1g\xb8\xac\xe5\xaf\xf7\x5c\x18\xba\xa1F`\
\x81,\x90\x01\xef\x89'\x9f\x02\x02DR.k\xef\xb2\
\x91\x82\xb95\xdb\xd1\xad\xda\xad\xd6\xddw\xdd\xb5q\xd3\
\x86={\xee\xb8p\xe1\xc2\xe9\xd3g\x94Rq\xdc\x01\
\x00\xdf\xf7\x00 jG\xae\xb3\x05A\xb0m\xfb6!\
\xc4\x81\x03\x07\xe38\x1e\xa9\x8eDQ\xf4\xd3?\xf5S\
\x9f\xfe\xdf>}\xee\xfc\xb9g\x9e~\xe67~\xe37\
\xbe\xf0\x85/|\xedk\x8fW\xab\xd5;\xef\xbcsb\
b\xbcT,5\xea\x8dj\xa5R.\x97/\xce\xcc(\
%\xc3 <y\xf2\xe4\x99\xb3g\xdf\xf7\x81\x0f\xdcu\
\xef=\x8f|\xe9\x91\xc5\xc5\xc5\xcf\xfc\xa7\xfft\xdb\xee\
\xdd\xdf\x7f\xe6\xe9\x83\xcf>\xb7w\xcf]\x1b7o\xde\
\xb1s\xd7_\x7f\xe9\xaf?\xfb\x9f?\xdb\xaa7Q[\
\x02*\xf8\x81\xa3QLo\x9d\xde\xbe}\x9b\x08\xc3(\
\x8a\xfcb\xc1\x18\xe3\x06\x91\xf3\xad\x18k\x9c\xbcw\xdf\
 \xe5\xbeU\x81S\x18\xcf\x9f\xd1@\xb7]\xb1\xf41\
\x03\xfa\x0c`\x96S\xc0\x0cQ;F6\x90\xe89S\
zV3f\xcdd-\x0b$\x89BH\xa5\x0d[\x06\
\x06\xd4\x96\xad\xcd\x8c\xe1\xf3g\xcf\xa6\x99\xce\xac\x95^\
P\xad\x94\xd6\x84cZgI\xdc^h.\xb0I\x04\
2\xca\x0c)\x05\x04tDc\x14\xc0\x88L\x88\x02\x9d\
\xbd\x8eY\x91\xe1\xcct\xd5\xc3\xd8\x22\xa0\xf4D\xaa;\
\xc5B\xa9R.y^ \xbc\x9b,\x86F\x05*\xac\
\xb5\x22>s~\xe9k\xdf\xfa\xc7S3\x8b'\xcf\xd7\
\x97Z\x00\x12P\x95\xa4Wp\xab\x05\xd3\x8d\x01\x04r\
C\x94-t\x95\xc5\xafE\xb4\xe6\xc1\xae9,\xe8g\
]\xf4\x07\xa1\xf4\x9b\xb7\xfbi\x9e\xb9g$w\xa3\xf4\
\xb37\xa8\x17\xe9\xda\xefpY\xd1\x8d\x02=cF\xee\
Iq\xd5\x5c\xda\xf3j\xb5\xea\xf8\x19.DVJ\xe9\
\x5c'\x8dFC\x08\x11\x86a\xb9\x5cn\xb5Z\x8e\x0b\
\x9c\x1f\x0d\xae3\xaf\x0f\x9f}\xf8\xb3\xff\x22\xfb\xf1\x10\
\x0c\x81\x80\xd5O\xb4\xfa\xe7\xc01W\xb9\xf2\xff\xce\xcb\
[\x869V`\x1e\xf4l\x5cy\x85\xfe\xa7\x02=\xfc\
\xd1\xdfo\xa0\xd7\xb8nB\xed'$\xe7?\xdd\xf02\
~4v\x8e\x81-\x0c\x80\x16\x19\xc8\x18\xad\xc1\x16\xfc\
\xb06R\xbbt\xf5\xf5\x16\x9bf\xb3\xc1Vu:\xed\
-\x9b6VJ\x87\xb3\xc8\x08\xcf\x8f3\x9e\xbb\xba0\
\xb9}[\xb0\xc1\x9b\xb90c\x98\xc3b\xf1\xec\xf9s\
[6n\x98\x9e\x9e~\xf5\xd5W?\xff\xf9\xcf?\xf1\
\xc4\x13\x0f?\xfc\xf0\xc3\x0f?|\xdbm\xb7\x01@\x92\
$A\x100\xb3\xcb\xb1'{I\x07\x86\x1cLLD\
lY*\x0fPX\x0bL\xfd\xb9I\xfbV\xcc\xab\x17\
\x5c\xfe\xed\xda\x83\xebM\x92\xdd\xdc\x97yk\xf4\x16d\
\xd0\xfd4\xe8l\x05\xe8\xf8\xa1\xce\xf2\xbd\xfceO\xda\
b\xbb\xdd\x8a\x93$\x0c\x8b\xa1EK%\xcf\x0b\x83R\
-3\x5c\xaf/\xc6\x9d\xd8\x9a\xd4\xf3<\xbfPRA\
Q\x08\xaf\xd5hC\x07*\x85Z\xa9Zh\xd9\xb9,\
\x8d\x05Z\x05\x1d)\xd0\x89O0\xb3p\x8e\x94\xfei\
\x83\xa4\x01\x064\xcc\xa9\x85\x0c0\xd3:v\xb8\x84\x99\
-X4`4\x02P7!\xa8#[\xa0\xc3\x10\xe4\
\xb4\x1a\x11`P\xc3\xc3,\xfb\xd3\x02\xe5\x09=\xba\xf6\
v\x06D\x01 \x08\x05\xa2D\x94R\x05\x8c\xe8\xe4\xa1\
\xdc\xe3\xc0\xdc\x9a\xd2m\xe7\x1b\xce\x86]\xbe$\x83e\
d\x8b\x92\xc9\x8f3\xf1\xc4\x93'\x81\x04\x03+)\x05\
\xf5\xa4\xb1z\xef)G\x88s63!D\xa6\xb3w\
\xbf\xe7]\xb7\xdf~\xfb3\xcf<U(\x04[\xb6l\
j\xb5Zq\x9c\x5c\xb9r\xd9\xf9\xf5\x94'\x83\xd0\x1b\
\x19\x19\x89\xe38\x8e\xe30\x087lX\x1fEQ\xa5\
Ry\xe4\x91Gn\xbd\xf5\xd6\xcb\x97/o\xbby[\
\xa9X:~\xfc\xb8\xd6\xfa[\xdfz\xb2X,\xddv\
\xdbmJ\xa9\x97^zi\xfb\xf6\xed\x0f<\xf0\xc0\x86\
\x0d\x1b\xce\x9e;\xfb\xc0;\x1f\xb8\xe3\x8e\xdb\xff\xf2\xaf\
\xfe\xea\xc0\x81\xfd\xdf\xfd\xeew\x7f\xf1\x17?)\x84\xf8\
\x9d\xdf\xf9\x9dm\xdb\xb6}\xf5\xab\xff\xf8\xd2\xfe\x03\xfb\
n\xdb=\xb9f\xcd\xb6\xcd\xd3\xbf\xfb\x9b\xbf\xf5\x85?\
\xf9\x93V\xab\xad\x8d)z\x05\x01X,\x14u\x9a\xde\
y\xd7\x9dw\xddsOud\xe4\xd8\xc9\xd7\xcb\xb5\x9a\
\xb6\xd6\x0bB\x12\x14\x04\x81\xe7\xfbD\xd8\xf3\xe1;\xb2\
\x8b\x1b\x92\xe0\xd2\x969\x11\x0ek\x0d[\xce\x1f#\xac\
<\xc6{Z\xb3\xcb;\x8f\xebAn\x8b\xe5\x14(C\
\x911\x1aF\x8b\x04\xc8&\xef\xf0\x00@\xa4\x08\xc3L\
g\x160\xb3]\xd2\xaa\x05H\xd3\xb8\xdeh\xcc\xce]\
\xad/\xd5'GGG\xaa\xa5\xb0XL\xadm4\x1b\
W\x96f\x89\x10\xc1\x10\x1a)Y\xba\x08xB'\xfe\
\x85 \x9cU\x12A\x10H\x17\xcd\x04\xc0\x98\xc6\x84\xc4\
\xc8 @*)\x94\xf4|\x7ftbRH?\xd3F\
\xa9 \x13\xeb\x9bim\xe6\xd2\xec\x81\x17_x\xf6\x85\
\x17O\x9c\xceb\x03\x19\x00\x0bEa\x89Qe\x96r\
\x17^\xfe\xa2v\xcd\xe2L\xcb\x0e\x108\xa7I\x7f>\
\x94~\x88\xe0*\xe4$\xd0|\xf6\x15}\x81\xaf\x03f\
\x8c<\x90\xa4\x1f\xb8\xc8>\x81\x8d\x01\x07\xca\xc0<:\
0\x07\xf7/\x5c\x111\x0cC\xcf\xf3\x9a\xcdf\x14E\
\x0e\x85\xb8\x0a\x0evDQ\xe4\xa8\xd0\xcc\xec<,\xd7\
\x83\x02\xf9\xf7\xe1(\x95\x15\x01\xd0\x00\xe6X\xf1 \xc3\
'\xea\xdf2\xf0\xd3\xf5v\xb9!\xecXq\xcb\x0fS\
\xder\x1c3\xa0\xd1\xf4\xe6\xcb\x8a\xd3v\x8e\x12\xb0\xb7\
:wx\xc2\xbd\x22r2\x11\xf4=Z\x17\xfc\x92\xf3\
\x87\xf3]\xdcS\x19Z\xd9\xafp\x19o\x02R\xbc\x91\
-\xfd\xdbW\xb0v0X\x06@\x02\x14\xd6Z\x940\
91q\xe6H'AM\xc8\xca\x97\x92`r\xac\xb6\
y\xfdMs\xaf\x9c\x16\x0c\x81\x1f27\xce\x9c\xbbp\
\xf3\x96M7\xad\xdb\x90\xa4&NR!\xe4\x91#G\
\xc6\xc6\xc6\xb6n\xdd:??\x7f\xe6\xcc\x99/|\xe1\
\x0b\xdf\xf9\xcew\xde\xf1\x8ew|\xe4#\x1f\xd9\xb5k\
\x97\xb3\x16\x0a!\xf2t3\xdc\xd3\xc5\xeb\xbb\x1e@$\
\xcb\xa0\x94\x87$\x8c\x01\x90\x82\xd1t]\x1a]Q\xac\
\x1b\x97\x81%=\xe6\xd6\xe6\xdek\x19\x19r^&\xf4\
H \xbd\xdf\x00\xc0Z\x10\x86\x84[\xa89\xfe\x08\x91\
\xe8\x03=\xc8\x00K\xedv\xaa\xa5_(g \x9a\x0b\
I\xb5:R.\x8czAqa\xf1j\xb3\xdd\x10\x92\
\xa4\x14\x19\x9b,\x8e*a\xc9\x0f\x8b\xd4\xd6\xf5fG\
\x89\xb0\xe4W\x95\xcfYZ\xd7\xd0\x11\xa2\x85.^\xd1\
-)\xaf\xddb\xef\xc2X\x0ag\x81\x10\xc2\x11`\xa4\
\xf2,d.\xf3\xa7e\x83Z \xfb\x00\x96\xbbY\xbb\
\xd9\xa5\xc2@\x12\xe4\x92\x8c\xa3\xb0&\x1d\xd0\xf0\xd0V\
/k#\x10\x0c\xaeK\x03\x03#\xa3\x94\x12I \x08\
D\xf7ym\xd2\xb3\xae\xdd\xd8\x22\x0a\xc8\xa7:\xa6\xc1\
\x86_\xa1`w\x0aDc\xc1Z\x90\x9a\x83\xb3\xe7\x17\
\xaf\xce\x83?*\x18\x81H\xe6.\xcb\xfc]\x96{*\
\x11\xb1\xd5j\x8d\x8d\x8e)I\x07\xf6?7w\xf5\x0a\
3_\x9c\xb9h\xad\xadV\xab\xd3[7[k\x938\
AD\x22a\xad\xad\xd7\x1b\x9e\xe7eY66>\xfe\
\xd0\xda\x9b\x0e\x1f>\xf4\xe4\x93O\xde|\xf3\xcdk\xd6\
\xacY\x5c\x5c\x0c\xc3\xf0\xc4\x89\xd7\xbe\xf9\xdf\xbe\xb9~\
\xfd\xfam\xdb\xb6\xcd\xce\xce*O\xad\xbdimm\xb4\
\x16E\xd1\xaf\xfc\xaf\xbf\xe2\xfb\xfe\xae\x9d\xbb\xbe\xf2\x95\
\xaf<\xf2\xa5G&&\xc67o\xde\xfc\xf8\xe3\x8f\xef\
\xdd\xb7\xf7}\xef\x7f\xdf\xd3O=\xfd\xfa\xc9\xd7\xdf\xfd\
\xd0C;&\xd7\xb6\xa2\xf6\xa7?\xf5\xcb\xdf{\xea\x99\
\xb8\xd1\xf4\xa5*z\xc1H\xb5V\xadTk##\xef\
~\xe8]\xff\xf6\xe7\xff\xed\x93\xdf\xfb\xf6\xcb\xaf\xbe\xf2\
\x9e\x0f|`\xa1^\x0f\xc2\xc0ZF\x00%\xa4t\xfe\
~\x12\x0e\x00wuH\x1c\xd8\x22\x04\xd3%\x12\x1ac\
\xb8\xbf\x8b2p\x8f9\xbd\xbc\xc3\xaf\xf2zq\xc4\xdb\
\x841\x032\x80\xccl\x81\x04X\xd3\x07\xe5\xc1X4\
(\x85\xf4\x18 N\x92f\xab\xb1\xb8\xb4\x94$q\xa6\
5\x09Q\xaa\x14\xd7LM\xd8\xb8\x93$\x9d\xb9+K\
\x9a\xad\x90\xa2\x14\x90\xb1\xdaQD\x09\x0c8\x99R\xf6\
\x89\xaf\x09\x9e\x0a!\x80\xd9\xda\xcc\xda\x0c\x18\x90\xd9'\
\x0c\xfc@x\x1e*\x19\x94*~\xb1\x02\xd2\xd7,(\
(\xb6[\xf1+/\xbd\xf6\xcc\xcb\xaf\x1d=gf.\
^\xa97\x13F!\xbcrj\xa5aeA\xb1U\x0c\
\x82\xc1\x82\x8d\xba\xaeRD\xec\x05\xa9R/\xcf{.\
\x86\x91\xbb<\x9c\x10x\x0e\x1dr\xb8\x90O\xb7\xee5\
\x9e\xdb3\xfa]'y\xe5~\xaeF\xbe\xbd?\x80e\
`\xf2\xbe\xf6\x00\x96O\xcc\xf9\x1c\x81=\xd3\x82\x10\xa2\
X,:\x0e>\x22\xba\xb4pY\x96\xc5q\xec\xfb~\
\xb9\x5cn4\x1a\xedv[\x08\xe1d\x18\x1dS\x10\x96\
O\xd2\x03\x5c\xce\x81\x93\xe2J\x1c\xd2A\x1f\xeb\xf5Y\
\xa5\xf9^\x03G\xe8\xaf0\xbce\xa0)\xfe\xd9a\xc7\
\x0f\x09\x18\xfe\xa9|+\xd0k2\xc7\xf4\xe4>9\x8d\
\x1c\x16`\x9f\x8e}\xde\xbe\xb9\xf0\x97\xe8\xc9\x18\xbb\xa3\
\xe5G\xf8A\xcb\x9bh\xa07c\xe7`\xb4,\x1c\xea\
f\x93i\xad'&\xc6=O\x96\xcb^\xe8\xe9,\x05\
OB\x167vl\xdd\xf0\xc2\xe1\xd3\x9dV#({\
J\xf9\x00t\xe4\xc8\xd1;\xee\xb8}D\xfa\x89\xb1\xca\
\xf3|\xdfo\xb7\xdb\x07\x0f\x1e|\xc7;\xde199\
y\xe6\xcc\x99s\xe7\xce\x1d=z\xf4\xef\xff\xfe\xef\xdf\
\xff\xfe\xf7\x7f\xfc\xe3\x1f\xdf\xbauk\xa5Rq\x98\x1d\
\x11\x83 \xc8\xb2l\xd9E\x02#\x09kA\x08\x0f\x9d\
F\x19\x100\x01\x13 \xf5\x85J\xde\xa0\x0d\x86\xde\xbf\
\xd4[\xe5;\xb2F\x0fltm\x1b\x0ch\xb1\x8f\xf0\
\xe1\xcc\x03\xd4}g\x22 \x02\xa35}\xac\x11\x06\x8b\
\x98d\xa6R\x19\xf5Th44\xebsV\x0bAJ\
\xa7:KbB\xe3I\x14\x80\xc2r\x9auL\xd4\x08\
\x08\x03L\xd8&I3\x93\xa9\x0f:V\x14\x930\xf1\
5\x9d\x5c\xb1\xfc\xca\xbbf\x18?#a\x89\x01\xd8\x02\
 1\x92\x14\xca\x82!6L\xc6\xb2%I\x84\x82\xb9\
+\xbd\xea\x92\xca \x10\x12!*D\x89@\xe8\x12\xc9\
\xf4\x15\xa4\x81&\x12\x00\x0a\x00\xb0w\xcb\xc2\xa5d\xeb\
\x060\x22\x00\xb2\xed>,\xc4\xae6C.c\xd5k\
\xd5\x1b> t\x81\xb2L\xda\x02\x1b\xf4R\x1d\x1e<\
t$,\x03\x0b\x85\x8es:\xf4*\xcc\xfftD\xab\
w>\xf0\xce\x97\x8f\xbct\xff\xfd\xf7\xff\xf6o\x7f\xee\
\xf1\xc7\x1fk4\x9a\x00\xb0n\xdd\xba8\x8e\x93$\x99\
\x99\x999p\xe0\xc0\x99\xd7_\xf7\xbc`bb|l\
ll\xfb-\xdb\x95T\x1b7n|\xf8\xc7\x1f~\xdf\
{\xdf[(\x142\x9d\xd5Fk\x7f\xfeg\x7f\xfeg\
\x7f\xf6g\x9d\xa8s\xe7]w\x9e?\x7f\xee\xf3\xff\xf5\
\xf37\xad\xbd)\x8e\xe3$N>\xf4\xc1\x0f\xdd{\xef\
\xbd\xc7\x8f\x1d\xff\xf4\xa7?\xfd\xf8\xd7\x1e\x7f\xf7\xbb\xde\
\xbdi\xd3\xa6\xb1\xb1\xb1\xcf\x7f\xfe\xf3\x7f\xf5W\x7f9\
6::>>6===\xbdn\xdd\xc9\xfd\x07?\
\xf5\xcb\xbft\xe2\xe4\xc9\xcc\x98B\xa1\xd8I\x92b\xa5\
<\xb1v\xea\x17~\xf1\x93\xbbv\xed\x9a\x9e\x9e\xfe\xf3\
\xbf\xf8\xd3_\xff\xcc\xaf\x7f\xea\x97~I\x1bM\x84h\
\x19\x18\xac\xd6\xd68u:&\x22\xcb\x86\xb9\x9bl\xb0\
\xdb_\x91\x98\xc1X\xee\xbe:\x98\x19\xba\x11.]\xcd\
\xf3\xc1\x96^\xde\xf6y*\xa1k\xee\x186\x0c\x0c\x02\
Q\xf5\x80\xad\xea\xe9\xb3u\xeb\x08\x19X\xf0\x16\x97\xea\
\x0b\x8b\xf3\x8bK\x8b\xadvk\xa4V-\x97\xcb\x85B\
\x08\xc0K\xf5\xfa\x85\x0b\xe7|bO)\xdfS\x0a0\
\xcb\xe24\xcb\xa4$fm\xc1\xa2\x00)\x85d\x9f\x8d\
\x87\x00N\xdb\x0c\xc8\x22\xa7\xcc\x9a\xc8\x08\x01JI%\
\xbdB0\x22d\xe0\x87U\x19TR(dXB\x7f\
\xec\xf8\xc9+\xdf\xf8o\xcf<\xfb\xdc\x89F\x0b\xa0Z\
\xae\xdb\xa0\xdd\x96B\x84Bxq\xa2\xcb\xe5\x1a[2\
\x9a\xb5v\xb9\x8b\xc1\x93\xe4\xde\xd3\xfdF\x0b\x07\x08|\
\xdf\xef\xcf\x9dF\xcb\x93\xc2\xe76\x09\xd1\x93'\xc7\xbe\
\x0cj\x03\xa0\xa4?\xe4\xb5\x1fg8\xb0\x92\xdbk\x07\
\xa6\xfc\x812\xc0\xc7DD'_\xe4<\x80\xee\x08\xee\
\x92\x5c\xd0\x9f\xecI\xadsO\xd6\xd9\xd9r\xd24\x8d\
\xa2\xc8\x05\xa7\xe4i\x5c\xf2c\x0e\x7f\x0ec\x8e\xfe\xfa\
\x03\xd5V4N\x0cC\x87\xd5\xcf8|\x96\xfe\xf1\xbb\
\x22\x14\x1b\xd8\xfeO\x0a8~\xf8\xf2\xd6`\x8e\x15\x1d\
+\xd8\xf3\x92\xf4\xdbx]\xa7t}\xd4\xa9\x98C\x0f\
O\xb8>\xd1\xaf\xaa\x9e\x9b7\x1cv\xe1\xa1 \x8e\x7f\
\xc6\xd2\x8f?\xba\x86]\xebD\x05\x11\x01\x8c6\x92\xd0\
\xf7\x84\xef\x11Y\xddn6\x05d\xc64o\xbdy\xdd\
\xdaq\xbc\xd8L\xc1f\x02A\xa0(\x14\x8a\xaf\x1cy\
e\xfd\xc6M[o\xd9q\xe9\xe2\x854M\x11\xb1X\
,>\xfb\xec\xb3SSSSSS\xedv{aa\
aqq\xf1\xcb_\xfe\xf23\xcf<\xf3\xd0C\x0f\xed\
\xdb\xb7\xef\xedo\x7f\xfb\xd8\xd8\x183\xbb\x0cF\xdc\xe3\
\xc1\x00\x00\xa0\xa36\x90e\x94*0\x16,\x93\xed\xb2\
\xd8\xba\xb6\xd4\x1b\xdf\x1d\xf4\xb4\x9d{\xf7\xe7\xfc\xe5n\
d!\x01\x021\xf5\xcc\xd8\xec\xec\xc7\xd4\x0d\xab\x05\x82\
\xde\x82\x93\x96\xbd\xda\x91\xf2\xf4\x98\x8c\x80X,\x16\xeb\
\x9dTk+\x88\xd9\x92\xce,!)\xa1\x9051\xf8\
R\x09`aY2\x02\xa3g\xb5\xb2IH\x19\x8a\xd8\
$\x8d$c\xb4Z\x80%P\xc6\x06y\x0ft\x82\xec\
Nw\x15\xbb\x16q\x10 \x05 \x83\x8b\x954\xc8\x8c\
\x12\x91-\xb2A\x04\x81\x08hP\xea^\x82{\x86^\
\xa0\x08p\xd7\xb8\xed\xb4\x09z\xb9f\xba\x85\xc4@K\
\x0a@\xe9\x5c3\x8eg\x90\xc4\x89\xb1\xd6\x91\xeaz\xef\
\x11w|\xf7R\xc8cX\xfa\x1a\xde\x9dw\xb5\x82\xc8\
\x12\xd02\x19mM\xc6\xc5\xc4\x14N\x9cZ\xf4\x0bB\
\xcbP\x88e\x1c\xa9|\xc8\xb8\xa1\xe4\xc6\x9d\xef\xfb\xef\
|\xe7;\xef\xdc\xb3\xbbV\x1b\xd9\xbf\x7f\x7f\x14E\xfb\
\xf7\xef_\x5c\x5c\x9c\x9f\xbf\xdan\xb7'''\xb7m\
\xdb\xb6o\xdf\xde\x0f\xfe\x8b\x0fEQ\xa7\xd3\x89/]\
\xba\xf4\xd2K/\xcd\xcd\xce-.-\x16\x0b\xc5\xff\xf2\
\xbb\xff\xc5\x09E\xa7Yz\xfa\xf4\xe9R\xa9\xf4\xc0\x03\
\x0f\xbc\xfc\xf2\xcb:\xd3A\x18\x1c:t\xe8\x93\x9f\xfc\
\xe4\xbe}\xfb\x8e\x1e}\xb5P(z\xbew\xf0\xd0\xc1\
\xed\xdb\xb6\x8f\x8f\x8fO\xad\x9dz\xfc\xb1\xc7\x1e|\xf0\
A\xcf\xf3\x19`\xd7\xae[\xa3(\xfa\xe2_\xfe\xe5_\
\xfc\xc1\x1f\xf8a\xb0\xe3\xd6]\xb3W\xe7g.]\xac\
\x8d\x8d\x85\x95\xf2\x9e\xbd\xf7\xee\xdas;I\xf1\x87\x7f\
\xfe\xa7\xbf\xf7;\x9f#)\x0a\xa5b\xb1XB\x12\xb6\
\xebC\x03\xab\xb5\x94.\xe3\x92s|X\x01\x22\x0fH\
\xb1lE\xaf\x03p/u\xb1\x0b\xcdv=|\xb0Y\
\xaf\xb5?8\xfb\x023;\xc5.\xec\xe69\xb4\xda\x90\
\x10\x05ce\x978\x0e\x9e\xe5L\x90d\x80$I;\
Q\xd4h\xcd/5\xdaZk%eudd\xea\xa6\
\xb5\x99N\xd2$\xbez\xb5\xa1\xb5&\x82b\xd1\xf7\xd0\
Z\xa3\xd34u\xb3~\xe0+k\x0d\xa2\x00\xa0\xae^\
0gn\xf5m\xd98^\x85eK\x82\xfc (\x94\
\x0aa\x18\x08\x19P\xb0\x961\xb4\x10\x5c\x5c\xca^;\
}\xf5\xd8\xa9c/\x1c>}\xf2\x5c\xa3\x9d\x08/\x18\
\xb7\xc2k\xb5\x8d\xf6\x84(\x8c\xb2\xe5\x94Y\x85a3\
\xea\x10\x0a\xd7\x0b\xa4 !\x88P:\x9ag\xee7\xe9\
W\xd1\xc8\xcd\x12\xfd\x99Mr~\x06\xf4\xb8\x1a\xdc\x8b\
C\x19\xa8?`\xd2\xc8\x7f\xa5^\xaa\x14\xea\xc9\x8c\x12\
Q\xce\xfc\x83\xbeI\x8e\x97;\xdc\xdd\x19\xdd\x94\xe1 \
Q\x14Ey\x8e\x08W-\xef\xe7\xee}\xc8\xbd\x04\xb6\
\xb9\x85\x06\x00\x5c&\x8d\xfcOXu\xda^\x11v\x0c\
\x7f\xde\xb0\xce\xf0\x91\x87+\xac\x8e\x1e\xae\xf7\xeb\xea_\
~\xf8\xf2\x96O\xbb+\xa4\xddz\x83\xd7q\xc3\x0a\xae\
\x07h\xad\x1dL\xce\xc1GN~\x94R:\x94\xca\xbd\
\xd0\xb5\x01O\x01\xf6\x8cf\xee\xbb\xe8\xcb\xe8v\xbd2\
\xdc:o\xe4\x06\xf3>\xdd\x8f%W\xb1j\xc0r'\
N\xd7\xce\x01\xc8\x96\x09,2#\xf2\xe2\xc2\x5c\x96F\
\xcdFl\xb2\xac\x13\xb5\xaa\xe5\x8aW\x0a;\xe8\xef\x9c\
^;\xf3\xc2E4q\xe0\x89\xf1\xd1\xf1\xa8\xdd\x5cL\
\x93\xcb\x97/zA\xb0fr\xd2\xa6I\xbd^7\xc6\
\x14\x8b\xc5z\xbd\x1eEQ\xadVC\xc4R\xa9\x14\xc7\
\xf1\xe9\xd3\xa7gff\xbe\xf9\xcdo\xde~\xfb\xed\x0f\
>\xf8\xe0\xde\xbd{7m\xda\xe4\xfc\xa3\x0e\xac\xb8\xe1\
\x94\xe9Lx\xbe5\xa2P(g-\x0b\xa1d\xd6\xb6\
\x97\xb8}\xf8m;\x5c,s\xf7\xbfui8\xd9\xda\
\xaco\x00\x12\x22*\x15\x22\xa1K\xe5\x80\x08\xccV\xeb\
\x0c\xd1\xb5\x86e\x00A.\xd5m\x0fd0jc\xb0\
Kz@f[)\x95\xd7\xc9\xf0\xc2\xcc\xc5@\x01\xb3\
\x95\x02\xa5 \x93e~ \x95\xf4\x93D\x1b\xab%*\
\xce\xacG\xaa\xe4\x87\x12\xb8\x994\x8b\x0aPY\x80\x0c\
9\x036l\x81l\x15\x00\x98- \xa0\x01w\xe1=\
q\x0b\x04\x00\xc7!d&\x00\xe9$B\x88\x15\x02H\
\xea\x22c\xc3\x1d\x0dMD\xc9\xe0\xf6u\x22(\xce\x96\
C\x08\x84 \xba\xd2\xf0\xd7\xefZ\x0c\x04=\xc1\x06k\
\xa9\xdd\x8e\xe28\x03\x06\xe5a\x80JI\x09\x08\x04\xf2\
\x9a\x19\xa6'\x09\xfa\x83\x15\x06\xb0\x12e\x8a\xc2\x180\
\x1a\xbcFG\x9c\xbb\xd8\x89\x12\x11\x86!\x09\x92$D\
_ve\xf7%\x8f\x11\xd3Z\xaf_\xbf~|l\xec\
\xec\xd9sZ\xeb\xcd\x9b7\xbf\xedmo\xfb\xc4'>\
Q\xaf\xd7\x17\x16\x16\xe7\xe6\xe6\xae\x5c\xbe|\xea\xf4\xe9\
\xe3\xc7\x8f\xbfx\xf8\xe54\xd5R\xca\x91\x91\xea\xbe\xbd\
\xfb\xee\xdb{_\x96fO?\xfd\xf4\xf7\xbf\xff\xfd\xb9\
\xb9\xb9\xd7^{\xadP,\x08\x12\xeb\xd6\xad[ZZ\
<|\xe8\xf0\xc6\x8d\x1b\xab\xd5Jm\xc3\x86#/\x1f\
\xf9\xc0\x07>0Z\x1bm6\x9b\x13\x13\x13?\xf5?\
\xff\xd4\xfe\xfd\xfbk\xa3\xb5\x0b\x17.LM\xad\xfd\xf0\
\x87?\xf4\xda\x89\xd7\xb6n\xddz\xf1\xe2\xc5\xcf|\xe6\
3W.\xce\xa4\x02>\xf7[\xbfy\xf3\xb6\xed\x17/\
]\xbex\xf9R\xd4\x89\xb7\xed\xdcy\xf3\x8e[f.\
_\xfe\xed\xcf}\xee\xf1\xaf\x7f\xbd\xecIdm\xd8\x1a\
k\xd2$q\x13\x9c\xcb{\x12\xf8\xbe\xb5\x16\x08\x01\xc0\
\x1a\x8bR\x1ac\x94\x92\xcch\x8duV\x8fk\x84#\
f\xb6.#\x1b\x12\x0e&\xa0\xee\x85R\xe7\x8f\x06\x00\
\x89\x01\x8c\xd6\x80$\x85\x94\xca[\x98Y\x18\x1d\x1dS\
\xaa\x88H\xc6\x988N\x95\x0a\xe7\x17\x16\xaf^\xbd\xda\
\xe9t\x00\xd0\x0f\xfcr\xa5$\x84@\xe44M\x16\x17\
\xafZ\xab\x01-\x01K\xc1H\x80\xa0-\x1b@+$\
#3\xb0\xb1\xda\xc5f\x03\x22!\xb90\xd7\x18\xa8\xed\
y>\xa0\xb4,Ix\xd5\x91\x09\xe5\x17@(\x00\xa9\
\x94\xaf\xc2\x91\x0b\xf5\xe0\xc8\xb1\xb3\xcf\x1f8r\xec\xf5\
\xcbW\x16 J!\x85\xa2\xa1)\x13\x16b\x0e\x0c\x93\
\x95\x1d\x80D[\xeb \xb4\xe1\x8c\xd0H\xc1\x92\x04 \
H\x12B\x08\xe5\x17\xfb%\xc9\x87cIr\xcbD\x1e\
?\xc2\xcc\xb2\x97H\x5c\xf6\xb4\x1f\xfb\xa3[e\x9f\xb4\
W\xbe=\xb7\xa3\xb8N\x98{4\xb0\x177\x90?\x85\
\xe1i8\xc7\x19\xfd\xfd\xd9\x81$\x00(\x14\x0a\xeeU\
\xe9\xf8\x19\xd6Zg\xfau:\x1c\xce\x9f\xe8\x92s9\
>i?5u\xf8\x8c9t\xc8\xb7\x0c\xfbz\x86k\
\x0e\x9b7\x06 \xc8\x8a'Z\xf1f\xe1\xfapa\xd8\
\x024\x8cfn\x08\x0e\xde\x08z\xe8\xc7|0d1\
\x1d8\xc8\xf5\xac/\xab\x94\x7fB\xdf\xca@q\x1e\x96\
~\x9bGn\xdexsN\x93\x15\xcb[\x02\xa1\x06\xde\
\xd7+\xfe9\x88?\xba\x9fl\xd9\x12\x18\x06=?\x7f\
\xb9\xdd^\x1a/H\xc3\x89R\xb6Z\xf5\x00Z\x8b\x8b\
\xf3\xbbw\xac=\xfc\xda\xc5\xc5\xb8\x1e\x06\xa3\xf5\xfa\xd5\
Ze\xa4\x10L]\xbc|II\xd1\x89\xa2\x0d\x1b6\
l\xd8\xb0\xe1\xb5\xd7^s\xc8\xac\xd1h\xf8\xbe\xef\x9a\
+\x08\x02g\x19r\x0e\x97g\x9f}\xf6\x8e;\xee\xb8\
\xe7\x9e{\xde\xfb\xde\xf7\xae[\xb7\xce\xc9%9\xd0&\
\x89\x22c\x08\x11Ih\xc3\x08\x02Q\x22\x08\xc07\x94\
\x0f\xa2\xbf\xa0K\xd6\x0dhL\xc6\xcc\xd6B\xcfS\x06\
\xc2K\xe9\xda\xfaF \x22\x92\x02't\x81nO&\
\xd7]\x19\x9c^V\xa0\x0a\xc6\x18kYJ\xa5\xb5I\
S\x1b\x04\xd5\xad[\xabI\x12k\x9dIO\x01b;\
Md\x18\x94F\xd6p\xb3\x99&i'\xb5\xbeTA\
\xe8\xb1\xf0\xa2$\xea\xa4\xa8\xbbZ\x1a\x88H\xc0,\xd9\
\x84\x18q\x97\x84\xc1\xcc\x16\x11\x5c\xe6\x16\xeeB\x0d\xd6\
J[\xe7\x1c\x07\x81,\x08\xc8X\x04\xe8\x02%m\x0c\
\x03\x08\xdf\x97\x02\x81\xb51)ZG\xbd\xe8jhw\
\xd7\xb47\xc4\x07\x88\x96\x19\x09\x88D\x14%if\xc3\
BY)\xd5\xe9t\xa2NR*K0V\x12\xddP\
\xe7\xe3F\xfe/\x02\x10\x96\x0ds\x02$\x18\xc33\x17\
\x96\xae\xcck\xe1\xd7H\xf8\xcaSF\xebaS\x96#\
\x90Zk\xe38\xde\xb4i\xd33\xcf>\x9b\xc6\xd1\xbf\
\xfc\xe8\xbf\xfc\xe2\x17\xbf\xf8\xed'\x9f\xdcz\xf3\xcd{\
\xee\xd8s\xcf=wOOo\xbd\xed\xb6\xdb\x0b\x85B\
\x9a$\x97._9w\xee\xfc\x99\xd3g\x0e\x1f>\xf4\
\xb5\xaf\x7f\xed\xb1\xc7\x1e{\xec\xb1\xc7\x1ez\xe8\xa1$\
I\x8e\x1f?\xf6\xe8\xa3\x8f\x1e9\xf2\xca\xf9\xf3\xe7\xe3\
N|\xf6\xec\x99R\xa9\xb4{\xf7\xee]\xb7\xeej6\
\x9b\x17.\x9c7\xda$q\xe2\xfb~\x96e\x1f\xfd\xe8\
Gk\xa3\xb5\xd7_\x7f\xfd\xf8\xf1\xe3\x0f\xff\xd8\xc3\xbf\
\xff\xfb\x7f\xf0\x13?\xf9\x13Q\x14\xcd/\xcc?\xf7\xdc\
\xf7?\xf6\xaf>z\xea\xc4\xb1\xc5Vs\xe3\xf4\x96\x8d\
7o\xcd\xb2,\xc9\xb2z\xab\xf5\xfc\xfe\xfd?\xf7\xef\
?1\xbf\xb8P,\x97\xad\xc9:I\xa2\x8d\xe9t:\
\xc6\x18\xa7\xb7\x0d\x84:\xcdt\xaa\x89\xd0p7n\xbc\
\xe7F\xb9A\x03_\xaf\xdd{p\x10\x01\xad\xcbC\x84\
HB\xa0\xcb\x86\x93\xa6Zy%\x14\x85\xcc\xa84M\
\xa2N;\x8a\xda\x97.]\x12\x82<\xcf\xab\x8c\xd4\x0a\
\xc5\x02\xa0\xe9\xc4\xadv\xd4\xc8\xd2\x84\xd9H)\x04u\
iT\xd8u3\xb2\x05M]q{7 \x19Qh\
\xe3B\xa3$3\xa2\xdf!\x95X\x01\xca\x0bJ\x85\xc9\
\xb00e\xa1\xaamI\xa8Qc\x83\x17_9\xf9\xdc\
\xc1\x97\x9e<|a\xbe\x1e\xb5\xa2\x84T\x81\xa5oP\
\x81\x0a\x0c\x92\x066\xdc\xd1\xcc\x123\x01\x06\x18\xd0\xd9\
\xfc\x00\xa4\x22%\xd1WB*\xe1)%\xa5'TA\
\xf69P\xfa-\x13\x8e\x0c1\xc0\xd5p_r\xf4\x90\
\x1b3\x06\x9c)\x03\xec\x8d<\x0ee  \x00V\x9d\
\x92\xb9\x97_\xcd\x81\x92b\xb1\xe80\x84;N\xb3\xd9\
\xac\xd5j.\x97J>\x8f\x00@\x96e\x9e\xe7\xb9\x97\
\xa1s:\x87aX,\x16\x01\xc0\xa5_\x19 \xa8\xf6\
\x9f}E4\xd0\xef\xd3\x19@\x1b\xab`\x8eU\xfe\xbc\
\xde\xb9Vo\x96\x1fY\xf9\xa7;]~ko\x08s\
\xbc\xb9\x89|\xf5\x03b\xcf\xd5B\xbd5\xd90\x9ez\
#\xe7\x1d\xaes\xc3\x83\xacx\xd8\xd5q\xc6\x8a\xdb\x97\
\xc1\x0e\x00\x06g\xb77\x963\x03i;j\x18\x13{\
\xaaD\x16\xb2\xc4fY#\xaa\xcf%\x11O\x8d\x8e\xdd\
\xbbg\xd3\xb7\x9f?K\xc2\xb4\xea\xd1B\x9al\xd8\xb0\
qbl\xb4\xb1\xb4\x10\x04\xe1\xeb\xaf\xbf^\xadVo\
\xb9\xe5\x96+W\xae\xcc\xce\xce\xfa\xbe\xef\xac\x88Y\x96\
\xb9\x1c\x899o4M\xd3C\x87\x0e\x1d=z\xf4\x99\
g\x9e\xd9\xb6m\xdb\x9e={v\xef\xde\xbda\xc3\x86\
\xa2W\x00@c-!Y\x0bI\x92iC@`\x11\
\xbb\x9cB\x18\x8c\xf9\x5c\xb9a\x1d?\xb4\x9b\x87\x04\x85\
\x94\xd6\x02\xa0e@k,\x10DY\xca)t\xa3<\
\x18\x10I\x08\x89H$\x04!\x11\x91p\xd3v\xdf\xf8\
\x9a\x98\xa8\xd8$m\xb6\x9a\xa6\x133[\xe3e\x941\
Ilw\xb2z}!\xcd\x12FD\x14M-\x8a\x85\
\x11\x0d\xa3Z\x22\x0b\x94A\x90HZ\x8aZ\xedvf\
\xccX\xa0$\xa1A\xb2D@\x04\x92\x8d11\x028\
\x82f\x0f\xcd\xf6\x1c\xee\x00\x08\x90\x8a\xcc@\x1eB\xcb\
`\x01\x05\x0b\x04\x04\x03\xd2\x0aBB\xdfj?\xd5)\
\x22\x11\xf9\xc0:\x8f\x93EfD@tj\x0e\xcb\x07\
\xe4\xf2\xf1I$\x18\xc0\xb0a\x8b\xda\x18\xe5\xf9^\x10\
()\xe3$\xb1&\x13\x82\xb8\xeb\xb4\xe9Y\xfc\x97\xb7\
w~\xd0\x1b=\x19\x04v'\xcaX\xa26\xe2\xd5c\
\xe7-\x94\xbdp\x04\x85r\x88\x8f\x06\x9c@\xdd\x8bE\
'\xff<11\xf1\xdd\xef|\xf7\xdf\xfd\xbb\x9f\xfb\x9b\
G\xfe\xeeo\x1e\xf9\xbb+W\xae<\xf7\xfc\xfe\xbf\xfe\
\xff\xbe\x14\x04\xc1\xe4\xe4\x9a\xf5\xeb\xd7o\xbfe\xfb\xbd\
\xf7\xdc\xb3c\xc7\xce\xad\xd3[\xef\xbd\xe7\xde\x8f\x7f\xfc\
\xe3\x8df\xe3\xea\xdc\xd54M/_\xbe<77\xab\
\x94w\xdf}{7l\xd8x\xe1\xc2\x85C\x87\x0e\x8e\
\x8c\x8c\x8c\x8e\x8e\xbd\xedm\xb7\x16\x8b\xa5\xaf\xfe\xe3W\
\xff\xe3\x7f\xfc?\x1a\xcd\xc6\xcc\x85\x99\xa5\xa5\xa5\x99\x99\
\x99[o\xbd\xf5\xb6\xdbn\xdbq\xcb\x8e\x0f}\xf0C\
33\x17~\xf37\x7fs\xcd\x9a5\x93k&\x1f\x7f\
\xfc\xf1\x1d;v\xee\xdc\xb9\xf3\xc7?\xf2\xc1\xabss\
\x87\x0f\x1f\xda\xb2iK\x9ae\xf3\x8b\x8b\xbf\xff\x87\x7f\
\xf4\xd5\xc7\x1e\xbf<?72>\xa6\x93T\x08\xb0\xc0\
\xca\xf3\xe28F\x06\xcbV\xa7\x99\xf2\xc9\x19.\x84\x90\
i\x12\x93\x14\xce\x1bb\x8ca&\x5c\x99\x15p\x83\xc2\
]\x99W\xd7^]\x0f\x0e\x119\x9f 22\x8b\xa5\
\xa5f\xb3\xd5\x8c\xdaM@F\xe4\xc95\x13R\x22\x00\
\xa7Y2\xbfxE\xeb\x0e@J\x82\xba\x02\xdf\x9c\xf5\
lYL\xdd\xc4\xf7l\xdc&\x84\xae\xcd\x91\xc9\x18\x06\
\x90\xcc\x02Xy~!(\xd7\xbc\x02H\xaf\xa4\xbcQ\
\xa6j\xa4\x8b\xb3\xf3\xf6\xd8k\xb3\x07_|\xe1\xf4\x99\
\xf9\xd9\xf9\xf6B=\xb6\x85\x09\x83\x05(\x92A\xa1\x99\
\xb5\xb5\xac\x99)\x05\xb4@,\x88\xc9\x02\x19$\x22)\
\x9c#\x03=\x074<%\x95\xf0\x95'\x95'd \
\xe52\xa81`\xd5\x80\xde\xbcKC\xd2\x1a\xc3\x08\xa3\
\xff \xd4\xa7e\x9e\xb3=\xf2\xc1\x99w\xc8U\xa6\xdb\
\x01\xeb\x82\xef\xfbA\x104\x9bM\x07\x1d\x5c\xaa6\x07\
,\xf2\xac\xe3.\xcf\xa8R\xaaP(8}\x0ew\x04\
\x07\xb5\xb1\x97\x92\xbe\xff\xb07\x84\x14+V\x18\xbe\xf8\
\x81-\xc3\xb8d\xc5\xbb\xeb\xdf2P\xa7\xdf~0\x5c\
\xb3\xbf\xfe\x0fYnx\xd87r\xdeU\x9ab\xb8\xda\
\x9b\xc4\x1co\xeen\xb1/\xc8\x18z\xee\xba\xdct\x86\
Ca)?J\xcc\xd1\xff\xd3\xf0\xe7\x8a\xbf.\xc3\x1f\
\xc0NO\x0a\xd9X\xd6\x963BKd\xa3\xa8\x11\xb7\
\x1aI\x9c\xc5q\x04\xf1\x5cA\x16\x12\x1b\xec\xde\xb9\xe9\
\xb5s\xf3g/5|\xe5\xe94\xbet\xf1\xc2\xd8\xf8\
DX,\xa5\x99F\xc4\xd9\xd9\xd9\xf9\xf9\xf9={\xf6\
LNN\x1e;v,\x8a\x22\xe8\x09\x9c\xb8\xb1\x9d$\
I\x92$\x13\x13\x13\xbe\xef/..\x9e:u\xea\xc4\
\x89\x13\xcf?\xff\xfc\xb6m\xdb\xa6\xa7\xa7\xdfq\xef=\
\xfb\xf6\xee\xf5\x82J5\xf4\xc2\xb0\x90if\x97\x95\x14\
\x11\x90\xdc\xfc\x097\x92o\xcd\xf3\x90:\x86\x0a0\x22\
\x0bA\x88\x96]J\x19bf\x04c\xd9\x18\xb6\xc6Z\
\x0bZs;N\xbb\xbc\x16\xeer@\x9c\xdf\x85\x08\x9c\
\x10w#\x9bO\xd3tiq\x91\xd9Z\xb6\x85\x85\xa4\
T\xa1\xcc\xc4\x96\xd3\x99Kg\x16\x96\xe6\xdbq\x9cf\
\x80X\x08\x83\xb1\xc0\x1fE\x0cb\xb6I\x96u:Q\
\xa3\xbe\x94\xc6q\xe0\xab4\xe9\x10\xb9\x15(!\xa1\x22\
S\xab\xa0Syr\xcb\x98 \xf0\x830\x90RzJ\
J%\x85\x10\xc5rQ)\x11\xf8~!\x08\xc2\xc0\xf3\
$u\xdau\xe5\xa3 \x9d\xa5\xadN\x1a\x09+\x15H\
\xcb\x06\x11\xc9\xe5\xa8c\x0dlz\xe15\xe0\x16\xbe\x03\
\x04\xcf\x81Q`\xa1\x9br\x94\x90HP\xdc\x89-[\
)\x956\x1a\x05\x1a6\x00L\xd7\xc2v\xde$\xec@\
\x00k\x11\x01\x18\xadE\x1bu\xb2\x17_:a\xa1\x90\
j\xf4\x18\xc8\xea\xc0\xf7\x89\xc8\x0e\x08^!\xba^\xe4\
\xb2\xae'iZ\xad\xd4\x1ey\xe4o\xcf\x9e=o\xad\
\xb5\x06\xaa\xb5\x11c\xcc\xe5\xcb\xb3\x17g.\x7f\xf7\xbb\
O\xfd\xc3\xdf\xff\xe3\x96\xe9M\xcaS\x93\x93\x93o\xbb\
\xf5m\xf7\xde{\xef\xfd\xf7\xdf\xef\xfb\xfe\x9a\xa95k\
\x97\xd6\x12R'\xee\x5c\x9d\xbb\xfa\xe8\xa3\x8f\xee\xdf\xbf\
\x7f\xf7\xee\xdb\xb2,;}\xfa\x0c\x12\xee\xdb\xb7or\
r\xcd\xa1\x83\x87\xb6\xde\xbcu\xc7\x8e\x1da\x18~\xeb\
[Ox\x9e\xbfw\xef\xdev\xbb\xbd{\xf7\xee4K\
/]\xbcd\x8d\x9d\x9d\xbd\xb2\xe7\xce=\xb5\x91\x1a2\
<p\xff;\x89Q\x02\xbd\xf2\xea\xd1_\xfc\xd4/]\
\xbe2\xbbX\xaf+\xc4\xc6\xdc|i\xa4j|\xc1\x08\
~\x18\xb4\xa3H\x02\x09$)\x95T\x9e\xb6\x99\xd6\x9a\
\x04\x19k\x09\x84c]\xb8\xa4\x8876&\xad\xd0\xb2\
]\xbeSn\x0eD\x22AR\x08\x99e\xba\xd9l5\
\x9b\xed\xc3G^\x9b\x98XS\x1b\x1b\x19\x9f\x18\x93J\
0\xebV\xbb\xd1\xeeDi\xda\x01\xb4\x9e\xf2<\xcfZ\
\xab\xbb\xb6>ft\xb9\xfb\xd0\xd98\x98\x1c\xcbZ\x12\
\xb35\xc6Z\xb6\xc8\x88LR\xfa~P\xf6\x82\xb2\x1f\
\x96\x83BY\x8b\x82\x96\xc5\xb0P\xad\xb7\xcc\xf3\xfb\x8f\
?\xf9\xf4\x93\x87_\x99M\xadHL\xd8J\x08E\xc9\
\x1f[\xbb\xd4nz\xbe\x14BY\xc3\xc6\x18\x14\x02\xd1\
 0\x80F6\x80\xacD\xa00p\xca]\x9e\xa7\x84\
\x14\x9e\xefK\xe5\xc0\x01I)\x85\x94J*%\xbb\x10\
!\x87\x0e8T\xfa\x8d\x16\xc3a\xae4\x94*\xa5\x9f\
\xab\xb1\xe2\xe4:<\x91\xf7\xf7\xd2\xe1\x9a\xdc\x13)w\
\xa9\xb6\x99Y)\x95$Inbq\x8e\x15\xa5\x143\
;8\xe2\xec4n\x97$I\xb4\xd6.D\x16\x97g\
<\xc9\x91\xd0\xf5\xd0\xc0\x0d\xff\x5c\xa1\x1f\xf5\xa1\xa5\xeb\
\xdd\xdd\x00@\xb9\xde\xed\x0f\xff\xba\xe2O?L\xf9Q\
b\x0ex\xe3v\x8e\xb7\xaa\xf4gI\xc5^\xf04\xf4\
)\x86\xfd\xf3\x96\x010\xb1\xba\xa9c\xc8\xb7\xe2\xcc\x02\
N\xf8\xd10\x1b`\xe3y\xc2\xf3m\xd4L-g\xa0\
\x8d\x87\x09#\x09\xee\x94\x0b\xe2\xed\xf7\xedYz\xe2\xe0\
\xc2b\xaa\x04\xe9$^\xbcz\xb5Z\xad\xba\xb1\xe4\x12\
\x04\x1c8p\xe0\xa6\x9bn\xda\xbau\xab\x13\xb7qV\
e\x17\x06\xe6x0\x9e\xe7\xd5j\xb58\x8e\xb5\xd6\xf3\
\xf3\xf3\x17.\x5c8q\xe2\xc4\xd4\xd4\xd4sO}\xf7\
\xd6]\xb7nz\xdb]\xf7\xde\xb1mf\xe6R)\xea\
x^Y\x09\x02B\x8b\x16-\x0e\xebi\xaeR\x10\xbb\
\x9a\xe1n\x99\x8e\x00\xb6\x9b\xb1\x04\x10\x80\xd0\xb9\xcb\x85\
\xf3u\xf8\x04\xc6\x80\xd1l43s\x06B3\x013\
w\xb3\xd8\xf3b\xa7nL\xc6\x8c##\xa3\xed\xa8=\
3\xdf\x14\x8bs\xca\x87J-\xf0\xab5a\x92\xa5F\
\x131\x88\xda\x86\xa2d|,@(^n7O^\
\xb8t\xf9\xe2%\x9d\xa6:\xd3V\xbb\x00\x05dFc\
\x91\x19\x0c`l\xad\xd3\xb4&\xd1\xa5\x8f1\x1bgC\
%ADTL1@\x11\xf8\xaa\xe0{\xa1/|i\
\xd6\xae\xa9\x8eTD\xad\xeaO\x8c\x17\xa6\xa6\xc6\xc6\xca\
\xa2$\xda\xc5R\xc9\xda4\xcb\x22)\x90\x88\xd8\x1a\xb7\
\xe2pR\x09\x80x#\xaf\x07\x93@`\xd6&\x0b\x02\
\xdf\x18\x9b\xa6i\x9afJ\x09\xcf\xf7\xad\xd5\xce\x09\x9e\
7m\xbe\xd7\x1b|\x16\xf9\x8elA \x22\xd3\xe6\x1b\
\x09\x00\x00 \x00IDAT\xb1a\xd3l\xc7\xaf\x9f\
\x5c\x92\xe1X'\xb5\xa1P\xcc\xda\xf3\xbc\x01\xc0\x01\xbd\
\xd5*\x22\xba\x97\xf5\xf4\xf4t\x14E\x17\xce\xcf\x14\x0a\
\xc58NF\xaaE\x06(\x95\x0a\xadV\xab\xd5i\x09\
\x92Y\xa6O\x9f>\x93e\xc9K\xc6<\xff\xdc\xf3\xdf\
\xf8\xc67<\xdf+\x16\x0a?\xf1\x93?\xb9s\xc7\xce\
\xf1\xf1\xf1\xd1\xd1\xd1-\xd3[~\xe1\x17~\xe1g\x7f\
\xf6g_;\xf1\xda\xf1c\xc7O\x9c8\x91e\xd9O\
\xff\xf4O\x9f?\x7fn\xef\xbe\xbd\xd5j\xb5\x13uZ\
\xed\xd6\x83\x0f>t\xfe\xfc\xb9\xd3\xa7Oo\xde\xbc\xb9\
\xddn{\x9eW\xadV\xeb\xf5\xfa\x83\x0f>\xd4j5\
\xa7&'\xca\x9e\x02c\xe3(\xfe\x87G\xff\xf6\xef\xff\
\xee\xef.\x9d9\x9ffY\xc0\x22\xb5f\xf3\xe6M\xed\
\xb8\x93\xda\x94\xa4\x08\xc20I\x12\x0d(I\x10\x89,\
M\x93,\x8b\xa2\xa8\xe7\xbd\xeb.i\xac\xb5=\x81\xb7\
7W\xba\xbe@w\xc04K[\x0b\x8b\xadV'M\
Sc\xf8\xb6\xdbw{A`\x8c\x8e\x93v\xab\xd3\xc9\
t\x9ce\x1d\xa9\xd0\x0f\x89\x81\xb5\x8e\x90\xb5D\xe3\xa0\
\xba \x12\xe4\x90\x87\xc5n\x07\x02@L\xada`A\
\xe0)?\xf4\x82@\x85\xbeW&\x19\x14J\xa3B\x15\
\xea\xcd\xce\xe5\xf9\xe2\xb13\xf4\xdc\xfe'_=qj\
\xae\xden\xa6\x8ca)\x06\xd2\xc2\xa3\xb1R\xc6\xb8\x14\
7\x0b\xd5$\xcdZlP\x92O$\xc0\x92\x04I \
$I%IHR*\x142\x90J*\xcfS\x0e(\
\xf8\xbe\x03\x05$\x04I\xa1\xa4\xf0\xd0Jy\xcd\xf1\x91\
;\x1dr\xd2\xc3\xb0\xa3d\x80\xb1\xd1\xff%'m\x0c\
\xcc7\xf9:s\xc5Yv\xc5Y\x19\xfbl\xde\xd4K\
\xe7\xe62\xce;\x1b\x06\x22v:\x1d\xad\xb5\x0b\x82\x0d\
\xc3\xd0\x19<\x5c\xf7v\xb6\x10\xa5\x94S\x97q\x10\x04\
\x97\xdb9\xb8GJ\x1d>\xf5\xf0\x9f\xc3?\x0dlY\
\x05.\xac\x08)\xae\x07\x5c\xfa\xb7\xf4/w\xdf\x12x\
\xf1\xcf^0\xb7s\xdc\xd0\x9c0|\xc3+Z>\xf2\
j\x8e\x13\x94\xebz\xe5\x13s\x7fS\xe6\x903gx\
\xf4S\x97W/\xd7C\x03+\xd6\x198\xe9\x8a[\xfa\
wY\xc5\xd4q]\xc7\x0a3#[`m\x99\xd9*\
@\x06\x19\xa8\xa24\xa2(\x14\x97\x8as\xe9<K\xcc\
\x04\x1a\xd6\x1eE\x05;\xbbcM-|h\xe7\xa3\xdf\
\xdc\xbf\xd8\x82\x0cU\x94e\xc7\xcf\x9c\x9b\x9a\x1c\x93\x14\
\x13h)\x8a\x16\xe4\xe5\x8bm?0[\xb6ll5\
\x92\xfa\xd2\xa2\x12\x1a\xc1\xf8^h,\x18c\x96\x96\x96\
\x96\x96\x96\x92$\x19\x1b\x1bs\x13m\xa3\xd1\x88\xa2\xe8\
\xf2\xf9\x99\xd3\xaf\x9f_{\xf8\xd8\x0b\xdf\x1a\xa7t\xa1\
J\xf5\xb3W\xf5\xdbvnX\xbfn\xb4\x5c\xa44Y\
\x8a;\x8bEJ\xb0\xebi\xe8\xc6f\x00:\xa3t7\
1\xb7`\x22 \xcbh\x10{b\x87\x80\xcc\x04V\x00\
;{\x14#X\x0b\x96@3X \x03d{\xcbi\
F\x06\xc3\x010\xb3M\x8d\xd5\x8c\x96\xa4\x06\xcb$@\
\x06\xc5\xb0R\xacL\xb2H\x9b\xed\xb9(\x8d!3\xcd\
N\x5c\xabU&k\x95v\xb3\xb8P\x8f\x0ba\xa5\xd9\
\xc6\x99\xd9\x14I-e\xaa\x95T/\xcc^j6c\
ABgFk\x06\x80\x9c\x0a\xeb$?\x9d\xf4\xa63\
\xe2Zgx\x81\xdc\xd5\x02\xc2\xb8H\xd9kF\x06\x82\
\x19O\x81\x14 %\x14B\xa8\x8e\x88\xb5S\xc1\xbe\xbb\
n\x7f\xfb\x9e]7U\x95\xa7\x17M\xfbr\xb5(X\
G~\x104\x9bm!\xfd\x9e\xee\xea\xb2>\xbf\xecO\
\x90`\x90\x19\x88\x81\x08JA`=\xe7\x08#\x22\xcc\
\xaf\x98W>H\xdf{\xe7\x06\x88\xd0\xb0Z\xca\xd8\xb0\
\x1e\x95b\xec\xc8\x91\x0b\xb1\x05\x0c2\x11\x94R\xa4P\
\x84d\x1c\x06\x1e\xbcZcL\x1c\xc7;v\xec\x88\xe3\
\xf8\xbe{\xef;|\xf8p'\x8e\xd9\xda0\x0c\xb51\
:\xcb\x8c\xd6B\xc8 \x0c\x8d\xd6\xc6\xdaN\xa3mL\
6::\xba\xb4\xb4\x14E\x91\x10\x22\x08\x83\xb1\xb1\xf1\
\xc7\x1f{\x5c\xebl\xdf\xbe}w\xddu\xd7\xae\x9d;\
}\xdf\xdf\xb5c\x87@\xbcy\xeb\xf4\xc6M\x1b/]\
\xbct\xf7\xddw\x05\x9e\x97\xc6\xb1\xceR!)M\xa2\
\xa9\xf1\xf1\xa3\xaf\x1c\xa5\xf5\x1b%\x8aL\xeb\x8c\xedB\
cizzs\xdcl\x02k\xcf\xa7\xfa\xb9s_\xf9\
\xe2\x97\x8e\xbf|\xb4\x8c2M\x13\xa3T\x96\xa4\x96m\
\xa3\xd5\xb4\xbe$K\x92\xc5\xd1W\x8e\x95\x0a\xe5\x9b\xd6\
\xac-H\xd1Zj\xae\xbd\xa9rq\xe6Rfl\xc2\
6C$\x03B\xa8$\x8e\x5c3[k\x95\x14`\x80\
\x08\x08\x19\xc9\x12\x83\xb0\xae\x99\xbb\x09\x06\xbb\x0c\x00\xad\
\xad\xb1R\x0a\x94\x22\x03\x8b$\x98Ik0\x16\xe6.\
_i\xb6Z$(,\x14\xc2R\x09\x00L\x92\xc5\xed\
8\x8e\xa3\xcct\x105\x91\xf5\x95f6l\x00\x11\x03\
%\x98\x89\x99\x89z\xaciD\xd6V\x90\x22\x10:c\
k\x00\x11K!\xa3\x10~X\x0a\x8b\xa3\xd2\x1faQ\
\x96\xe1x\x0a\xe1\xd1+\xcd\x83/\x1d\x7fn\xff\xe1\x93\
3\xd9BTL\xd2\xd42\xa2\xa8rA\xa4\x96\x99\x04\
\x01\x99NLH\x05DJ\x89\xd8\x83\xae\x0d\x91P\x08\
%\x85\x14\xc2\xeb\xe6:\x91\x9e\xf2\x85\xf2\xba\x88AI\
ABz\x1e\x09RRI%\xbb\xc9P\x90EO\x92\
 \x8f(\x1c&\x81\xf6\x03\x8ba\x81\xaf<\xe24\xc7\
+\xc3\xa3\xa3\xff{?\x9db\x95Y\xd9}\xc9]<\
\xce\x8d\xc2\xcc\xe5r\xd9Q\xdc\x1a\x8d\x06\x008]\xdd\
0\x0c\xa5\x94\xedv;\xcb2\xe7UI\x92\xc4\xa5\x81\
\x81\xbe\xf7\xf60\x93c\xc5+\xb9\xe1\xe7\x0d\xc1\xc4*\
\xdb\xafw\xd8\x81\x09kE\x10\xf3\xc3\x97a\x97\xcd\xc0\
\xd4\xf9V\x9dq\xe0\xb0\xfd\xb6%\x89C,\x8a7}\
\x8e\x1c9\xe6H\x02z\x04\x1f\xe8\xb3\x92\xe5\x9f\xae\xcb\
\xfe\xa0\x8a\xe6\xab\x9b\x1f\xa0\xb7\xdc\x81\xe5\xed{\xbd\x83\
\x0clY\xdd\xb72\xf0\xe7\xf2j\x96\xd9:\xb6\x00\x01\
Y\x96\xe5\xf2(X\x91Di\xe8\x07\x00\x19\x12\xb3\xf4\
\xc1\xa2\x02\x0d\x5c\x17\x90MO\x95\x1f\xb8{\xdd\x13\xcf\
\xce,%\x19\x91\xd2\x06:q::R\x1b\xady\xb3\
\xb3\x8dv\xaa\xa5\x174[\xedS\xa7O\x0b\xca\xaa\x95\
\x8a5\x91[t[k\x10\xd1Z\x9be\x99\x9bH\x0a\
\x85B\x18\x86Z\xebF\xa3\x91\x1as\xe1\xd2\xc53\xe7\
\xcf\x1d\x1f\xa9l\xbby\xf3\xe4Xe\xf6D\xfb\xe0\xa9\
\xc3\xe5 \xdd1\xbd\xe6\x8e\xb7m\xdd\xbaq{\xda\x98\
\x91`\xac\xd1F\xa7`3BK\x88B\x92$\x006\
\xc6hg\xbf\xb0.u-\xe5\xae\x18vB\x1b\x08@\
\xc0\x0a\xc0:/\x0d\xba\xf4\xf4hI\xa0q\xa2\x13\xd6\
\x10\x93\xc9\xc0\xb2\x10*a\xd11\x96Q R+J\
\x8a\xa5\x82PU\xdf\x83u\xebj3\x97\x8e%IG\
kn\xb7\xb20,NMln\xb6.\x81\xac\x8c\xf8\
\xa5o>\xf9}\xa00\x1c\x9bBU\xac\xd4\xa6\xae.\
F\xccl-\xb9\xd08\xce\xc3\xb0\xdd\x050\xb0e0\
\x0c\xdd\x8b\xc5\xdeR\x15\x00\xd0\x0a\x00\xb4l\xaf\xb1O\
\xc20l\xa5\xa9MXYE\x9at36g\xdb\x8f\
?\xfb\xcc\xba\xd23\xff\xea\xfd\xb7\xfe\xd4G\xf6\xad\x1b\
\x99n\xd7\xcfx$\x92z',\x94\xb5\x01\xe6a\x8f\
\xd4r\xcc\xc1\x08\xdcKWj\xad@\xe8e\x17w4\
\x8e\xee\x1e\xbc|\xff7(\xd1\xd6\xb7\x8fE\xd5a\xf6\
\xd9\x94\x0d\x8f\xbd~\xf2\x00H\xd0\xd2\x90/\x0c\x00\xa2\
b\xa7R5tT\xa7\x0c\xbdq\xe3F!\xc4\xbe\xb7\
\xef\xfb\xed\xff\xf3s\x95J\xd9h\xa3\x94\x14R\x22b\
\xbb\xdd\xf6=O\xeb\xcch\xc8\xb2Tk]\xa9T\xda\
\xed\xa8\xd3\xe90\xb36zaaa\xfb\xf6\xed\xf7\xdc\
sO\xb9\x5c\x16BXk\xb4\xce\x8a\xc5\x02\x02\xdc\xba\
k\xa7R\xea\xd8\xf1\xe3\xb5\xdaH!\x08\xb4\xd1\x08X\
\x08\x83\xcc\xa4\x82H\x18\xf0\x90\xda\x8dVm|\xfc\xf4\
\xc5\xf3\x7f\xf3\xe5\xbfK\xe2\xe8C\xef}\xef\xc2\xe5\xcb\
\x13\xb5j\xb33\xff\xbd\xbf\xfa\x87\xfa\xc9K[\xc7\xa7\
\xbew\xeaXb\xb4\x11\xc0l\x04 Z\xc3L\xa1P\
if\xbe\xfd\xc4\xb7\xbf\xf3\x9d\xef\xee\xbbw\xef\xc3\x1f\
\xfa\xb1\xb1rUgzi\xa9\xae\xad\xb5D\xc2\xf38\
cD\xd4\xbaK'\x85\x5c^\x83\x1c\xd1\x07\x88\xbb\xd2\
\x1cy\xd1:\x93R\x86\x9e\xcf\x0ci\x9af\xa9\x06O\
f\x99e\xc0V\xab3s\xe9\x8a\xf2\xbcJmL\xf9\
J\x08Nu\x92&1\xa7\x99\xd5\xdarF\x94\x11Y\
\x22`\xb6\xd0\x0dx&\xd6\xe4B\xca\xb5\xce\x5cb6\
\xcb\x96\x19\xd2\xcc\xb0e\x81\xaaT\xaa\x94\xcbU&.\
T\xaa^8\x92\xd8\xa0\x95z\x8d\xc4\xdb\xbf\xff\xd4\xb3\
\x07_;\xf0\xf2\xb9\x85&\x84EOS)2\x92\x94\
\x9f\xcf\x0a\x16-\x02\xa2\x05\x85.\xad\x0c\x03t\xa1\x00\
\x22\xf6\x87\x9c\xe4\xf2\xe4\xfd\xb1$y\x10Jn\xd2\xc8\
\xbd\x1e\xa2O0\xb4\xdf9\x22\x96\x07\xad\xe4\x81\xb2\xee\
 \xb9\xfd\xa3?\x06d\xc5\xb9|\xc5-+N\xdb\xd7\
\x9b\xa1\xdd`w\xe2\xcb\x00\x90\xa6\xa9\xcb\x10\xebX\x1d\
\xcc\xec\xb2z\x95J%\x22j\xb7\xdb\xa5R\x89\x99;\
\x9dN\x14E\x85BAJ\x19\xc7\xb1\xc3\x227<o\
\xbee\x18\x22\x0c\xef2\xb0\xd7p\x0b\xac\xf29Py\
\xc5-o9\xe0\xf8\x91\x15^5\xbc\xf6M\xc6\xca\xae\
r\x9a\x9c\xb9\xd3\x8f\x09\xfa\xbd*\xf9T\xad\xb5v\xb6\
\x10\x87\xb2\x07b\xa2\xfa+\xafx:X\x09v\x0c\x00\
\x8e\x15!\xc2\xf5\xc0\xca\x0d\xeb\xac\xfai\xb1\x9be\x8d\
\x0dc\xc6\xa2<\xba\xc6/\xd5\x16\x9bgj\x15\xf4\x08\
\x99\x0ds\xc1\x00\x22\x19\x84\x14\xd0\x02\x9b\xdbv\x8fw\
L\xfa\xdc\x8bsW\x96\x12)J\xa8\xe5\xc2R\x84\x22\
]\xbfq\xed\x95\xb9+\xf5\xf6|P&\xc6\x84\xa4j\
,\xb5\x03\xcf'\x0cl\xd7\xe3\x8c9\xb6s\xf1\xc6R\
\xcaJ\xa5R\xa9T\xa2N\xbb\x155mb\xe7\x9a\x8b\
\x8b/\xd5\xcb\xa5\xb0V\x0a'k\x85\x9b&JW\x0f\
\x9d\xdf\xff\xd2\xd95\xe3\xe5-k\x8b[6\xac\xddp\
\xd3\x9aB@\x125AjuduG\xebX\x00K\
!\xc9y\x9c\x81\xdd\xcb\xda\xa9\x983\x08\x8bhP\xb0\
\x10\xc0\x80\xac\x11\x5c\x12\x08pXD \x22\x82#\x91\
\x1akA\xa0\xce\xac\x12\xd2\x1a\x95\x98\xac\x10\x04\xc2\x93\
\x85B9\xed\xb4\x1b<[)M0c\xad\x16,,\
\xb4\xe28n\xb6#F\x1d\x14Gv\xec\xdave\xbe\
s\xe4\xf8\xb9N\xda\xbcx\xe5\xe2\xb8I\xd6m\xdc<\
9YZX\xf4\x97\x96\x9a\x04`L\x07\x00\x10\xc1A\
g\xeef\xba\x01$\xec\xce6\xae\x85\xf2'\xeb\xb2z\
wSlu1@\x96&\x02\x91\x04Z\xa3\xd9\x22\x09\
\x81\xd2z\xd66\xdb\xf0\x17\x8f\xbcr\xe4\xc0+?\xf3\
\xd1}\xef~\xc7\xad\xbas\x89\xa8\x83$9\x89A\x10\
\xe2@o\xc4\xa1?o\xf4\x9ax+^$HH \
\x8d\xa1v\x9c\x9d:{A(`!\x08A 8\x09\
\x12;d\xe4\xc8\x89\xfd\xb7\xdcr\x8b\x10btt\xf4\
\xf4\x99S\x82\x90<\xd1j5\xad\xb5\xbe\xef\x5c\x06\xdc\
n7\x03?\x08\x0b!RQ\x10\xc5q<>1\xae\
3\x9d\xa6\xe9\xe6\xcd\x9b\x0f\x1c8\xf0\xbd\xef}w|\
|brrr\xfb\xf6m3\xe7\xc7\xd6L\xad\xd9\xb8\
ac\xa1X(\x14\x0a\x0b\xf3\xf3w\xdeu\x97\xbbE\
\xad\xb5\x1f\xf8Y\xa2\xfdb\xc1\x1a\x0dD\xc6\x98G\x1f\
{\xf4\x9b\xdf~\xf2\xec\xcc\xb9Z\xb5R\xfc\xb1\x1f\x1b\
\xdd<\xbdp\xe9\xc27\x1e\xf9\xdb\xe4\xfc\x95\x92\xf0\xe2\
\xa8\xddl\xd6\x11\x00\xc0\xfaD\x12Pi\x83)g\xa9\
\xa9\x94J\xa1T\x8b\xad\xc6\xa9\xd3\xa7\x0f\xbf\xfc\xd2\xbd\
w\xde\xe5'\xc5Sg\xce\xb4Z-T\x82\x5c6=\
\xb6]\xe9\x05pa\xaf\x8c\x08.\xf4\x1e]\xe6\xbd\xe5\
M\xaf\xfc I\xe2$\xcb\x94RR*c\xc5\xc2b\
kq\xa9n\xb4-\x14\xca\xeb\xa66\x08!\x01Y\xdb\
\xb4\xd3nE\x9d\x96\xce\x12)b \x83\x04\xd4\xf5\x94\
\x10\x1a\x81\xa8\x10\x15\xb0`\x16h\x0cr*\xd0#\x01\
\x88lm\xc6Bx\xa1_(\x14\xc3\xb0\xe4y!\xca\
P\x146/6\xb3Kg\x16\x8f\x9e8\xba\xff\xa5\x13\
\xaf\x9di\xcf7!\xb1`\x85R\xa5R\xc2\xe4rr\
\xbb\x8b\xcc\x17r\xfd\x8b:\xecq9\x1d\x14p4s\
\x07\x0e\x9crhn\x96\x90\xcb\xe3Wqy\xa1>\xad\
\xf1\xe1\xca\xfdl\xd0a\xab\xc6\x1b\x898\xbd\xde\x1c\xbc\
\x0a13\xdf=\xe7\xcb\xbb\xfaN\xac\xcc\xf13\xe28\
v\x91)\xb9\xd4\x82\x93\xf9\xf2<\xcf%lk\xb7\xdb\
\x88\xa8\xb56\xc6\xf8\xbe\xefl$\x03\xd8h\xf5\xb3\x0f\
\x5c\xf3*\xa0\xe1z\xf7\xb8\xe2\x96U`\xc7\x8a\xa7\x18\
(o\xe2\xe5\xb1\xfa\xa1V\xfc\xf5M\x80\xa1\x1fh\xcb\
[\xa9\x09\xe6\x8c\x16\x0eI\xf4{\x07\xaf7\x85;\x82\
\x82\xbb\x1a\xb1R\xca\xfb\x1f\x14p\xc0J\xb0\xe3\x86\xbb\
\xac\xb8}\xa0B\x7f\x8e\xba\xfe\x0a\xd7\xbe\xb3\x01\xab\x11\
\x09\x90,Sje\xb10:\xb1n\xdb\xc5c\x17\xcc\
\xc2B \xa5\xb5\xa9\xb6>1\x11t\x08c\x10\x1d\xe4\
\xc8B{\xef\x9eu\x9eWxz\xff\xc5\x8bWf\x8d\
\xf0\x02\xbf:s\xf9l+n\xde|\xcb\xa6\x9a\xf6O\
\x9f>k\x19C5BB\x90\x08;\xedX\x85\xd7\xa6\
\x1372}\xdfwJ\x1e\xbe\xef\x97J\xa5\xcaX\xa9\
0\x16,-6;Q\x9a&z\xbe\xd1\x99_l_\
\x9cU\x19\xde<Y\x9b\xc8\x08\xdbW\xf5\xc9+\x8bt\
x\xd6\x13v\xd3\xda\xf1\xbbo\xdfv\xcb\x96\xa9\xa2,\
\x85\xbe&\x13\x99\xa4\x99e\x1d\x05F \x13X\x00\x83\
\xc8\x04\xd6\x00\x18`F\xb2$\x0c\x130HC\xdd\x08\
@\x04\x14`\x99\x19\xb4\xa0\xee\x12\xd3\x89\x06\x01Y\xc3\
 A\x94\x0aA\xa56\xaaB\xcf\x0f\xbcs\xe7\xceE\
\x8d\xf9jXP\x9e\x18\x1d)h\x1dD\xd1Rfl\
+\xa2\x8e\x06\x96\xd9\x99\xf3\x17\xe7\x16\xe63\x9b\x04\x05\
DL\xd3\xa4\x0el+EI\xa0\xf2nc-\x18\x0d\
\xc6\x023\x08!\x1d)\xcfu(\x22\x10\x02\xb8\xe7|\
a\xdb\x13\xbcf\xc8\xb9\x9b\x9eG\xae>0\x08%\x08\
\x15\xa2gm\x9cr:Z\x11\x07N\x9a\xf9\xff\xe7Y\
\x0a\xaa{v\xae\xa9\x04I\xd4\x9a+\xfa*\xe5\xecF\
>\xc8\xd5\x7f\xeeVyK\x8c\x8a\x80\xc4\xa4\x16\xea\xd1\
\x95\xabZx\xca :\xae\x22 [\x18DF\x00\xe0\
y^\x1c\xc7A\x10\xdc|\xf3\xcdA\x10xJ\x8d\x8c\
T\x92\xac\xc3\x96\x119\xcb\x12k5\x22\x96J\x05\xcf\
\x1f\xabV*B\x88M\x9b7\x9f;wN\xeb\xacT\
,\x95\xcb\xa5\x89\x89\xc9\x07\x1ex\xe0#\x1f\xf9\xc8\xab\
\xaf\xbe\xfa\xcc3O\x1f<x\xf0\x91G\xbe\xb4fb\
b\xdd\xfau\x7f\xf8\x07\x7f\x98e\xd9\xb9s\xe7k\xa3\
\xa3J)@\x14D^\xe8u\xa2\x08\x95\x88\xb3\xd4W\
*J\xe2\xd3\xe7\xce~\xe63\xbf\xd1L:k\xa6&\
\xe3f\xf3\xe5\x83\x87\xef\xbb\xed\x8eG\xfe\xfc\xff\xcd.\
\x9f\xdb\x10\x8e\x09\x83)p\x92\xc4\x16@\xb0-\x08\x19\
\x00\xf9\xdah0E\xbf$\xc9\xb3\x9dT\x908q\xfa\
\xe4\xd9\x99\x99B\xa9x\xff\xde\xb1W\x8f\x1dM\xa2N\
\xa1Z\x8e\xd3LH\x05\x00Y\x96YkH\x10\x00\xb2\
\xb5\x88 \x84t\xb1S\x16\xc9,\x7f@\xedvT.\
\x97=\xcfk6\x1aW\xaf\x5c\xa97#\x94\xc1\xd4\xd4\
\x06\xa9T\x96fB\x10\x22GQ3\x8a\x1a\xc6&\x1e\
X!\xc0v\x07\x1dB/[2\x22\x00k@\x00\xb0\
\x80\x9aPK\xd0@d\x18\x98TP\xae\x8e\x8cN\xa1\
\x08\x18}\x14AlE'\x13_\xf9\xca\x91g\x9e\x7f\
\xf9\xe8k\x91\x1f\x82\x1f\xaaX\x076\x08\x99U\xaaQ\
kA\xc2Ca\xc1\xa6\xfdK5\xd1K\xe9\x9eS+\
\x5c\xcauW\xf2\xfc\xae\xd4\x93\xdb\xea\xe7r\xe6!'\
\xf9\x5c\x9e\xbf\x9c\xfb\x89\x1a\xfd\x8c\x8da\x9bG\xff\x97\
nO^i\xad\xbf\xca\xb2\xbe\x7fK\xbf\xffex\x1a\
\xee\xff\xee\x96\xa3.\xfc\x95\x88\x5c\x86\xd8\x5ci\xd4\xa9\
\x16\xb9V\xaa\xd7\xeb\x85B\xa1P($I\x12\xc7\xb1\
#p\xb8t\xb29\xe0\xbe\x1e{c\x95+\x19\x86\x0b\
<DO\x19\xbe\xd9\x15g\xf4\xeb\x01\x0e\xecY\xb3\xfe\
\x87\x00\x1co\xae\xf4\x1f\xe4-\xb3s`\xcf\xc81 \
\xf0\x22z\xd9\xff\xfa\x91{\x8e^a\xf9,\xbe\x8a#\
c\xa0\xac\x0e\x1a\x86+\x0cly\xe3\xbf\xbe\xd1Ok\
\xd1X$\x8b\x88\x16P[\x15\xa3?\xb5eWk\xfe\
T\xfd\xe2R\xd1S\xa8c\x06r9L\x05Z\x01Z\
\x90\x06f0K\xf7\xec\xbe\x89@}\xff\xf9\xd7\x1bI\
\xbd\xdd\xe1J\xa9\xd0N\xea'\x8e\x1f\x9b\x98\x1a\x9b\xde\
\xb2ia\xa1\x1eGZ\xf9A\x9ah?(0$\xf9\
\x05\xbb\xd6v\xa6E\x97A`~~~n\xe9J\xa1\
\x16\x8e\x8dNVG\xfcv;\x89\xa34jF\xa4<\
+\xab\xf3m\xd0Y27{\xa92R\xac\x94\x0a\xa5\
@.\x9d\x89\x8e\x9f{\xae\x1a\xf0\x8e-k\xb6\xae\x1f\
\xdf\xb8vt\xa48\x16\x84\x00\xb6\xa3M\x07!#\xce\
\x104\xb2\x16`zY\xdd\xba+<\x02r\xee\x04$\
F\x00\xc3\xc60\x10\x90\x0b\x91\x11\x8c\x1a\xac\x14d\x12\
F\xc4Z\xa5V,V[Qcnq^\x82U\xa4\
\x97\x16.N\xac\x99\x10\x02K\xa5R\xb1T^Xj\
\xce-4Z\x9d\xa5V\xccQ&\xca#\xb5\x9d\xbbG\
\x85\x0c\x9a\xed\x0e\x03j\x9dM\xad\x19\xb7\xb6f-{\
\xbe\xe7\xba\x8b1N\xad\x8c\x18<\xee\xb9(\x9c\xd8(\
\xf7\xff\xe3n\x8a/\xeb\xb2\xb9[f\xcbq\x1c\x03\xa0\
\x0b\x14\xb4\xd62\xabv\xdbv4\x1aR\xb3\xed\xc4\x93\
pz\x01\xfe\xe8\x8b_\xff\xb5O}|\xcb\x84D\x0b\
\x00\x86\x00\x86\xed\x07\x03\x83\x00n8>\x87F\xf0\x9b\
\x19\x80\x86-\x01\x93w\xfe\xd2l;\x85\x94\x80\x19\x08\
\x81\x90\x09\xc9\x09\xbc\x0f\xec\xe1y\xde\xe2\xe2\xe2\x8e\x1d\
;\xa6\xa6\xa6\x101I\x93_\xfb\xf5_}\xfa\xe9\xa7\
N\x9f>}\xee\xdc\xf93g\xce4\x1b\x8d4\xcb\x1c\
[\xd9\xb2.\x86!!...\xde\xb7w\xef\xce\x1d\
;\xbf\xfc\xe5/\x17K\xd17\xbe\xf1\xf5\x8b\x97.>\
\xfc\xf0\xc3\x9f\xfe\xf4\x7f\x98\x9d\x9d=y\xf2\xf5\xc7\x1e\
\xfdj\xbd^/\x95K\xff?{o\x1em\xd7U\xde\
\x09~\xdf\x1e\xcet\xa77?==\xcd\x96mI\xc6\
\xc621f\x8a1\x09\x98!\x10HR4\x10\xaaz\
-\xaa\x1b\x92P\x1d\x02]\x95Euu\xc6\x95@\x85\
N\xd2\xe9^\x15\xe8\xd5I\xc5\xb0*\x03\xa4H\x08\x10\
H\xa8\x82J\x1c\xc06\xb6\xb1-\xd9\x92l\xc9\xb2\xa4\
'KOo\xbe\xefNg\xda\xc3\xd7\x7f\xecw\x0fG\
\xf7\x0dzV\x80\xa4Vz\xaf\xa5\xa3\xfb\xce\xddg\x9f\
}\xf7\xd9g\x7f\xbf\xfd\xfb&\xc1\xf9\xec\xe5\xcb\xe3c\
cZ)\xb2\xce\x84\x85\x01b\x10\x04\xednG\x862\
\xd3\xea[_\xff\xe6\xa5\xd9\xcb\xbb\xf7\xef\xbd\xe9\xe0\x8d\
\x91'/>w^-\xaf>\xff\xf4\x99\x97MM\xf0\
^\x22\xbd\xa8\xa7\xd3fk\x05\x018A\xc8\xa0\x06\xe8\
\x19c\x05\xda8e \xe3\xd5\xb6\x0a\x98\xe1\x98Y}\
\xec\xe4\x89\xdb\x8f\xdeq\xe6\xec\xb3\x9e\xf4\xc0X\x89\x0c\
\x01\xadu\xd4)q\xb1\xe69\x05\x0c8c\x80\xc0\x90\
\x11\xa0\xbdzX*\xb5z\xab\xdbm\xae<\x9f\xa6Y\
\x10\xf8\x13;vx^M\x1b\xcd\x00\xa3\xd0\x8f{\x1d\
\xa5\x92,\xed\xea\xb4\x83h\xb9\x00$\x03\x5c\x12\x10X\
gHm\x89,\xe3D\xa4\xc8\xe4\xe0\xdc\xc4\x9d\xcc\x16\
\xa1\x0c\xebAu\xc4\x8f\xc6S\xed\xb7b\x9c_N\xcf\
_X|\xec\xf1\x93\xc7N\xce/h\x04\x11A\xad\xd6\
1\xd0\x8c\x99%n\x88\x0b\xe9Y\xe2\x9a\x80Y\xc6\xd1\
\xbayVp\x09\x05\x92(\xe0\x85S\xa08\x00QD\
\xf4*\xe8\x0avu\xc6\xb5b\x8b_&-X?\x9c\
y\x819\x06\xe0\xc5\xfa\x14\xafebc`Fo(\
\xc5a\x131\xbc\xcd\xa3+\x0e`i\xad\x9d\xbd<\x22\
Zk{\xbd^\xa3\xd1p\xe7]bz\xce\xb9\xb3r\
\x13BDQT\xac\xccZkV\x0a4r\xcd;\x0e\
\xf4vC\xfc\xb4\xd9\x87-P\xc86\xab\xad\xff0P\
\xb3\x5c\xb6\xb3t\xbcP\xd8Q\x1e\x84\xed\xf7\xe4\x9ag\
\xae\xc2\x1c\xd7\xe8\xf2\xf6\x8ak\xd1\xc9?k\xad\xcb4\
H\xfd\x14S\xeb\x05<\xf6-\xcc\x8b\xf7\xa1\xac|\xb9\
fY\xdf`\xf9\xfc\x86\x7fn\x0d\x1a\xaeYa\xc3c\
\xf9Z$ K\x08\x16\x19\x07BM\xbc\xa7\xf9\xc8\xc8\
\x9e\x91\x9d7e\xed+\xc6,0b\x82\xf7\x13{\x01\
7 \x04\x11\x22H\xcf\xb6\x92\xc5\x97\x1c\x19\x1d\xad\xe2\
C\xc7\x16N^X\xb5*\xadz2SzqvU\
\xf8\xe9\xbe\xfd7\xf4:\xc9\xfc\xfc\x92!%\xd8w\xe8\
\x16\xdb/P\x9a@RJ\xcb0\xee$\xdd\xd5\x19\xc1\
\xfdZm\xa8Q\x1f\x9e\x9e\xda\xdd\xedt-r\xc3\x18\
\x0f\xbd\xa5\xee\xcc\xcc\x5c[\x0aV\x8d\xbc\xd1\xa1hb\
8\xecU\xd8\xea\xa9\xc5GO\x5c\x0c\xa5\x9d\x9e\x1c\xbd\
\xf1\x86}\x87\x0f\xee\x18\xadU\x19\xe5\x92\x12aS\x01\
)R\xc6\xc9 YDbd\x888C\xb1\x96s\x05\
\x9d\x95\x82up\x04\x09\x19 \x11(\xa3\x99\xf41'\
\xce0\x0aBf\xa1\xb5\xd2T:f\xdc\x06\x1e\xd3:\
\x9b\xbd|\xb1:6\xcay4<:=\xb7\xf4\xdc\xc2\
J\x0bE\xa5:4v\xf4\xf0\xed\xb5\xe1\x89\xa0:\x0c\
 \xdcN%I\xe24I\xd3,K\x92$I\x12c\
t\x96eI\x92\xe6y\xae\xb4\xc92k\xb4QJ\xe5\
Ji\xad]\xecT7@f-\xfa\xad\xed\xcf;g\
o\x81\x95JU\x0aOi31>\xfe\xda\xd7\xbd\xf6\
\xe8\xed/[^\x8c\x17\x9aK\xf7?\xf0\x8d/|\xe9\
\x0b\x9d\xd6\xb2\xa6\xde\xf1s\xeak\x0f\x1c\x7f\xef\xff\xf0\
\x0a\x0f}c\x97\x80\x05\xd7\xa22\xbe\x0b\x1b\x82k\x16\
\x04d\x00\xca\xa2a\xde\xa5\x85vN\xd0MtT\x03\
$\xcb\xc0Q\x1d\x1b\x00#gRW\xaf\xd7\xa3(\xca\
\xf3\xfc\xcf\xff\xec\xcf\xe2\xb8\xfd\xb2\xbb\xeez\xcdk\xee\
\xb1\x96\xac5\xab\xab\xab\xbdn\xaf\xdb\xeb\xb5VW\xbb\
\xdd\xae6zaa\xf9\x96[^4::\x1aF\xe1\
\xfe\xfd\xfb\xa7\xa7wZKg\x9f=\xfb'\x7f\xfc\xc7\
\xf7\xde{\xef[\xde\xf2\x96\x03\x07\xf6\xdf\xfd\x83\xaf\xba\
p\xe1\x82'\xbd4M\xfc \xa8T\xaba\x18eY\
J\xc4\xda\xedV\x14Ei\x9e\x85Q\xd8\xe9t\xfd\xc0\
_n.\xef\xdd\xb7\xf7\xce\xbb\xee\xba\xe9\xe0\xc1^\xb3\
\xd9\xf0\x83'\xbf\xfdxh\xb1\x91kO\xf8\xb1\xd6I\
\x1cg\x86\x10\x80\x03\x04D\x15 \xdf\x1a\x04n\xa5\xc7\
\x83\xb0\xcb\xc0\x08\x91\x91I\xf2lf\xf6\xd2\xfc\xf2\xe2\
\xa5\xd9\xd9\xa1z\xbd\xd3\xebI\xcfs\x81c]\xc0\xba\
\xe2I\xe0Z\xc8zp\x89l\xe8\xeau\xf0\xd43\xa7\
\xa5\x90\x95J\xb4cxDz\x1e\x11Zk\x84\x00m\
\x92,\xcb\x95\xea%q\xc7\x9a\xcc\x13\x86H\x815\x02\
\x80LD\x84\xe4\x0c\x97]F\x012\x04\x06%z>\
\x0f\x02_\xf85\xe65\xfc\xb0\x11V\xc6\xdb1?\xf6\
\xec\xca\xc3\x8f\x1f\x7f\xfa\xec\xf2\xb3\x17V\xdb]D^\
\xb1l*\x93R\x03\x90%\xc6\xb0\x1f\x09\x9f)\xb2\x0c\
\xd1\xf3\x04\xf5\x95\x85NR\x16\xc6\x19\x85\xad\x86#-\
\x9c\xd5\xa4\x03\x19\xae\x0e\xf69\x8c\x82\xc6\x80R*\xf9\
\xe2\x83X\x17`C\x5c\x1d'\xb4l%Z(A\x8a\
\xb2~\xd5\xbd\xa6\xa8\x1e\xf8j\xb3\xe3\xc0\x9f\xbc\x9f4\
\xdb\xf5\xcda\x0eD\xacT*N\xd0\xf4z\xbdJ\xa5\
2<<\xdcn\xb7\x9d7\x1fc,\x0c\xc3BY\xbf\
Yg\xae\x03g\x5c\x07V(WX\x9b\x93/\x04\x97\
|O\xcbf\x80\xe3\xfbS\xae3>\x87s\x94\x80\xbe\
>\xc5UX3n\x0f\x822\xce\xd8p\x8e\xba\xa3\xbb\
\xb0\x8c6X?N~\xd9\xb6ckN\xa2\x18\xb8\xcd\
\xf4#\xeb\xbf}A`b\xe0\x12*\xa5\x9as']\
\xff\x19Y\x86H\xd6\xd0Z\xacaH\x147\xd1\xd0\xf8\
\xbe\xdbV\x16.\xa4\x0bI\xd5g\xca&@\x06\x01\x18\
y\xa4\x85\xb5\x100O\x19\xa8K\x9d\xd2\xc2\xc1=P\
\x1b\xda[;\xdey\xf2\xe4\xf9nl\x22VU6\x88\
W\xed\xf9\xd3K\xf5F5\x90A\x96t\x99\xc0$\xce\
|?h\xb5Z\x00.\xa9\x87-\x86\xd1\xe9;%\xf3\
%xJ+4\x984\xdb\xed\x85\x15?\x0c&&\xc6\
+\x01\x1aRI\xdaCH=\xce\xc9R\xb7\x93t;\
\xdd\xe7\x9fW\x9e\xa4\xf1\x91\xfa\xf8Xch\xa8\xba4\
k\x1f=\x7f\xca\xff\x9b\xc7\xf6\xec\xa8\xbd\xfc\xce\x17\xdf\
zpW\xc4\xd3\x80\xba:[\xae\xfa`\xf3.\x03\x15\
z^/\xee!k\xac\xd9Q\x00Y\x00\xce\x19\x10\xe5\
\xca:\x0e\xd8h\x02d\x5cp\xe9{:g\x88$8\
N\xed\x187\x94{\x81\xb0\xd6&I\xf6\xfc\x95\xa5+\
\x8b\xc9\x9e\xbd7\x9c\xbb\xf4\x5c}\xe4\x86\xc5S\xcbG\
n;\x5c\x1b\x9a\x90\xc18a-\xcb8\x97\x921n\
\x8d\xaaW\xa3\xd1a\x8f1\xf4|\xdfqf\x82\x0b\xc6\
\xfb\xca;\xfc\x0eOF\x96\xac\xb5\xc6\x1a\xad\xb5\xcaU\
\xae\x941Zk\xa3\xb5\xd2J[\x02)\x9cI\x9d\xf8\
\xab\xbf\xfa\x8a1\xe6g\xde\xff3/~\xf1\xed\xd5\xca\
\x90\xcaXO%+\xc9\xea\xfd\x8f|\x93$\xab\x8a\xd1\
L\x9e\x7f\xea\xf4\x858\xbf\x13MZ\xf1\x8d\xb6\x83\x99\
H7xS\xb6\xfe\xdaU\xf9{\x13\x8b\x08,W\x14\
M\x8c>\xfb\xfc\x9cf\x10\xd6\x86-\x81Q\xb9\xc7}\
\x04\x00&\x8a\x90\xdf\x05\xeew\xaf\xd5\xce\x9d;WW\
W'''o>t\xe8}\xef}\xcf/\xfd\xd2/\
\xbe\xe2\xe5\xaf\xb8\xf9\xd0\xcd\x87\x0e\x1d\x0a\x82`jj\
\xea\xe0\xc1\x1b\xa2\xa8\x12\x04>\x002\xc6\x81\xd0\xf7\x03\
\x22z\xf7O\xbe\x1b\x10\xf2,\x0f\xa30\xee\xc5y\x9e\
]\xbatidx\xa4\xdd^=t\xf3\xcd'O\x9e\
\x9c\x9e\xdeUx0\x1ak\x82 \xd4\xc6\xd3\xc6p\xc1\
\xb24\xb3\xc6\x08!\x8c\xb5\xadN'\xaaT\xea\xf5\xfa\
_|\xe63\xbf\xf3\xab\xbf\xfe\xe0W\xbe&\xb4\x8d,\
\xaa,\xb5\x9cw\xd3\x18\x11$\x83P`dXH\xe4\
#\x91\x05%X\xae\xb5e,\xcfs\x92\x5cH\xd9j\
\xb5\xce\x9c9\x93e\x19\x22\x0b|?\xcds?\x8a\x92\
8\xce\xb2,\x08\x82\x5ckD\xc1\x80\xb4vz7\x92\
\xd2\xe3\x82\x03\xd9,\xcb\xba\xddn\xab\xd5N\x92d\xcf\
\x9e=A\xe0\x0b!\xd7\xdc\xb0\xd0\x82U\x04\xd6\x98,\
M;Y\xd6#\xab\x18\xb7\x0c\x0dYC\xd60\x06D\
1\x10\xb7\x96\x0c\x01Y\x8e\xdc\xe7\xc2\x8b\xc2Z\x10U\
\xfd \x94\x9eo\xfd\xb1\x04F\xce\xcd.<\xf0\x97\xc7\
\xbe\xf1\xd0\xd3\xe7/\x81f`Eh\xd8\xa8\x0dCM\
\xd2\x10\x1a\xca\x1d\xe7b\x01\x90\x01#km.\x19\x22\
\x10Z@\x04\xe1I)\xa3\x02m\x14\x1cFa\xc01\
\xe0\xc5Z\xe0\x0c\xb8:\xe0\xc4\x00i1@\x8a\x14W\
\x95\xfdS\x0ah\xc27\x09\xadqM\x19\xbc^f\xaf\
\x17\xcf\xeb\x1b)&jQ\xc1\xc9\x97\xe2\x83\xe7y\xe3\
\xe3\xe3\xd87zu\xa9\xda\x1c\xd4\xa8V\xab\x00\x90\xe7\
9\xef{$\x0c4U|(D\x06\xf6\xb5\xf9\x03{\
\xb6\x0d\xfbv\xcd\xce\x0f|\xb5\xbe\x94\xbd6\x06\x1a\x84\
\x92\xc9\xce\x96/\xfd\xf5\xb0\x1a\xeb\xfb\xb3\xfe\xbe\x03u\
6\xbb\xcbf\xbfz\xa0\xa9\xcdF\xa0\xdc\xecu\xf2\x1c\
n?Q\x0c\x93#\xf9\x8b\xf7a\x9b\x8cEa\x18U\
\x18v\xb8W\xc8yd\x945/\xeb{\xbf!\x9e\xd8\
\xf0\xccfL\xc6z\x14\xb2\xc5\xe7\xe2\xcf\x0d\xd9\x11\x00\
\xb0k\x91\x1f\xc9\xe5'\xb3@A4\xb4\xb8\xbaP\xf7\
\xc6o|\xf1=\xcf<\x92u\x9a\x17\x18\xeb\x0a\xd4\x08\
\x82[\xc1Q\x08.\x94\xb1\x84\xda\xc3\x8c0g\xa8w\
\x8c\xf0\x97\xdf>R\xf7\xe33g[\xb3\xf3)\x1a?\
\x88\x1a\xdd4k\xe9\x96\xf0\x8d\x90\x90\xab\xae\x94\xa1\x8b\
c\xad\xb5v\x99\x05\x9c\x7fA\xadV\x13Bt:\x9d\
\xb8\x97\x80\x85\x8a\xef\x19m\xac\xd1\x81\xefi\x9d/\xcd\
]\x1ai\x84\x95z\xc8\x99\x9e\xda1\xa2z\x22M\xb3\
^\xdc\xcbskA\xa4\x8af\xe6:3\xf3m\xe9\x89\
J\xadZ\xabV'Fj\xad\x8b\xe9\x99\xcb\x0fM\x8d\
T\x0eN\x8f\xdcvp\xc7\xa1\xbd\xd3\x82%~\xe0\xa3\
\xeah\x95\x85\x9e\x9f\x1a\x17\xb7\xd9\x1d\xc9\x92%@\xe9\
\xc9\x5cQ\x96\x19\xce%c\x1e\x10\xe7\x8ck\xa04\xed\
\xf9\xbe\x0c\x02A\xc8\x0cP\x92*&\xa3\xe1\xb1]s\
\x17\x9b\x8f=u!\xaa\x8eW\xa2\xa17\xff\xd8\x91\x83\
\x87n\x05\xe6\x03\x13\xda\x826\xd6\x020\x02\xb2\x96!\
ZK\xdah!\x84\xd1\x06\x19\x02\xa05k\xf9\xc7-\
\x1aDd\xc8\x18C\xe0.\xe6\x0c\x22[\xf3\x9fE\x04\
@\xb0\xc6\x0a)\x8d6Y\x96\x07A\xd0nw\xdf\xfd\
\xcf\xff\xb9\xef\x05\x95j\xed\xf8\xf1'\xe3^z\xe5\xf2\
\xe2\xc3\xc7\x1e\x9dm.M\xed\x1c\xab\xd4*Bg\x19\
\xcbf.]ZZY\x1d\x9a\xf4\x94\xc9\x00\xc2k\xcd\
\xe8\xef\xcb\xbe\x81\x80\x03\x02\xf2L\xe3\xe5\xc5V\x0e\x02\
e\xc0\x98\xe0l\x8dm\xb2\xc4\x01q\x00\xff\xb8\x10\xec\
\xbbv\xedj\xb5Z\xe7\xcf\x9f\x97R|\xe4#\x1f=\
\x7f\xfe\xdc\xdc\xdc|\xab\xb5z\xec\xd8\xf14I\x95V\
\xce\x11q\xdf\xbe}{\xf6\xeci\xd4\x87</\xa8V\
+\x93\x93;\x82 pkt\xdc\x8b\xb5\xd1\x9cs\xcf\
\xf3\x9f8\xf6D\xdc\xeb\xfe\xe1\x1f\xfe\xe1\x89\x13'n\
}\xd1\xad\xef\xf9\x97\xefQy^\xaf78gI\x9a\
\x0a!\x18\xb2\x5c\xe5\x92\xf33g\x9f;\xfa\xe2\x97\xbc\
\xfa\xd5s\xb5F\xe3\xca\xfc\xfc\x17\xbe\xf0\x85\x9f\xfc\xc9\
w\x0f\x0f\x0fI\xce\xad\xb5y\x96I\xbf\xe2\xfb~\xda\
\x5ct\xa1^\x040\x8f\xd0#\xf2\x00\x0c\xd8\x8c\x91b\
\xa0\x11\x5c\x8eX\xb0Ve\xd9\xa5\xe7/\x09!\xb45\
\x8a\x0c\x93\xc2\x99\x16j\xad]Tq\xc6\x18\x12#\x0b\
Z\xa9$M;\x9d\xf6\xec\xece\xd0\xdaX#\x85\x1c\
\x1b\x1d\x89*\x11Y\x12\x9c\xaf\xa9\xe3\xc82\xb4\x8ce\
Y\x9efi\xact\x02\x98#\xb7\xd6*\xad5g\x8c\
q4\xd6\xe6\xa6\xc5\xb9\x14A%\x90u.\x1b\x8c\xd7\
\xa3\xcaD\x18\x8d1^Y\x5c\xee\x9c\x7f\xfa\xe2\x89\xf3\
\xa7\x1f;\xbd|~\xe6R\xab\x97\x83\xf0\x8c\xf4sb\
\x1a\xa4\x05f\x99\xb1H\x96H\x90E \x04\x0bk\xa1\
;H\xa2\xf5\x5c\xa8.\xce\xa4\xe4L\x04\x5c\x84eW\
\x942bpk\xac\xf3\x17]\xcfj\x94\x0b\xdf\xc8\xb5\
\xb5P\xa0\x94)\x8d\xb2\xf1\x87\x93\x1c\xeb\xd5(\x1b\xee\
\xe0\x8b3\xeb+o\x86T\xd6\x9f\xc1>Cc\x8cq\
\x11\x13\x5cq\xab\x9cR*I\x920\x0c\xddF\xd4U\
pc\xa2\xb5\xce\xb2\xcc\x89\x8f\x01\x90\x01%\xf8\xb5\xf6\
\xde\xf4\x05\xd6\xc0\xf9\x0d;\xbf\xfe\xf7^s\x04\xd6\xbf\
\xa9\xff\xa4\xca\xf6G\xe0\xfau+\x85N\xc4e\x0a\x06\
\x00\xe7\x0cm7I\x00\xbb!Y\x02%\x10PvZ\
)\xc3RX\x873\xb6f>\xaeyf\x0bFd=\
\xb1\xe1\xce\xdb~\xfe\xdb2\xf2(\x9f1@\x16A\x90\
E\xb2\xcc\x12\x00\xcbs0\xac\x12\x13\xab7\xf6O\x1f\
z\xd5s\xc7\x8d\xcdW9\xcb\x98\x95@\x82\x81@\x17\
A\x0a\x89\xd0\x10\xe4\x0cr\xd2K;\x1bl\xeae\xfb\
\xa7GZ\x0f=\xfa\xfc\xc5+q\xa60\x10B\x86>\
\x89\x5cirJd\xad\x8d\xef\xfbD466\xe6\xd6\
\x8e\xd5\xd5\xd5\xa5\xa5\xa5Z\xad62225\x19\xb4\
W;\xcb\x8b\x8bVk\xdf\x93\x08\x16,U*\x11\x92\
6*\x8f\x02\x7fq~^b4\xd2\xa8\x8c\x8f6\xe2\
4k\xb6\xda\x9d^l,C!s\xe0iK//\
-]\xba\x02\x1e\xe6\xd5(\xbc2\xa4\xcf^l=v\
\xe2\xe2\xce!\xfe\xc3/?r\xd7\x8b\xf6\x84<\xd0\xf1\
2\xb3\x1a\x10\x09\x88\xd0\x05-\xa55\xe5\x0a \xa0\x90\
\x9e\x17\x04Q\xd5\xe7\x86\xc8Z\x99\xc66\xee\xf5\x96W\
\xd2Z\xa3\xda\xeav\xe2L\xa5\x9a\x09Y]\xed\xd2j\
\xc2V\xdb\xe9\x91]\xd3\x07\x0e\xde22\xb1\x8b\xc90\
W\xa4\xb4A\xc4\xa5\xe5\xc5\x13'\x9e\xbcr\xe9\x8a\xd1\
\xc6X\x9be\x99R\xca\xf3\xe4\xee]\xbb\x0b\xa6x-\
\x804\xd3\x00\x80}\xa7\x14\xce\x98\xb3\x22,\xb6-\xc8\
\x8016::\x86\x88\xedv\xa7^o0\xc68\x13\
\xc8y/N\xfd0j6\xdbO=\xf5\xe4s\xe7\x9e\
]l/\x07\xf5\xda-G\x0e\xdfv\xd3\xcd\x9d\xd9\x0b\
\x9f\xfd\xbd\xff{q\xa9u\xd3t\x851a\xd5\xb5b\
\x82}\xbf\x96\x1d$\x12\xdc\xeb\xa4\xfa\xd2|KA$\
\xb9\xcf\x85\xe0\xceo\x05\xc8\x10\xa1\xf3\xd0)\x15\xa7\x08\
\xafT*_\xfc\xe2\x17\xef\xbf\xff\xfe\xa3\xb7\xdf\x1eE\
\xbe\xe7y\x9e\xe7OO\xef6Z\xef\xdc9]\xa9T\
\x94VZi\xce9\x00k6W\x95\xd2\x00p\xe5\xca\
\x1c\x00\x04A\xc08[Z\x5c\xbc27\xe7I\x8fs\
\xfe\xb1\x8f\xfdFse\xb9V\xad\x1e:|\xf8\xcc\x99\
\xd3\x0b\xf3\xf3###B\x08\x22\x0a\xa3\x08\x00\xac5\
\x08\xd0\x5c^A\x82j\x14=\xf5\xe4S\x00\xb0k\xcf\
\xee[\x8e\x1c\xbe\xe3\x8e\xa3B\x88\xe9\xe9\xe9\xa7N\x9c\
\xecU\xfdF\xb5\xde\xce\xd3\x0bWf3\x03\xc2\xe7\x1e\
\x0a\x0f\xd0\x03\xcb\x81,#\xcd\x82=\xfe\xf3\x00\x00 \
\x00IDAT!\xe3\x903\xd2@\xd6\x12\xb7\xc4\x08\
f\xce_\x08\xc3@[\x93[\xe3\xf9\xbe\xcdM\x9af\
\xd6Zd\xccm\x9c\x11\x80sX\x13\xb7\x5cxRD\
\xd5(\x0a#\x17\xad\xd2X\xc3\x04\x07\x02\xeb\xde]\xb2\
\x96r\xad{*O\xb4N\x09\xf4\x9a\x192\xe3\xc88\
\x02\xb3\x04\xc4\xa8\xda\x08-\xe3\x5c\xd6\xa3hgX\xd9\
-\xbd\x1d\xbd$\xf8\xc6\x13\xcf=\xf2\xe8#\xcf>7\
;7\xdf\x5cI\xbc\x84\x8f\x86\x95\xfd\xbc&r\xabs\
\xab5h\x83\x86\xb81\x98Z4@\x16\x15gT\x04\
\xd6\x00\x86 \x85\xe7y\xdc\x93\xd2\xf3\xa4'%\x97\x11\
\x8a\xb0\x0c\x17\x0a7\xd7\x02\x1c8\x1b\xc9\x81\xady\xc1\
|\x14\x86\x1des\x0d\xa7\xf2.\x93\x19E\xa4,\xde\
\x0f\xce\x01[\x12\xfe\xeb\xb7\xfb\xeb\xbf\xdd\x8c-(_\
\xb2\xe1\x19\xb7\x90:$\x14\x04\x81\xa3\xcd\xb4\xd6I\xe2\
\x02\xb2\xad\x05\x90t^\xaf\x8dF\xc3Y\xb0\xb9x\x01\
\xd4\xcf<W\xbe\xe3z\x0bB\xde\x8f\x09V\xaes\xcd\
N\x0e\xfcY\xa6\x07\xb6\xc6U\x03_m}\xe6:\xca\
5\x9b\xdd\xce}\xbf+}[\xff\xb8\xb7h\xf3:1\
\x87{T\xa6_\x00\xc0\xbd\x15\x0e\x7f\xf0\x8d\x9cP\xd6\
\x97\xb2\xd3\x0a\xeb\xc7\xa9uQ\x04\x5c\x0c\xe1\x01f\xc2\
]u\x1d\x80\xe3\x85VX\x8f9`\x1d\xe0\x18\x80J\
\x16Q!\x22(A\x8aY\x0b r\xe2\xcc\xab\xf5\x14\
\xb3\xc6Tw\xdc:\x9d\xd3\xec\xa9E\xadV\xb4\xd6\x1e\
\x220\x8d\xa4\x19\x12GC\x04\x04\x1e\x03!\x04\xe4\xe9\
Bf\xba\xb7\xdd855\xf9\xa2\x07\x1f{\xfe\xd4s\
KK]\xa3\xb5\x8f(\x11\xd0Z^\xa8\xb4\x94R\x9c\
\xf3\x1d;v\xf4M\x1c\xcc\xf2\xf2\xf2\xf2\xf2r\xb5R\
\x1b\x1a\x1a\xd9{`o\x96$\xad\x95\xe5\xa4\x97\x12\x91\
\xca-\x90\x90\xa2\xa2\x8d\xc92\x98[|\xde\x93~\xad\
V\xf7\xc3htlddl4N\xd2V\xa7\x9b\xe6\
9X\xf2\xa3h\xa4VIz\x9d\xc5\xe5\xf6\xd2r\x8a\
`\x1aU9\x1a\xd1#O>\xff\xaa\xa3;\x7f\xe2\xde\
\x97\x1e\xd89e\xb3U\x06\x8a\xc0\x14\x80\x03\x19\x07\x03\
\x992AP\xadVF8\x0f,\xd3\xca\x1a\xce\xfcZ\
Ev\xfcN\xb3\xdd\x5cXZ\xb5L(\x90\xedD\x0b\
\x8d9F\xd1p\xa3\xbe\xa3z\xe0\xf0\xd1\xf1\x1d{\xba\
\x89\xe6\x96+\xb23\xcf\xcf<\xf4\xe07O\x9d:\xc1\
\x19H\xee\x19c\x01\x01\x91\x09\xc1+\x95\xcas\x17\xce\
#C\xc6\xf8w\xa61+\x1e\xdc\xda\xffkH\xa3\x9f\
\x12rqi\x9e\xc8\x0e\x0f\x0d\x13A\xab\xd5\xaeV\xab\
\x00\x08\x04\xd5Zmhhx\xdf\xbe};'\xa7\xef\
\xbd\xf7\x0d\x87o?\x5c\x1d\xa9\xed\xd8\xbd\xd3\xf3\xaa!\
\xc9\x99\x93O~9\xf0\xe2\x9eQ9\xe7\xc8q]L\
\xb0\x81\xe2X\x9f\xad\xcb\x06.%/\xb0 \x00Y\x12\
\xbe?7\xbf\xd2\x8e\xc1r\x8f\x5cfrn\x19\x12\x02\
Xp\x03s\xd5\x9d\x5c\xd4\xf3\xd5\xd5\xd5/\x7f\xf9\xcb\
+++\xaf\x7f\xfd\xeb+a\xe8\xa6\xd0\xf1\xe3O~\
\xf9\xcb_r\xb1\xa2\xeb\xf5\xfa\x0d7\x1c\xf4}\x7fz\
z\xe7-\xb7\x1c\xd9\xb7o\xdf\xae]\xbb|\xdf\xb3D\
\x9e\xf4\xd24\xdd\xb3{\x8f\xb5\xb6\xd1h\xcc\xcf\xcf]\
\xbe|y\xf7\xf4\xce\x03\x07\x0e\xdc\xfe\xe2\xdb\xb3<[\
Z^vt\xc8\xae]\xbb\xe28f\x9ckm\xce\x9d\
;s\xfe\xdc\xb9W\xbc\xec\x95\x9f\xbc\xef\xbe\x8b33\
?\xf3\xb3?\xfb\xc9?\xfaO\xbb\xa6\xa6\xee\xfb\xd4\xa7\
~\xf1\x03\x1f\xbc\xe9\xd0\xcd\xcf>\xf0M\xc5Q\xd4+\
\xad\xb9\x85\xe5\xb8\xa3\x01B\xeeIb\x1e\x02\x07@F\
\xc4!\x13\x940\x9b\x03(\x22F\xc8\x01+~\xb8\xba\
\xb4\x1cxAb\x95ah\x10\x18\xa2Rk\xa9\x8f\x8d\
%\x86\xc0\x18c\x00\x8c3\xdf\xf3=\xcf\x9b\x18\x1f\xe3\
`\xad1Z\xa5\xe8\xe8\xaf\xbe\xb1\xb1{\x8d\xb5\xce\xb2\
,\xd6FYk\x8c\xb5\x06\x08\x911\xe6\x01\xe7\x00<\
\x0c*Q\xa5n\xc2\x8a\x8c\x86\x84\xd7Xj\x9aG\x8f\
-\x9e=\xf7\xdc\x83\x8f\x9e\x99_\xceW\xbb\xd6@\x00\
l\xccV|\xe6WbCI\xb7k\xac\x0e*!2\
\x8eV\x83U\x0c\x15\x82B \x89\x81`B\x08\xd9\xcf\
u\xc2|\xcf\x97Rr!\xb8t\x84\x84/\xa4_\x86\
\x0eN\x00\x97\xe1B!\xdaY?dVY\xffR\xd4\
,\xbb\xb1\x94\x8dL\x0bV\x03\xfa\x8b\xf9\x00\xb7_H\
\xd6\x01A\xb2\x19.\xd9\x02p\xacG*\x1bVp\xb0\
8\x08\x820\x0c\xa1\xbfwu\xf8\xc3\x05\xdbPJ\x95\
M[\x88\xc8\xd9|\x14`k34P^\xd8\xb1\x9f\
=n\xc3\x9el\xfd\xd3\x06\xce\x5c\xf5Vn.n\xbf\
o\xe5{\x84c^\xd0\x85\xdb\xb9\xfc\xfay\x0egI\
\xe0&\x0a/\xa5j\xdbL/\xb5\x9e\xe7(O\x11\xe8\
\x9b;\x15\xac\xc9\xfaI\xb3^\xa3\xb1\x1dT\xb15\x87\
\xb1\xcdc\xf9\xc3\xfa6\xad\xb5\x861\x0d\xc8\xc1\x0a2\
\x8c4\x111.sE\x0aB\x06\x86\x8c\x1d\xd9yD\
$\x17V\xaf\x9cj\xad\x5c\xd1\x98r\xa1\xc9\xa6\x0c-\
#\xce\x89\x93\x0d\x90\x04b\x16\xf9I\xaa\xd3\x0c\x17'\
FG~\xf0\x95\xd3\x93{\xea\xc7\x9e\xb9r\xfer;\
\xd5\x06\x81\x81\x15\x82!pt\x5c\xe2\xf2\xf2r\xa3\xd1\
(\x86\xce\xf5\xa4\x9b\xf4V\xba\xab\x91\x1f4\xaa\xb5\xd1\
\x1d\x93\x12Yse\xb5\xd3\xed\x1a\xeb!\xab\xe4Y\xe6\
\x05#\x22L\x95V\x8b\xabMj\xaex\xd2\x0b\xfc\xa0\
\xd1h\xec\x99\x1aGdI\x9c\xb4\xdb-ar\x1f\xd0\
\xe7\xa1\xe5~\xae\xf5Jl[\xbd^\xdd\x83\xcb\x7f=\
{\xfa\xcc\xe7\x7f\xf6\x7f~\xd3\xad7\xee\xb0\xc9<\x92\
\xe9\x07\xb9BB\xb4\x88L\xc8 \xacJ\xbf\xd2\xeb\xe5\
\xedn\x8b\xc0r.*a\x14F\x9e\x82\xa0\xbb\xd8\xf2\
\xc3H\xf0ZOY\x145\x09\x15!\xf1\x8e\x1fx\xc5\
\xe8\xf8t\xab\x9b\x13\xf7\x95\xa1s\xe7\xce\x9f}\xf6\xb4\
\xf0\xe5\x1d/y\xb1\xce\x13m0Mrm\xd6\xc2\xa0\
!b\xb7\xdbu\xb3\x9b\xc8\x85aC`\xee\xb7\x93{\
D%\x03\xfb\xb5\x05\x8dq\x0f\xd1*c\x01\xd0\x0fB\
\xe4\xc2\x1a\x12R\xc6I\xd6\xee\x5c\xf6\xfc\xf0\xd6#\xb7\
K\xf2\xa7\xf6Li\x96\xe5V\xa1\xb1\x129j\x16\xf0\
\x8a`\x11\xb2\x88 \xbc\x9e\x14\x1e\xdf\x9b\xe2d\xcd\xe9\
g\xcf\xe6\x06,\xe3\xc8\x04 0X\x0b\x1a\x81\x00\xeb\
_|\x97\xfb\xaa\xdb\xed\xce\xcc\xccDQ\x14\xc71G\
\x8e\x00+\xcbK\xcd\x95\xe6\xc8\xf0\xa8%\xea\xf5zK\
K+\xdd\xee\x93I\x12\xd7j\xf5'\x9f|\xf2\xc8\x91\
\xc3/}\xe9K\xd34\xdd\x7f`\xff\x81\x03\x07\xea\x8d\
z%\xaa0\x86\x00877o\x0cE\x95\xca\xad\xb7\
\xdd\xb6k\xf7\xae\xc7\xbe\xfd\xd8\xca\xca\xca\xed\xb7\xdf\xfe\
\xd4\x93O^\xbcxqzz:I\xd3\x85\xf9\x05\xb0\
\xfa\x15w\xbd\xec\xc9'\x9e\xb8\xef?\xfe\xc1\xbf\xff?\
~\xf3\x86\x837\xfc\xf4O\xfft\xda\xebM4\x86>\
\xf9\xa9O\xbe\xe7'\xde\xf1\xad/~1\xb5I3\x8e\
\xcf\xcd^\xea\x01\xe4\x00\x01\xa0`\x5c8\xda\x86\x93\xe5\
6E\x9b\xa2\xd5\x00\xd6%\xd5\x05\x8c<\xbf\xd9m\x02\
\x80\x01BO(\xb2\xac\x9f\xbe\x1c\x11\xc8Z`\x80\x88\
\xd6\x80V\xda\x92\xb5d\xb5\xca\x01\x5c\xc40`\xc89\
gJ)\xea\xdbB\xe5y\xaeTj\x8c\xb5\x04\x08\x5c\
\x0a\x0e\xc8\x84\x0c\x84\x0c\x82\xa0\x16E\x0d\xce}m\xf8\
b6\xf9\xe8\xb7\xe7\xbe\xfd\xf87\x9e>{iv1\
k%\x80a\xa8\xd03U\xcf0\xa1\x01\xc8\xb4@\xcf\
q\x94A#b \xb3\xac\x0b\x0a\x11\x80\x83dLp\
\x1eq\x86~\xe0\x09\xce\xa5\xf4\xa4\xe7\x0b\xe91\xc6\xa5\
\x17\x08)]\xc6 !\x84\x94\x5cptf\xa1\x05D\
\x80\x92\xea\x04K\xe1\xc9\x0bu\x893/-\x8c3\x06\
t+\x0ev\x94\x81\xcb\xc0\x0e~`\x82mvd\xeb\
\xdcM\xaf\x9e\x96\xdf\xc1\x1c\xc5\x99\xf5\x8d\x0c\xdc\xba\xf8\
\xd3\x05\xd8 \xa28\x8e\x9d\x0eE\x08Q\xab\xd5\x5cR\
\xd9$I|\xdfw>)\x88\xe8\xd2\xc6\xca\xb5dz\
P\xd6\xe9\xbb[\x14\x7f\x16\xf4\x86k\xb3l\x18;\xd0\
\xf9\x0dG`\xe0L\xd9\x04d\xfd\x87\x0d\x85\xeef#\
\xfc\xf7,\xd7lv;\xf7\xbd\xe6\x99\xf5\x82{\xb3\x9e\
ls\x04\xfe^\xf6\x1c\x0e\x1c8<^\xd8~\xb2\x8d\
B{mX\x0a\xd4YHq\xcf\xf3\xb4\xd6\xce\x03\xbb\
\xb0\xd0.*\xaf\xbf|\x8b?a\x13\x08\xb2u\xe5\xcd\
\x8eE\x9d\x01\xc0Q\xfc\x89@\x8c\x08\x08-\x81\x05f\
\x01\xb24E\xbf\x82\x80qF\x96\xf9\xc6F7\x1c\xb9\
w\x86U\xba\xe9\xa3V]\xb2\x981\xcc\x19#\xb0\x8c\
\x881\xe4\x04\x1c\x0dpk}FD]\x8eP\x0f\xbc\
\x97\xdc:16\x1e=\xf9\xcc\xc2\xa93\x0bs\x0b\xa9\
'*\x1a=C`\xc9\x04\x91\xdf\x89;+\xad\xe5\x89\
\x891.\x81K \xebn\xce\x03\x19\x1ac\xe6\x17\x17\
\x97\x96\x96\xabQu\xef\xde\xbd\xc3\x93\x93\xc2\xf3\x93\x5c\
\x09\xdfOs\xad\xb4\xe1\x5c\xf8\x92\x11\x91\xd1\xba\xdbm\
\xb7W\x9bR\x88j\xa52<4\xb4o\xf7t\x96\xa5\
\xb3\xbd9k\x0d\x17LJ\xdf  \xb0v\xde\xaa0\
x\xecY\xb8\xef\xcf\xfe\xeec\xbf\xf8\xb3\x82-r\x02\
 b`\x09\xd0\x10\x010\xdf\x8f<?P*k\xad\
\xae(\x9d\x84\xa1\x97gI[\xf5\xc6\xc6\xc7\xab\xb5J\
]\x8d4;:'\x85r87\xfe\x5c\xb3w\xfb\xdd\
\xaf\xad5\xc6\x97\x9a\xed\xc6\xf0\xc4\x95\x85\xe5\xcf\xfe\xd9\
\xe7\xc20\xcc\xb3\xcc\xaa4\x0a\xe5\xe4\xf8\x04c2M\
s)D\xa5Z!K.\xbf.2\x97_e-\x91\
\x96R\xd6Z\xab\x94vN+y\x9e\xe7y\xae\xb5\xc9\
\xf3\xdc1g\xc6\xfa\xc6*\x95;\xaf\x16\xabz\xb1\xb5\
\x04\x04\xda\x18\x86\xd8\xedv\xa4\x1fd\xb1\x15\xda0\x01\
>\xe3\x88\x9c!u\xe3vj\xb2Li\xa3\x81\xa1\x04\
\xc2\xad\xd5'x\xad\xf7\xf3\xfa\x96\x99\xe2*\xea\x1f\x19\
rM\xfc\xec\xc5\xb9\xd4\x02\x01q4\x1c\x00\x80\x112\
D\xc6i\x83( \xb5ZMk\xddl6\xe38\x96\
R\xc6q\x5c\xaf\xd6\xa3J\xe5\x81\x07\x1f<\xfe\xd4S\
\x08\xd0\xedv\x1d\xf7\xee\xc2+Yk\x9fz\xea\xa9\xe3\
\xc7\x8f=\xf8\xd0\x83F\x9b\xf7\xbd\xef}{\xf7\xecu\
\xc1\xf5G\x86G\xc20h4\xea\xff\xec'~<\x8e\
\xbb\x13\x93\x93\x9csd\x98e\xd9\xe4\xe4$?z\xf4\
\xa1\x87\x1e:\x7f\xe1\xc2\xd4\xd4\xd4\x9e={\xa6&'\
9\xe2\x1f|\xf2S\xbf\xf0\x8b\xbf\xf8\xcaW\xbdr\xa5\
\xd5\x9a\x9a\x98\xf0\xa5<z\xf8\x88\xcc\xf5W\xee\xff\x9b\
\x7f\xf1S\xef\xfb\xbb?\xbc\xefBk\xf5\xe4\x95\xcb1\
\x80\xcf\xa1\x82\x10Y\xe3\x01\x00#\xcdY\xcey\x0e\x98\
\x93%Bp\x09\x8b\x911Dc\xad\xb1\x86\x88<!\
\xb2$\xcf3\x93g\x8a!\xa1\xd3W\x12\x19Kh\xc0\
\x18D\x10\x9cI\xc2\x82\x1b#c\xb4\xc9s\xc6\xd0\x99\
\x88X\xadU\x96)\x95\x22\xd7\x0c\x19\xf7*^P\x11\
A\x83{U`\x15\xe17\x12#\xce\x9c\x99y\xec\x89\
c\x7f\xf1\xb5\xe7[\x09d\x1a\xb8\xe73\x7f\x18+\x22\
\xb1V#j\x22K\x9aI&$qc\xc8R\x96+\
\xb2B\xf2\x10\xfbiP<!}\xcf\x17\x92K\x9fq\
\xbe\x96\xa6N\x08\xc9\xb8\x10\xd2\xe3\xd2\xe3\x5c\xf4\x8dB\
\x813*\xbb\xa2@_\xde\x17\x80c\xc0\xf1\xa4Li\
\x94\x8d6\x06<`a#*bp\xbe\x95\xca\x86\xcc\
\xc1v\xc4\xed\x16\xa8e\xc3\x0aN\x82\xb85\xdf\xa5s\
s\x1e(i\x9av\xbb\xddj\xb5\xeay\x9e\xcb\xad#\
\x84PJ\xc5q\x5c\xe4\xb5g}\x87\x86\x81f\x07\xb0\
\x05\x22\xbaTp\xdfY\xb4\xaf\xb6*\xdd\xb0\xf3\x9b\x9d\
\x19\x18\x81\x0d\xff\xfc'X\xb63\x02\xdb\xca\xb7R\x18\
{\xba\xe2\x9eP\x9e\xe7\x88\xe8L\x99\x5c^\x15x\x81\
\xd9\xda\xca\xf6\x1c\xae\xaf\x0e\xb8\xf8\xbe\xaf\xb5v\x8e\xd7\
\x0e\xd0\x14\x97l\x16\xa8\xb4\x0c\x05\xe0Z\x00b;|\
\xc6\x86G\xb8z\xbe\x96\xbb\xc1\x8de\xda\x10\xa0\x06?\
w,\xbb \xd2\x09\x03\xf287\x84\x06\xe4\xb9\xe5(\
\x9a\xbcgO8\xbc8\xf3_\xd3\x95\xd3\x010\xc8\x01\
I  2\xc5D\xca\x10Y^\x11\xa0C\xb4\xdat\
8\xf2$In\x18nL\xdc1y\xc3D\xf5\xc4\xe9\
\xcb3\x97;\x97\xda\x01\xa1\x07\xa82\xa3H\xe8\x99\x85\
s=\xb3\x12\xf9\xfe\xc8X\x98vY\x9e\xe6y\xc6H\
K\x86\x9e\x17x\xda\xean\xd6;\xfe\xcc\xf1j\xbd:\
\xb5sj|x\xbc\xd9\x5c\x01\x1eW+\x91\xd5Fk\
\x0dDRH\x94\x9e\xb3\xc3j\xc5q;I\xbc\xe5\xe5\
\xb0Q\xed0=4^\x1f\xaaT{\xdd\x9e\x05\xe8f\
&#\xcc\x80\x90\xc3\xdf=\xde\xfb\xdbGg_\x7fG\
\xc8t\xce\x94aF\x03\x13\x99\x81\xdc \xfa\x5czl\
ya\x91S/\xf05\x83\xae\x10h\x88g\x89\xc7\x83\
!)\x86\xbb\xdd\xd6j\x0c]\x15\xe7FM\xef\xbfe\
\xa8\xb1?\xcbL\x14V\x16\x16\x96\xbf\xfc\xe5/-.\
]\xa97\x1a\x9dv7\xe9\xc6\x9e\xf4\xdam\x1dx\xd8\
i\xaf\xa6Y\x06D\xb9Rd\xad\x93\xa8\x04\xc0\x18\x0a\
.\xdc\xd6N\x94b\x15\x88\xb5\xd0\x8a\x5cp\xe6{\x01\
c\xccR\x84n\x9bX\xd8\xdc\xb9t|Z\x87ax\
\xe0\xc0\x81n\xda5\x22\x1c\x0e#\x019\x82\xca\xad\xc9\
Y|\xfc\xe2\xe3-\x16\x0fM\xd6\x18\xd9@s\xc5\xc1\
l\xfdB\xd1\xdf+\xb7\xd8\xa6\xa5\x98i\xee\xed\x03\x22\
\xc2\x84\xbcg\x17\xba1\xf3\xab\x0c\x84\xee\xfa\x0c\xad\xac\
j\xf4$\xf7y\x123)\xf4\xd5]u\x8br\xbb\xdd\
\x0e\xc30M\xd3<\xcf\x81A\x9c\xf4\x90\xe3\x91[\x0e\
\x7f\xeb[\xdf\x22\x22\x092\x8ec!\x040\xb0`\x91\
\xa1/\xfd\xd5f\x13\x00\x0f\x1c\xd8_\xadV\xb5\xd6\x9e\
\xef)\xa5<\xdf\x1b\x1e\x1e9|\xe4\xb0\x10\xfc\xe9g\
\x9e~\xe2\x89'~\xfe\xdf\xfc\xfc\xe7?\xffym\xcd\
[\xde\xf2\x96\xd7\xdd{\xef\xc3\x0f?\xfc\xd5\xaf}\xb5\
\xd3\xee\xec\xdb\x7f\xe0G\xdf\xfa\xd6\x89={\xee~\xdd\
\x0f7[\xabh\xc9\x1as\xee\xdc\x05 z\xf9\x0f\xbd\
\xe6\xfe\xfb\xef\xbf\xb8\xb42z\xf0\xc8\x7f\xf9\xaf_\x99\
\x17\xac\xad\xed\x8e\x807\xb2x\x07b\x151\xe5B\x87\
\x95\x9e\x10\x0a%\x12#k\x19\xa1d\xc2\x0b\x83\x84L\
\x0e\x86\x18IM<U\xa0Y+ah9\xf7\xc0\x82\
B&\x08\xc9Z\xc6\xd03JX#\xb4FBa@\
\x83\xd5\x04\x06\xd0 \xb7D\xa4\x94B\xe0`\xc8\x17^\
\xbd&\x98\xec\x12\x8b\x987Jb,\xb1\x8d+\xab\xec\
\xdc\xe5\xde\xb7\x9fz\xe6\xc9\xa7/\xcc.\xb4\xe3\x9cH\
NP\xc4\xd1\x81\x0ck\xad&D!-J\x00\xb0\x00\
\x1a\x80B\x80\x801\x0e\x08\xc0\x81s\xee\x85^\xa1\xf2\
p\xda\x0d\x17\x19S\x94\xe2d\x94\x01\x84\x93\xa2Xb\
2\xb0\x1f\x1a\xab\xec\xd4\xca7r|e\xfd\x90\x1b\x85\
miA\x84l\xcdO\xc0FH\x02\xb6\x110t\xb3\
c\xb9\xb5\xf5\x15\x9c@q\xdd\xa3\xbeC\xacR\xaa\x08\
\xe4\xe56\x9f\x8e\xbcq\xdb\x06\xe7\xc5\xe3\xd2;8#\
\xfa \x08\xdc-\x0a\xe93\xd0\xdb\xf5\xf7u~\xb6n\
\xe3QTX\x0f;\xca\x97\xac\x17\x8e\xeb\x89\xfc\xcd\xa8\
\xfd\x81\x11\xde\xba\x0c\xdc\xe8:\xa8\x91\x01\xe4\xb4\xcd\x9e\
l\xf3\xbe[\x80\xd4\xf5\x8dl\xdd\xdbm\xf1\x1c\x85\xdb\
R\xf1\x18\x9cc\x92\xe3\xb5\xb6\xc3\xbdlV\x06\xae-\
^0\x87\xf1\x9d\x1f\xb6{K\x19cE\xc8\xfd\xad\x1b\
\xd9\x90\x9f\xd8\xfa\xcc5i\x8f\x0d\xeb\xd3\xd5e-\xfd\
G\xdf\xc2\xa3\xa8\xb3\x86\x93\x88\x12f\xb4\xe5a}\xff\
\xf4\x8d\xf7.]\x1cY\x98y\x22b\xb1d\x9a\x81\xf6\
\x18\x03@\xcb\xb8\x96\x0c\x00\x11,'\x02`\x0cx/\
K\xeaB\x1c\xbdqr\xf7X\xe3\xb9\x8b\xcb\x0f\x9c^\
\x9c]Z\x5cmkF\x0212\x865\xe7T\x0b5\
C\xa8U\xea\xa3#\x15\x9d\xebv\xbb\xdb\xebv\xf2<\
\xe3B\xd4\xa30\xcb\x99\xea\xa5I\xab\x87C\xe3U\x11\
\x89\xd1\x1d\xba\xae\xd34\xed\xf5zI\x928\x8a\xd2\xbd\
\xcf\x8e\xbe2\xc6\x00\x11i\x9b\xc6q\x0cLpQ\xa9\
\xd5\x86\xe4p\xab\xdd\xd4*5\xbd\x9e\xca\xd4\x9f\xff\xc5\
\x97_{\xfb\x8fpP\xc6\x12Y\xb0\x86\xa5\x8a,\x13\
\x88\xbe1\x82P2\xe1#\x13\x8c\x83QF)+\x8c\
\xf0E%\xcbzJ\x81\xb5\xa8s\x13U\x87\x0f\x1e\xb8\
A\xa5\x89EBN\xedV3\x08\xe4\xd4\x8eI\xa5L\
\x14\xf8\x02\x91#\x072\xbd^\xda\xe9t\xe28FD\
!\x84\xe7{\x9cs\x17\xea\xcbZ\xa3\xb4\xd2\xda\x00\xa0\
\xd3\xf4\xb9\xfe\x97\x01h\x7f\xc6Zc\x1c\x0bb\xd74\
\x13\xb8\xc6]O\xed\xdc\xb9g\xcf\x1e\xcf\x13\x06Ap\
L{)g\xc0=\xaf\xd3k=u\xec8\x07\x18j\
T\x00bBE \xae\x97\xaa\xf8n\x16\x02\xd4\x86z\
*[\x5cX\x06\x90B\x08\x17\x0d\xac\xef\xc0\xbd1\x1d\
\xe3\xe2&\xb9\x17J\x08\xd1l6\x0f\x1c8\xf0\xdcs\
\xcf\xcd\xce\xce:\xd1\x0b\x00\xc5n\xd8\x18\xd3\xeb\xf5\x86\
\x87\x1a\x8dz}\xf7\xee\xdd\xcf<\xf3\xccW\xbf\xfa\xb5\
\xdbo?*\xa50\xdax\xa1'\x85\x18\x1a\x1az\xdb\
\xdb\xdev\xec\xd8\x13\x8c\xb1w\xbd\xf3]w\xdf}\xf7\
\xab^\xf5\xaa\x0f\xfd\xaf\x1f\xba\xf4\xfc\xa5\xb7\xbe\xed\xad\
\x1f\xf8\xb9\x9f\xcb\xf3l\xef\xde\xbd\x7fs\xff\xfdA\x18\
\x8e\x8f\x8d\xcd]\x99\xabDQ\xdc\xeb5\x97WV\x96\
\x97[\xcd\xd5(\x0c\xef\xba\xeb\xae\xa7\x1e|h\x9e\xec\
\xec\xd2\x82\x05\x08}nS\xe3q\xc6\x00\x10\x90\x0bi\
\x19\xcb\x8c!&\x8b(\xd7DT\x89\xa24I\x8a\xf7\
\x0b\x11\x01(\xcdz\x96\x0c\x00!0\x86\x1c\x089C\
RJ)\x8d\xa8\x18(\xa6\x01,\x22\xe3B\x08\x02k\
L\xdeKz\x8d\xa1a\xcee\x9e\x1b\x22$\x1e\x88\xea\
\x88\xf4k\xab]{\xec\xe4\x85\xaf?\xf8\xe0\x89\xb3s\
s+\xd0\xc9\x80\x87\x15&#K\xda\xd2ZRe\x00\
\x00DV\x0e\xb2\xecT\x8c\x88\x9c\x0f\xe6:)\xc0\x81\
\xfb\xecLg\xca\x1e\xaa\x85\x89hac\xe1\x16\xdb\xc2\
tc\xc08\xb40\xda(x\x0eV2\x0e-\x9bk\
\x14\xbc\xc8\x00i\x01\xeb\xa4\xc8f\x0c\xc4v\x8e\xeb\x9b\
\xda\xfa\x12\x075\x8a\x00\x92\x8eW+\xbe\xc2>\xbbS\
\xc8\x02W\xc1\xfd\x9c\x02`\xad\xe7`\xb6st\x03\xee\
\xac\x02\x94R.l<\x952H\xac\x7f\xe3\xb6\x16\xb7\
\xff\x14\xcavF`\xfb\xe3\xb3-\xccQ4W\xc4\xa1\
\xc2\xfe\x92]\xc0\x91k\x22\x8f\xcd*\x0cH\xf7\xe2\xe7\
\x15,\x88c\xd8\xdc\xed\xb6\xd3\xc8\xc0\xf9\xed0\x1c\x03\
\x8d\xac\xbfjC\x90\x01%H\xb1\xfe|\x19\x8b\xb8\x00\
\x00\x86\x99\x9e\x82D\xd7\xeb\xf2\xe6\xda\x0e_\xf8#+\
\xb3\x8ff\xe9\x9c\xa44@\x09\x9a\xa5d\x8dd.\xb6\
'\x12\x0a@FT\x93\x90\xebDe\x0bc\x81h\xdc\
\xd4\x18\xd9\x15\x9d8s\xe9\xf4\x99\xe5f[\xa7y\x9e\
\xaa\x00x\x80\x9c\x19\xab\x9bY\xd2i'\x8dF8<\
\x12\x85\x11O\xe2$I\xd2,\x89}\xcf\xe7\xc4B\xe6\
G<0Z\x9b\xc4\x5cY\xb8R\xa9V\x86\x86\x86\x1a\
\x8dF\x1c\xc7q\x1c;}\xbf\x94\xd2\x89m\x8e(\x18\
fI\xba\x12gF\x1b\xee\xafTG\x1a\xc8\xb1Rm\
\x88\xb0\xea\x8d\xd8\xd9\xb9\xd9\xe6jV\xf7\x18e,\x14\
\x81\xe7\x87\x9a\x11\x814\x86k\x83R\x866\xd7\x968\
\x19\xb0d=\xcf\x0b\xfc:\x91l\xb7c\xa5\x0cg\x01\
\x02\x84\x81?6:\xdc\xcaIY\xbd0\xb7x\xe9\xe2\
\x85\xd5\x95e\xc6x5\x0c\x04\x22\x85!\x12\x1a\xad\x85\
\xe7\x8d\x8f\x8f\x03\x22\xe7\x0c\x08\x8c\xb5Q\x18B\x1f\xd0\
\xbb\x08\xd4J\x19\xb7X\x94\x97\xa1\xf2\x13\xcc\xb2T\x1b\
m\x8d!\x00\xb7b\x19\xad\x8d1\x8d\xa1F\xb7\xd3=\
q\xf2\xc4\xd0\xe8\xe8\xf8\xd4\x14\xa0\xa97\x1a`!\xc9\
\xb2\xd3\xa7\x9ey\xfa\xc9\xa7\xa6\x87\xbcJ(\x85 \xca\
\x15 \xff\xc7\x809\x00\x80q\xaf\xdbI\x16\x16\x8d\x10\
\x95\xef\x88(7\xeb6\x89\xfeAW\xc7?XXX\
\xc8\xb2\xec\xe4\xc9\x93Z\xeb\xb9\xb99(\xa9\xd2\x89\xc8\
\xa5\xce\xeat:\xb5j\xf5\xf4\xe9\xd3A\x18\x5c\xbcx\
Q\x1b\x1d\xf8\xbe\x102\xcf\xf3fsUJ\xb9c\xc7\
\x8e\x93'O~\xf0C\x1f\xe4\x8c\x1f;~l\xdf\xbe\
}\xef|\xc7;\x17\x17\x17\x7f\xf9\x97\x7f\xf9\xe2\xc5\x99\
}{\xf7U\xa2\xca\xf4\xf4\xf4C\x0f=t\xefk_\
\xfb\xc5/~\xe1\xa6\x1bo\x0a\xfc\xe0\x91\x87\x1f\xfe\x81\
\x97\xbc$\xc9\xd2G\xbe\xfd\xe8\xcb_\xf6\xb2W\xbe\xfa\
\xee\xce\xc5\x0b\xa3;w\xac\x5cz^\xa0W\xf1d\xc4\
\x98P\x8a1\xc6\x84\xd4\x80\xa91\x86\x931\xb6\x90\xa9\
A\x104\x9bMK\xc4\xfa\x0b\x821*\xc9\xba\x80\x16\
\x88!2\x06\x02\x91y\x02Q\x935D63&V\
IWJ)\x85\xb4\x04\xc6\x82\xb6\xde\xd0\xe8Xn\xa0\
\x1d\x9b\xb0\xd2\xf0\xbcp\xb9\xcbO\x9fJ\x1e\xf9\xf67\
\x8f=\xf9\xcc\xe5y\x9bjP\x08\x22\xaa\xf8a\xd4K\
\xf3,N\xa4\x1f\x80\xbd*\x93\x03\xf4\xd3K\x152\xd2\
\x01\x02\x17-\xb4\x1c\x09\xa3\xac\x04q\x98\x83\x95\x9cP\
\x0as\x8d\xf2\xeaW\xa8H\x1cL\x19P\x9a\x14\xc0\xa5\
\xccy\x14\xc4\x06n\xe4\x84\xb2\x1eUl\x8d?\xb6\x80\
\x17\x9b\x9d\xd9>F);\x9bP_\xb1\xee\x06\xb3\xb0\
!u\x95]\xa6\x15\x17\x7f\xc8\x8d\xf0\x86\x16\x15\xeb\xa1\
\xcf\x86\xd4NQ\xad\xc0=.PiY\x8f\xbf\xd9\x80\
\x94?\x94\xcbw\x05\x8e\x0c4\xb2\xbe\xcd\xed\x9c\xb9\x8e\
\x8e\xad\xbf\xef\x16\xbfq;\xb0\xe3\x9a7\xdd\x16\xe6(\
\x18\xb0\x22\x02\x95\x9b\xf1\x0e\xa8n\xd3\x86c\x0bP\xb2\
!\x08 \x22\xf7\xb2)\xa5\xb2,\xd3Z;\x07\xd1\xed\
4\xb2\xe1\x99\x01\x00q\xcd3\x1b\x02\x942\xc2\x80u\
P\xa3\xdcH\x11\xaakm\xd0\x80z\x94!\xf3s%\
\xe3\xb4\x1a\x02\xaf\x8dW&B\xde\xba\xf2X\xde\xbc\xa8\
\x8d\xf5I0$\x83\x0a\x01\xdc>\x8f\x91\x95h\x0d\xe6\
\x92)\x8b\xb96\x90\x193U\xd3#G\x1b\x87w7\
\x9ey\xb6w\xe6\xb9d\xb1\x89\x89\x06\x00\x81\xc8\x12\x95\
gY\x1e'-!\xcc\xe8\xf0\xd8\xf0\xc8PCS\xd2\
\xcb\xba\x9d\x1e'4\x99\xd6\x89\xf2\xd1\xab\xc8 \x89\x93\
^\xdcC\xc4(\x8a\xaa\xd5\xea\xd8\xd8\x18\x00\xf4z\xbd\
n\xb7\x0b\x00\xbe\xef#\x00#\x92RH\x90\x9a[\x83\
\xb88\xbf\x04\x02\x85\xe4\x01\xb2\xf1Z\x8dg0;\xd7\
\x1a\xbeag\xad2T\xf1Pz\x9eLubQ\x11\
C&\xc2\xa8\x8a\xd6\xe4\x996\xc6\x22\xc3J\xb5.d\
\xd8\xee\xc4D@DY\x9e\x91\xe5\xbedFg\x82\xe3\
\x99\xb3\xa7\xbf\xf9\xe0CK\xcd\xa62V\x1b\xa3\x94\x96\
\xd2C\x02$\xe0\x9c+\xa3\xd7\x82k2\xc68'k\
[\xceE\xb6\xbf\xb7D@!$\xef\xbbJ\xb9Ey\
`\xf6K)9gZkK\x16\x91\x01\x91#u\x16\
\x17\x16}\xdf\x9f\xda154T\x0bC\xe6\x0b\xb1\xbc\
\xd8\x0c\xbchy\xa9\xf9\xb5\xbf\xfe\xea\xd2l|\xd7M\
S\x8c2\xc9\x0d\xe3\xa6o\xc2\xf8\x0f^\x10\xb8hw\
\xd3V\x17x]\x12 \x101d\xe8\xdc/\x88\xd8F\
\xaf\x88[\x7f}\xdfw\xc0\xa2\xd9l\xce\xcc\xcc\xcc\xcf\
\xcf'I\xd2\xedvGGG]\x04a)]\x80,\
\x88\xa2\x08\x81\xe6\xe6\xae0\xc6\xa1\x03\xd5j\xf5\xd4\xc9\
\x93\xbd^<??\xcf\x18{\xeb[\x7f\xf4\xcc\x99\xf3\
\x1f\xfb\xd8o\xdc}\xf7\x0f\xd6\xaa\xb5\xbf\xfe\xca_;\
S\xd37\xbc\xf1\x0d\xcf\x9ey\xf6+_\xf9\xca\xf0\xd0\
\xf0\xd1\xa3G\xf7\xee\xdb{\xe9\xd2l\x96e\x87\x0f\x1f\
\x99\x9b\x9b\xfb\xc4'>\xf1\x92;\xee\xa8T*\xff\xf1\
\x0f\xfe\xe0\xc4SO!\xe2\x9d?p\xe7o~\xe4\xd7\
\xee~\xcb\xeb\x9f\x9c\xbb\xf4\xfc\x7f\xfac4\xb6\xea\x87\
,\xcb\x18\x0ad\xdc0\xdeS:\x05\x9bk\xed\x82\xab\
r\xce\xdd\x22\xa0\x8d\xa6\xbe\xa5\xa8%J\xb3\xc4P\xca\
9\x02\x00\x18\xc7s\x80U\xb9\x00\x90\x02\x8cI\xb4\xce\
\xfc\xc0z\xdcX\x04C\x9c\xc9(\xf4j\x0a\x03\xe67\
P\xb0\xa7/.<\xf8\xd0\x03\x8f>5;\xb3\xea7\
W\xdb\x8c{Q\xb5A\x01\xb7\xc6\xc6\x16H#\xfa\x9e\
\xe7Y\xa5s\x89W\x05\x0dr[\xaf\x82x(\xdcC\
\x8a\xcf\x03\xde\x22E\xe5\x02\x1c\x94q\x06\xf6\x09\x89\xb2\
\x11\x86\x93\xca\xe5\x8c*e&\xa3\xacF\x91W\xe7\x94\
\x1f\x98\x00\xd4\x8fNQ~5\xcaRy3\xd9\xf3\xbd\
\xc0\x1c\x0e[8\x83P\xc7\xaba\xdf6\x13\x00\xc20\
ta\x87\x0a\x88\xc9\x18K\x92\x04\xfa\xb0\xac\xa0@6\
\xeb\xdef]\x82\xd2\xd2\xed\x1e\x8dc;\x1c\x86+:\
6\xf0\x03\xcb\x7f\xc2F2\xf5{\x819\xd6\x9f\xb9\xbe\
\xfb^\x07.\xd9\xec\x92\xad\x81\xd7\xf6\xbb\xb4\xdd8\xa4\
N\x0d\xe6&n\xf1\xc8\xa9\xa4\x93\xdbN;\x9b5^\
\x1c\xb1\x1f\x13\xbd\x5c\xc1-4.\xfc\x8b\xe7y\xd7l\
d\xc33\xeb{\xb8\xc5%\xeb\x01G\xf9\xcf\x0dU'\
\xc5\x87\xb2\x8b\xaf-\x17\xb2\x00H\xc04\xf1L\xb3D\
\x07\x1d\xa85\xfc\xc3\xd5\x9d~\x16L\xa4K\xcf\xeb,\
\x03\x9erL\x19 #\x86\x80\x0cPpdd\x09\x81\
\x09\xd0\xc6B\x9a\x0ds\x95i;\xb4cd\xf7\xe8\xc4\
\xfe\xa9\xe4\x99s\xad\xb3\xcf\xb7W\xbam\xc3$2\x9b\
\xe4\xca\x22\xcb\x94\xbd\xf0\xfc\x82\xe0\xcbc#c\x93\xe3\
;\x84\x8c\x18 C\x96d\xa9\x94B\xd9,\x8aBe\
t\x9e\xe7\xab\xab\xab+++\x9c\xf3F\xa3166\
666\x96\xa6\xe9\xea\xea*Z+\x10\xd1\x90%\x0d\
\x16\x09\xb1Z\xabgV\xab,\x89\x8d\x9a\xed\xa5!\x01\
0Y\x1f\x1a\x09\x98\xb6y/UJ\x19\xed\x85\x15\xc1\
\xa45\x8a\xa1\xa9T\x83 dD\x1c\xc0r.3\xad\
:\xdd&g\xc6\xf3l\x9c\xc7\x08\xbc\xdd\x9a}\xfc\xb1\
\xaf\x8fL\x1f\xda==\xf9\x8e\xb7\xffx/\xcdf\xe7\
\x16\x8c\xa5<S\x9dn\xc7\x05\x19m\xad6\x099r\
\x9e\xa6i\x92$\x80\xa0\x95v\x83l\xd6\xc2\xc0\x00\x10\
\xba\xc0\x0c\x8ers\xac\x98S\x16\x14Ek\x85\x08\xe5\
\xf5\xda\x99q\xec\xdd\xbbw||\xdc\x0f\xfc,\x8dg\
\xce\xcf'=\xb5k\xe7\xfe^/\xfd\xc4\xc7\xff\x9f\xbf\
\xfa\xfcg}\x82\x03;\xc7#\x09D\x191\x03/\xc0\
T\xe9{X\x08 S\xd0l\xf7\xd2\x0c\x04\x93\xd6\x02\
\xa0\x93[Dd\x09\xa0\xc4\xfe\x7f\xa7\x08!\x8c1\x0e\
b\xc6q\x9c\xa6\xe9\xec\xec\xac\xd6\xba\xd5j\xb9q#\
\xa2<\xcf+\x95\x8a\x9b\xc0\xbe\xef[\xa3\x9b+\xcd\xd1\
\xd1\x91j\xad:?7\xf7\xbf\xff\xc2/\xb4\xdb\xed<\
\xcb\xa7\xa6\xa6\x1a\x8d\xc6}\xf7\xdd\xc78{\xfb\xdb\xdf\
~\xea\xe9SSSSN\xcf\xd0\xedt\x0f\x1f9\xfc\
\xe1\x0f\x7f\xf8\x83\x1f\xfa\xe0\xcd7\xdf\x5c\xab\xd7.\x5c\
\x98\xb9\xeb\xa5w\x11\xd1\xe3O<\xfe\xba{\xef}\xfa\
\xe9S\x8d\xb4\xde\x5c]=w\xe1\x82\xb5\xb6\xd5i\xff\
\xdb_\xa2\xdf\xfc\xe8\xaf\xbe\xed\x1d\xefx\xf0\x91\xc7N\
=v\x1ce\xe8{!\xe5\x99\x11<\xb5\xd0\xcdu.\
E\xae5\xf3\x03\xb7-\x0e\xc30\xcb2\x17m\x9f\xc8\
\x22\x805&\xcd\x12\xe4\x961N\x9a\xc8:GXR\
*\x0d\x03\xa8\x0fy\xc2\x93\x9e\x1f\xa4\x90\x19\xca=\xbf\
\xee\x85\xa3\x99\xad\xb6R/\xb5\xf5o\xfc\xed\xd3_\xf9\
\xda#O>\xb3\x82\x08\xe1\xf0d*\x83\xca\x8e\xc9,\
W\xcb\xbd\x84\x88\xb8\x90L0\xa3U\x9e\xa4\x8cC\x18\
\xf8\xa4]RC,KzQ\xca \xcfK\xe14D\
\xc9\x85\x84\x95\x82\x8b\x97U\x1e\xac\x14\x83k\xc0\x02t\
@\x872`\xcfQ\xb4\xe3\xbe\xda\x8e\xc4\xda\x0c\x04\x94\
\xbf-_\xfb\x82\x10\xc6\x16\xb7X\xdf\x08\x11U*\x15\
\xdf\xf7\x9d\xc7\x90\x9b\x9fQ\x149\x9f\xffBk_\x10\
\xea.\xf0W\xf1K7\xec\xea6\xef;\xd0I\xc7\x9d\
\xb8(\x94\xee\xf3\xfaK\x06~\xe3\xa6o\xe6w\xb5|\
\xdfn\xb4\xcd\xfbn\x1fp\xb8\xe3\x16\x90`\x83\x1co\
\xc5\x83qB\xd4q\x18N\x17^0x\x03\x16\x1e/\
\xe8\xc7l&\xfe\xcb\xbf\xaa,\xec\xb1\xaff\xcb\xf3\xdc\
i\xdd\x8a\xcdA\xd1[(!\x83\xf2\xe5\x1b\x1e\x07\xee\
\xbb\x1ej\x94\xbf-\x00\xd0@\x05\xda\xbc\x14\x86\x1d\xc5\
\x9fk\xe4\x10\xf1\x5c)\xad\x95\x01f\x01\x12\x15\xf4\xd2\
\xc6Hpc04$p\xb8\xdb|\x1e\xd2\xd9\x10\x05\
g\xccX#\x18\x07\x0b\xd6\x12\x13\xdcZHUf\x09\
\xfc\xd0\x17\x9a\x07\x1cs\xdb\xe3\xdc\x1c\xda\x1f\xed\xde\xbd\
\xe3\xc0\xe5\xe8\xd4\xb3s3WVW\xba\x16%h\x08\
rV\x11\x9c\x80\xb0\xd5\x8eWV\xce\x0e5\xeaQ\x14\
\x06\x81\x10\x91T:\xeff\xdd$M\xa0\xbf\x9dr\xbf\
\xb1\xddnw:\x1d)\xa5\xef\xfbCCCR`\x9e\
&A\x10p\x14\xbd8\x03k\xd3\x5c\x11\x03/\x8c|\
\x02\x13'\x8d\xd0\x0e\x8f\x0d3\x89\xcd\xe6\x8a\xea5\x85\
\x14\xa96\x01\x9a\xb0\xda\xd0:K\xe2N(\x91\x8b\x0a\
\x10j\xa3zq\xaf\x97$i\xda\x932\x1c\xaa3\xe9\
\xf1vl\xdb\xf1\xc2\x99\xd3KK\x8f\x9fZmw3\
e\x94E\xe9\x87aX%B!8G&8\x13\x9c\
)B?\x0c\x01\xc1\xf3<\xc6\x19\x06\xe8\xfb\xbe3J\
\xe0\x9c\x03\xa2\xe0\x02\x00\x8b\xa9R\xe69J\xc5\x1ak\
\xd2$UZw\xbb\xdd<\xcb\xe6\xe6\xe7\xce\x9e=\x0b\
\xfd\x8c\x9d~\xc0\xaa5O\xca\xda\xc2B\xfb\xf1o\x1f\
o//U<\x1c\xf6\xe8\xc6=\x13\x1e*\xb0\xb9\xb3\
\x15\xd8\xe6T\xff\xee\x16\x07\xad\x88`\xed\x1f\xa1&\xb6\
\xd4\xec2\x01JYO0$ k\x81\xbb\x84\xee\x00\
\xc8\x88\xa0\xac\x05*fx\xb5Z\xf5}_)E}\
\x05\x8a\x1b\xb1N\xa7Sp\xfei\x9a\x02@\x9a\xa6F\
+\xdf\xf7\x18cC\x8d\xa1$\x89\xe3^LD##\
#a\x18\xfe\xce\xff\xf5;\xd5j\xf5\x13\x9f\xf8x\xb5\
Vm6\x9b7\xdexcs\xa5\xd9\x18j\x04A\xf0\
\xf0\xc3\x0f\x7f\xf4#\x1f\xbd\xf3\xce;\xdb\x9d\xf6\xf3\x97\
\x9e\xbf\xe5\xc8-\xaf}\xedk\xb5\xd6\x8f>\xf2\xc8\xdb\
\xde\xf6\xb6\x0f|\xe0\xe7>\xf3\xe9O7W\x9b\xb5z\
\xad\xd3\xed\xb4:\x9dc'\x9e\xfa\xf2\xdf|\xed\xcd?\
\xf2\xd6\xf7\xbc\xf7\xbd\xbf=\xfb\xd1\xce\xdcB\xc5q\xec\
^\xd8VyG\xebLJC\xc8\x88\xb8\x14\x88\xe8y\
^/\x8e\x8b_\x84\x0c\x95\xd2Z+\xe1q\xe6\x14\x1f\
\xc0\x01\xd0\xf3D/W^\x00\xa3\x13\x93\x16X\xa5\xb1\
\x93W\xf7\x10c\x19\x8b\xe6V\xe9\xd8\xc9\xb3'\x9f\x9d\
\x7f\xf4\xf8\xc5\xcb\xf3ZA$'\xf6j#\xdb\xa4\xb4\
\xcd:\xedT0!\x02\xcf\x1ar\xcb\x0aGV\x09\x02\
\x22k\xb2\x5cJ\x7f\xc0x\xd3\x99\x9a\x15\xc4F\x81\x09\
\xca\xd6\x9deV\x83\x95\xcc'\xf1\xea\x90\x1b\xb2\x94q\
\x8d]m\x1fZ\xd6\xaa\x14\xdf\x16+!\xdb\xdc~\x7f\
\xeb\xcd\xfa\x86\xf8\x03\xd6\x89\xed\xed\x1c\x07\xae]\xcf\xa9\
\x14\x0dZk\xa3(\x0a\xc3\xd0\x18\xe3\x5cTx?\xd4\
\x82[\xba\x9d\xb1\xa0\x93;\xd6Z\x97K\xd6\x0d\x05\x96\
\xfc\x1c7S\x1em\x01J\xcag\x8aF\x9c8s\xd1\
\xa1D\xc9\xbb\x07\xd6\xc9\x8b\x0d\x85\xdd?\x148\xf8\x07\
)\xdb\xfc\xb1\xebE|\xf9\xc2MMf\x1c\xc6\xa4\x92\
\xa5O\xb1\x9a\x97\xe5\xee\x0b\xedn1\xb1\xd6\xb7\xb0!\
,(&\x19\x22\xfa\xbe\xef\x5c\xf0\x0b{\xa2\x81!\x18\
hv\x0b\xcc\xb1\xbef\xb9\x14\x0d\x96)\x0d\xb8\x1av\
\xac\xbfdC\xf0Q\xe0\x0f b\x99\xf5\xc8\x10\xe5\x9a\
\xb4&\xb4\xcc\xcf\xd5\xf8\xa5\xa6\x8c\x04k\xd4\xfcjc\
\x8c\xb5\xaa\xd9\xec\x09c\x8d\xef\x05q\xb7\xeby\x1e\x22\
\x90%.\xa4\xef\x07\xcaX\xa5\x8dG\x9e\x00\xc3Q!\
\xae\x224\x91\xcb\x1b\xf7zSS\x13\xb3K#\xa7\xcf\
-\x9f}\xae\xb9\xdcI-x\xc0\x18\xa2 \x80\xccf\
\xab\xed\xd6j\xb7\x15U\x82\xeah\x04\xcc\x82\x8f;\xa7\
w&I\xea\xc2\xec@?\xe4\xbc\xebp\xbb\xddn\xb7\
\xdb\xa3\xa3\x0d\xa5\xb5\xcf\xa9V\xaf\xd7\x1a<7t\xa5\
\xb9h\x19\x10\x90NS\xdf\x93;w\x0e{>\xeb\xc6\
\xabi\xda\x91\xdcHO(2\xdd\xde\xaa\x0cD\xe0\x8b\
\xb8\x1d\xb7\xe3\x98\xb0\xa5\x8d{|\xc6\x12\x85\x01f\xba\
'\xb9\x08<\xae\x8d\xc9\xf34\xd5\xbc\xd7\xcb\x9fy\xfa\
\x99s3\x97\x9am\xcd8\x18\x8b\x08\x1c\x11\x18\x22g\
\xc0\x00\x14\x00\xae\xa5\xcc\x90\x96l%\xaa\x04A\xd0\xe9\
t\x84\x94\x9csk\x8c\xe7y\x88\xdf\x89^P^\x88\
\xb1_\x00l\x10\x04\xce\xd3\xca\x99\xcd\x22C\xb2\x04\xfd\
\xd0&\x82\x13g*U,\xcd\xd1\xf3\xfd={vb\
\xef\xcad\xd8\xbdi\xef\xa4\x80\x98\x81\x05\xe4t\xcd\x80\
_\xd7U\xb6\xf3\x12\xad\x19)\xf6g\x1a\x8a`e\xb5\
\xcb\x05$\xca\x84\x88\xe4\x12\x8d\x09B\x00\x02\x02d\x96\
\x08\xae^j\xdd\xaa:<<\xec`e\x92$Y\xbf\
\xd4\xebu\x97\xa6DJ\x09\x00i\x9a\xba8\xd3\x99\xd6\
\x81\xef)\xa5._\xbe\x1c\x86!\x91\x8d{\xf1\xae\xe9\
]Zk \xf8\xf1\x1f\xfb\xf1[n\xb9\xe5\xe4\xa9\x93\
\x95j%\xf0\x03d\x98\xe7\xf9\xc2\xfc\xc2\xa7\xff\xe4\xd3\
sss\xf7\xbc\xe6\x9e\xb9\xb9\xb9#G\x8e\xbc\xe9\x8d\
?\xc29Gdw\xde\xf9\xd2?\xfd\xd3?}\xdd\xeb\
^w\xf4\x8e;\xfe\xe2\x0b\x9f\xef\xf4\xbaL\x88T\xe5\
gg.<r\x8d\xd3%\xc6\x00\x00 \x00IDA\
T\xfc\xd8\xadG\xef|\xf5k~hqf\xf6w?\
\xfak)z\xc2\x13\x1d\x863\xab\xab]O\xe4\x84\x80\
`\xad\x95B\xfa\x81ODZ)\xc7\xc6\x03\x00\x00*\
\xa5\x88\xac\xf4$3\x88\xc8@3m)I{A\xe4\
\xbf\xe8\xc57NL\xd5,\xebL\xef\xbb)\x97\xbb\xbf\
\xfd\xc4\xc9\x07\xbe\xf5\xc0\xd3gV\x16[`8\xa4\xd6\
S\xe1\xb0\xe1Q\x0c\xcc  \x18\xc12\xc1\x11\xc9\x10\
i\xce\x04\x10 \x00\x03bN\xb5'\x02\xe1\x07\xe2j\
\xbd\x89(\xb9\x9c\x94\xf1A\x19.\xb8IXLH\x22\
*h\x922\x87Qn\xa4\x8c]\x8a}\x7fqU\xd1\
\xd4\xc0\x14\xda\x02\x04\xc0:\xdf\xd1\xf2\xe7\xcd\x84\xf4z\
)\xbe\xa1\x5c/\xc0k\xf1\x19J\xe6)\xae{\xae\xe7\
J)\xa5T\xadVs`\x82\xf5\xfd\x03\x5c\xfe\x94z\
\xbd\xee\xd0\xb0\xcb}Q\xbc\xbf\xce\x87v\xa0\xcf\xe5n\
o\x08\x926\x1b\x13\xeaoM\xb1\x1f\x1f\xcc\x81E\xe7\
,I}\x0f\x86\xf2o\xd9p`\xff\xbb(\xdb\x81M\
[\xd4\x87\xab\x07\xdc}\xcb\xb6\xf4\xd3)\x86w\xb3\xfb\
n\x809X\xdf3\xd6Uuqg\x1d\xcbG\xeb\x14\
\x1f/\xa8l&\xf87\xab\xb0\xbe8%\x8b\xf3\x9e*\
\xde@(q\x1b\x1b6\xb2\xe1}\x07\x8e\xeb1G\xf9\
\xab\x0d/\xdf\xf0\xda\xb2\xf7J\x19y\x80%\xae\x01\xc8\
 %H)\x90\xb46\xd2\x14Y\x18^\x8e\xcdj\x1a\
G\xd5\xfa\xae\xfa\x8d\x93\xbcr\xe5\xca\xc5\xd5\xa4U\xab\
\xd7\x8c\x8e\x8d\xce\x00Hi\xcd\x80\x11pD\x8e\xe8!\
S\x02L\x809b\xca\x91\x98a\x9e\xac\x0f\xd5\xc6v\
M\xee\xbfi\xf7\xc8\x99\x99\xf8\xe2\x95\xbc\xd9\xec$\x99\
!\x102\x90\x8a\x98\x22\x1bg\x9dn\xdc\x1e\x1a\x19\xf2\
\x22\xbf\x9b$a\x18V*\x15\x97\xcb\xc0\x99\xcb\xb8~\
FQ\x04\x00\x04h\x00Z\xddN\x12gAX\x15\x81\
?=\xbd\x13\x04\xf6\xe2\x8e\xea\x08\xcf\xd2\xd4\xe4X\xbd\
\x1efi\x13 CPZ\x19\x86\x8cYJ\x93^ \
\xab\x02mjr\xe4\xc0\x10-X$\x03`\x09P2\
\xb4V\x0b`\x81\xc0Z@\x06y\x10\xf9Y\x9ei\xad\
\x85\x00d\x9e\xd6\xdam\xea\x0di\xe52x20\xa4\
\x00 IS\x22\xf0\xa4\xe7L\x10l\xb1\xce\xc2\x9a.\
\xa1\xfcbP\x9f\xabs\xc5\x18=:6\x9a&I\x9e\
\xe7\xc8\x18\x94*\x90\xf3\xd3\xb1\x96\x11(\x00\xe6\x85\x08\
\xc8U\x5c#\xf8\xa17\xec\x1c\x1f\xf2<\xecXm\x88\
\xff\xa3pZ\x01\x00\x02$\x90\xadNj\x11\x18\xf7\x18\
gd\x0d^\x8b\x83q?shh\xa8R\xa98\xf5\
\x99\xe36\x00 \x08\x02g\xe7\xe1&C\x1c\xc7.4\
\x82\xb5v\xe7\xce\x9d\x97._\xe6\x82\x03\x00 NN\
NV\xaa\x95f\xb3Y\xab\xd7\xde\xf5\xaew\xce/,\
,\xcc\xcf\x1f<xpee\xc5\xf7\xfd\x13'N|\
\xe63\x9fa\xc8\xde\xff\xfe\xf7\xdf\xfb\xfa{+\x95\x8a\
\x94\xb2\xd5l\xfb\xd2G\x84W\xbf\xfa\xee\xcf}\xees\
_\xf9\xca\x7fy\xd7\xbb\x7f\xf2\xd6\xcf\xfd\xf9\xe9\xb3\xcf\
\x922\x9c\xf3\xd5\xd5\xce\xa7\xff\xf4?s\xf2>\xf0S\
\xff\xcb\x8f\xfe\xd8\x8f?\xf0\xd5\xaf\xcd\x9e}v!\xe9\
\xfc\xd4\xbf\xf8\x97\xf7\xfa\xc1'?\xf7\xf9\xe7\x16\x96\x18\
\xae\xa9t\x87\x86\x86\x1d\x15O\xfdm\xae1F+E\
\x04l-\xc0=\x07\xc1\x10@\x86\x91\x1f\xd0\xdcrs\
\xac.\xfd\x89\x91/\xfe\xf5\x89\x87\x8e\xdd?\xb7\x9c\xc6\
i\xc6\xfd\x1a\x09i\x10\xb5\xc4\x1c\xad\xc2\x9ee=`\
(\xc9\x08\x9b\x131$\x8e$\x18\x12\x12g\xc8%\x17\
^\xdfB\x03\x84K\x118h\x16Z\xa8Q\xc4\xd5>\
#\xecj'\x14\xec\xebS\xd6\x93\x22e\x98R\xf0\x22\
eg\xda2p)\x1e\xeb\x80,\xbc&\x80X_\x7f\
\x9b\x98c\xebF\xac\xb5n5.\x0b\x8e\xa2\x82\x13\x1c\
n%,~r\xe1\x8b\xe0f\xa6\x94\xd2\xd1op\xb5\
\xd1FQ\xb6\xf9\x03\xb7\xf8v\xb3\x11+\x10\x923\xef\
(\x07\x9d\xe2}{\xd5\x7f:e=(\xb9\x0e\xa4\xb5\
\xf5%\x1b`\x0e\xb7\x1c\x17\x8c\x13\xf5\x09(\xe8\x1b+\
l\xe7Il\x86\x1b6\x83\x1d\x1b\x02\x82\x0d\x7f\xbf\x9b\
\xb5\x85\x99D\xd9\xc2\x03\xaf\xa5U\xd9\x02F\x0c`\x8e\
\xe2X\xd6\xad\xc0\xd5\xe6\x1a\xdbD\x1bkD\x11\x91!\
k\xc9*\x8b\xd6r\xd2\x16lf\x94f\x8c3\xe9\xe5\
\xaa\xd2[Q\x89I\xa7\xc3\xdd\xa37\x1c\x8c;\x97\xe7\
.\x9d\xf2\xb9\xf6<`\xa4\xc0\x18\x9b\xa7\x1c\xbd@\x86\
Z\x10\x101`\x02\x04\xa2'\xc1\x0a\x84$\xcf\x8ci\
y!\xd4\xf6E{&\x87\xe6W\xd4\xb9\xf3\xb3\x17/\
//5\xb3N\x921\x04O\x86\xa9A\xb4`\xb4M\
\x93|ii\x89!\x13B\x04AP\xa9T\x1a\x8d\x86\
3\xd4\xedt:kV)\x00\x5cz\xc8(\xed\xa5\xdd\
8&\xce\xd5\xecL\xd4\xa8\x06\xbe\xacy\xdeP\x18\x1e\
9|\xb0V\xab\xf4\x96\x97\x05\x17\x12\x88\x00\x04\xe3\xca\
\x00#\xb4\xca\x1ae%H`L[\x8b`\x09,\x90\
\x05\x02Da\xc8z\x80\xc09I\x91\x1a\xbe\xdaj.\
\xaf6\xd3\x1c\x901\xc6%r\xb4\xe44\x04\x04`\xa8\
\xaf\xda\x03\x00d\xcc\x1a\x1b\x84a\xb3\xb9\xe26z\xe0\
2z 3\xfa*:j\xc3\x99\xe6\xfb~\x9e9p\
#\x08\x88!\xb3Dd\x0c\x11YK\x02@\x00(\xe2\
F\x1b\x00\xc3\x00\xaa!\xbc\xf4%7\xd7C2\xdd\xcc\
\x0f|{\xad\x80`\xdf\xc7\x82\x9aX\xb3\xd5C\x04\xc6\
\x5c>;\x0bk#VT\x19\xbc\xc6\xad\xef\x9c\xf3\x1d\
;v,,,\x08!\x9a\xcd\xa6\x0bUn\x8c\xd9\xb9\
s\xe7\xfc\xfc<\x00\xb4\xdbm\xcf\xf3v\xec\xd8!\xa5\
\x5c\x98\x9f\xcb\xb2\x1c\x01\xac1J\xa9Z\xbdv\xef\xbd\
\xf7>\xf0\xc07\x97\x96\x96~\xff\xf7~\xafR\xa9~\
\xfc\xe3\xbf{\xe8\xd0\xcd\x95Jeyy\xf9\xc4\xc9\x13\
\xe7\xcf\x9f\x7f\xd3\x1b\xdf4\xb9c\xf2\xd0\xa1C\xd6\xda\
\xe3\xc7\x8f7\x1a\x8d\xbd\xbb\xf7\x02\x80\xd6\xfa\xe6\x9b\x0f\
\xbd\xf8\xf6\x17\xdf\xf7\xa9O\xbe\xfa\x87^\xf3\xcew\xbd\
\xf3K_\xfe\x926\x06\x10!\xcfW\x97\x9b\xbf\xff\xff\
\xfe^kq\xf5\xdf\xff\xeaG\xfe\xd5\xbf\xf9\xd7\xbf\xf1\
\xeb\xbf\xc2`\xecm\xef\xf9\x1fGw\xef}\xf5;\xde\
\xf5\xa1\xff\xed\x97\x1ey\xe8\xeb\x15!|\xdf\x0f\x02\x7f\
\xa5\xd7\xb3.\xe2,\x10\x00\xe4y\x9e\xab\x1c\x08\xacu\
\xf9\x85\x01\x11\x90\x91A\xa3\xc8\xce.\xf5\x96\xae\xcc\xd5\
\x18\x838\x8b\xf9\xa4bcX\x01\x0d\xa0\xc9(\xa5@\
\x10p\xe2H\x0c\x0c\x91A\x0b\xa4\x19\x22gL\x0a\xe1\
s&\x05\xf7\x04\x13\x5cpO\x0a\xe9I)9\xe3^\
?`\xf9`\x22\xf8\xc2t\xa3\x90j\xac\x1f4\xa2\xc0\
\x10\xeb\x95&evd@\x8dR\x9c,\xb7y\xd5<\
x\x81\x00\xe2{\xc4s\xb0~\xfch\xa7\xf1\x1c\xb8\x0b\
\xf5\x99\xf2\xf26\xc0\xd5\x07\x00\xa7\x9c\x22\x22\x17\x13\xc1\
\xbd\xec\xd4\x0fFR\xbc\xbc\x0e\xd3\x5c\x07\xa4\xd8\xfe\x19\
';\x0a\xc7=\x17\x1dd\x80\xd7\xbf\xee\xb2\x1d\xb1\xbd\
\xe1\xc3}\xa1g\xae\xe3\x92\xef\xca\x8d\xb6s\xeb\xa2l\
\x809l?\xc4\x8a\xb3\x1bu\xaf\x87\xfb\xd3}\xb5\xcd\
\x1el\x13v\xac?S\xfe0p/g\xcc\xecf\x86\
\xc3\xa4\x05\x0b\xb7\x9d\xd6`#\xb3\x0c\xd8\x08s@\x09\
p\x94\xa7~\x19\x94lX\xd6X\x8d\x92\xdfJ\xe1\xef\
\xa3\xc1X\x02c\xa5\xd1h\xb5\x02\x9b\x0bPJ\x19\x0b\
\xc8Yd\xd1\xcf\xa0\xf1\xcc\xc2\xbc\xb9\xb4t\xf8\xc6\xe9\
C/\xdd\xb9p\xf1\xb1\xd6\xc2\xb3>\xe4\x01Cf\x81\
\x99\x9c\x8c%OZ\xb0H\xc0\xc8g 8\x11\x1a\xe3\
IO\x13&\xaa\x85\x96|_\x8eL\xfb\x07&\xc6W\
Z\xa3\xcf]\x5c=s~\xf5\xb9\xe73\xa5\x13\xa6Y\
\xaf\xdd\x8d\xe3\xbc\xd3\xeb!\xa0\x0b\x0c\xe5\xb8M\xdf\xf7\
+\x95J\xb5Z\x1d\x19\x19\x89\xe3\xb8\xd7\xebyQ0\
\xbf\xb8`R\x15z\x1e\x13\xc2\x02Tk\xb5\xf1\xc9\xd1\
\xa1z\xc5\xc6\xf1\xc2\xc5\x99VsI\x8a\xc3\x9e\xf0\x18\
i\xabrk\xac!\x10\x22\xa8\x86u\x01\x88FX\xad\
\x08\xac\x05\x83d\x91\x88\x032@\x0b\xc8\x09\x04 \x00\
\xd7\x96P\xdb\x95\xd5\x95,\xcf\xb8\x00c1\xd7F[\
@\xc6\x81,\xa2@d\x08\x068\xe3\x8c\x01\x91\x10\xc2\
p+\x04'KN\x0bP<\x0e!6\x0em\xf7\x9d\
Y\x81k\x84|!\x15\x08\x80\xb4\xd6\xda:\xf1\x8c\xc0\
8\x08OJ\xf0D\xae\xbb\x1e\xc2\x91\xc3\xdemG\xf6\
1\x1b\x13ik0S$\xe4?\x06\xa7\x15\x00\x00m\
\xa8\xd5\xeeq\x81\x80\x0c\xc02\xc6\x80,\xf6\xc50m\
\x14\xa4\xdda\x8ef\xb3\xf9\xa2\x17\xbd\xe8\x89'\x9e\x18\
\x1e\x1en6\x9b\x8c\xb1\x89\x89\x09Gw;\x1b=\xa5\
\xd4\xd8\xd8\x18\xe7\xbcV\xab-/-\xae\xac\xac4\x1a\
C\xadVKks\xc7\x1dw\xcc\xce\xce.\xaf\xac\xbc\
\xed\xado\xbd\xe7\x9e\xd7\xfc\xfe\xef\xff\xfeg>\xf3\x99\
\xcf~\xf6?gy\xf6\xc0\x83\x0f\xec\xd8\xb1\xe3\xe0\x0d\
\x07\x11q\xff\xbe\xfd3\x17f~\xfb\xff\xfc\xed\xaf\x7f\
\xfd\xeb\x8c\xb1\x7f\xf7o\xff\xdd\x07~\xf6\x03\x17/^\
\x0c+\x95{\xee\xb9\xe7k\xff\xed\xbf}\xfc\x13\x9f\xf8\
\x95_\xfd\x95w\xbd\xfb'\xef\xfb\xe4\xa7t\x96{\x81\
\xb4\xb9\x92\x91\xf8\xe2\x17\xff\xf2\x87\xefy\xed\x9b\xdfp\
\xef\xfb\x7f\xfe_\xc7i\x07\xea\x95\x8e5\x07\x8f\x1c\xb9\
\xf1\xd0\x91c\x8f=\xecy^\x14Ey\xae\xb4\xd1\xd6\
Z\x86\x08\x04\xd6\xda,\xcfU\xae\x901k\x1c\xac\x05\
@K`4\xe5\xdd^,9\xab`h\x12\xf0Mm\
)M\x83\xba/\xa4g-1\xe0\x1e\x89L%\x08\xdc\
\x03\x86h\x88\x0c\x12\xe3\xcc\x13\x5c\x08\xe9{^ \x84\
'\xa5\xcf9\xe3\x02\x99`\xd2\x13\x9c3\x9f\xfb\x82\x0f\
\x06\xfa,\xdbj`\xdfP\xb1\xf8S\xae\xcb\xddZv\
|\x15%\xc7\x93\x01\xadJ\xb9\x91\xf5x\xba\xbc\xe8m\
s\xaf\xbf\x85\x01\xc4f\x97l\x065\xca\xc7b3f\
\xfbI_\xcb&\x11\x00\xe0\x84H\x18\x86B\x08\x17W\
\x14\xfavT\x8eTp\xeb\xa4\x134\x85\xa9V\x11\xa7\
\xdc\x1d\xa9\xb4\x0b\x1d\xe8\x15l\x22\xe16\x1c\x9f\x0d\xcf\
\x14x\xc8=J\xe7\xd4Vd\xb8]\xdf\xf2\x0b-\xff\
]c\x8e\xeb\x1b\x84\x17\x869\xdcTp\xb3\xa1p\xeb\
*L:\x00\xa0H4\x7f\x1d\xe5\x9a\x80\xa3|~\x8b\
~\xb3\xbe\xfb\x8c\xebL\xa1d\xd9\xf0v\x03w\xd9\xf0\
\xb8!\xe6(\xbe*7\xb85\xe6(\xde@\xba\x9a\xf0\
0\xd6\xa6L[\x12dCR\x04\xa6\x87\xd0\x91\xbc\x8d\
\xa0\xf2\x9c\xe5Y\xa4\xb3ZN\x15\x1b6\xd0\x1b:q\
\xf1\xc2|suz\xb8:\xbdw\xbfZ\xbd\x945\x17\
\xa5\xe5>J\xadu\xc62\x8b\x8cY\xce\xad\x87\x96\x0b\
\xcb\x98\x8b\xdf\x0a\x9aq\x15\x08C\xa6mLV\x91\xd5\
\xfa\xd8\xf0hub\xff\xae\xdd\x17\xe7\xf3\xd9%\xf5\xdc\
\xe5V+\xa3N\xbbK\xc8\x00 \x08\x82 \x08\xdc\x83\
v^\xb2Dt\xf0\xe0\xc1(\x8a\x10Q3b\x92\xd7\
\xa3\xaaD\x96\xc4\xc9\xce\xe9\xe9\x89]\x93\x9c\x93'0\
e\xb6%\xd9\xbe=\xbb\x18\xf1j\xa5ab4Js\
F\x1e\xf7\xc2\xda\x08\x03\xbf\xbd\xda\xb2\x8a\x0b\x0a,h\
`\x08\xd6\x101\x22\x02\x02$\xc6,p\x12D\x1c\xb4\
\xce\xd2\xfc\xf2\xe5\xd9L\x91\x1f\xf8\xdaJN\x92\x09\xb4\
D@\x16\xac\x012\x08`,\x09\xc1\xb5\xd6\x80(8\
O\xe2\xc4\x92EB7\xb6\xce\x8b\x96h\xf0\xc5\x18x\
\x88C\x8d\x06 \x00\x82\xef\xfbJk\x22\x0b\x04\x0cQ\
z\xc2)\x8d\x05q\x9b\x01Y\xb7\xcd2~\x08\xb7\xdd\
vS\xb5\x22\xf2^\xbb\x11\x05q\xaf\xc3\xb8\xef\xda\xbb\
\xc6\xfc\xfe\xbe\x14ml\xae4\x17\xd2\x12\x10\x00g\x1c\
A\xe3f\xa19\x00\x00\x00\x11\x8d1\xb3\xb3\xb3G\x8f\
\x1e\xfd\xa3?\xfa\xa30\x0c[\xadV\x92$Q\x14\x8d\
\x8e\x8e.--\x09!\x8a\xdcI\xe7\xcf\x9f\x1f\x1e\x1e\
\xd6Zs\xc1\x1d\xca\xf7<obb\xe2\x1b\xdf\xf8\xfa\
\xde={\xdf\xff\xfe\x7f533\xf3\xe9O\x7f\xfa\x9f\
\xbd\xfd\xedCCC\xa7N\x9d\x9a\x18\x9fh\xb5Z\x9e\
\xf4\x86\x87\x87=\xdf\xfb\xc8G?\xb20\xbf`\x8d%\
K\x1f\xff\xf8\xc7\xc7\xc7&\xee\xbe\xfb\x07\xdb\xad\xd6\x9d\
/}\xe9\xe1#\x87\xbf\xf4\xa5\xbf|\xe3\x9b\xde\xf8\xc1\
\x0f}\xe8\xeb\x0f|\xf3\xcc\xe93d\xad@\xc83E\
\xd6\xfc\xe9g\xff\xec\x07\xefy\xd5+_\xf7C\xf5\xa1\
J\xa2\xd5\x95\xc5\xa5\xa9\xb0\xb1sz\x17\x17\xc2\xe5\xfa\
\xea\xb4\xdbD`\xad\x15BX\xb2\xc6Z\x95\xe7Zk\
)}p\xde;\x04\x00\x04`\x99`\xbe\x17J!1\
\x0ft\xc6\x02Y\x8f\xeaW\xac\x5cI2\x0bVH\x1e\
\x91\xe1\x1e\xfah\x10-\x08\xe2\x9e\x10\xdc\x93(=\xce\
\x98X\xcb\x84\x22\x98\xe4\x8c\x03\x13\xc0%J\x8fs\x8e\
\x01z\x92}\x07g\x14\x8a\xff\xb2\xf1A\xa1=)\xf4\
#e\x1d\x0a+\x85\x0a\xc5\x92\xab-\xf6\x03\x7f\x158\
\xc3=8\xb7\x80\xac\xdf\x94o\x0d\x1d\xd6\xd7\x87\xabe\
\xf0fg\x8a?\x07Nn\xdd\x88\xd6:\x0cCg\xdc\
]d\xda\x83\xfe\xdbW\xadV\x0b\x0bP\xf7c]n\
\xfaj\xb5\xea<\xb4\xad\xb5N\x13\xe7\x8c*\xdc\xb0\xd8\
Rzz\xda\xdc\xaeb=\xfaY_g\x8bK\xf0j\
j\xdc=J\xd1\x8fB\xe6v)\xdf\x15\xd8\xf1\xff\x97\
\xa2\xacY\x0e\x8a\xbe\x09\xa1{\xea.\xe1d\xa1\xa2s\
t\x93\xbb\x80\xae6\x02-\xca\x86\xbb\xcc\xad\x11F\xf9\
\xbd\xda\xac\xb5\x01\xc1\xcfJ\x16\xda\xd8\xd7\xf9\xb9\x0ec\
\xdf\xbd\xa5 '\x06\xa6\xfe\x00\x9e(\x9f\xbc\xe6\xac\x1a\
\xf8!\x1b\xa2\x93\xe2\xbc\x1d\x88\xcc\xb1V,3\x04V\
YR\xc4,\x91\xb6\x96\x1b\x13\x19\xa35\x91e@\xa2\
\x87\xd6\x92\xc9\x8d1`G\xae,\xcb\x95\xe5p\xa2>\
vp\xe7\xad\xf5\x91\xe5\xb9\x0b\xc7z\xe9r\xad\xca9\
h\xb4\x96\xb4\x05bn\xa1\xcct\x0e`\x0dd\x16\x12\
B-\xb4\xe7\xe7Um\x90Q\xd6\xf0m8\x96O\x8d\
W\xdb\xa9\x7fK\xd3\xbb8\xd79w\xb1=\xb7\xd4k\
\x03(\xcb\xb5\xe5\xcc\x0b\x84\x17i\x83`alro\
\x18T=d\x1dk\x96VV<)8W\xd50\xb8\
\xf5\x96\xdb\xaa\x8d\x89N\x8ei\x92\x9a4\x8d\x00+6\
>\xb2+\xc8\xdb\xcb\xc3\xf5(\xb5\x96\xbc\xd0\x93\xd2X\
\x03\x00\xbd^3\xcdZ\xc8r&\xc8Xf\x0d\xb3\x90\
\xbb\x08gH\x02Qs\x1e\x83Lr]5~\xed\xfc\
\xe5\xb9N\x87W\xa3\x11\xce=\xce}\xe4\x1e0\x06\xe8\
\xd2\xd0\xafm\xd6\x95\xce8\xc7,\xcb\xb9\xe0@\xc4\x18\
\xf7\xfd\xc0Z2.\xc3\xbdu\x81S\x07\xb5ZP\xda\
\x0bj\xad{:u\xdeBH\xa8I3@\xc1\xa4\xcb\
\x86\xe6\xc2vf\x1cM\x0d=\x14\xbe\xca\x85\x81CC\
\xf0\x9a\x17\xdf\xe0\x99e\xeeu2\x14\xe4K@\x9f(\
\xff~`\x8eML3\xa8\x7f\xd4\x88m\x86\xcd\xaee\
\xb9\xef\xa3b\x9eN\x80qQ\xe3,dD\x8c\xa5\x16\
9Y\x18\x88\xd2\xe1\xcc\xf7fff\xde\xfc\xe67\xd7\
\xeb\xf5v\xbb=66\xd6l6\x93$\x19\x1d\x1du\
\xf9\xc1\x93$\xa9\xd5jQ\x14\xd5j5\xdf\xf7U\x96\
V\xfc\xf0\xee\xbb\xefnw\xdaD\xd4i\xb5\xc0\xd2\x1b\
^w\xef\x8d\x07n\xf8\xb5_\xff5\x93\xab\x9f~\xef\
{\x17\xe6\xe7\xe6\xaf\x5c\xa9\xd6j\x92\x0b\xc6\xd8\xd8\xd8\
\xf8#\x0f?\xfa\xf8\x13\xc7\xdf\xf9\xcew\xdev\xfb\xd1\
\xfb\xff\xf6\xfe\x0b3\x17\xff\xc3\xef\xfe\x87\xe9]\xd37\
\x1c<8\xec\xc97\xbd\xe1\x8d\xbf\xf1\x1b\x1f\xfb\xcc\x1f\
\xff\xc9o\xfd\xd6o\xfd\xcc\xff\xf4\xbe\x0f\x7f\xf8\xc3\xff\
\x1f{o\x1am\xd7Q\x9d\x8b\xce9\xabV\xb3\x9b\xd3\
\xebHGG\xbd%\xb9\x91\x1b\x8c\xc1\x06l\xb016\
\x06\x02\xbc\x0b\x98\xdc\x04\xc3\x1b\xb9\x04n 7\x09\xe3\
f\x84\xdc\x8c\xf1H.\xdc\x84\x9b\x10\xfc\x08c\xbc\x91\
\xf7#@HC\x12\x82\x1d\x92\x87\x0d\x84\xd0\xd8&\x10\
\xf7\x06\x1cl\x03\x96e\xcb\x92\xac\xfe4:\xbb[k\
U\xd5\x9c\xefG\xed]Z\xda{\x9f\xa3#\xd9\x0e\xa4\
\xa9!\xed\xb1O\xed\xeaV\xad\xaa\x9a_\xcd\xd6\x14\xb9\
\x08$i\xd4nu\xbev\xc7?<s\xf8\xe0\x9a\xe9\
)AZ\xb3v-A\xcayg\xef\x0f\xff\x99\x84\xeb\
\xf5\x11\x11\xb4\xd6\x87\xd5\xa0\xc2\xd88\x8a\x8b<3\xc6\
*\x15\x11\x11\x88\x80\xb7\x15\x06\x11P\x11h\xc5,\x99\
Xa\x8a\xb1\xc5\x0d\xe74\x82\x8e\x10\x84\x10\x05I\xa3\
\x22T\xe4U1t\xa4#\x15i/7\xf1Z\xa2\x80\
\x18\xc7\x91\xd6\x8a4*EZkRXM*\x84'\
\xad[\x03\xdd\xea\x13\xa0\x94\x19\x18\xd1@4W=\xa0\
v\x1a\xd45\xfa\x8e\xac\x15H\xec\xca0\xa2\x9c\x1f>\
i\x98\x8f,\x18\xa0\xc1+\x7f\x0e\xd6\x95\x9eBFx\
\xd2,\xcb\xbc\xc8\xbb(\x8a\x91\x91\x11\xaf\xbe\xed-\xb1\
\x01\xc0s;<\xe7\xc3\xd3\x17O}\x9csKKK\
~\xc6\xe4T\xb3\x94\xe5\xc6\xbc\xc2PO\xd9R\x03\xc3\
\xee\xfb)\x1c\xe0\xe1{x\xb9^\xcb>(\xb1\x06\x1d\
\x94\xa1\xd5\xfb^SH\xa7-04\xe7,\xd2\xf3\x04\
\x8f\xfa\xc6\x7f\xda\xc1\xaf\x5c\xa0\xbb\xd6\x03#\x8bKn\
\xbe\x82\xaap\x1fq\x1d:\xcbC\xd3\xeaK\xae\x90\xfa\
Z\xe8\xfb3(.\x89\x88\xe7y\x04F\x5c B\x83\
\xb5BS+\x0c\xaf\xef\xd7\x12#cY\xb6G_I\
(\xa1\x10\x10 \x06`\x16q\x00\x8e\xc1\x09\x92\x93\xd8\
29q\x82,T\x88\xe4\x80\x05\x030\xa6\x82q^\
\xd4[GO\xec?xl\xe7\x86x\xc7\x8e\x97w\x16\
\x9fj.\xeesvQ+T\xb1\x12\xebr\xd3\x90\x02\
t\xa4\x11Y!D\x101\x12a\x8c\xa4\x15:\x14C\
\x92\x114\x15\x9fP\xd5\xb4^Ig\xa7k\xe7n\xde\
\xb8\xd0\xb0\xdf\xfd\xe1\xe1\x85\x86\x99;Q\xb4\x8d5\x92\
\xc6I\x95Y\x1d>\xb4\x7f\xb4\xa2j\xa9^?3\x9d\
\x13=s\xec\x98\xb1MtE'\xef\xd4\x89\xb2\xdc\xce\
/47\xad\x1d\x1d\x85\x04g\xf4\xb6\x8d\xa3E{\xbe\
\x896\xadTY\xa0c\x0ak\x8a<k9\x93!Z\
\xd2\x0c\xe0\x90#\x14\x04\x12\xe7W\x8d(\x8d\x0e\xc99\
(,\xa5\x8d\x9c\xf7>\xb3xb)\xcb\xf3\xc2\x98%\
\xe7\xe1\x19\x00\x92\x12\x7f@\x00\x02`\x9cD\xe1\x0eY\
\xaf\xd7\x01\x0cw\xad\xf6\xa3$9\xc9\xd0\x86\xd2]\x93\
K>\x95\xfd\x9fT\x892\x93\x13BD\x1a\x98\x15\x92\
5\x0e<\xe6\x00\x04@\xab(\xd3\x98\x16\xaefZ\xb0\
\xd0\xbc\xf1\xd5/\xdb2]W<Gd-\x83\x90\x12\
\xe9\x16}\x96\xe9\xb4\xdbA\x00\x86\xda\xc7\x88t\xe1\x08\
#\xb4\x85\xf3\x02\xc8i\x85\x0c`-\xa8\x5ct*\x8a\
\xd8\x22\x88\xa0\x1a\xac\xeeI\xdd\x81\x03\x07\x10qll\
\xcc\x1f\xee\xe3\xe3\xe3\x07\x0f\x1e\x5c\x5c\x5c\x9c\x9a\x9a\x9a\
\x9f\x9f\xd7ZOOOw:\x9dz\xbd\xde\xe9t*\
i\x05\x84\x9f\xd8\xbd\xfb\x92\x17\x5cr\xf9\x8b/\xff\xc4\
'?Q\xabT\xdf\xf5\xaew\xddw\xdf}\x9f\xfb\xeb\
\xcf\xfd\x97\xff\xf2sZ\xe9\xef>\xf4\xd0\xb1\xb9\xb9\xbd\
O\xef\xbb\xe2\x8a+\xea#\xa3\xd5Z\xed\xd3\x9f\xfe\x93\
\xe3\xc7\xe7\xbf\xf6\xb5o\xbc\xfd\xedo\xb7\x96\xbf\xfc\xa5\
/\x1d9z\xf4\x96[o}\xff\xfb\xdf\xaf\x94\xba\xe6\
\x9akn\xbd\xf5\xd6\xbb\xee\xb8\xf3\xdb\xdf\xfa\xd6\xb5W\
_\xf3\xc2K^p\xdf\xfd\xf7\x03@\x96\xe5*R\x80\
\xf0\xc5/\x7f\xe9W~\xe5W\x92\xb4\xf2\xd7\x7f\xf5\xb9\
\xd9\x0d\xb3\x22\xf2\xc0\xbd\xdf\xae\xd7\xaaQ\x14;\xe7\xfc\
\xe4\x89\x08!y\xe3F\xcf\xe2\xf2{L\xc2\x0c{h\
\x86\x0a<\xd3\x11\x9dhf\x87\x0a\x94RJ\xa0k6\
\xe2\xe3\x9e\x04\x17^Tr\xb6\xa1O\xf5\xbe\x158\x10\
j\xc0\x08\x05K>C\x03c\xa3\x8c6\xf4\x80#\xaf\
A\x142\x94(\x0e\xcdY}\x81>\x94\xb0B\x95\xc1\
\xcf3j\x04\x11\xbd%\x14\x22z_\xa2e\x8f\xa2^\
`W\x14\x85\x94x\x15Zk\xef\xe3\xcb{\xa8\xeb\x06\
b\xec\x99\x05,\x873\xfa\x060t$\x83+\x7f5\
dx\x85\x8a\x9e\x9ax{\x96p\x09?\xa3\xc6\xff#\
\xf5%\x0d\x00A\xa3Gzn\xe7\x83\xa8be\xaa\xfc\
/\x9f\x06\x01\x84\x1f\xad\x87\xc9!\xdc\x06\xf6\xee\x0a\x83\
\xdc\x88\xc1'\xea\xc3\x07}\x05\x82rF\xb9\xb0\xac\xe8\
\xf2\xbc/\x7fh\x8e\x0c\xb8\xf1\x10\x11\x01\xb1\xc4\x86\x84\
\x85\x98D\x14\xc6\xba\xea`\xf4\xd1\xbdG\x0f\x1f\xe3\xad\
\xb3\xb3S3\x1b\xc0\xee^\x9a?\xd0n7\xaa\x09E\
1\x8a\xb5l\x99 N I`\x84E\x19\xec\xd8\xa4\
\x8d\xc2(\xacEH \x06\xb1\xec\xac\x14\x15\x1d\x8f\xc4\
\xb8n\x9c\xb6\xcc\x9e?\xb7\x98\x1d:zb\xff\x91\xa5\
\x83\xc7Z\x8b\xcdv\xa3\x80N\x01\x87\x8f\xb8\xad[\xb7\
U&\xeb\x9b\xaa\xe39\xa7\xf3G\x9f\x8e\x93\x11A\xfd\
\xf4\x81\x03\xdf\xff\xc1Sq\xa47L\x9f\xaf+\xee\xc2\
K\xcf\xc5\x98\xb9c[\xcd%\xa5HG1\x88+L\
\xden\xb7\x08\x5c\xac\x81\x90\xc4Z`\xf6\xaf\x01\x01D\
\x18\x05X\x04IY#\x82j\xfeDc\xdf3\xcf8\
p\xa2\x84\x10\x095\x88\xb0\x8f;.,\xe0\xe7\x03\xb2\
\xacpN\xfc\x12\xf5z<>\xbcd`&\xc1\x00\xb7\
\xb9\xef\xd0\xd4Z\x8f\x8dO4\x96\x1aE\x91iM \
\xe2\xa5\xcf\x9e\xbe{\x02\xef0*$\x8am{\x0c\xdc\
\xae\x8d\xf0\xc2\x17lMcG \xc8Q\xd7+,\xfc\
\xd8\xfcs\x0c\xa6</\x8c\x01\x8f\x96X\xc0\x09;\xe7\
X9 \xa6\xae\x91l\x7f\xf2\xbc\xcc#G\x8edY\
\xb6k\xd7\xaeg\x9eyfnnn\xdd\xbau\x93\x93\
\x93\xcc<55u\xe8\xd0\xa1z\xbd.\x22\xf3\xf3\xf3\
\xa3\xa3\xa3\x8b\x8b\x8b3k\xa7\x97\x16\x1b\xeb7\xccn\
\xd8\xb8\xe9\xc1\xef|gaq\xf1w\x7f\xf7\xf7FF\
G>\xfd'\x9f\xde\xb2u\xeb\xff\xf1\x9f\xfe\xd3\x17n\
\xfb\xc2\x9e'\x1e\xdf\xbf\xff\xc0\xb7\xef\xbe{\xf3\xe6\xcd\
Wl\xd9z\xe8\xe0\xa1G\x1f{\xb4^\xab=\xf9\xe4\
\x93\xdf\xfc\xe67/\xbc\xf0\xc2z\xbdv\xf4\xe8\xd1[\
o\xbd\xe5\xc2\x0b/|\xd3\x9b\xde\xb4vz\xfa\xad7\
\xbe\xf5\xa3\x1f\xfd\xe8\x1f|\xecc\x7f\xf5\xd9\xcf\xbe\xe9\
Mo\xba\xef\xbe\xfb\x91\xc0\x18\xab\x14*\xa5\xbf\xfc\xa5\
/\xbf\xef}\xef\x9b;~\xfc\xe0\xc1g>\xfc\xe1\x0f\
\xfb\xd7=\xbba#\x11\xe5y\xee\x19\xb1\xfe\xf4\xf7\x16\
\x95\x01e\xf6\x11\x9e\xc1\xb5\x11\xf0D\xc0\x16!\xd6\x9a\
\xcf\xf7\xc5\xb4\xd6\xde\xe9g\x19F\x84\xef\xe1n\x16\xc0\
nY\xb1#0-\xca\xaa\x1ee\xcc\x11\x90M\x00+\
\xe1\x98\x85a\xe4\x7fh\xe6\x0a\x9f\x83uW\xae2\xb4\
\x8b3j\xc4\x8f<\x8e\xe3\xf0v\xfc\xec\xf9`\xf4\xb5\
Z\xcd\xbf8\xaf-\xe4\xf9\xd0\xe1\xb8\xf6\xf1\x16|\xa6\
1\x86\x99+\x95\x0a\xf6l\x89\xc3!\xbc\xc2\x84,\x97\
\xd3\x97V(pZ\xd0\xe0\xa5<=\x80+e\x8c\xd8\
7\xc23j\xf6y\xaa\xf2<5\xd2\x97s\x16\xfd\x96\
SW\xf9\xce\x9f\xe9\xc1[C\xe0p\xfc\x04\xa6>\x0c\
\x11\xbc\x84\xf9L\xaf[\x8a%\xe5\xa3\x00\xa7\xfa\xea\xf6\
\x01\x02(\x9dS!'\xb0I\x06\xab\x84\x1c.\xf9!\
\x1d\x0a&\x06\x84,\xcb&'\xc2\xe0MK\xbd\x82\x06\
4ZE\xaaj\xa3\xe3;\x0e\x9d\x98{\xfa{\x8b\xeb\
\xa6\xaa\x17\xef\xd8>\xb5\xf9\x1c\x93\xcd\x1f>\xf0\x98t\
\xe6\xc7\xaa\x04l\xd0\xb2\x02T\x10\xb1%\x8e\xd0E\x0a\
\x18\xb5(`@Aq@\xcc\xcae\x11\x98\x0aQ=\
\xa6\x96\xc9'\xd7&;\xd7\x8d\xb5w\x8e\x1f_2G\
\x16\xb2\xa7\x0f7\x9e9\xde<8w\xe8\xf0a3\xb3\
qs\xbd\xbeafz\x9a;\x0bi\x12ON\x8c\x1d\
8tLA\x16\x13\xb5\x1a\xcf\x1c>\xf1\xcc\xcb.\xb9\
t\xa9qt\xcbh\xd5\x9aba\xfe\xf8\xd8\xe4d\xad\
V\x111\xc2\xa9\xc9;\x22V@|\x00TBA\xb0\
 \x0a\x01\x05\xd09\x86H1*\x06u|~\xee\xf8\
\xe2\x09\xd1U@\x12'\xc0\xe2\xc4+\xdb\x82\x08\xb0\x80\
\x08\xa0@\x92(\xe6.\xda\xf0w&?\xf9e`Q\
\x9e\x7f(1<|~\x9a\xa6\x15J\x8ct\xd8\x228\
q\xe2\x1c[D\x11<\xe9q\x03QRP\xda\xb9\x89\
1\xf8\x99\x1b\xaf\x5c\xbf\x8e\x22\xd5!\x07$\xb1g<\
0\x1a\xfcI\x81\x1c\x98eEn@\xc0\x1bj\x880\
`\x17\xa7\x01\xb0 \x0d\xd9\xff\xd237\xdb\xb3g\xcf\
\x8b_\xfc\xe2\x7f\xf8\x87\x7f \xa2c\xc7\x8e%I\xb2\
\xb8\xb8\xb8v\xed\xda\xd9\xd9\xd98\x8e\x8f\x1f?N=\
?\xd3q\x9c4\x9b\xcd\xfb\xef\xbf\xff\xfa\xeb_}\xdb\
m_x\xf1\x8b/\x7f\xf5\xab_\xbd\x7f\xff\xfe\x8d\x1b\
7\xbe\xe5\xc6\x1b\x95\xd2\x1f\xf9\xc8G\xae\xb9\xfa\xe5\xf7\
\xdc{\x8fV\xaa\xd5jMOO\x7f\xe5+\xff07\
7\xdfjw\x88\xe8\xde{\xef\xdd\xbd{\xf7\xbe}\xfb\
\xab\x95taa\xf17~\xe37v\xed\xda\xb5q\xe3\
\xc6\xd7\xbc\xf65w\xdc\xf1\x8d\xaf\x7f\xe3\x1b\xb7\xdfv\
\xfb\xeb_\xffS\x7f\xfe\xe7\x7f\xfe\xf8\xe3\x8f'\xa9F\
@\xefy\xfd\x07?\xf8\xc1\xba\xb5\xeb.\xbe\xf8\x92\xc9\
\xc9\xc9F\xa3\x11\xc7qZI\xad\xed\xfaA\x0e\xbb\xcf\
\xdb\xf0\xf7iq\x85\xf7^\x16\xbf\x06\xaeC`ix\
\xba\x18\x14/\x82\xb6\x01\xf6\xcc\xe2</=Xa\x84\
\x15U\xd6\x18\xed\x13\x94\x94\xedZ\xa9d\x0d\x1b\xb8\x1a\
e\x103\x88\x90V\xa6\xac\x83b\x91\xe50A\xc8\x19\
lj\xb0\xca\xe0\xbc\x0d\xc5\x1f+7\xe2\xf7]\xb5Z\
5\xc6\xb4Z\xadj\xb5\xaa\xb5N\xd3\xb4\xddn\x07\xa9\
}x@\x8fK\x9cs>Lq\xbb\xdd\xae\xd5j\x1e\
jdY\x86=\x87\x19\x14\xac\xd5V\xcd\xa4Y.\xad\
\xa6\xcc\x0a\xa9\x0c7=\x89L\xd34\xcc\xb0\xfc$]\
\xc8\x9f\xa7t\xd6S\xb7\x5c:\xa9\x00\xe1\x91\xa6\xdf!\
\xb0\xbcj\xe7\x8f7\xc90\xa6E\xc8\xf4P)\xb8\x9a\
(\xcbY\xfa\xaa\x0c\xb6\xd9\x87?`E+\x95\xbe\xae\
WF\x12\xe5\x8e\x96k\xa4\x9b#\x88\xa2\x90\x05\x80\x05\
\x84\x91\xd3\xd1\x11\x97\x9b\xc3K\x1d\xc5cQub\xef\
\xf1\xa5c\x0b\xc7\xa7\xc6d\xcb\xc65\xb3[\xaeq\xd9\
\x81\xf6\xc2\xde4\xcd\xb8\xd3f6\x0a\xdbD\xa8\x10\x14\
(\x00M@(HB\x80\xa8\xd09r\x02 (\x0e\
\x1cE9s\x1bDW\xe3xd\x22\x9e\x1d\xab\x9e\xb7\
i\xea\x99\x85l\xae#\xc7\x9bV\x227R\x97\xb1h\
|\x22Y7w\xfc\xb0\x14\x0b\xeb\xc6\xa3#\x15;R\
\x8b\xb6\xcf\xd6g\xc6\xb6\x9e\xbfc\xd3H\x1dk\x95(\
G\xd7ht\xda\xcd\x13ILi\xaa\x11\xd2\x86\xe98\
\xc3\x84(\x02 \xec\x81\x83\xe7p\x80\x08\x0b\x82\xa0\xa0\
ng\xe6\xe0\xd1\xe3\xb9\x95\x02\xc1{\xbbE\x02\x04\xa0\
\x085\x00\x08\x888\x11\x80\xa00\xc8\x9c$\x09\xf6\xec\
\xd9\xa4\x87\xe4\x06\xb7=\xf6\x04\xcc\xd8s\xa4\xab\xb5\xce\
;m6F!\x01\x11\x08\x22\xa9\xdcde\x11\x86b\
&hMV\xe1\xe5/\x1e\xbf\xe2\x85\xb3\xc4\xc7\x10\x80\
\x04\x90cDfp\x88\x16P\x0d\x17{\xfc\x8b\xa7,\
\xb7\xd6B)\xc4)#\x02aW9E<\xf4:\xf5\
\xa4\xf0*\xa2\x95J\xe5\x9b\xdf\xfc\xe6;\xde\xf1\x8ez\
\xbd>??\xef\xf7\xbbRj\xdf\xbe}\x13\x13\x13\x22\
\xd2l6\xd34m6\x9bJ\xa9'\xf6\xec\xa9W+\
\xd7^w\xdd\xb7\xff\xe9\xdb\xc7\x8e\x1f\x7f\xdbM7\xa5\
\x95\xf47\x7f\xeb\xb7\xae\xba\xea\xaaK.\xb9\xe4\x93\x9f\
\xfcd'\xcb\xee\xbb\xf7^f\xc9\xf2\xf6\xe6M\x9b'\
''\xef\xb9\xe7\x9e,\xeb\xa8^\x10\xb2}\xfb\xf6E\
Z\x93\x22O\x90\xfe\xf0\x0f\xff\xf0\xc3\x1f\xfep\xbdV\
\xbf\xe6\x9aW\xfe\xe8G\x8f\x7f\xf6\xb3\x9f\xbd\xfa\xeaW\
\xbc\xf3\x9d\xef\xfc\xad\xdf\xfaM\x10\xd0\xb1>\xf7\xdcs\
w\xec\xd8\xd1j\xb6\x9a\xb5\xe6\xc8\xc8\xc8\xc6M\x1b\x1f\
|\xe0\xc1\xd9\xd9Yf\xf6\x08\xc3\x1f\x7fJ\xa9\xe0\xa1\
',\x80\xb2\x95\x01\x9dj\x03Rv\xa7Q\x8e\x8a\x12\
\xc0AYt\x02%\xa4\x12\x98\x19\xe1V\xe3]\xb5\x0e\
U\xce\x08\x0d\x0e\x0ae\xcaW\xa0A\xac\x0c\xcf\x8e\xb7\
\x01+\x82\x83\x95?\x87V9\xa3F\xb0t\xaf\xf3\xfc\
\x80\x10\x83\x1ezX\xca\x07\xa6\xa7^L5\xcf\x0b\xa9\
T*\xadV\xcb\xbfV\x11\xe9\x86\xd1\xb1V\x95\xac\x01\
\x86N\xcbr\x13\xb5BZ\xa1\xd8i\xebJ\xcf\x0a\x09\
\x11=\xea\xf5\xca\x8eP\x8a\x82>\xd8\xc8*\x87\xf4\x9c\
Wy>\x1ayN\xfa-\xa7\xae\xddJ\xeff\x13\xfb\
m\x5c\xb6\x11}\xcea\xce\xb3Oep\x10\x96\xb2\xff\
I\xf5,k\xbc\x85j\xb8R\xf4\xe1\x89>\x84\xb1\x02\
J\xe8+\xbc\x1a\x9c\xb1\x5c\xb3\xcb\x15\x0e%\x91II\
\xc4ND\x84\xd9\x22\xd8v\xbb\x13\xe94\xa9\x8e\x15\x1d\
\xd7.\x84u\xbcP\xa4\xcd\xf9\xec\xc0\xdc\x89\x89z\xbe\
k\xe7\xec\xb9;\xb6\xcf\x1f|\xc4\xba\xc3bO\x10\xe5\
H\x05b\x12q\x0d\x98\x90\x15\x89B\xd6\xd62\x89 \
\x8a 08\x91\x22\xc2\x5c\xd0)d\x02\xae\x90-l\
1\x1aAe\x8d\xde\x12\x8d\xd6\xd7n\xce \x02\xaee\
\x1dn\xb5\xd3\xf9\x855q\x9c\x1a\x0b\x9b&T%\xc2\
\x9d[\xa7\xb7\xceV\xd6\x8dV&\xeaH\xe0\x00l\xb5\
\x12e\x9d\xc6\xd2\x097:6\x0ab\xbdR\xa7 2\
\x00\x02\x22\x88g\x0f\x08\x00\x00\x0a\x90\x00\x01\xa9VV\
\x1c=\xbe`\x19\xa3\xa4\xc2\xcc\x02\x82\x02\xceYf\xeb\
\xd1JO\x18/ \x98Vk\x9dN\xc7\x8b~\xbb\x0e\
6z\x07\x81\xf4\xd8Qp\xeaB\x0dW%\xe7\x5c\x9a\
\xa6E\xa3%\xe8T\xa4\x1c\x12[\x11D\x15W{\xba\
\x13\x82 )\xdbqv;7\xc2[_\xff\xb2z\xd2\
\xa8\xa9L\x19 IP\xb4\x00#2v\x03\xbc\xfd$\
\xec\x054F\xbc\xbe\x0a\x00\xf9\xa7P\x0a\x89\x90\x10\xc1\
{\x22\x95\xfe\x91*\xa5\xda\xedv\x1c\xc7\x8f<\xf2\xc8\
\xec\xec\xec\xb6m\xdb\x16\x16\x16*\x95\xca\xfc\xfc\xbc\x8f\
-\x0c\x00KKK\x1e\xcf\xf9\xed\x03\x00H\xb4q\xe3\
\xc6\xcf\x7f\xfe\xf3\xeb\xd6\xcf\xec<\xef\xdc\xbf\xfd\xbb\xbf\
\xdb\xfb\xf4\xdew\xfc\x9f\xefh\xb6[\xb7~\xfeo\x92\
$Yj4\x1c\xf3\xec\xfa\xf5\x17_r\xf1\xde\xbd{\
\xa7\xa6\xa6j\xd5\x9au\x0c\x88>\x8e\x8fV*\xcfr\
/)\xfb\xd6\xb7\xbe\xf5\xado\x7f\xeb\xdaW^\xfb\x9a\
\xd7\xdcp\xdbm_x\xfa\xe9\xa7\xff\xf1\x1f\xbfu\xc3\
kn\xf8\xb3?\xfb3\xef\xea\xf4\xe5/\x7f\xf9\xcc\xcc\
\xcc\xf6\xed\xdb\xad\xb5Z\xe9M\x9b6=\xf5\xe4SZ\
\xebF\xb3\xe5\x85IA\xaf0\xc8\xd7\xa1\xa7,\xdc\xa7\
i\x11\xa8\xbe\x8f\x84R\x16\x7f\x04L\x10\xf4-\x02\xe6\
\xf0G_y\x0b\x97\x9b\xf2\xe43(m\x0cr5\xca\
\x9a\x1f\xa1\xaf2\x05\x0dgQ\xdf\xa1\x1a\xce\x8125\
}\x9ep\xc6\xca\x84\xfc,\x1a\xf1\xcf\xe8]\xd9\xa6i\
\x1a\xdeH\xadV\xf3n\xa3+\x95\x8a\xf4\x5cnx\xc6\
\x8fw:\xe75\x97\x01\xa0\xd1h\xd4\xebu\xa5\x947\
\x94\x05o\x887\xcc+\xc9\xca\x83\x97S\xaf\x1f\xa7\xec\
\x99\xb3\xa5b\xe5S\xda\xbf\xd3N\xa7#=\x15\xd7g\
\xd3\xf2\xbf\xdb\xa4E\xc4k\x11\xeb^X\xe1@\xbf\xc3\
l\x0e\xbe\xcb\xd3\xe6\xac\xf0\xfa\xfb\xca\x94_j\xdf\xfb\
+C\x9f\x95?\xcb_\x82\xc4\xd4\x87\x85\x0b\xbez\x96\
\x83\x14+\x0c,\x0coh\x8f}i\x10\xfb\x0f\xb60\
x\xd6\xf8\xd4\xb5\xfcdE\xa6\xcb\x82\x14\x16\x00&-\
\x8e3g\x0b@\x02B\x880\x878c\x02GK\x8b\
\xcdg\xee\x9d\xbb\xf7\xa1\xd6\xb5/\xbbh\xed\xc6\x9d\x9d\
\x13{\x9a\x8d\xa7\x95jiF\xb290\x82(\xc4H\
i\x04\x85\x0c\xe4\x00-\x88e`\x88A\xeaJ\x98\x98\
\x91%r\xa0\x95\x14\xb69\x15\xd7&\xd7\x8f`\xeaZ\
\xd68iS]\x8bR\x85Yc\x0c\xc4\xba\xaa/X\
\xaf\x9c\x9d\xac'\xb33\xb5\x91\x1a(h\xdbV\xa3\xb5\
\xb4(\x04i\xaa\xb3\xac\xd1\xc9\x1b\x88\x04\xc8J+\x14\
DPH\xe8\xb1\x010\x82\x90\x08*\x1dul\xc7\x01\
7[\xb9s\x1cE\xc9hu\xdc\xcb\x02\xb4R\xa4(\
(\x7f\x84\x99\xb1\xb6kR\xe1\x09\xcc\xd8\xd8\xd8\xa0\xb0\
,\xe4\x84I\xf6\xa1\x13\x9cs\x95J\xa5(\x0aQ\x8e\
#v\x22\x80H*2\x8e\x11\xb5&E\x22\xc0L\xc2\
Ul\xbe`\xfb\xd8;nz\xc5\x96uqM\xcfk\
\xce\x14F\x84\x00\x08\x80(H\x80\x84\xab\xc0\x1c\xa7]\
\xf6}\x05\xfc\x8a9]\x15/\x19!\x00t\x8e\xa3(\
\xca\x8a,7\xd01\xc6\xa5\x8a\x0b\xa3cm\xadK\x95\
\x10\xa0\xb3\x86\x08\x04\xba*\x0e\xe1,\xf6\xdeE\xb5\xd6\
\x0b\x0b\x0b\xfb\xf7\xef\xbf\xe9\xa6\x9b\xf6\xec\xd9\xe3\xc5U\
\x22\xe2\x85V\x9b6m:r\xe4\xc8\xd1\xa3Gk\xb5\
ZQ\x14\xec\xdc\x15W\x5c~\xe0\x99\x03\xedv{\xfd\
\xec\xfa\xfb\xef\xbb\xef\xbf\xfe\xc2/\x5c\xf5\xf2\xab*i\
\xe5\xe6\x9bo>|\xe8\xf0\xf8\xf8\x18\x00t:\xd9\xd5\
W_=>>~\xd77\xff\x11\x097o\xde\xfc\xc8\
c\x8f)\xa5K\x88\xb0\xab\xfb\xd9l6\x7f\xff#\xbf\
\xff\xa2\xcb^\xb4~\xfd\xcc/\xfc\xc2{~\xef#\xbf\
\xf7\xb9\xcf\xfd\xf5\xab_\xfd\xeak\xae\xb9\xfa\x8f\xff\xf8\
\x8f_\xff\xfa\xd7\xff\xd2/\xfdR\xa7\xd3\x99\x99\x99!\
\xa2\xef|\xe7;G\x0e\x1f\x99\x9e\x9en6\x1b\x9eH\
\x07b\xcar_\x00\x00 \x00IDAT\xf5v\x00\
\xf0|\xf8\xb2^E`0\x04=\xcd\xb2jE\xe07\
\x0c\xd5\xe5,s8t\xc9\x84\xa4\x0f\x9dx\xcc\xa1K\
\xa1bC\xea\xd3<-s5\xba\xd7\x89\xd2\x17\x18\x10\
\xa6\xac\x12^\xf4Q\xfa\xd3V\xec\xfb\xb2\x9a^\xce\xa2\
\x11\xff:\xaa\xd5j\xb5Z\xf5\xb7\x02\xea9N\xf5\x13\
%\x22\xde\xbb\xb17c\xf1\xe8\xad\xd5jA\xcfE)\
37\x9bM_\x1e{\xfa\x1c}=\x96G2H\xe6\
\x87\x9e\xae\x83\xc5\xce\x02\x1f\x0cV\xf1&\xbe^\xbdC\
\xf7,%\x03O}\xe8\x09\xb0\x9a\x91\xf4\x9f\x0c\xcf\x05\
\x94YM\xbf\xcf\xc9,\x0d\x0e\xbe\xaf\x11*\xb9\xdb\xd0\
Y\x96\x85Mr\xa6==\x1fi5`e\xe5*\xe1\
\x12\xec\x17\xae\xa7\xfde\x86\xc7j\x9et\x10\x0f\xad\x0c\
8V3x,\x056\xc4\x81\x88\x85\xd0e\x0ch\x11\
VB\x0c\x08\x22\x22\x8c\xd2\x0d/&\x84\x02\xe2\xa26\
\x8b\x88\x11\x94\xc4\xf2\x94\xc9\xab\xb7\xdf\xb1o\xcd\xa89\
\xff\x9c\xb5\xdb\xb7\x9c\xe3\xccB\xfb\xf8\xeeX\xe6\x95&\
\x04`)\xac\xcbt\x92 \x92B\x85Db]^X\
\x94\x8a0\xb38\x02A\x12d\xa8\xa6\xf1\xc4\x9a)\x8c\
\xcc\xdc\xc2\xd3y^0\x18\x06\x17UG\xea\xa3S\x18\
\xa5Y\xb3\x91\xb0\x9e\x1e\x19\x9d\x99\xac\xd7\xb4uY\xa7\
c\x1a\xb6\xbd\x84`\xb5\xd6\x82\x0e\xd1S}f\x16\x12\
r\x82]\x17\x1b\x22V\xc0vu5I\xd8\x9a\xc2F\
\xb5D\x91+\x0a\x13\x91Z\x9c\x9f\xf7\xbe\xcf\x05\x10\x11\
D\x10\x10\x10\xc9;^BR\x08V)r\xce\x8d\x8c\
\x8c b\xa0:}Gd\xf90\xf2\xcaI^}\xc1\
\x13\x03g\xdb\x96\xadc \x15#i\x11`k\x15\x88\
\x149\xda\xa2\x96\xa6[\xa7jo|\xf9\x96\x0b\xce\x19\
\xafGM\xc9\x0a\xd2\xa8\x80\x10X\xd0u9!\xa0\xce\
\x82\xc9q\x16;\xfc$W\xe8d\x01\x0f;\xba\xbf\x0b\
`\xb3\xd9v\x0ePi\x01\xb4\xc6\xe4\x99\x8b\x93\xdc\xa8\
\xb8\xe7CJ\x09\x00K\xbf\xa7`\x8f<j\xb5\xdac\
\x8f=v\xf5\xd5W_~\xf9\xe5_\xf9\xcaWFG\
G}\xb0\xb7N\xa7\xb3{\xf7\xee5k\xd6\xcc\xcc\xcc\
\xcc\xcd\xcd\xb5Z\xad\x99\xf53W\xbe\xfc\xe5\x7f\xfa\xa7\
\x7f\x1a\xc5QQ\x98-[\xb7U*\xd5\xc5\xc5\x85\xbd\
{\xf7\xfe\xf5\xe7>76>\xd6\xc9:Jxll\
\xf4\x0dox\xe3\xf1c\xc7\xee\xf8\xc6\x1dw\xdf{\xcf\
\xe1C\x87\xfdD\xf9}\xe7\xacE\x80(\xd6\xcc\x9c\xe7\
\xc5\xe1\xc3\x87>\xfd'\x9f\xfe\xa5\xff\xf6K\xaf|\xe5\
+\xbf\xfb\xdd\xef\xde\xfe\xc5\xdb\xef\xbc\xf3\xce\xd7\xbd\xee\
\xa7\xbe\xf1\x8d;\xde\xf3\x9e\xf7l\xd9\xb2\x05\x11o\xbf\
\xfd\xf6K.\xb9\xc49;??_\x14E\xbb\xdd)\
{#\xb4\xd6\xfa\xdb\xb0\x7f\xe9\x01@\x94\xc9\x7f\x1f\x1a\
\xe8S\xc2(\xe7`)A\x8f\xab\x11\x1a\x91^0\x8e\
\x10J\xbe\xafzYEC\x95\x94<|SAH}\
ZB^\xfe2tI\x0f\xe6\xac\xe6\xd7\xa1\x85W\x83\
<\xfa\x96\xe5\xcaU\x98\xd9\xbb\xcf\xf7j\xa1\x1eC \
\xa2w\xa8\x8f\x88\x9e\xc4\xf8W\xe6U\x22|1\x0f\xe0\
\x06{Y\x0eX,\x97\xff/\x9c\xbcD\xd2K\x91B\
\xb4[\xf1!\x14~\x02\x86\xf7\x93\x99\xc2\xe4Xk5\
\x00\x04=\xea\xb3\xa0\xf7\xcfmZ\x0d;\xe1\xb4U\x02\
-W=\xa7ae\xcf\xbb\xd4s\xaf\xdbW}9\xae\
\x06\x9c\x8a<V\xa8\xd2\xd7&,s:\x84T\x06\x83\
\xe1\xbb\xa0\x88\x08\xfa\xcb\xb5\x90\x02\x02p\x02\xacP\x04\
X\x88\x155\x80\x91Y\xb3\xd3L\x89qQ\xc7D\xb6\
Q\xec\xfd\xf6\xc1\xd1\xef\xba\x97^q\xd1K.\xda\xee\
\x96\x1e\xdb\xf3\xc4\x0f\xd9u\xc6FR\x90\x22wma\
QQ\x9c\xa6\xb5\x8aJ\x9d\xa3V\x03\xc5\x89 32\
;\x16\x94\xb4R\xa9\x8f\xd5\x96\x1aK\xcd\xc5g\x0ac\
\x14Y'\x96m=\x8d\xb1R\x19\xcfM\xb3\xb5\xd8\x5c\
\x17\xcf\xea\xc2\xe5\xd6f.3.Sb\xb4&B\xb1\
b\x89X\x00\xd8\x01\x00x\x06\x0d\x0b\x10i@\x0d\xe0\
D\xd0\x0a\x88eE\x02\x80\xd6X\x85T\x89c\x05\xc5\
\xe4H\xd2l\xb9\xbc\x90\xc2Zg\x1d 2\xa3\x15\xc8\
\x8b\xee\xc4\x10\xb1R\x08\x00\xde\x83Y\xbb\xdd\xf6r\xc0\
\xc1)\x0d\xf3\xec_\xb1\xbf\xc1{\xf7\xdeY\xb6\xc4\xe2\
\x1cw\x899\x0a\x90\x83\x91\x044\xc3X\x05.\xb9\xe0\
\x9ck\xaf8\xe7%\xbbj\xf5\xa8\x19\x89I\x93\xba\x98\
\x8cY\x14\xb2\x90a \x06\x14\xd0\xe2\xb1\xc7s\x9a\x86\
\x9dO\xfdW%D\x82\x93\xee9\x10\x11\xf3\xc2\x91\x86\
\x88\x12\xd6\x04Z\x03\xb2s\x96\xd9\x09\x03z\x11\xd0\xb0\
DD^>u\xf7\xddw\xbf\xf9\xcdo\xbe\xe8\xa2\x8b\
\x1ex\xe0\x01\x1f=<I\x12\xaf\xf0a\xadm4\x1a\
^\xac~\xed\xab\xae\xfd\xea\xd7\xbeZ\x14\x85c\x9e\x9b\
\x9f{\xe5\xb5\xaf\xfc\xde\xc3\xdf\xdb\xb9s\xe7\x1f}\xe2\
\x13s\x0bs\x97\xbe\xe0\xd2'v?^\xadV\xae\xbe\
\xfa\xea\x0b.8\xff\x83\x1f\xfa\xd0m\xb7\xdf\x96eE\
\x14Gi\x14{\xa2BD\x0a\xb1\xe7\xf4\x9f\x91@\xeb\
\xe8\x0b\xff\xdf\x17nx\xf5\x0d\xbbv\xedz\xc3\x1b\xde\
\xf0\xd4\xde\xa7n\xb9\xe5\x96\x9bo\xbe\xf9\x97\x7f\xf9\x97\
/\xba\xe8B\x01\x01\x91\x87\x1f\xfe\xde\xc4\xc4\xf8\xbd\xf7\
\xde\xd7\xe9t\xe6\xe6\xe6|$\x0e\xec]\x8a\xbc\x1eO\
\x1c\xc7\xd8cZ\x94A\x86>5\x9ak\x19\x16\x04\xbd\
\x8a\xa0\xa8\xd1\x07^\xcb\x80\xc3\xb3I\xc2\x89\x11\xc7q\
\x92$^\x10\x10\x14N}S^\xcd(\xa4\xc0\xdb\x80\
\x81\xcb\xf7\xeaiyyT}%W@*\xcb\xe1\x8c\
\x95K\x0e\x16\x1e:\xce\x15\x1aaf\xaf7\xda\xe9t\
\xbc\xcbQ\x0f\xfa=I\xf6B=,9O\xf2\xec\x01\
\x0f8\xa4\xa7\xe1\xa1N\xf5\xcb\xb0\xdc\xa4\x0d~)\xa7\
\xa1\x07\xc2\xb3L\x83\x8dH/\xa0\x9d\x94\x02\xa0\x86\xb7\
\xbf\xca\x91\x9cvl\xab\xa9r\xda\x9c\xe7\xa4\x91\xd5\x8c\
m5\xc9\x1f\xcb\xc6\x18\xed\xa1h\xf8\xe1'\x0av\x9c\
E\x95>z\xef\xcf\x1a\xbf\x01\xe0T\x93\x9c\xa1\xd8b\
h\xcb\xe5\xf2\x83<\x95\xa1\x05\xc2\xce\x09{\xa6\x9c\xe3\
S_\x19\x00`b\xf6\x96YV@\x94H\x0c\x82\x08\
\x0e\xc1\x828B\x11\x96\x0a\xa3c\xb1\xc2\x06\x8d#\x01\
\x8d\x80I\xdb\xa2\xd5\xeb\x0e\x9fh}\xe1kO\xde{\
\x7f\xfb\xe2\x9d\xd5\x0b\xce\xbf\xb6\x12w\x9a\x0b\xfb\xc4\xcc\
;\xb7$.\xb7&\x93\x1c\xd3\x18\xb5N\xd7\xd4+\x8e\
\xa10\x92\x19\xc9\x0a\xebX\xd4\xd8\x98\xd1\xbaYtP\
s=\xd5\x11*\xe7\xe2\x0c\xc8\x14Y\xa5\xe2\xea\x95X\
\x8c\xaa\xc6\x85-\x8e\x1b\xc99BT\x90\x80\x02\x85\xc6\
\xe5\x8e-)\x12@F\x00\x00\x01\xef\x97Z,\x83\x03\
1(\x86\x81\xad\xa0\xe5v\xde\xa4\x98\xb3v\xa7\x12\xd7\
\xb7l\xdext\xfe\xf03\x0bs\xb6Sh\x04Rh\
Q\x18\xc92\x10*\xaf\xf9!\x08\xc0^\xbeqr\xc6\
<\x0b\xb7\xcf\x0e\xa8<\xff\xe1\xa7p\x96)Q\x0a\x88\
\x80\x1d;`\xd0\x00\xd5\x08\xd6\xd6`\xe7&x\xe1\xf9\
\x9bw\xed\x9c\x9d]ST\xe3F-\x9e\x10\x8bE\x0b\
\x12]E\xb2\x02V\xb0\x10\xd4\x0c\x91@\xac\xe0\xb9\xf7\
\x09\xe6\xc7}jN\xff*$\x82.\xcf\xab\xb7`\xac\
cD`!fQD\xda+s\x00\x00\x0b;\x16p\
\xa0\xfa\xfd\x9f\xfb\xf8U>$\xef\x81\x03\x07\xf6\xed\xdb\
w\xdey\xe7\x9ds\xce9\x0f?\xfc\xf0\xc8\xc8\xc8\xc2\
\xc2\xc2\xd4\xd4\xd4\x9a5k\x9a\xcd\xe6\xe2\xe2\xa21\xe6\
\xc2\x0b/T\xa4\x9e\xd8\xfd\x84\x00\xb4\x9a\xcd\xab\xae\xbc\
rnn\xee\x82\x0b.\xf8\xda\xd7\xbe\xf6\xf5o|}\
rbR\xe9.\xbd\x7f\xdb\xdbnz\xfa\xe9}\xdf\xf8\
\xfa\xd7\xf3\xac\x88\x22m\x8d\x11k\x99\xbb\xce\x0c\xac)\
D\x82\xc2\x0d\x18c\x9a\xcd\xe6g?\xfb\xd9\x0f}\xe8\
C\xdb\xb7o\x7f\xc7\xdb\xdf\xf1\x9d\xef|\xa7(\x8a\xed\
\xdb\xb7\x7f\xf3\x1f\xff\xf1\xa5/}\xe9\xf7\xff\xf9\xfb\xdb\
\xb6\x9ds\xf4\xe8\xb1\xdbo\xbf]i\xa5\xb5\x12\x10\xad\
\xb5\x7f\xa3X\x92n`\x0fs\x04\x0b\x942\x5cP\xa7\
\x9a\x96\xe0@\xcc\xb0p>\xf41E\x82\x86\x87*\xa9\
\x7f\x06aMp[\x8e=\x87\x02\x1e\x88\x9c\xf2\x06O\
=O\x96\xa3\xe2\xe5\xcfU\xa2\x84\xc1\xcf\xe5\xca\xc0\xea\
\x84/+\x03\x8e\xa1\x84\x7f\xe8g\xe0(\xab\x9eOU\
\xadu\xde\x0bo\x94$I(\x1cN\xe0p\xf7\x0b3\
\x1c\xa6k\xe8\x9dm\xe8\x97rzN\x10\xc6j\x92\xea\
\xf9eO\x92\xc4\x13Q/\xc9\x0d\x82\xa4\x7f\x99a\x0c\
\xa6\xe7\x09c='\x8d\x04|)\x22\xda\xb3\xa0\x07\xa9\
\xe9\x8f%\xf5\xa1\x87\xd5<\xff \xe0\x90\x92\xf4TJ\
\xa2A\xd7K\xaad\x09\xbc\x1c\xd3\xa2\xef\xa7A\xa81\
\xb4J\xf9\xd7\xf0\xe7 \xce(\xe7\x97\xbf\xb3r\x86,\
;f\x01\x16%@\xcc(\xcc\x22\x0a\xc0\x8aX\x12\x9d\
\x141\xb33l\x10\x0a\x83\x85S.\xb3\x1dR\x14\xd7\
c\xd4drs\xac]\xbd\xe3\xc1\xd6\xdd\x0f\xffp\xc7\
\xa6\xea\xa5\xbb6o\xdfxn{a?d\x0d\xd7n\
\x17\xcd\xdc4\x15hv\xfa\xa8J\xd2(\xaeA%\xc1\
$\xcdY\x8c\x8e\x0b\xa5\xda\xe2\x5c\x84*B6\x0a1\
\x02\xd4:\xaa\xd7F&01\xd5z2V\xd5$\x99\
 s\x8c\xb9\xb1\xecbpbM\xc1\x0a@\xc0:v\
\x82\xce\xf9 \xb2\xe0\xacXv\x06\xa0\x00\x9b\x1b\xb6\x85\
\x01S8\xd3\xc9\x96\x16\xe7\x1as\x90n\xdc\xb2q\xc3\
\xc8\xf8\xce{\xbe\xfb\x9d\x83\x87\x0eg\xb9\xe9\x14\xc2\x06\
\x94fM\xca\x09Z\x16'\xcc \xe2\xb8\xeb\xd5Z\xc4\
s2\xa1\xa7\xa4\x16\xb4\xe5\x03\xe3\xaa|H\x05\x89\xb2\
sNC\x0c\xcc\xe0\x0a\x8dP\xab\xc1X\x15vl\xaa\
^\xb0u\xec\xbc\xcd\xa3\xb3\xe34\xbb&\x9b\x9aT*\
j\xb5\x9b\xb6\xa2\xa7*\xd1\x98\xb3\x053\xa3\x16!#\
\x80\x22\xb1H\x04bV\xb7\x8a\xfb\x17\xe7\x19\xe5\x0c\x8b\
%\x87\xe0UCA\x04\x80\x00\xf3\xac`\x01\x01q\xcc\
^\xe5\x16\xc2N\xf1\xa5\x06b\xae\xf8\x0d\xef\x9d(\x14\
E\xf1\xc5/~\xf1\xbd\xef}\xefe\x97]\xf6\xd0C\
\x0f\x9d8qb\xed\xda\xb5\xa3\xa3\xa3G\x8e\x1cY\x5c\
\x5c\xf4n\x15.\xbd\xf4\xd2\x87\x1f~8N\xe2N\xbb\
\x13EQQ\x14y\x9e?\xf6\xd8c7\xdf|\xf3\xfc\
\xfc\xc2K_\xfa\xd2\x22/*\x95\xca\x95W^\xb9c\
\xc7\x8e\x8f~\xf4\xa3G\x8e\x1e\x15o<B(\xd2\xf5\
jP\x14\x05\x02\x10\xf6BU\x83\xe4ya\xad\xbd\xf3\
\xce;\xdf\xf0\x867\x5cu\xd5U\xe7\x9ew\xee\xf4\xda\
i\x11\xa9T*\xeb\xd7\xaf\xff\x93O\x7fzjjj\
bb\xf2\x93\x9f\xfcd\x92$\xc6\x14\xc6ZvN\x80\
\x90\xc8\x93\xfc\x806\xb0\xc4\xe7\x08|\x8b\x00\x17\x02\x0a\
)\xcb;\xa0\x14q\x0dOU\xd7(c\x8e\x806\x82\
*X\xa8\xe21\x87_\x84\x81S\xd2\xff\xb6N\xa5\xfa\
}\xf9C\x099\x0d\xe8\x99\x9e\x16\x85\x0c\xfeyZ\x00\
\xb1\x1cL)\x7f\x1f\x1c\xc9\x0aU\xc2c\x86Y*\xe7\
Co\x0f\x96\xb5[\xe0\xd4\xb8\xe5ab\xcb\xbb\xa0L\
\xb9\x9f\x0d\xec\x18,sv4n\xb0\x1d\x9f\xe3\x09M\
\x10\x0fyE\x96\xa1\xabb\xb9\x16\xce\xa2\xd33\xcay\
N\x1aY\xcd\xd8N\x9b\xbcxTD\xa2(\xd2\x9e\x01\
\x00\xcb\xa8\xe1\xfc\xb8\xd2Y,\x8e\xa1,\x87p\xdf\xf5\
\xbb\xc5\xcbY\x06\xc9\x7f_\x0bC\x7f\x85S\x91\xcdr\
\xe3\xec\xcb\xe9\xdb\xf9C\xd3\xc9\x9d\x8c\x02 \x88\x10\xc2\
\xb3\x83\xbf\xeb\xa3\xf2?\x09\x08J\x84\xe0\x10\x80\xc0\x11\
Z@\xa8\xd5\xd2f\xa3\xe3\x5c!\x80\xac\xb4\xb5\x09R\
\xdd\xb9\xce\x03\x8f\x1d\xfe\xe7\x1f\x1e\xdc0\xad_}\xf5\
\x0b\xd7\x8eF\xd5z\xa6\xd3\xc5\xbc\xb9\xc4\xdc\x11{\x04\
\xacUJ\x81\x879\x06j\x95\xa4\x92\x8e\xa6\xd5\x91\xdc\
v\x9c\xb2J\xc5\x1a\xd2zRY3\xb3v\xfd\xcct\
\xd6l\x14\xf3\xb9C\x16\x16$\x0d,EfH\x22D\
\xb4\xac\x90H\x1c\x98\x82Y\xc4Y\x10f\xb6\xec,w\
\xac\xe98\xd7.\x1a\x9dNQ\xe4\xec\x0a\x22p:\x96\
\x91\xd1\xb5\xba:Q\xb3\xb5\x8d\x1b\xd6\xce\xae\xbd|\xf7\
\x9e=\x87\x0e\x1f=|\xec\xf8\xfcRQ8h\x17\xce\
\xd3\x19'(@N)\x01ED\x11:\x87\x0c\x91\xf7\
\x1e\x81\xe2\x83\xad\x00\xa0\x22 \x8d \x88\x82(\x84\x22\
b\x99Y)\x07\x02\x84\x0cd\xeb)W\x15\xd4\xeaz\
\xcd\xd4\xd8\xd6MS\x1bg\xeak\xc6\xa8J\xad\x89\x8a\
\x9d\x99\xa8\xac\x9b\x8c\xabUj[\x8a\xd3\xb8\xc8M\x9e\
7*iJ:r`\x18\x94te\x15\xc2\xa8\x08\xa0\
\x9f7Q\xf6\xda!\x00\xa8\xfc\xef\xd0\xa5\xfeRR\xd0\
\x10\x00\x14\xc6P\xb6\x7f\xbd\x84\xe344\xd7E\x0e\xa5\
\x12\x02\x00\xca\x1aM\x08\xa4\x0aB\xec\x02SB\xf1\xc8\
\x83\x14\x12\x0d:P/\x8a\xc2\x9b/\xd6j\xb5v\xbb\
\xfd\xd5\xaf~\xf5\xa6\xb7\xbd\xed\xba\xeb^u\xd7\x9dw\
>\xfa\xe8\xa3\x9b6nl6\x9bE\x91\x17E\x8e\x80\
W\xbe\xec\xa5\x95J\xba\xb8\xb0\xd0l4\x09\xb1\xddn\
\xaf]\xbbvrr\xf2\xa6\x9bn\xda\xfd\xf8n\x1d\xe9\
\x0b\xce?\xff\xae;\xef<qb\xe9\xa7\xde\xf0\xc6\xa7\
\xf6>\xfd\xe7\x9f\xf9\x0b\xc7\x0c\x08:\x8a\x8a\xa2\xe0\xae\
\xa9\xb3\x97f\x02\xb3\xb0c\x00 BR\x80D\xa3c\
\xa3\x9f\xfa\xd4\xa7\xae\xbc\xea\xaa$I\x8c\xb1\x9dN6\
55\xd5h6\xaf\xb8\xe2\xa5Q\x1c}\xeaS\x9fB\
\xa2\xa5F#\xd2\x91R\x9a\xb9{\x85\x08q\xc2\xb0\xa7\
lH%\x9b\xd8\xbeO\xbf\xa7\x02\xf2@\xef\x8ev\xc0\
\xcc\x95N\x8d\x84RV\xf8(\x0be\xfa\xd4\x0e\x06\x09\
p\xdfv.\xff*=\x0eM\xf9\x10X\x01+\x0c\xfd\
\x1c\xacuv\x8d,\xf7\xe5\xac\xfb\x85^\xb4\xb6.[\
\xcbZ\x9f\xe3un\xbcCR\xaf\x83\xa5z\x8a\xfc\xde\
\x9c\xb0Ln\x82\x15tyn\x07'\xado<?\xae\
\x14\x1c\xd3\x05\xff\x99I\x92\x04K\xc9\xa0i\xf4c\x1c\
\xe1OT\xf2\xaf\xd2{\xe2\xf0l0=\xf8j\xcf\xe2\
r6\x98\xb3\x9a*C\xc77Xe\x90\xd2\xaf>a\
\xcf\xf8\xcdW\xf7GI\x9e\xe7\xe5\x83i\x10%\xac\xd0\
W\xf8I\x96I\xe1)\xc2w,\x99\xb0\x87.\xca{\
\x0c{\xd2A\xb1B\x8c\x8e\x1d\xb2\x808\x16&d@\
\x16t\x88\x8c$\x02l\x12#>\x06\xbb\xd3\xc4\x04\xcc\
\xb6\xb0i\x14;\xe7\xacXQN\x91\x15v\xd6\x82T\
g[<\xf3\xe8\x5c\xf6\x83\xcf?15\xc2\xe7n\x1d\
\xbdp\xc7\xf8\xcc\xe6\xf1\xaaZ\x82\x85\xe3E3wE\
\xa7^\x19\x9f\xa8O8\x171G\xaa\x8d\x13\xf5i'\
\xb6eN8\x1d\xc7q:5>>=\x95\xba|\xbe\
\xb5x\x5c!-uD\x0bi$\x14H9\xb2J#\
\x10#\x9b\xdc8\xebX\x88\x99\xad\xb5y\xde\xc9\xb2\xcc\
\x14\xa6\xc1\xc6\x00 \x92\x8a\xe2\x91J\xaatB\x189\
\x87\xc6\xb2\xcd\x99\xed\xe1\xac\xfdL\xdai^\xb8N\xce\
]S\xef\x14I;\xb7\x99\x91VG\x96Znq\xa9\
h4\x8b,\xe7\x13F\xe5\xa2\xac\xb5\xc6\xb6P\xb1c\
\xa1\xb8{\xb5\xf7\xce\xae\x19\x95\x81\x18\xc4\x11Z\xa5l\
\xa4\x1c\x11G\x1a*)TR\xa8\xd7\xcc\xc8Hu[\
\xa5\x98\xae\xe1\xf8x\xb5^U\x89^\x88\xe8X\x12\xd1\
X\xad6=\xb1frl\x8aT\x92\xe5\x82*a\x04\
\x89\x99u\xd6\x94L9\x85\xa4\x89\x13\xf0<\x06\xc9,\
\x10\x88\xf2\xaeF\x00z\xd6\xb9\x12`\x87`O\xddT\
D\xb8\xe7%\x03\xbc\x5c\xa4\x07S\x90{\xa2\xbd.\x88\
D'\x82\xe8=\xab#\x00(\x00\x12F\x04\xa4n\xbe\
c\x0f'\x94w\xc8!\x1c\xd9\xbc\xe6\x18\x0c\x1dsX\
\xb5\x19\xc6Q\x9d\x05\x0bgI+\x82\xc8\xb1%$E\
X^\xae\xde\xff\x81_uQ\x14\xe5y\xfew\x7f\xf7\
\xf9w\xbc\xfd\x1d?\xfd\xd6\x1b\xf7>\xf5\xe4\xa3\x8f|\
_k]I\x12[\xadl\xde\xb2\xe5%W\x5c\xfe\x99\
\xcf\xfc\x855\x85B\xb2\xd6\xbe\xe8\xb2\xcb\xde\xfb\x0b\xef\
\xf9\xf4\xa7>\xf5\xc4\xee\xdd\x8a\xe8E\x97]\xb60?\
\xdfXj\xbc\xeeu?u\xc1E/\xf8\xf5_\xff\xf5\
\xdc2\x11!\xa1\xb1Nz\x9b\xb8\xb7\xc2\x814)\xa5\
\x1c;Db\xe6J\xb5\xf2\xb2+\xaf\x9c\x9f\x9f\x7f\xf8\
\x9f\x1f\xde\xb5k\xd7\xba\x99uYVx\x87\xeb'\x96\
\x1a\x7f}\xcb-{\x9f\xdeg\xadU:\xca\xbd\xb3U\
R\x22\x12Eztt\xb4^\xaf\x07\xe8\x80%\xbb\x95\
\xb2\x00\xa5\x9c\x19v_\x19\x7f\x04\xeeE\xe0m\x94\x81\
K\xf8\x13{\x1e\xc0\x02\xbdDD\xaf\x19\x16\x14Z\xb1\
\xe7V`\x10a\x94/0!\x85\x1c8\x1d!/\x1f\
\x11\xe5\xcf\xc1\xf2+T9\xd3F\x86\x8es\xe8\x80\xcb\
\x9f\x22\xe2\xedV\xbc\xcb\x0dc\x8c\xb7d\xaeT*D\
\x14\x0cb\xc3\xcc\xe0\xa9\xea\xf3\xd8\x13\xcd\x94\xd3 \xd9\
.\xff\xb9\xca\xeb\xf1s\xc2\xd5\x18\xec%\xb0s\x02\x12\
\x0dK%\xf0\x5c\xcbF\xa0\xeaTw\xe9\xab\xecw0\
-\xd7H\xdf\xcay\x96\xbd\x0cv\xb4\xca\x96\x87&?\
W\xc1\xb2\xdd\xcf\xd8\x90\xb8\xb2\xff\xe6S`\xfc\x86{\
R\x19\x10,\xf7j\xcft\x05\xe3\x80$\x05\x06\xce\x05\
\xbfL\xfd'\xf6\x1cN\x84\x832\xb0\x1f\x83\xdd\xe3\xe0\
\xe9PN\xdd\xcd\xc0\x22\x80\xa2\x01\x99\x90Q \x12\x93\
.5Z\xf7?\xb0\xe7\xc1{\x16\xb6n\x98\xb8`\xc7\
\xe6W\xbc\xe8?\xaf\xd9\xa0\x97\x96\x9e9\xb0\xef\x9f\x85\
\x0f\xd5k\x91\x165>r\xfeX:362\xdb\xc9\
0k\xb6\x81\xadj\xa9#\x0b\x9d\xc6\xd2|\xbb}\x22\
\xd2\xa0\xc0j\xc5I\xa2\xb4&$\x11b\x10p,\xd6\
\x89ul\xac\xcb\xf2\x22\xcf\xad\xb1V\x00\x95\xd6qT\
\xab\xc7\x95J%%\x22c\x8a\xa2\xc8\xf2\xfc\x043\x03\
;tV1\x03\x14\x14-\x22B\x8aX\xab\x83\x03\xe5\
\x84\x18\x22TU\xc1\x11\xc7\xcaZh\x16\x90[.\x0a\
\x93\x17E\x9e\x17\x85s\xadv\x87\x05\x1c\x8bs\xc2\xcc\
(\xae\xa2PQ\xa4u\x9ch\x8c4%1\xa5\xa9\xaa\
\xa5Q%\x8d\xd2$J\x93X\x83\x03)\x98s\x94N\
\xa4%\x8d\xe2J\x12M\x8d\x8dO\x8e\x8f':\x16\x16\
\xc7,\xa2\x10\x11A\x84\xad\xb5\xce\x88%RZ\x13\xa1\
b\x11v\xde6G\x04<\x98\xf0\x1c),\xf19\x18\
\x01\x09H\x00|\xec\x0f\xef\xb7L\xc4kht\xf1(\
pW\xec!]\x0e\x06\x22)\xecZ\xe5\x820p\xf7\
=J8\xd2\x07\x97\x96\xb1\x86\x19\x84\x19\xc8\xe3\x1e\x01\
@\xdf\x1dz3\xe3\x1es:\x9c\x17\x01\x10\xfb\xb5\x14\
E\xd1\x1dw\xdcq\xfd\xf5\xd7_~\xf9\xe5\xd7]w\
\xdd\xa3\x8f>r\xf4\xe8\xb1V\xab\x95\x17\xc5\xdb~\xf6\
go\xb9\xe5\x16\xadU\xabm\x934I$\xf9\xc0\xff\
\xf5\x81f\xab\xf9\x17\x7f\xf1\x97\xa6\xb0\xe3\xe3c\xdb\xcf\
\xd9\xfe\xc8#\x8fLMM}\xe0\x03\x1f\xb8\xf7\xbe\xfb\
\xef\xbe\xfbn\xe9\x85\x81\x1c$\x1e\x95J\xb5\xd9jy\
^\xa316\x8e\xf4\xe5\x97_~\xe1\x85\x17\x8e\x8d\x8f\
o\xd9\xba\xa5\xd9l\x0a\x80\xb7\x9f|\xf0\xc1\x07o\xbd\
\xf5\xd6\xb9\xb9\xb9\xb1\xb1\xb1,\xcb\x8a\xa2\x80\xde\x1d:\
\xcb\xb2\x89\x89\x89\xb1\xb1\xb1\x00/\xa8\xe7\x84\x03O\xb5\
\x98\xc5Sy\xf8e\xc4\x10\x98\x16A\x86\xd2\x17\xf7$\
@\x10\xff\x05\x87\xa9\x80\xf8\xab\xbc\xf7:\xe8\x1f0P\
\x1a,\xa9I\xaeL\xa4\x07?\x87\xfey\xda\x8a\x83u\
\x07\x0b\xac\xb2\x91\xe5\xfe\x5c\xf9\xf8\xf2\x9fZk\xff\xbe\
*\x95\xca\xe8\xe8h\xf0-\xa9\xb56\xc6\x0c\xdaE\xe2\
\x8a<\x8c\x7f\x8dIz\xa1X\xfc\xa5\xcb+y\x04\xfc\
\x1a\xb88\xcfG\xfa\x89\x9dF\xec\xe9\xf2{\x0eP\x80\
\xef\x88\xa8\x7f\x02\x87\xfb\xdc\xa6\xf2\xb1\xeb\xbf\xab\x9e+\
\xa1\xc0\x1f\x0b[\xa2\xcc\xae(\xa7\x95\xe5)+w\x1d\
6*\x9d\xea#\xa4\x0fg\x04\xfc!\xbdp\x03\xa1X\
\xf8\x09z\x82\xf9\xb2\xc8S\x9d\xeaJ\x19\xfd5\xdb+\
\x1e\x22\x92(\xa2\x1a\x17D\x91\x8a\xd4\xc4\xde\xfdK?\
\xf8\xe1\x0f\xef\xf8\xa7c\x1b6\x8c\xbd\xe0\xe2\x0d\xe7\xed\
xq%n\x14\xed\xa3\x9d\xc6\xe2c\x8f\xef\x9d\x18-\
\xd6N\x9d3Y\x1fOFE\xa1m\xb5\x9b'N8\
\xa3\x13L\xeb\x85\xe9\x14\xd6vr\xdb\xe8\xe4\x22\xcc\x92\
EQ\xc6\xcc\x02\x04\xa8\x1d#\x83B\x15\xc7\xb5\xd1z\
\x92\xea(E\xd2\x8a\x95\x14.\xcf2S\xb4D\x0a@\
\x13A!h\x84,\x90aq \x06\xa3\xc2\xb1c\x06\
\x06\x00\x02\x07\xc0\xa2\x00\x9b\x02\xda\x01:\x84\x91Z\x02\
H\x80\x08\x80\x80Z \x02\xac\x0a\x00\x8bwb\x22\xc4\
\x9c\x8a\x00\xa0B D\x85D\x00\x84\x00\x9c\x03w\x80\
\x05\xda\xd0f\xa48\xaa&\xa8u\x14i\x89\x94\x8c\x8f\
\xd6\xea\xb5\x8aRd\x9da+\x02\xc8\xe0\xa7\x17@\x90\
(\xb2\xc6\x19\xe7\xac\x11D\xea\xd1o\x0b\xe8\xf5(\xfc\
\xab\x11\xc7\xb6\x84\x09\x04D\xc4qXD\xde1\xa3\xd7\
\xc38Y\xccY\x14\x00D\x01\xef\xf3\x03U\x14{\xa5\
\x02R\x0a\x81\x08\x14v\xd7\xcc\xb2\x979\x22\xd2\x11\xb0\
\xd2q\x1c3(\xa5\xb5\x97ex\xf6\x0a\x90\x7f\x0c,\
\xafy\x9f\x029\xd4ZeYv\xc7\x1dw\xfc\xf4[\
\x7f\xfa\x8do|\xc3\x0d7\xdcp\xe1E\x17~\xe2\x8f\
>! \xf5\xfa\xc8\x91#G\x934A@k\xec\x9b\
\xde\xfc\xa6\xcd\x9b7\xbf\xeb]\xefZZZ\x02\x80\x8d\
\x1b7v:\x9d\x83\x07\x0f\xbe\xef}\xef\xab\xd5j\x7f\
\xf4G\x7f\xe4\xc1\x01\x00\xf8P\xe6}Cm\xb7\xdbI\
\x129\xeb\xacu\x954a\xe6\x1d;v\xbc\xf3\x9d\xef\
\xbc\xeb\xae\xbbn\xbd\xe5\xd6N\xd6i,5\x17\x17O\
\x00\xc0\x9e={\xaa\xd5\xea\xcc\xcc\xcc\xb1c\xc7\xa0w\
\xfd\xf5\xa0mttt||\xdc\xb3j\xbc\x9dH\x90\
\xad\x84\x83\xec\xe4\xfa\xef\xa5AIJ\x19UPO-\
\x94NuZZ\xe6j\x94\xe7?\xfc\xd9wz\x04\xdd\
\x8eP\x92V\xe79c\xf0|X%\xbcX%:Y\
\x0eO\x9cQ#\xcb\x0d\xb5\xaf\x8c\xa7\xacy\x9e\x87\xe9\
u\xcey\x93\xa8\x00\x10W\xd3K_w\xcf>\xe7\xb4\
\xe9\xb4\x8d\xac\xa6\x17*\x19E\xfb\x0b\xad\x0fu\x0e%\
\x9b\xd0g\xdf\xefr\x83?\xa3i<\x8b2g1\xcf\
~w\x94\xcd\x89\xcb\x22'\x8d?\x01&\xb2\xcfk\xc2\
\x12+OJj\xd2D\xe4\xaf,\x81\x15\xb6B#2\
\xa0jzF]C\x09\xf7\x05\xe4\xe1\xc7P\x06\x13T\
r\x22\x14\x8a\x85\xd33d\x86!\xf5\xe5@\x0fs0\
;\x82n T'(N\xc5\x95\x09\xc1z\xebD\x83\
`ld:9\xd89t\xf4\xc0\xd2w\x9e<\x90R\
g\xc7\xe6\xc9\x8b\xcf\xddx\xd9\x85WL\xce\xc6E\xbb\
\xb9\xff\xe0>\xb6O\xd6b\xa7\xa0\x00\xc2$N\xd6L\
WP\xd5\x88tal\x91\x9b\xc2\x14Y\x9e\x9b\xa2Q\
d\xfb\x98\x05\x80@i@\x1d\xc7\xb5\x89\xa9\x998\x1d\
A\x95\xe4\xb9k\xb53\xb0\x0e\xb9@\xa7H\x90\x10I\
\xa1s\x061\x07(@\x0a\x01\x83\x00(\xb1c\xe7\x9d\
I\xa0\x02\x16\xb1\x96\x01\x0c \xab(\x22R\xd6\xb4\xfc\
\xd5\x1d\xbc>\x0b\xa0c\x81\xae\xa6\x03\x09\x80R6\xa2\
\x82\x10\x08\x10\x85@\x90@\x03\xa3\x08h\xd2\x91\x8e\x89\
\x94\xab\x8e8\x22\x10#`\xb5\xc28R#\xb5T+\
t\xce\x88\x03\x11\x05@\xce\x89\xb1\xd69\xe755\x1d\
\xb3\xb3\xfe\xd6\x22\x88\xa4\x149\xd7\x11p=\x8e\x85\x00\
\x00{u\xd9\x93\xab\x84\xa1\xeb\xff\xaa\x1b@\x0e\x90{\
\xbc\x0aO\xec%\xf2\xd1r\x81\x80\x14\x80b v9\
$\x15E@\x8a\xa8\x0b\xae\xd0\xf39z\x0c\x11\x94>\
n\x87\x80\x22 DF$$\x10\xf1\xf1\xd5\xbb\x0b\x01\
\x11\xf0\xa4O0\xe99\xd4*\xff\xe97\xff\xed\xb7\xdd\
~\xdd\xab\xae\x9b\x98\x98\x98Y\xbf\x1e\x01\xdf\xf7\xbe\xf7\
\x8d\x8d\x8d\xfd\xf4O\xbf\xb5RI\xb3,gv\x95J\
\xf5\xed7\xdd\xf4\xf1\x8f\xff\xc1\xf7\xbe\xf70\x22 \xc2\
\x86\x0d\x1b\xf6\xec\xd9\xb3m\xdb\xb6\xb7\xbc\xe5-\xbf\xf7\
\xbb\xbf\xfb\xd0C\x0f\x05\xe1\x82\xdfJ\x03\xe7\x91\x14\xb9\
\x89\xe2\xc89\x1e\x1b\x1f\xff\xb9\x9f\xfb\xb9\xd7\xdcp\xc3\
\xee'v\xef\xdc\xb9\xf3\x9cs\xcey\xff\xfb\xdf\xff\xf8\
\xee\xddc\xa3\xe3D\xb4n\xdd:\x008t\xe8P\x1c\
\xc7>x\x9b\x88\x18c\xe28\x9e\x99\x99\xf1\xd1\xc2\xa8\
g'R\xd6\x1b\xed#i>\x95\xf9\x16\xba\xe40\xb4\
\x0fs\x94K\x86\x93\x01K\xae5\xca'\x00\xf6\x94B\
\xa8\x14k\xd43\xcf\x83j3\x0c`\x8eA\x22\xdd'\
Y\x18\xac2\xf89\xd8\xc8i\xe1\xc2`\xfer\x8d\xf4\
\x11\xadA\x1a\xb6\xc2\xc0\xfcS\xa7i\xea\xbdnP\xc9\
\xfc\x18z\xea\xa5+\x10\xad\xd5\xd3\xcb\xb3 \xdb\xabI\
\xcf\x09\x1a\xf0\x0b\xc3o1\xbf\x96\xa0\xe7\x0b\x1b{\xdc\
\xb2g\xdf\xef\x0a\x83_\xfd4\x9eE\x81\xc12\xa7\xad\
\x120\x87Wp\xf1\xb7\x85@=\xff]\xc8V\xfa`\
\x87\xcf\x0c|W\x0fK\xcb\xca\xed+\xa73\x82h}\
[\xdd\x9fVA\xd4\x87\x03\xf2\x94AQK\xe8\x11K\
\x98\xa9\xcc\x1a\x09G\xa4/\x03\x02\xa8H\xc4!2\x80\
(\x14&\xe9d\xb9\xa6hbfS\xde6s\x8bG\
q\x8c\x9amK8\xea\xdc\xda\xef=\x96?p\xdf\xe3\
\x7f\xa5\xbe\x7f\xe1yk\xae|\xe9\xf6]\xbb\xa6G\xea\
\x5c\xb4\x8ed\x8df\x96e\x9cK\xd4\x89b\xadk\xb5\
\x11\x05\x14\xa7*\xa9\xaa\x9a\x8d\xad\xa9/\x1c\x19\x8b\x80\
I\xc5qZ\x07\x95:\x89\xc0T\x19\xabJ\xa7J0\
\xd5#D\x1d\x15\xe7qR\xb1&1\xa6\xc9\xb6\xadu\
\x15\x84\x10\x14\x08\x89h\x10RjT\xb1s\xce:\xb6\
bm\xa4(M\x88\xd91\xb30\x00s,\x04\xe8-\
W0l.OV=Uv\xc8\x19hAb$`\
\x10F\x8d\x1aQ!\x13\xe8\x98\x95r\x8e\x93H4\xe7\
\x8e\x0b\x16\x1bi\x1d\xab\xb8\xd3nt\xa4E\x14\x11j\
at\x0c\xec\x98\x99\x9d\x0fk\xdb\xfb\xe7\xacs\xaek\
\x14\xa3#\xf4qp<\xb3\x09\x00\x88\xf0$\x03\x03\x85\
Pt\x8f_\x06$\x08\xcc\xd2\xe5sx\xc7\xf3\x88\xd2\
\xc5F\xa8\x00=.Q\x02\xa2H\xb4B\xad\x90\xba\x9a\
\x1d\xfe9\x05\x97\xdf\xde\xe5l\xeeyb\xee\xd2\x99\x92\
&G\x1f\xe5@D\x7f\x10 zv\x1a\xdd|\xf3\xcd\
\xd7]w]\xa3\xd1\xb8\xee\xfa\xebk\xb5\xda\xc7\xff\xe0\
\xe3\xfb\xf6\xefW\xa4\x94RZ\xe9\xdf\xfc\xc0\x07\x9e~\
j\xefm_\xb8-Mbk\xed\xe4\xc4\xe4\xe4\xf8\xf8\
\xa3\x8f<\xf2\xc1\x0f~\xf0\xd1G\x1e\xf9\xe4'>I\
Q$=\x87{\x9e\x9f\x1c\x84\x0e!E\x91\x8e\xa3\xe8\
\xfa\xeb\xae\xbb\xf1\xc6\x1b\x17O,\xfe\xce\xef\xfc\xce\xda\
u\xebv\xee\xdc\xf9\xd6\x1bo|\xc9K^\xf2\xd8\x0f\
~\x00\x00SSS\xd6\xda\x85\x85\x85\xb1\xb1\xb1V\xab\
Uf\xf8MOOOLL@\xc9\xcc2\xd8^R\
I\xb1\xa3l\xd7\x1a\xb0\x05\x0dx\xeb\x0a\x1a\xa3X2\
~\xa1\x9eMu\xc0\xfd}[x\xe8L\xc6q,=\
\xaf\xcd\x01\xd2\x9d\xb2\x13\x97g\x0c\xf4\xfd\xb9\x1a\x001\
\xb4\xc0\x0a9\x83M\xad\xa6\x91\x15\x86\xba\xdc\xf0B\xbe\
\x97Uy\xe1B\x80z+\x9c\x96\xcf\x86R\xfe\x8b\xa5\
\xd5\x8c\xc4\x8b\xe6\xcb\xccr\xbf\xb4\xbc\x99$\x00\x94u\
\x90\x9f\xc3~\xcb%\x9f\xbfi<\xbbF\xfc\xbe\xf0\xac\
D)97\x87\xe7\x10s\xac,\x8f\x18Z\xa0\x9c?\
(\xbc\x18Z\xbe\xef\x96\x7fF#\xc4\x92\xaf\x9e@\xf2\
\xfd\x89\xe3}\xd9\x86#,4\x8e\xa72\x81V9\xc8\
\xbe\xee\xfa\xd0C8\x9b\xfa\x1a/3<\xfc{\xc2\x12\
\xcf\xa3/\xa7\xbc\xf9\xfbY\x1d^\xa6\xce\xd6\xa1\x111\
Z\x8b\x05N\xab\xcaY9\x91\x9d`\xc6\xea\xf8hG\
\x5c\xaa+, \xac0\x8d#\xa5E:\xdf{\xea\xd8\
\xc3O\xee\x1e\xa9\xcb\xfa\x99\xb1\x1d[\xd6\xee\xd8<\xb3\
u\xcby\x93\xe3ugZYsn\xa1\xb5\x08\xaeM\
\x9c)r\x0a\x85\x84\xb4\x8e\x880N\xaa##\xe3:\
\xae9VN4\xaa\x18I\x03*@\xe5D3$\xe2\
\xac\xb3\xa95U\xb6\x993m\xe0\x02\xd8\xb0+\x84-\
\xb3\xcbm!\xa81R\x0a\x22\x04\xf62\x13DP\x0a\
\x01\xbc\xa9,\x0a  \xca\xc9\xdd\xe5\xc9~\xd7/\xbe\
\x83H\xd4\x1a\x01ADT\xa8Hi\xadS\xefGA\
+\xb6.\xcfrW,)1\x0aY!\x03s\x91\x1b\
)\x10\x84\x105\x92\x12Av\x0e\xc4!\xa2\x00\xf6\x1c\
\xaf#\x22\x92\x02@\xf6v\xe5\xecPiE\x88\xcc\x0e\
\xd1\xbf#\xcf\xc6\xe8A \x10@wRU\x03X\x11\
\x00\x0a\xa2\xf4\x8cP\xc4\xcb\xbb\x08EP@\x18@\x11\
\xa9Hk\xa54B\xa0\x0d\xbd\xd5\x01N\x84{/\x9d\
\x83;\x89v\xbb\xad\x14\xc4:6\x22,\x9c\xe7\x99\x12\
M\x9a\xb4\xd2\x80H\xa4\x00%\xac\x96\xf2\xb2?\xb9z\
Y\xe2(\x06\x80'\x9exb\xd7\xae]?\xfa\xd1\x8f\
\xfe\xf2/\xff\xf2\x83\x1f\xfc\xd0g>\xf3\x994Iu\
\xa4\x99\xf9\x8a\xcb/\xbf\xf6\x9aW\xbe\xe5-on7\
[J)q|\xd5\x95/;r\xf8\xf0\xf5\xaf\xba\xee\
\x9a\xab\xaf\xfe\xc5_\xfcE\xad\x95q.\x00e\x0f8\
\xa8\x14\xf0\x1d\x11\xd349\xf7\xbcsw]p\x81s\
\xee\xe3\x1f\xff8\x11\xbd\xfb\xdd\xef~\xedk_\xbbg\
\xcf\x1e\x22\xfa\xfe#\xdf\xaf\xa4\x95\xc9\xc9I\xffPi\
\x9a\x9e8qBDt\xcfg\xe5\xc4\xc4\xc4\xbau\xeb\
<u\x0f\xcc\xc8\x00\xb0\x02\xb0\xa0\x01G\xe6\xaa\xe4\xec\
<(\x96\x96e+XR\x07\x09\xbb\xa9\xbc\xb3`\x19\
~@Ha0\x9e\xb4\x04\xdc\x13V\x8f:\xd5:c\
\xb9\xd6\x86\x12\xf2\x15\xaa,\xf79\x94Y\xb2\x1cDX\
n$}\x05\xfa\x0e4\xe8\xc1\xb2\xb0\x9c\xfc\xf7\xb0\x00\
\x02\xa3HV\xa1\xb11\x88r\x96\xfbu\x95\xa9\xef4\
^M\x9b\x839\xa7mdh\xbf\x01p\x84K\xa0\xea\
E\xa3\x15\x91\xa2(\xfa\x98a\xa1\x97\xd3\xce\xd2\x0a\x83\
)\xff\xd9\xb7tW\xd9\x02\xac\xe2yOKg}\xbf\
~\x0b\x04\xe9\x01x7\xe7Zc\x8f\xc9\x1a\xca?7\
\x98\xe3\xb4\x80\xe3\xb9\xad~\xa6hc\xb0z\x1f\xe7@\
\xf7\xfc\x86\x85`\x95\xe1\xec(\x83\x9b\xa1\x10de\xf4\
3t\x9f\x87\xc5\x11nW}\x12\x96\x80\x94\x03<\x1c\
\xd4\xea\x08]\xf4c\x0eQ \xa4\x10D\x9cW\x19\xd0\
\x1aX\x1c\x10\x08\x825\xc2\x96\x123A\x92\x1b\xccY\
\xe5\x0cF\xb4\xb3\x0c\x1c\x8d\xb8\x22i6\xcd3?t\
\xdf\xfb\xc1A\xc5O\xc6\x9a7\xcdN\xbc\xec\x8a]/\
}\xd1\xb9\x9bw\x9e\xafe\x89\x8b\xb9N\xe3\xe8\xd2\xe2\
\xd1v\xab\xadh\x9cEr\x9b\xbb\xc6\x22RS\xa9\xb8\
Z\x1bI\xb4(\xed\x10\x15\x00\x1aEL\xb1\xb0f\xab\
M\x11\xb1I\x81\xeb\xc8\x22\xec\xc4:f'PL\xd4\
\x9ccgLa\x8b\xdcZ\xc3\xce8W\x88X\x10#\
\xe2D\x1cF\x89x\x8b\x1dv\x22\x02\xc2\x9e\xf7\xad\x88\
<}\x89\xb1\x12\xe3D\x92D\x95J\x12\xc7\x11)\xc8\
\xb3v\x96\xb5r\xd3\xb1\x9d\xc2:#\xcc\xa3`\xbc]\
\xb1G\x00\x02\xe8\x9d{\x0aXa\x06@\x22\x07`\x00\
\x10D\xb0\x1b\xf5\xa5\xfb\xd6H\x89w\x8e\xe1lW[\
S{P\xc7F)\x0a<\x17\xecr&\xb8\xc7\xf9\xf0\
\xa1\xe6}\x8f\x80\x88H\x88\x80\xe0l\xb7]$R\x1a\
!\xaa\xd7'T\x94\x02(\xe7\x00\xc4\x8b\x00tar\
fK$Q\xac\xd9y\x0f\xeeI\xa7S\x1c>tx\
\xaeq\xb8\xd9l\x16\x05\x08\xb1c'\x88\xb6(\x5c\xde\
)\x14\x16I\x9e\x18\x13\xa7\x1cE\x9aT\x17\xbc\x0c_\
\xf6\x00\x80\xc0\x8e\xa7\xa6\xa6\xee\xbe\xfb\xeek\xaf\xbdv\
\xff\xfe\xfd\xff\xf3\x83\xffsjjjtt\xb4\xd9l\
j\xad\xdf\xfd\xaew\xfd\xaf\x0f}\xe8\xd0\xc1C\x22\x12\
\xe9\xe8\x9cm\xdbf\xd6\xcd\x1c\xd8\x7f\xe0\xbf\xfd\xe2/\
~\xe5\xcb\x7f\x7f\xcf?\xdd\xed\xac#\xad\xad\xb5\x1e\x13\
x\xff\x04~m{O\xd8\xe3\xe3\xe3\xe7\x9dw\xaeR\
\xf4\xf5o|\xbd\xd3\xc9^\xf7\xba\xd7\xfd\xf6o\xff\xf6\
\xe8\xe8\xe8\x81\xfd\xfb_u\xddu\xff\xe3\x7f\xfc\xfaC\
\x0f=t\xfey\x170K\x96e~\xf7\x85\xc5\xcc\xcc\
\xf5z}vv\xb6V\xab\x85-\x134-\xfaT4\
\x02\xb0\xd0\x03\x1eH\x83\xdc\xa4\x5c\xc0\xb76\x94\xa51\
H\x03\x06\x8f\xf2r\x0e\x95\xe4\xa1\x9e\xc0\x84K-\x97\
B\xde\x94\xab\x0c\xe6\xc00\xda\xb3r\x95\xa1\x88\xa1\x9c\
3\xf89\xb4\xa3\xe5\xbe,7\x1e\xecy\xca\xf1B\xa5\
>a\x0a\xf7\x22d\xadL\xfc\xce\x824\xae&\x0d\x9e\
\xc3g\xd7N_\x9b\xa7md\xf0L\xee\xcb\xf7\xba\x1d\
\xd0\xd3\xbd\x93Se\xe2aVW\xee\xe5\xd9?\xcbj\
\xd2j\x9ew\xb0\x0a\xf4\x1e\xcd\xe3oO\xbfh@)\
\xca\xa7\x7f\x17\xb2\x95\xd3\xa6\x00B\x8b\xa2\xf0J\xd7\xd8\
\x03\xf5\x83\x90b5\xeb\xa3\xaf|\xf96\x00=`\x11\
\x10q`\xedB\xef\xfd\x0d\xb2j\xfb@\x12\x94\x10O\
\xd9Z\xcf\xef}D\x10$bE\xa04\x89\x03K\xe0\
\xf9:\x8c\xca\x89\xd5h\x22M\xa2\xd1:D\x13\x83a\
`\x8b\xceU\x1d\x8e0*\xa7\xb4pnl\xbbYt\
\xe6\x1eo<\xf6\xc4\xbd\x9f\xbd\xf5[\x1b\xa7\xeb\xe7n\
[{\xe9\xaem\xe7l\xde61\xb6k\xcd:q2\
\xef\x5c\x91u\xday\xd6\x11v\x0e\xda'\xdaK\x8b\x0d\
#\xec\xb4R\x954\x95xRT-\x8e\xa3H\xc7I\
\x5c!\xa9\x09\x0b0\x82\xf3Q\xee\x85\xc5\xb4<\xf6\xfd\
\xa3\x00\x00 \x00IDAT\x8a\x05\x22J\x13\x80\x14\
\x09\x00\x80E,\x88c1\x22V\xc4\xe5\x0e\x1d\x10\x22\
\x92'\xed\x00\xb1\xd6\x9e\xaews\x18#Q\xd6\x15E\
\xa7\xddYl\xe7E\x1b\xc0\x08X\xe1\x8c\xc4\xa6\x04Z\
+\x12\xf1\xa1V\x05{\x0c\x07a\x00\x01\xef\xe8\x14\x00\
\xd0!yu\x04\x10\xcfW\xf1S)$\xd0\xad\x19\xe9\
\xa8\xc8\x0d\x91\xaa\xd6*\x88>\xccXI9\x14\x04\x91\
\x89\xca\x92\x85\x93T\xa0\xfb_\x00)F$$\xadu\
\xa2t\xaaT\x82*\x06\x88\x00\x94R\x8a\x90@\xc09\
\x17G\x11\xa0\xb2\xcedY\x96\xe7y\xab\xd9\xeat2\
\xe7\xb0\x92Vgg7MM\xcdE\xd1^\x83\x14E\
1\x90N\xe28\xd5H\xec\xbc\xa8\xc7\x1a\x8b\x08\x1a\xbb\
R\xe4A\xca\x1aVT\x14\xe9<\xcf\x00\xf0\xce;\xef\
\xb8\xf6\xdaW=\xf8\xd0\x83D$ ccc\xdb\xb7\
o?v\xec\xd8\x17\xbf\xf8E\xadu\x12\xc7Z\xabm\
\xdb\xb6}\xf5\xab_\xfd\xf9\x9f\xff\xf9f\xb3\xf9\xd1\x8f\
~\xd4Z\x1bi]0{\x8fa>|\xab\x97jW\
*\x95$I\xc6\xc7\xc7'''\x0f\x1f>\x0c \x17\
_|\xc9\x7f}\xf7\xbb\xaf\xbf\xfe\xfa\xe3\xc7\x8f/.\
.\xd6\xeb\xf5\x9f\xf9\x99\xff\xfc\xc0\xfd\x0f\x9c\x7f\xfe\xf9\
\xa6\xf0Z4\xce\x931?k\xd6\xdaz\xbd\xbei\xd3\
\xa6\xe9\xe9\xe92k0p\x22\xcb\xae5\x86\x82\x8cp\
\xe7.\xeb\x87\xe2\xa9\x5c\x8d\xf0\x92\xe0tTy\xe5\xf2\
\xc1\x5c\xa5\xac1\xe7\xa7\xa2,jY\x01.\xf45{\
v\x08c\x85?\x07\xbf\x9c).\x09\x0dz\xae\xb0\xbf\
\x9b\x05!o\xdf\xd2\x1aJi\xfe\x95\xa6\xb3x\x8a\xc1\
\x0ba\x1c\xc7A\xabT\xf7\xc2b\xf7\x1d\xe3\xcf\xdd\x90\
\x9fU:\xbb\xb7\xe6\x89\xa6\x0f\xaa\x1a\xf6Z \x94\xe5\
\x8d\x00\xff\x819B\xf2w\xac\xb08\x02s\x0cz\xe0\
=\xa42\xbfz\x854\x88T\xca8\xa3\xfc\x1a\xd4\xa9\
\x16\x86\x88\xa7h\x9fP\xc9\xb7\x07\x9d\x1a\xba\x10{\x8c\
\x90\xc0\xce%\x22\x00A\xb4$\xac\x91\x90#\x06\x8d\xce\
\xb20\x22#Y\x11\x14-\x147\xc11\x08\x10TD\
b\x06\xeb\xd0\x0a:P\x0ec\xa7\xb4E\x16\xb1Z(\
vX\xcb\x8d.\xb2\xa2\xb9\xcf\xfe\xe8\xa9\xa7o\xfb\xea\
\xe3\xf54\xde\xbcq\xc3\xe6M\x93;\xce\xd7\x9b7\xad\
\x9b]\xbf\xb5>\x1e%J\x08\x0a\x9b-\x81\xeb\x98\xbc\
Yd-c\x8b\x22?\xce\xb2\xd8\xf2~\xad\x18A(\
M*\x8a\xb4VQ\xa4c\xad\xb4RjbtZ\x04\
\x84\x81\xd9\xdb\x8c\xb0'\xde\x02N\xd0!\x82eq\x22\
\xec\xac\xb3\x8e\x9d\x15f.\x98\xd9Zc\x9c1\xd6\x1a\
\xe4\x5c\xb9%\xeb\xac\x08\x13A\x1c!\x8b\x15\xb1i\x84\
\xa44\x808v\x8c\xe8<g\x03{\xf4\xbfk\x8b\x12\
\xdeQW\x84\x03\x00@\x08\xe2\x19\x17]\xf8\xd6ee\
\x08$\xb1&\x22E\x02\x00q\xa4X\xaco\xcb\xbfl\
\xec\xf29<_\xa3\x17\x84V\x08\xf1\xa4\xc9e\x92T\
\x08\x89\x94\xc7\x1c\x09Q$\xa2\x88bR\x11\x00\x09\x03\
\xb35Egq\xb1\xd1\xee4\x8d\xc9\x05\xb8\x92V\xe2\
8\x1e\x9f\x98L\xa2\x8a\x08J4:1\xc9\x22\xe0\xd8\
\x01\x093+Df\x89\x14\xc5Q\xa4\xa2\x04UL\x8a\
<\x96\x0a\x90T\x0dX\xb1\x82x\xd8D\x95J\xdan\
\xb7\xee\xbf\xff\xfes\xb6\x9f\xb3av\xb6^\xaf\x8f\x8d\
\x8f_t\xd1E\x7fw\xeb\xe75\xa9\xb7\xbc\xe9\xcd_\
\xfd\xdaW/\xbd\xf4\xd2\x03\x07\x0e\xac\x9f\x99\xb9\xf6\x95\
\xaf\xfc\xfd\x8f\xfc>\xb0T+\x15 \x02k\xbd\xcd\xb9\
\x87\x1a\xeb\xd6\xad\xcb\xb2,M\xd3\xa2(\x10\xb1\xd1h\
\x9c\x7f\xfe\xf9oy\xcb\x9b_\xf5\xaaW9\xe6\xc5\xc5\
\xc5\xe9\xe9\xe9/}\xe9K\x1f\xfb\xd8\xc7\x00q\xc7\xce\
\x9dE\x9e\x1bc\x9d\xd7\xa4)\xc5aN\x92d\xfd\xfa\
\xf5\xd3\xd3\xd3\xaa\xa7:]\x16\x8e`Ou`e\xcc\
QV\xe3(\xc3zXQ\x88\xb02\xed\x1f\xac\xe2\xb7\
\x9e\xef\x22\xb8\xc0\xe2^p\xc1\xb2\x88\xe1,0G\xf8\
\x1c\xbc2\x0e\x82\x8c\x15\x86\xbd\xdc\xf3\x9e\x16\x9a\x94\x01\
\x9f\x7f;\x1ep\x04aV_`\xb3\x15&\xb6\x9c\x96\
\x83)+\xa4\xd5\xd0\xc2\xbe2gG>O;\xb6\xd5\
4\x1b\xe6\x0dKJx\xc1\xca:\xac\xeaPx5\xbd\
\x9c\xc5\xa4\xad&='\xef\x02\x11\xbd\x0fx(]\xe0\
}\x1a$\x94\xff\x819\x00\x00<gX)\xe5\xb5\xe2\
=\xb7\x03z[\x9dN\x0d\x0bw\xa6o\x1a{>\xc1\
\xf0T\xbe\xc5\xd07\x87%/CA=\xcd\x97\xf7\x02\
 \x7f\x85*W)\x8bf\x98\x19\x95\x03\xb2\xc4\x04H\
\x88\x8a\x99\x10\x9d\x13fpF\x0a\x05\xe4\xc4\xe8\xc4\x80\
\x03\x10\x05\xac\x95\x03\xc5\xac\x95SX\x08v\x18\xadH\
\x91\xb7\x0bk\x9cV:\xae\x8d8W)r\xd3\xc9\xf2\
4M\xb5\xd6'\xf2\xfc\x81\xa7\x1a\xf7\xee>\xa2\xefj\
\xaf\x99\xa4\x8d\xeb\xa7\xb6o]\x7f\xfe9\xb3[7N\
\xcdNO\xd6\x127R\xb1\x11\x1a\x85\xe2\x8a\x16\xdb\xc2\
Y\xb6\xce\xb2cfh\xb5\x16\x9d\x01+\xd2b\xef|\
\x1f;\xb9S\xa4\x95\x8a\x95\x8a\x88\x22\xea\xba\xd1d\x01\
\x87$\x00lL\xc1l\xd9\x19k\x1d;\x0b\xdce\x92\
\xf8\x98.\x00Bh\xa2\xc8\xa4\x11!\xa2cg\x9d\x01\
\x00\x22d\xd7\xf5\x9a\x8d\xa8\xbc\xe50\x0b`O/\x04\
O\x9a\xb0z9\x03\x00t\x19\x03]\xa8\x11|\xc1\xf6\
\xd0\x03\x11i\x85\x02R\xe4\x1d\xc7\x0c Q\xd4s\x0a\
D\xe8\xb1\x07v\xdf\x89B$\x04b\x06\x04\xa5T\x1c\
E\xb1\xd6\x91RZ\xe9\x18I)\xd2\xdenE\x84\x00\
\xa9\xb0\xe2\xb2\xdcXW\x18\xdbn\x9c\xc8\xb2\xa58\xd2\
\xd5Z:55Q\xabU}XWk\x9c\xb5\x96P\
+\xad\xd2$5\x06,\x1b\x8cP\xfcSyx\xe3\xc1\
OI\xd0\x0e+^\xa1\xb4\x8e\xa2(j\xb5Zq\x12\
\x1f>|hdd\xe4m?\xfb\xb3q\x924\x1b\xcd\
\x13\x8b\x8bo{\xdb\xdb\xee\xfe\xd6\xb7\x1f}\xf4\xd1\x0d\
\xb3\x1b^\xfb\x9a\xd7~\xef{\xdf}\xef{\xde{\xff\
\x03\xf7\xdfu\xd7]\x8ahtd4\xadV1\x8e\xc6\
'&&''w\xed\xda522\xf2\xf0\xc3\x0f\x7f\
\xf7\xbb\xdf]\xbf~\xfd\xd6\xad[\xb7m\xdb\xf6\xe2\x17\
\xbf\xf8\xba\xeb^\xc5\xec\x0e\x1e<\x98$I\x96e\xbf\
\xfa\xab\xbf\xfa\x85\xdbn\xdb\xbe\xfd\x9c\xd9\xd9\x0dO<\
\xf1\xc4\xfa\x99\x99}\xfb\xf6\xd7j\xf50H\x8f$\xd6\
\xaf_\xbfa\xc3\x06/\xa0\x09\xda\x88eA\xc9j0\
G\xd0-(S\xcdS\xa4\x90\xab\xa0\xfd\xa7\xa5\xdc\xbe\
M\xbf\x01\xfd\x156\xcf\xf3\xb2\xc1\xc2`#\x83\xf8\xa0\
\xaf\xd9\xc1\x8e\x86\xeaj\x0c6r\xda\x02C\x1fp\x85\
\x02!I/XF\x00\x1c\xaa\x176e\xb9\x8a\x83_\
\xfaJ\xae\x90\xb3\x1a)\xc9\xf3!I\x19l\xa4\xfc:\
V\xd9\x8b\x9c\xaa\xcb\xe2?\xfd\x1a\xf6\xc1\x07\xb0\xe7\xa9\
R-\x1f\xed\xfc_\x17\xe6\xf0\xf2#)\xc5\x0a.\xf3\
o\xfa\x1f\xcd\x17\xed\xab?\xd8\xe2\xca9\x83\x02\x88\xd5\
4\xb2B\xddrNy\xf4+|\x86*\x839P\xa2\
\xdc\xe5T\xce\x87^\xf4m\xec\x09,\x03&U=\xa7\
a\x5cri\xea\x0b\x97\x9b\x92\x81T\xee=dr)\
\xf9\x1c\x7f1\xf2\xc9\x7f\x0f\xbd{\x07;!R\x0c\xf7\
|\xce\x94s|\x99\x90\x003\xc4\x5c\x9c\x16\x17\x89\x8b\
\x85#v\xc0\x22N\x9c\xb1y\xe1r\xe6\x22V\xd6\xb2\
XF\xcb\x94\x17\xceZ\xc7\xc2\xe02\xb1\x99\xd8\x8e\xb8\
\x028q62\xc6X1\x853\x99\xc9,X\xcb\x85\
e\xe3\x90\x05\x858\x8a\xb3q\xb1\x85\x98VB\xc5x\
\x85'j<3\x19m\xdf<u\xde\xb6\x99m\x9b\xa6\
\xd7N\x8fM\xd7;)6X\xd8\x89\x80\xb0\xa0\x10)\
\x16\xe7\xd8\xffc\x16k\xa5\xc3N\x9cCg\xd1:d\
\x06\xcb\xcc\xc0\xcc\xc6\xb1\x15ap\x1d\x14#\xc2\x22\x82\
\xcc L\x04(B((\x02\x08\x0c*\x97\x18\x00\xb0\
K\xf9\x89\x05\x05\x88H\x01R\x97\x0cS\x8e\xe0\xa8\x07\
)\xbc\xef\x12\xf0~C\x85\xbd#u\x10}\xb2\x11\xcf\
\xde\x00(1-\xc0[\x9ax;\x14oY\xa3\x14a\
W\x0c\xe3\xaf5\x0c`\x11\x89P!hD\x15E\xa9\
\xa2HQL*\x22\xd4D\x8a\x81\x904\x91r\x02\xc6\
8kx\xa9\xd1\xce\xb2\x82YT\x14k\xa5+\x89\xaa\
\xd7t\x14i\xa5\x10\xc0k\xbd\x88\xb0 )`\xb2\x96\
%\x9a\xfc\xf2\xc3\xc9\xff\xfe\x7f>\x9bS\x0c\xd5\xc9\xac\
p\x84\xa8\xc4\xa2\xb3ZQ\x9cV+\xd5Q\x1dkD\
\xa1\x92\xd9\xe7\x90s\x84\x1dv/a\xa0\x94\xf6k\xa9\
>R\x7f\xf3\x9b\xde|\xd9e/TJ\x8f\xd7G\x92\
(\xba\xfb\xee{\xee\xb8\xe3\x1b\xe7\x9e{\xdek_\xfb\
ZD\xfc\xb5_\xfb\xb5\xfd\xfb\xf7\xbf\xf1\x8do\xbc\xe6\
\x9ak\x96\x9aMUI\xfd\xfd\xfe\x87?\xfc\xe1=\xf7\
\xdc\xe3\x9c{\xc5+^q\xed\xb5\xd7\xae[\xb7\xae\xd3\
\xe9|\xfc\xe3\x1f\xbf\xe8\xa2];\xcf\xdd959\xf5\
7\x7f\xf37\xb7\xddv\x1b\x11\xad\x9b\x99av\xadV\
K\xeb\xc8\x14\x05{\xcbg\x00\xe8\xa9\xc8NMMm\
\xdf\xbe}dd\xc4k\x8a\x0cU\xd7\xd0\xa5`le\
\xa7\x1a\xaa\xa4U\xda\xf7\xc8\x1e\x10H\xe9\x02\x0a\xdd\x17\
\xbc,\xa5,\x97\x5c\x81l\x97{\xf1\x7f\xfa\x1d\x8a\xbd\
\x88-C\xab\x9c\x11\x1a8#\xcc1X}\xe5\xc1\xaf\
\xd0H\xb8z\xf9c\xca9\x17\xc7\xb1\x9f\xdb\xa07Z\
fu\xf4u\xb4\x1c\xf5:\x0b\xccQ\x067\xcb\x959\
\x0bby\xda\x9c\xb3\xc0\x1c\xe5\x8a\x814\x84\xb5\x14T\
,\xc3b\x1eN\x98\x9f\x1f\xcc1Xepb\xcft\
\x1a=\xceV=\xed\xec2A\x84S\xe7\xa1[\xfd\xec\
0G9\xbf\xfcyv\x8d\xac\x1es,\xd7o\xdfs\
\x96s\xca\xa8b(8\x18\x9a\xc3=\x07j\x22\x12n\
0\x81\xfd\x8b=/\xc8+\xa7\xbe\x96\x03\xdf\x22\xfcZ\
F\x1b\xe5d{\x22n\xff%\xe4\xf4\xa1\x8d\xbe|\x0f\
GD,\x00K\x97\x9e\x22\x00\x89\xa0u\xd6\x98\xc2Z\
\x0b\x08D\xc0l\xd8\x89c6\xd6\xa3\x1c\x8f\x84\xac3\
\x85\xb5\x05;k\xad8+>\xdbC\x84\xbc\xc8Y\x9c\
s]!\x07;Q\x12\x03\xb3\x88Cp$\x96\xc0\xa1\
\x18v\x05\x81\xab\xd7\xd25S\x93W^:\xf6\xa2\x0b\
\xa7\xb7n\xd9\x9c\xc4J\xd8TSm\xf2V\xacA+\
!`\x00V\x801D\x02\xec\xac\x11g\x89\x10\xc1\x81\
X\xa5\x18\xc4:W\x888\x8a\xb4e\xb6\xc6\xb8\xae\x94\
\x05\x10\x88\x0bg\x0b\xcb,\x84Hh\x8ab\x0e\x04\x00\
\x09\x80\x00\xc918\x06@\x05\x80\x02(\x00\xa8\x0a@\
\x87'\xd7\x80x\x7f\x16\xd8cr\x88\x90\xe3\x12\xef\xdd\
\x87xA\xc4\xee\x06C\x00\x80\x18\x1d03\x0b\x83g\
{\xb1\x13\x01D@\xad\xe3Hk\xa2HQ\xa4\xb4\x06\
$R:I\xabH\x8a\x19X\x10\xd1\xbb#\xd7*\xaa\
5\x1a\xad\x85\xb9\xb9Vs\xc9\x99B\x01\xac\x9b\x9e\xae\
&I5M\xb4\x22a6(F\x01\x82\xeb\xfe\x13&\
\x12\x10\xf118\x05\xc0\xd0\xc8]\x8f\x8f\xfc\xaf\x8f}\
\xbe%P\xe8\xba\x95\xd8\x18\x17\x11\xc6\xe4}\x85\xc5Q\
Z\x8d\xe3H\xf5n\xf8e\xdf3ee7\x11\x86^\
4\x18\x04t\xec\xb4\xd2Y\x9e\x8d\x8f\x8d\xdf\xf0\x9a\x1b\
\xae\xb8\xfc\x8a5\x93\xe3\x08\x92\xa6i\xa5\x92fYV\
\xe4\xc5\xd1\xa3G\xff\xfb\xaf\xfe\xf7\x1bnx\xcd\xeb^\
\xfbZf^8q\x223\xae\xd1h\x1e8p`d\
dd\xd7\xae]W_}\xf5\xf8\xf8x\x14E\xc7\x8f\
\x1fo4\x1a\x95Jedd\xe43\x7f\xf1\x99\xff\xf7\
\x0f\xffpi\xa9\xb1u\xdb\xd68\x8a\x9a\xad\x16\x008\
k\x8b\xa2@<)2\xf0\xeby\xf3\xe6\xcd[\xb7n\
M\x92D\x0f\x04C\xd1\xcb\x04cS\xa5\xf8\xaee\xde\
F\xf7U.\xcf<\x18\xfcs(\xd5\x1f\xcc\x19J\x9e\
\xfdg\xa0.\xd2\xbbK$IrZ\xb1\xce \xa4\xe8\
+\xd3\x07\x1cW3\xf8\xc1FV\x89B\xca\xc7/\xf6\
\x9c\xabv:\x1d\x11I\x92d\xb9\xa1\x96S_\xfej\
\xa8Z\x1f\x09X\x0d5=\x0b\x1a\xfc\x9c\x10\xf2\xb3\x03\
.\xe5?=-\xf0\xc8\xc3c8\xe8\xd1\x14\xbf\x80\x03\
\x17\xe4L\x07v\x16\x83?m\x99\xa10\x85{\xa6(\
\xc6\x98\xa2(\xd24\xf5#\x87^\xf4\x9c\x15\x1a\xf9\xb7\
\x869\x06s\x82$\xa2/\xbf\x8c\x03\xca\x85\xfb\xf0A\
\x08\x88G%\xf3\xeb2n(\xf30\xfar`\x18\xe6\
\xe8\xcb\xe9c{\x94QE\xc0\x16}|\x8e\xbe\xfc>\
\xf0\xd1\xc7S\x81^\xe4U_\x18{\xf70\x11)7\
\x15\x1a\xe9\xcb\x0c\xcd\x16E!%\xd7ra\x12\xb8'\
u\xf2=\x06\xed9\x00\xd0\xd9\xd1\xd1\x18\xc6\xc7i\xb4\
^\x9d\x1c\xabM\x8c\xd7\xa6'\xea\xb5\x8a\x1e\xad%\xb5\
JR\xaf\xa5\xd5$\xaaj\x89b\x8a4i%\x91\x12\
E\x8e\xd0ir\x04\x8e\x90\xb5&\xc3\x8e\x88\x22\x1di\
E\xec\x98\x8d#$\x85H\x82\xcc\xe2\x8ca6Q\x8c\
\xc2\xd2c\x9fx\x0b\x1d\xf1h\x89\xd9\xb2\xb0\x88C\x11\
a\xe9\xc6B\xe9\x86C\xf1>CYD\x10\x94\xd61\
\xf4n\xdc(\x9e${\xb0\x80\x88\x04\x08\xb9\xcb\x81\xbc\
\xede\xac<\xaf\xc2\x01\x08\x12i\xadc\xad#E\x1a\
@\xa1\x22R\x9a\x19\xf2\xa2\x00THd\x99\xf3\xbc\xe8\
dy\x91\x17\x8b'Nh\xad+I<R\xab\xd6\xaa\
\x954\xd6(\xac|h8aa1\x0a\xadB\x04!\
a\x02&\x11\x04\xf4\x02\x13\x16\x12$\x83\xb5o\xedI\
?\xf8\x7f\xffm\xd3A\xa6+@U\xe7 \x89t\xec\
\xd5N\x94\xa28\x89\xb4V=}I5\xe0\xc0[J\
\xdaB\xe5\x85\xca\xccq\x1c#bQ\x14\x17]t\xd1\
\x8b.{\xc1\xf9\xe7\xee\xf4\xea`\x93S\x93O\xeey\
\xf2\xb1\x1f\xfc \xd2z\xdb\xb6m\xadv\xabZ\xad\x8a\
 \x03\x1d8\xf0\xcc\x96-[\xde\xf8\xc67\x8e\x8e\x8e\
2s\xa7\xd3i6\x9b\x22r\xf0\xe0\xc1\xbf\xff\xfb\xbf\
\xff\xdb\xbf\xfd\xdb\xc5\xc5\xc5\xb1\xb1\xb1\x89\x89\x89\xa2(\
\xda\xedv\x14E^\xf4+\xa7\xba\xa5a\xe6M\x9b6\
m\xde\xbc9I\x12\x8f9T\xcf\xa3W\xb0\x83\xf5l\
\x0f\xea\xb9\xf3\x0av+}b\x14X\x067\x9c\x96\xdc\
\x0eV9\x8bF\x02D\x08\x9b1\x88~\xc2A4X\
e\xe81\x1dr\x86R\xfa\xa1\x83?\xed\xd8\xca\xf9\xcb\
U\x0c#T=_\xef\x22\xd2\xc7\xb3\xe9\xeb\xa8o\xe4\
\xe5?\xff\x03s\x0c}^)\x19:y\xc4\xecW\xcb\
\xd0\xc5\xb0\xca\x81\x9d\xc5\xe0O[fh\x15\x7fz\x04\
7\x80\xfe\x94\xf0?\x85\xe3e\xb9F\xfe\xed\xebs`\
\x0f(\xe0\x80\xd1\x07\x94\xae&P\xdai2\xa0\xe0\xe3\
)\xee\xa0&\x97\x0c\xc8\xe1V\xc8\xa1\x01\x9f\xa1\xe5\x8e\
`\xd8\xc6\xc3\x1e\x0f3|/\x8f\xdc\x7f\xa1R@\x96\
\x00\x92\xc2\xf2\xf5\x8b\x1b\x11}\x04\x84\x90\xcf\xcc\xaad\
\x15\xec\xba\xae\xa2\x10{>\xa7\xb9\xc7\x1f\xf6\xedCO\
\xeb%P\x08/\xd3\x81SQ]\x80h\x88\x98T\xb6\
\x1aC\x87\x8e\x16\x87\x8f\xb0FFXD\x99Kc\xac\
\xa6\xbaZ\x89k\xd5j\xad\x0ak&\xf3\xd1\xb1\xfa\xd4\
\xe4\xd8\xc4\xf8\xc8\xd8h\xa5\x9a&I\xa2b\xc5\xcc\xc6\
\x16\x99u\x85f\x87\x9c\x89\xb3\x00.\x89(\x89\xd4\xf8\
XM!G\x0a\xb4\xc28Q\xa0&\x8c\x9e\x16q\xcc\
V\xc4\x80\x14\x82F\xd0\x22\x18%\x96\xc0\x0a\xb8\xc8%\
(\xaa\x8b0\xc0\x87L\xeb:\xbd\xe0.\xe6\x90\x88\x10\
\xa0k]\x02=\x82Q\xa61\xa9\x0f\xe7\xebu5\x90\
\x10\x15Q\xc4^t\xc4\x00\x82@ZG\xaa\xd3\xe9\xe4\
\xcdNQ\x98N\xd6\xe9t2\xeb\x18\x10\xe28\xae\xd7\
G\xd6L\x8c\xac\x9b\xd6Z\xa3\xea\x9a\xad\x17\xcc\x19)\
e\x9c\x14,\xe0u\x0e\x00 ,\x83.\x17F\x0b(\
\x01%\xa0A\xb4`MG\x9a\x14\xb0\x03\xe7X\x11\x10\
\x11\x08\x00!b?\xbd\xa1R\xa0\xa9\xb0f\x06\xd7\xb0\
\xf4\x98y\xde\x99\xb7\xd6\xfa\xb1\xc7\x1e\xdb\xb3g\xf7\x8b\
.\xbbT\xeb\xe8\xa9\xa7\x9eTJ\x1d?~<\xcb\xf2\
u\xeb\xd6}\xff\xd1\xc7\xb4V\xc6\x98\xb9\xb9\xf9#G\
\xe7\x0e\x1d:4>>\xfe\xe0\x83\x0f^|\xf1\xc5S\
SS\xadV\xeb\x89'\x9e\xb8\xfb\xee\xbbw\xef\xde\x9d\
$\xc9\xc4\xc4\xc4\x96-[D\xa4\xd1hXk\xd34\
m\xb7\xdb!\xe6\x13\xf5B@1\xf3\xc6\x8d\x1b7n\
\xdc\xe8c\xaf\xa8^$6\x7f\x1c\x07l\xe1\xbf\x07\x05\
\xc6\xb2Vi8\xac\xa1t\xf8\xae\x92*\x97\x89\xe8 \
]?m#}\x7f\x06\x00\xe4'\xdf+\xd6\x85I\xc6\
e\xfc\x90\x0e\x1dX\xf9s\x85\xf1\x0f>\xc5\xe0\xf0\xce\
(?\x1c\x0b\xdcc\xf7\xc6q\xecUb\x87\xd6\xedK\
\xab!l\xa7\xadr\xdaF\x9e\xa7*\xcfG#\x83\x05\
\x02\x88\x0c\xeeJ\xfd\xb2\x09\xc75\x0d\xb8S;\x8bY\
]M\xad\xb3\x98\x01\xe8\x1d\xf5\xde|\xa9\xbc0`\xd8\
\x12\xedK\xff\xf61G9aI\xb0\x84\xa7b\x91\xf2\
\xaf^(\x15\xd4;\xc2\xdd\xbd,\x87\xf3\xdfq\xc0\x80\
e\xe5\x9c\xf2\x9b\x90\x9e\xc5l\x80\x14}\x081\xac\xcb\
\xf2O\x81\xfc\x87\xf1\xf7=Kh\xb9\xcc\x84\x08\x8c\xaf\
\xc0\x84(\xa7\x80B|_\x01\xb5\x84\xd5\x13:\xf5\xca\
\xb0\x9ef\x04\xae\x0c\x96\xbc\xbe\xf8\x13\xd6\x13\xb0\xc5f\
&N'q\x14i\xc5\xc8\xc2\x11\xa1db\xe6[\x85\
;\xb1\x04pB\x91C\xce\x94\x02\xad \x8a \x8di\
|\xac>33\xb5n\xed\xe4\x86\xd9u\xb3\xeb7\xac\
\x99\x1a\x8f\xc5\xd4\x22Lb\xc5\xb6\x9d\xb5\x17M\xd1\xd8\
\xbd\xef\x90pG\x5c\x07$Gp\x0e\xd1E\xd58\x8a\
*i\xa5\x9aV\x938I\xe2$\xd2\x91\xa2$R]\
\xc6{a\xdb\x02\xe2=\x80\x12  Xg\xbb\x8a\xa3\
^\xb4 \x0el\x0e\xd0u\x5c!\x08:\x8e\x88\x14\x8b\
\x8f\xd6& \x90\x10zu\x0e\x01\x00\xf9\xff\xdb{\x93\
%Y\x92d;L\xd5<\xa6\xcc\xbcC\xdd\xba]\xfd\
\xba\xab\x81~$D\xb8\xe1\xc3/r\xcb=W\xfc\x00\
l\xb8\xe3\x86+R(\xa4\xe0\x03H\x90\x14B@\x01\
\x04 \xdf\x807\xa1\xab\x87\xaa\x9b1\xba)\x17'\xed\
\x94\x86\x99\xbb\x87\x87\x87\xc7\x90yC\xab$n\x84\xa7\
Mnn\xaezL'S\xb1P\xefd\xb7\xab\xd7\xab\
\xedz\xbd\xd9l\xb7_\x9e\xff\xf4\xc7\x9f~\x98L\xa7\
\xd3j2\x9bM\x17\x0f\x8b_\xfd\xeaW\x8f\x0f\x8b\xd9\
l\x16T7\x9b\xcdf\xbd\x92\xddZ\xccb=\x91\x10\
DC4\xd9F\x93\x10\xa4\xaaT+S\xa9b\x08&\
\xc1L\x91$\xc4D^\xd6\x03\xce\x84\x89\xaa&a\xa2\
\x95\x84 \x16\xa5\x8e/&\x92(\x16U\xeazg\xb5\
\xcd\xa7q1}\xc9\x88\x85-\x08\x96\xab_]Tr\
h\xda\xb2L&\x93\xa7\xa7\xa7\x1f\x7f\xfcq>\x9fO\
\xa7\xd3]\xbd\xf9_\xfe\xe5\xbf\xfc\xfe\xfb\xef\xff\xf9?\
\xff\x8b\xe5r\xb5\xdem\x9f\xff\xfe\xef\xff\x9f\x7f\xf7o\
C\x08\x8f\x8f\x8f?\xfc\xf0\xbb\xf9l\xa1\x12\xde\xbf\x7f\
\xff\xe5\xcb\x97\x7f\xf1/\xfe\xc5\x97/_\xc0+\x17\x8b\
\xc5?\xfbg\xff\xec/\xfe\xe2/\xbe|\xf9\xf2\xa7?\
\xfdi\xb9\x5cj\xda\x09\xfd\xf0\xc3\x0fTKp\x89\x86\
\x10~\xf5\xab_\xfd\xf9\x9f\xff\xf9\xd3\xd3\x13\xb6}\x84\
\x1a\xf8B\x8fQ\xdaV\xa0\x8f\xf1\xea\x8d\x98<\xaf\xfd\
\xbb#\x8e\x03\x960\xc2\xbf\xa1\x8d\x90\xa2\x94\xca}\x1a\
\xe1\x0b\x851\x00\xc1\xe3\xad\xa1V&\xabR^\xc9\xfa\
\xcd>\xcb\xbfv|\xe9\x86\x05\x8de\xf8\x13\x07\xe8@\
\xed\xd4V\xb7\xad\xe5Sh\x94F\xaeE}\x06\xafi\
\xd7\x17B\xc0Ix\xb3\xd9\x0c\xa6+\xaf&\xbf\xc0H\
\x865\xcb\x93\xdb\xe8J\x5c\xc2\x8e\xd6\xeao\xde\xb6R\
\xb6`\xfbT^\x01y\xef\x0d\xda\x1d\xcce\x05\xedC\
\x924f\xd9\xc0\xda\x08\x9dR[Pz\x8c2\xe0*\
\xb3\xad\xd0\x9f\xc3W\xe1\x01\x98\x04.\xbe\x97\xcc\xa6\xc3\
v|\xcbl\xa4\xcd\xcaC\xe3\x8b\x9f1\x11\xd9\xedv\
/6\x90X\x9b\x99IT\x8d\x12\xa3V\xa2j\x86\x88\
\x0e\x9d\x868\x13\xb1Xo\xc5vU0\x1cd!q\
\xab\x1a\x17\xf3\xc9\xbb\xa7\xc7\xef?>~~\xff\xf0\x8b\
\xcf\x1f\xbf\xfb\xf6\xfd\xaf\xff\xec\x9b\xef~\xf1\xee\xdbo\
\x16\x8bY\x5c\xcc$\xe8&\xd6\xebX?\xab\xfdX\xd7\
\xf5v\xbd\xdd\xaev\xf5\xb6\xb6\x9dX-\x1a\xf5\xe58\
\x94(\xf5\xb4\xb6`/\x1a\x0c\x15\x13\x99L'\xc8\x8c\
\x05\xc1^\x89\xcc\x83\x8a\xbc\xa4\x1e7\xa0\x0b{\xf9\x22\
*f\x12b\xadf/\xd7M\xc4\xd4L\xab\xaa\x9aT\
\xb3j2\xad\xaaJ\xb4\xaef\xf6\xf0\xf00\x9bN\x83\
J\x08ju-\xb16\xb3\x804\xa9*j;\x839\
\x07\x9e5\xaa;\x13\x09\x01\xa9\xca\xa2Y\x88aj\x93\
`\x11\xfe\x1c\xa25\xc6\x12U\xa2\xaa\x85\xb0\x0d\x1f\xff\
\xa7\x7f\xfd\xf4_\xff7\xff\xdds\x9c|\xa9\x17\x16\xe6\
\xc0C\x93`\xd1lg\xb6\x93I\xa52QA\xce\x0c\
\x08oJh\x02\xd9\x0czzh\x8b,\xe6Z)\x93\
\xb2>==}\xfc\xf0a:\x9b.\x97\xab\xe5r\x19\
c\xbd^oTt\xb7\xdei\xa2\x87\x87\x07`\x02.\
\x1b&\xd9\x8b)\x14\x96\xe7m\xbe\xac\x10\xd5\xc9d\xf2\
\xcb_\xfe\xf2\xb7\xbf\xfd\xedb\xb1X,\x16\xb3\xd9L\
D\x16\x8b\x05\xa0\x06p\x06l\xde\xde\xb6\xc2\x04\x00\xa5\
\xec\xb7}\x85G\xc7'o\x9c\xb7/\xfb\x02up#\
\xfe\x0a70\xc4\xf4\xb8}_\xa5\xb1\xd9\xee\x9f\xc7\x0e\
,{\xd6e\xcb\xd9u\xbe\xec\x93\xc9\x04\x0f\xc5\xab\xfd\
\xdaZ\xce\x1al\xa3\xb2@\x1b\xe89\xa5\x91aU\xce\
\xd1Hc\x9b\x96v\x83xS4\xe5\xcc-\xd7R\xcf\
\x815\x0e\xb5|;\xb22\x07-_e\x15,\x8c\xe0\
\x12\xef\x86\x22\xc5YV\xc57\xf2U\xe89t?\x09\
tv\xbd,\x0f\xe9K\xc5\x00\xe6\x17\x80\x8e\xa2\x17\x16\
\xb8\x9e\xfdJas\xb1\xc2\x04\xa3N[\xc0\xae\xa1b\
\xf1\x9b9M\x91\xb7\xde\x9e\xc2\x8a\xf8\xe2\xbdx\xea\x94\
\xdb\xc3\xcb\x186K\xccaIi\x91Yj\xb8\x1f\x85\
%%\xb8\xe0a({8\x18\xd4b\x88v\x08!\xca\
zW\xaf\xa2\xc40\xadTd\xb3]\xa3\xae\x86\x10\x03\
\x5c\x22+\x8d\x8b\xaa\xaat\x1ac\xbd\xddXm\xbb\x9d\
j\x9cNC\xa5\xf6\xe3n\xf7\xd3\x9f\xe4?\xfd\xf0\xfb\
i\xf8A\xe5/\xe3n;\xad\xe4q!\xbf\xf84\xfd\
\xf6\x9b\xc7\x7f\xfa\x9b_\xfe\xe7\x7f\xfe\xeb\xef\x7f\xfdg\
\xdf}\xf8\xf0\xeb\xa7*LB\xb5\x08\x93o\x14\xc1*\
\x1ak5\x0b\xd1TD\xa3\xd5\xf3I-p\x89\xadc\
\xac\xa3\xc5]\xbd5\x8b\xf0J\x8d\x16%\xaam\xb1\x12\
~\xce\xd3a*\x1a*h\xf0E\xa5\x0a\x1a^\x9c$\
\xaa\x10\xaa\x97sM$H\x8a\xaa\x8d\xb6\xdb\xc5M\xbd\
\xddml;\x9d\x84z\x17+\xd5*h0\x98K\xea\
\x18-\x84wb\x1a\x04>\xa8\x22\x223\x15\xab\x0d\xe0\
G\xab\x80,\x1d*\xa2\x12U\xc4$\x8a\xd6\xa2\x11\xaa\
\x0f\xa9*\xd3\xf5\x8f_&\xeb\x9dX5\x0d\x93\x99\xe8\
\xc4v\xf5v\xb3\x09\xd3*L\xc24L\xaa0\x9dO\
\xa7\x13}A\xb7\xfe,i\x88\xffR\xac\xf2\x11\x9bY\
UU\x08R\x15\x910\x99\xec\xd6\x9b\xba\xae7\x9b\xed\
?\xfe\xeew\x22\xb2^\xaf\xe1K1\x9d\xcd,\xda|\
:G\xe0\x0e\x8c\x8f_\xbe|A\xcb\x5c\xc0X\x81\xeb\
\xf5\xda\xcc\x00\x1d\x88Bb\x8c\x8f\x8f\x8f\x9f>}\xfa\
\xedo\x7f;\x99L\x1e\x1e\x1e\xb0\xd8\x16\x8b\x05\x14\xb6\
\xc4\x1cTo\xd0\xb6\xc2\xf1\xfb\xd7\xc7\x7f\xe9\x09\x17\xca\
Z\xfd\xab\xb7\xf5\x18\xdc)\xa3\x92\x12\xff\x80]\x00\x84\
56\xd5\x07.\x1c5\xf8\xb2\x0awPY\x99r2\
\xc9\x0d0\xe1Vh\xfb;\x00\xc7\x9d\xfa\x90%\xd5\xf2\
f\xb3\x99L&\x8f\x8f\x8f\xeb\xf5\x1a\xa9n2\xa7\xe3\
\x1b$\xe4\xe0a Xp\xa9x\x1b\x01GF\xbd\xf4\
\x1c\xfe\xba\xffky\xa5\xa3\x91l\xaf\xdf\xd1\xc5\xc1*\
\x8dW\xca\xbaT3dU\x1a\xafd\xfa\x06\xb6P\xfe\
\x84\xa7.\x8d\xca\xd4%\xb4\xb5\x19[\xdcT\xcb~Y\
\x8cP\xc0\xab1\xfc\x97]\x22K.\xd0)h\xc5\xea\
\xba\xden\xb7\xd4\x85h:\xf0\xd3k5<\xd8B\x8f\
,\xef)Sc\x94z\x8e\xec\x8a\xd7\x7f\xc4\x18UD\
\xec\xe5\x1ec\xca1n/\xc9\xaa\xd0s\x80\xccU\x1c\
\xa8\xa2\xa6\x16\xc5\xa2h\xc4\xd1\xac\x10\xfd\xa6&/>\
\x95u\xb0Z\xe2ZjS\x93\xc5T\x1e\x17\x93o\xe6\
\x93\xff\xf2\xbbo\x7f\xf3\xfdw\xdf\xff\xfa\xdb\xef~\xf1\
\xf8\xed\xa7\xd9\xfbw\xfa0\xdf-\xe6\xdbI\xd8\x04\xdd\
\xa8\xee*\xfb(ue/'\xcbG\xb3\xddt\x12\xa2\
\xedD\x22\x0eD\x13\x99\xaa=\xda\xcf\x8c;\xd61B\
\xa3\x91\xc6*;eJt\x11Q1\x0fX\x93\x8b\x9f\
\xeav\xbb\x89\xf5\xaeR\x99N\xaaI\x15\xac\xdeY\xac\
\xab\xa0A$F\xa9\xe5I\xa4R\xb5 Q%\x06\xab\
-\xee\x82E\xb1Z%V!\xc4*l\xc5D,\xa8\
\x04\x95]\xac\xa3\x89N\xa6Q\xc3\xd6B\x98\xcel\xfe\
\xdd\x7f\xf5\xdf\xfe\x1f\xff\xc3\xff\xfa\x7f\xbe\xfb\xf4\xfd?\
\xfeq\xfd\xf0\xf8\xee\xf9\xa7\x1fgA\xa4\xde\x9a\x8aL\
&6\x99O\x82NUg\xb3\x19\xf4\x1c\xdeH\x17\x93\
W\xe3n\xb7\xcb\xd2:Q2\xbd,N5SSy\
\xf9\x8f\xd2\xd4M\x81h\xdc\x13\x9c\x5c\xed\xd9\xe2\xf7p\
Y\x92H{xx\xf8\xcdo~\xf3\xeb_\xff\x1a\x9a\
\x0c\x104\x1c\xc0=\xa0,\x1a\xb6M\xf6g\x02\xb5\x14\
\xcf\xc7\x82\x89\xc1\x8d\xb0p[\x95\xd5j\xe5#n<\
+\xf3ST6;\xa0\xdf\x92\xb2\x8a\xbe#n0\x90\
b\x04\xe0/\xe3\xab}\x1cB\x0fR7\xe2\xe9Y\xe5\
`\x99>\xbd\x1c\xbc2\xa0\xdf\xc1\x8dX\xf2\xca\x04\xce\
\xe6\xd6\x17/i9\xf3\x07G2\xca\xe0\xc5\xad\xc6\xdd\
n\xb7\xd9l\x1e\x1e\x1e\xa4i\xed\xf5\xa4\xafB\xcf!\
M\xaa\x0e\x7f\xa5q\xe2\xfc\xdb\xc8\xef\xaaZ\xb9\xd4a\
\xd4/y\xde\xea\xcbg]d}e\xfd\xfa\xc2|\xa2\
%W\xa2\xeaB\x93\xd3\xa8\xa6<w\x5c\xa6\xf0\xeb\x89\
\xc9\xac\x13\xf7\x9d3\xac\xd0\xfad\x12E]\x96h\xaf\
\x0e\xf1z\x0e\xbe$x+\xa0\xf9\xc0\xbb\x01\x14\x22\xb5\
\xa8)\x02K\xe1\xab\xa9\xa6\xc4\x1c\x06\xe9\xa6\x1b}\xc9\
\x0ejb\xa6b\xf6r\xe0\xeaK \xebN'\xf1e\
\xe4\x12LT,L\xde\x87\xca\xd4\xe4\x8b\xd9\xf3\xb3\xfd\
\xfe\xa7\xf8\x1f\xff\xe1\x8f\xd5\xbf\xf9}\xd0\xed\xe3\xc2>\
}\x9a}\xfe4\xfb\xee\xf3\xe2\x9f|\xff\xf1\xfb\xef?\
\xfd\xe2\xf3\xfb\xf7\xef?\xfer\xfa\xf0n2\x9d\xce5\
\xc6]\x8c\x1b\xb5\xed&\xee\x82V!D\x91hV\x8b\
\x05\xb8vX\xb4hu\x8c;\xd5\xa8*\x8a\x14\xe9j\
\x22\x165dZ\xb2t\xc4|\x12\x09\x12\xc4\xaa\xd9$\
H\x98X\xac\xeb\xed&\xd6:\x9dL&\xd3Y\xacw\
\xb5X5\xadvq\x09\xebM\x1d\xa3\xc4\x9dX\x5c\xcc\
&\xc1j\xb5\xa8\x98\x81y\x90\xa9\xd6;\xab\xad\xb28\
\xade6\x99~\x5cn&2y?{\xf8\xf4\xff\xfd\
\xf5\xdf\xff\xef\xff\xf7\x7f\xf8W\xff\xd7\xbf\xdf\xd5a\xb5\
\xa9E\xab\xdd\xb6\x9e\xcf\xe6Zo$ \xdfH0\x0d\
1\xc6\xf5n\x83-\xd4b\xb1\x80\x7f\x86\xe7\x114\xb2\
\xc8>\xef\xd8[\xb7\xa2P\xf8\xbc\xd8\x92\xd4\xd2\xfd\xa6\
\xe5*\xa21\xdf\x09\x88C\xe7\x92|\x80\xfcNHD\
\xe6\xf3\xf9\xfb\xf7\xef?}\xfa\xf4\xed\xb7\xdfbl\xc4\
\x1c\xf3\xf9|\xe6\x08\xf8\x83\xab\xaeM\xfaZaO\xe1\
\xdbZ\x16\xee\xfe<\xbd\x91\xc6\x9f\xfe\xcab\xb1 L\
\x87\xcfJV\xb1q$}\xfa\xed\xb8\x9e\x15\xc8n\x99\
\xdf\xeb\xba^\xadV\xd06\x95n\x8cw:\x13\x91\xfd\
\x82\x8do6\x1b$\xa7A\x1eHX$\xaf56\xca\
,\xa8\xbaah;\x85\xde>\xe6\xf0\xc2\x9e\xbc\xe9 \
&\xb0\xe4\xe0Y\xa2\x04\x7f\x86\x13\xc4?S\xbbxY\
\xae\xc9\xd0\x15\x0b\x9f\xcdll\xecW\x939#\xa6\xb3\
\xbc\xfd\x908r\xcf5b\xcal\x0d\x8e\x8c\xac\xed\xe4\
bu:\xc3\x82:\x8f\xe8\xb2\xe0\xf9\x91T\xe9\xdcZ\
u\xc1\x0e\x9a\x9c\x00b\xb2\xc7\x13ts\x84D\x18\xd4\
\x8e\xfc\xac\x1a\xd9\xee,\xc6\x18\xa5\x8e\xa2ABr\xc7\
\x0c\x92\x00\xc7\xcbA\xac\x98\x01Q\x15I93p\x7f\
\x22\x82\x08\x11\x11\x11SS\x15\xd1(*!\x04\x09b\
Zk\xdc\xe8n=\xb3\xd9\xacR\xd9\xfda\xfb\xfcW\
\x7f\xfbE\xfe\xe6\x8f\x12\xff\x18\xe4\xef\x1f\x16\xf2\x8b\xcf\
\x93_~\xf7\xf9\xbf\xf8v\xf2\xe7\xbf\xfc\xf8\xdb\x7f\xf2\
\xfdw\xdf}\xf3\xe9\xc3\xbb\xf7\x8f3\xb5\x8d\xdaF\xea\
\xb5\xda\xae\xaa\xac\x0a\x13\x8dS\x95hV\xab\x86jZ\
\x89\xed\xd4v\xaa*b\x90\xce\xd0\xc0\x88;`%\x81\
\x8dt\xc5L\x00\xcb\xaaPK\xdc\x99\xc6h\xb1\x8e\xfa\
\x92\x87\x0c\xd1-K\xd1(\xaa\xd5\xa4\x9aT\x93\xa0a\
\xb5\x5c[\xacUtRM\xab\x10~\xaaw?\xeev\
U\x98\xcdg\x1f\xa7\x93\x0f\xa2O?\xaefK\x9b\xff\
\x9b\x7f\xfd\x0f\xff\xe3\xff\xfc\xdf\xffo\xff\xea\xdf\xff\xf0\
\x93l\x9e&\x0fO\x1fwQ'\xd3\xd9v\xbb[L\
BP\xb5\xa0&R#7\x8b\x99:\x93<\xcc\x19X\
K\x0co\xc3\x89\xf0~9e\x18\xf4g\x14\x92\xc0B\
\xb9\x92u_w\xe8ke\x0b\x8c:\x8f\x87\x87\x87o\
\xbe\xf9\xe6\xbb\xef\xbe\xfb\xf8\xf1\xe3\xe3\xe3#\xb4\xf7\x8b\
D\xd0m\xd0\x81\xb4\xd4m\xa0\xe5\x0c0\x05w\xf0G\
#\x86h\xbb\xd2\x08\x0e\x06T\xf1W\x0e\xf6\xeb\xbdz\
\xf1\x8c<\xechl\xa4\xad\xd9\xec~\xb39\x91\x16j\
\x9c(\xcc-\xd4\xde0i\x95\xdco\x185\xde\xda\xc1\
+\xc7\x16(\xcb\x0c\xeb\xf7`#}\xc66\xa0\x11\xba\
t\xc0?\x1a\x5c\x14\x7f\x0aE\x82\xbbK\x92\xa6\xc0F\
\xb0\x11\x98T\x064\xf2\xf3\xf77o[)\xdb\xf1\xaa\
\x08_\xd2\xf6\xc9\x17\x16\xc7U-\xd9)Dd\xb3\xd9\
P\xcc7\xb6\xe3\x1b\xf1M\xe1\xaf\xde\xec\x92U!+\
\xf76\x11sF\x10\xefI\x8aO\x98T\x883,\x99\
f\xbc]\x06\xd0\x81\xfc.\xee\x9b\x99\xcce\xdd\x88\xfb\
\xc6\x9d\xcc@\xe3\x9b\xf5\x19;\xe2^\x9a\xb2g\xb3\x0d\
KZ|I\x8ba\xf0\x96\x8c\x16-h\x98\x8b\xbc\xa8\
=\x00E$\xa5%\x7fy:2\x11I\x18\xdf\x14[\
\x0231\xe4\xafT\xad'\xbb\xdd\xf4\xd9\xa2Y\x94 \
a\x16f\x1a+\x89\xa1\xb2\x10w\x12k\x0b\x12\x9e\xaa\
\xbf~\x9cn\x1e\x17\xe1\xc3\xd3\xfc\xfb?\xfb\xf4\xab_\
|\xf8'\xbf\xfe\xf6\xbbo\xdf\xfd\xf2\xdb\xf7\xef\x1fg\
\xb3\xa9.*y\x9ch\x15L\xe2N\xa5\x9eO\x83\xda\
\xc6\xe2\xa6\x92:h\x1d\xd4Tm\xb5\x03\xe8\xc9\x96\xae\
\x1b\xac\xa9\xc6\xa4\xf5\x08A%\xecb\xbd\xdb\xd5b:\
\x99NB\x08\xbb\xb8\x9b\xcdW1\xeeb\xb4\xda\xaa\xa8\
S\xd1\xf9\xce&\xd5\xe4q:\x7f4\x9d\xac\xd6\xdb\x9f\
v\xf6\xd3N\xff\xf0\xfb\x1f\xff\xf6o\x7f\xf8\xcb\xbf\xfa\
\x87\xbf\xfd\xdb?\xfe\xcd\xdf\xfd\xf8\xfb?\xc6\x1f\xfeP\
\xff\xb8T\x9d\xbe\x9b.\x1e7\xf5\x8fa\xfe\xf0e#\
:}\xdcm\xb6\xb3`\xd5n-\xb2\xab\xc5vZm\
\xc34X\x9c\xd8\x0bd\x84\xe4\xf6I{4%\xed\x88\
.\xc1\x7f\xf9J*\xdf\x8f\x88\xbf\x195:\xa4({\
o\x96\x17\x8al\x90W\xc0\xb0>\x7f\xfe\xfc\xed\xb7\xdf\
\x22u\xd8\xe3\xe3#`\xc7\xc3\xc3\xc3\xc3\xc3\x03|H\
\x19\x07\x1b\x5cv/\xdf\xac\xb9\xb3[K\x04 \xa7i\
8Nl$\xbb\xe5\xc6F~^:f\x90+\xd0B\
\x85\xfdH\xda60\xd1&\xcf\xda\xc6P\x16.\x87'\
\xee\x8c:\xfa\x134\x02\x8eQ\xe0\xc2(r}\xc0\xc0\
\x06\x8c\xe4L\xfd6\x16`d\x93\xa5\xe4I\x22B;\
Kw\x0b\x8d\x1d\x8d\x02\x9800F\xd1g\xefuO\
0\xe4\x8b\xbd}=\x87\x14\xfa\x0c\xdd\xb7\xb3\xf0JY\
\xc5\x92G.\xa1\x06\xfe\xca\x8a`\x16/\xa6\x84TQ\
\xdd\x11-d\xebl\xca\xf67dm\xf0+\xe3\x0b\xc1\
\xc5P\xd1\xb4AKJ\x9dR\xb3K\xca\xf1\x8c!i\
Rl\xe0\x8a\xef\xd1\xf6U>D<(\xc3\xc1\xa3q\
v\xea\x01\x10\x91G\xf6'*Bj\xab\xa2\xc4\xba\xae\
C]\xc7\xba6\xa8\x85\xd0M]\x1b\x8c-\xf6\xc2\xdd\
\x0cj\x02M\x02.\xd14V!\x05\xa8\xbe\xa8\xf2m\
W\xc3V\xa3&&\xba\xb5\xb8\x8e\xd3\xc9d6\x99\x06\
\xd1\xb8\xad\x15\xae$\xd1\xb4\x8e\x13\xd1I5\xf9\xa2\xdf\
~1\xa9V\x16\x9e\xd7\xff\xe6\xef\xfe1\xd4\xffq1\
\x91O\xef\xe4\x97\xdf>\xfc\xe6W\xbf\xf8\xcf~\xfb\xfd\
o\xbe{\xfa\xb3w\xf6\xf1\xc3\xbb\xc5|2\x0dq\xb6\
\x95Y\x15'0\x96\xa8U\x01\x8e\x1c\x95Z\xf8\x19a\
h2\x09\xa9\xc8K&\x8d\xa8\x0a\xffO<;\x9bT\
\x95j\xd8\xd5\xb16\x11\x09U5\xdf~Y\xcffO\
\x0f\x8bwV=ne\xb1\x91E\xd4\x87\xbf\xfd\xdd\xf3\
_\xff\xdb\xdf\xff\x87\xbf\xfa\xcb\xff\xf0\x97\x7f\xfd7\x7f\
\xf7\xfc\x8f\xffi\xfb\x87?\xfc\xe1yU\x87J\xaa\xd9\
D&\xf3?=\xef6V=}\xf7\xadL\xe6\x7f\xf8\
\xf2\xfc8\x99nwVM\xe6\xb5\xe8t:\x9dh\xac\
t'f*b\x12j\x0d\x1a\x91I\xec%\xbf\x02X\
\x86\xf7\xcaD*\x0e\xefk\x1c\x9d\xf5\xede\x9d\xbc\x1c\
\xbb'\xf2\xe2\xae\xd2\xaaiW\xa7l\xf0\x8b\x96\x05\xcc\
l:\x9d~\xf8\xf0\xe1\xc3\x87\xcb<Y\xbf\x00\x00 \
\x00IDAT\x0f\xdf|\xf3\xcd\xbbw\xef\x9e\x9e\x9e\
\xe6\xf3\xf9\xd3\xd3\xd3\xe3\xe3#\x95\x1cL9\x9a\xbd\x95\
^\x00\xf3J\xe3gV\xd8\x7f\x96\xb2\xb9\xad\x0a\xaft\
Wik\xc4OKc\x95\x98\xb2\x86\x9b\x0b>\xf7\xc1\
,\xd2#3i9\x0fY\x81\xeczV +S\xa7\
\xf04\xac\x0d)\xa2TN\xa1\xb2\x91>W\x8e-P\
\x96\x19\xd6\xef\xc1F\xfa\x8cm@#0\x88\xc7d+\
\xa72\x8c\xc1\x92}\xfc9\xceA0\xa9\xf8\xa4v\x03\
ho\x89\xde\xbe\x9eC\x0a5F\x9f\x91tT\x89\x85\
\x0f\xa98\xa1\x9b\xc9`Jb\xcaZ\xb6\x10Sl\x0b\
\x8f\xd4SGuJ\x8e.\xfd2\x93\xfa\xef\xe5\x90X\
\xa0N\xc1\xb4\xb5\x8bP\xdd\xedv\xcc\xd4\x0e\xcaBj\
3\x0d\x84\x07\x0d\xe5M\xf9\xc9\xf1z\x14q)M\xc5\
\x85\xf0\xf86kO\x228\xca-\xfe\x8c9vf\x02\
\xc0\xf12\x86\xfa\x05p\xc4\x97,\xa1\x12\xcdk\x0ed\
\x12\x91\xbd\xfc\xc5\x99\x00E\x10\xd7!\x0a\xfd\x88j5\
\x8bu-\xa8hb1\x06\x95\xaa\x0a\x9a\xce<\xdbN\
\x9fv\xa6f\xf5D\xe3Dw\xc16V\xaf&\xb2\xb3\
z-\xb5L&\xf2a.\xff\xf4\xf3\xf47\xdf\xff\xea\
\x9f\xfe\xe6\x97\xbf\xfa\xe57\x9f\xbfy\xfc\xe6\xc3\xeci\
\x11\xe6\x93z6\x89\x93\xca\xaa`\x0b\xdbU\x06\xc1\x0c\
{\x03\x98\xb2\xbd\x0c\x14\xd9\xd7UE\x83h\x15Ek\
\x0bZ\xcd$L\xb6\xb5\xad6\xbb]m*U\xbd\x9b\
\xad6\xf1\xf7\x7f|\xfe\xeb\xbf\xff\xdd_\xfd\xdd\xef\xff\
\xe1\x0f\xcb\x7f\xff7\xbf\xfbO\x7fX\xfe\xe1\xcbng\
\x93\xa8\x13\x95\xc7J\xdeK\x10U\xab\xad\xde\xec\xd6\xa6\
j\x95n\xa3\xad\xeb]-RU\x93'\x0df\xa1\x9a\
=\xac\xb7\xb1R\xa9\xd4B\xdc\xaaX\x14\xdb\x9al-\
\x04\xb1`/\xe60\x0a\x15&\xda\x22\xf2\xa8\xddQd\
R\xc8Q\xab\x13\xe6\xd0\x97H\x1e\xcbu<R\xef{\
 \xfaE.\x0e\xebO\xa7\xd3\xa7\xa7\xa7\xcf\x9f?\x7f\
\xfa\xf4\xe9\xe9\xe9i\xb1X\xbc\x7f\xff\xfe\xfd\xfb\xf7O\
OO\xb3\xd9\x0cA\xb6@\x1b\x99\xb0D\x83\xf4\xe7\xf0\
\xafs\x1b\xec\xe8\xf8\xec\x89N\xca*m\x8d4\x0a\xf8\
\xc6Z\xfe\xa7g\x14\x92\x8eY\xf0N\xb2\xe5\x18J\x84\
\x91\xcd@\xd9]\x07\xe0\xc8\xc6\xc3\xb7\xd8\xe7w\xea\x0f\
8\x0e\x16\xeb\xe3vz:\xe68\x13\xc2\xb8\x18\xe6\x90\
d\xe0&\xda\x83\x10\xc1\x81\xa3\x84\xe3\xea\xb6\xc7\x5c\x09\
\xa7\xf4\xdbVE\xd3Nu\xbb\xdd\xa2w\xf4Eo\x81\
\x8eeV\xd2\x9e\xb3\xe0\xe03\xde\xd8Ytf\xbfL\
\xd2\x97\xd4\x0d\x0e\xb2F\xfc\x9c\xb6\x01\x88\xb2\x11\xff\xd7\
\x8c\x09\xf6\xfc,\xc1\x81\xbf\x92i;(\xbf\x01H\xc5\
\xb1\x09_\xc07\x92\xc1\x0bJ}+\xc8\xdf\x1d{7\
\x07\x05b\x8cp8\xb2\x04\x8c\xea\x82\x88-2\xc0\x91\
\xc1\x056\xee\xbbf1M\x9a\x1e\x8fu\xacH\xdf\x1e\
\xf7-8\xe5_=\xf9\x1e9\x09~Q\x95\x0f\xa5q\
-eL\xcd:\x9d\x82\xcbvD\xa4\x8a:\xa95\xd6\
\xebiU\xbf{\xaa>\xbc\xaf>}\x9c\xfc\xe2\xd3\xe2\
\xd7\x7f\xf6\xfe\x17\xdf>~\xfa\xe6\xe9\x9b\xf7\x0f\xbf}\
\x5c?M\xea\xd9|>\x9bNB\xa5\xaa6\x99T\xa2\
\x22\x16\xcd\xeah&:\xb50\xdbl\xe3r\xb5}^\
\xd7\xab\x9d\xfc\xf0\x87\xe7?\xfd\xb4\xf9\xe3O\xab\xdf\xfd\
\xe1\xc7\xbf\xff\x87\xdf\xfd\xe3\x0f?\xfda\xfd\xf9\xa7\xa5\
\xfc\xf4\xbc\x5cmvQ'V\xcdv\x16\xac\x9aH\x98\
\x98V&\x1a,\x86\xfdh&\xce<?)\x83)\xa4\
\xb9\xf0\xfcLzd\x89vxX\x09\x02C\x82;\xe1\
\xdd\x9c\xe6/\xa3\xc6\xeb\x99\xf8d/!E\xe4\xd6)\
\xaf3\x02b?}\xfa\xf4\xe1\xc3\x87\xc7\xc7G\xe89\
\xde\xbf\x7f\xff\xf8\xf8\x88dS\xfd\xd1@\xc9\x1f\x0fV\
\xe9h\xa4\xf1\xca\xb1U\x1a\x0bw\xa3\x81\xc6+u\x8a\
~/\x83\x81\xc3\xfe1`\xdd\xcd6NNy\x91\x0d\
\xd2\x14\x8b~\xb3\x07}1\x89{\xb0J[#\xdd3\
0\xe0\xca\xe9U\xca2\xa74biWY%b\x01\
\x1f^\xd0\xf6\xe6\x1e\xecE\xf6\xfdE\xc8sD\x04\x80\
\x03Iq\xfa\xb4\xd3\xb3\xeb7n[Q\xb7E\xc8\xb8\
\xea\xc1+\xda\x82(\xfdl\xf2\xf10\xa3\x1c\x5c%\xa8\
;\xe5^\x93\xa9Ke\xff\x8c\x1ckqV\xf5\x94\xf5\
Ka\x03\xa0\xe3\x99E\x9dbX\x98<\x03\xb1$\x96\
\x0e\xa1\xf6\x22\x9f\x0e\xa1\x96\x5c\x0b\xc5\xb9\xad\xf0\xc61\
\xf8\xda\xe5\xfb\xa2\x97\xab\x87/\x14oh\xd6\x0bK\xfe\
\xd5+H\xbc8\xf4\xe0C\x1c\x98\x93\x02\xb1\x89{\xc7\
\xf8\xbc\xda&*[\x06\xbe|\xfe\x8aV\x12\xe6Am\
\xb6\xab7?,W?\xfc\xb4\xfc\x7f\xff&N\x82\xcc\
*Q\x95\xd9T\x1e\x16\xf2\xe9\xe9q>\x99?<>\
<>,fs\x9cw\xaa/G\xb3\xd8\xae\xae\xe3z\
\xb5\xfe\xe3\x9f~\xdc\xac\xeb\xe7\xd5\xe6\xcbr\xb3\xda\xda\
j#\xdbZL&\xd5\xf4a2\x9d\x87\xea\x1b\x95\x15\
\xd2\x8c\x85\xe9B\xb5\xb20\x09ajRE\xd1Z$\
\x9a\x04\x0d\x93I(o9\x9b\x22\xca6o\x89\xe0\xdd\
pb\xeb\xa6\xec\xf51\xe9\xe7\xc0M\xd4AU<\xeb\
r;\x85+4 \x92B\x08\x80\xbc\xaa\x0a\xdb\x8d\x99\
\xadV\xab\xddn7\x9f\xcfq\xcc\xca\xbbw\xef>~\
\xfc\xf8\xcd7\xdf|\xfc\xf8\x11\xda\x0e8\x8a\xd2i\x03\
\xd5e_~t\x7f\x96_\xda\xe0B\xf7g\xd9\xe6\xe0\
\x91t\x0c\xe3\xe0\xb0\xf9:\xf3e\xe1\xb9\x04\xe2\xf4\xa9\
\xbe\xae5\xe99\xba\x89k\x06?-iC\xe1\xb7(\
\xce\xbe\xf6Z\xe8\xd8\x19xE\x847\x9d\xef\x08\xf89\
\x94\xd9\x8b\xc5B\x93\x0fr#\xd48\xa5SI\xab\x0b\
\x19w\xce\x11\xbe\xf4\x06\xf5\x1cY\x81\x9e\x9f\x19\x7f\xe7\
\x97R\x10f%}]\xaf]`\x8e6\x16\xce6\xa0\
Y\x0bY\xbf\xb1]\x17\x22\x09\xfc\xc2\xd2\xe6\x07\xe0\xad\
'\xfe\xbb\xd7@dWX\xd8\xf6\xad-\xd9\x08Kp\
\xe0\x01G\xdc\xd7|\xd4\xfb\xd9T\xdb\x0a\xf8F2l\
\xc1\x19\x88\x85!\xacC\x05\xd2\xf6\xa5\x5cH\x19\x9f\x8a\
R\xef\xe2\x1aa\x12j\xa6V#\xe7\x97\xd5u\xbd\xdb\
X\xb4\xaa\x0a\x9b8\x11\xadRS\x11G\xb7\xa8JP\
\x11\x15\xb3X\xa9L\x83\xaaV\xa2\x95\x84\x89\xe9\xa4\x9a\
,L&\xbbZ\x80%\xaaJ\xa7\xdb\xdf\x07\xd9i\x08\
\xa2\x95\x85`Zi\xa8D+\xd1\x00#\x92\x98\x05\xd9\
[r\xe5\xfa\xa1\x1fFF\xdc\x1f\xfb\xb9\xf5\x167>\
nI\xf9\xe9y\x9a\x89\xaf\xee\xc5\xa15a5~\xb2\
$\xdb\x87\xe3\xc8\xe3\xe3\xe3\xe7\xcf\x9f\xbf\xfb\xee;\xd8\
P\xe04\xfa\xee\xdd;D\xc0\x02%\xc7\xa4/\xec\x89\
\x0c\xb2\xef\xd9\x95\x01\x8d\x0c\xaeR\x8e\xe4 .\xe9\xbe\
\x12\x5c\xda\x92L)\xd5V\xc5/\xe3F\xa1\xdb1W\
|ep\x04\xb9O\x7f\xe9\x97\x5c[\xcbeG\xddW\
\x064r\xb0\xcd\xecz\xdb\x0c\x0c\xb8rz\x95\xb2\xcc\
\xb0Fd\xff\x91\x91c\x87t\xa2r\xf6\xb0\x0e\x0e\xa3\
O/|\x91\xcd\xac<K\xa5?ut\xfd6\xf5\x1c\
\xba\xbf\x03\xb6bO\x5cr\xd2\xc6/\xd9\x8bmE\xec\
\xab\xee'\xe4\xf0&7.\x0eM\xbe\x1d4x\x07\x17\
\x07\x9b\x91\xa4\xe5\xe5m{Y]\x22\x03\xd9\x0f:@\
\x01\xf6\xce\xe1\x91(E\x98?T\x9d#j\x86B(\
\xb44\x91\x17\xf9\xe6T8\x9a\xf4\x19\xfcB\x9f\xd9\x98\
\x0ee\xf63\x80\xbb\xf3]\xf8\xcfF\xe2S\xb3\xc2\xb6\
\xe5\xe7\xcd\x7f\xf7Wt_vZ\xa1R\x0a!L\x1f\
fV\xdb6\x8aYP\x99H\x0cA*\x11$\x15\x97\
\xad\xc8\xa6\xaaM\xedeO\x1aT\x15\xbd\x18N\x9a\x8f\
VO4\xdaD\x11\x5cc\x1aLBeZU\x95T\
!\xd6f\x16w\xb5\xbc{\xfa(\xf5\xb6\xae\xeb\x1aI\
/D$J\x08\x12\x82NBP\xad\x90&\xd5\xdf \
\xbfs\xd9x\xbf\x07\xff%\xbb\xa9l\x12\xa2\xcbdo\
\x09\xbbl\xb7[M\xc7\xb2\xcc\xe7s\xb6\xe3\xd5\xad|\
.L\xf9/.\x08\xabN\xe7\xef\xa8\xeal6\xfb\xfc\
\xf9\xf3\xe7\xcf\x9f\x7f\xf1\x8b_|\xfb\xed\xb7\x1f?~\
\xfc\xf8\xf1#`\x076L\xba\xbfA7w.I\x87\
\xd8\xe6H2\x01\xd3-\xe9\x0f6rT\xf5\xb2J\xdb\
H\xca\x9f\x07\xafp\x1e2M$/Z;\xc2h\xbc\
\x98\xddr\xe3\x92\x88)\x91\x8f\xba\xb3?\xe2~|D\
\x87\xe4\xe8(\xd38\xc2\xf35\xd26\x03}\x1a98\
\xb6\x01U\xc6\xea\x17e(_\xf0\x92\x22#%\x05D\
\xb9\x14\x07\x8f\x96\xab\x02\xef;\x94\xa0\xb1_\xbc\xccQ\
\xf4\x061\x87\x17-=\xaf\xf8?\xf9\x02\xbe\xa4t\xda\
V|y\xe2\x8c\x98\xac\x09\xd2\xc2\x02\xca\x91\x93\xd1\xc4\
}\xbfq\xdb\x07L\x96\x0e\x02\xd5\x840\x08A\x88!\
B\x919#\xb8\xec\xd7\xc4\x04\xde\xd2A\x14BTA\
\x93\x0a?u?\xa2\xc7\xb3H^\xf1\xcb\x97P&\xbb\
\xd2\x886x\xddK\xcaFl!\x85Hfy\xff\x0a\
y\x92\x02\xa6\x90b\x8c\xeb/\xeb\x97\xd3bu\xa2a\
R\xd7a\x17U$Ta\x1a\xaa\x89\xaaN\xb6\xffP\
\xc9V\xa3V\x15\x0es\x0df\xe9`\x16\xb5\x18\xa3\xc5\
\xadm\xb6A\xabIUUZ\x85\x10v\xbb\x18b5\
\xa9*15\x93\xaa\x9a<?O4LT\x7f>_\
^,\x06\x0dAB\x90 b\x1a\x82\xca\x1e\x1f\xe1P\
\xcb%\xeao?\xfb\xee\xc5$\x17\x09\xd4o\xd1\x1d\xe5\
#\x094\xac\xd7\xeb\xe5r\x89E\xc5\xbc\x9f\x99\x5c\xf4\
*\x13\x10V\xcbd2\xf9\xf8\xf1\xe3\xb7\xdf~\xfb\xe9\
\xd3\xa7\xcf\x9f?\x7f\xf8\xf0\x01\xc6\x94\x0f\x1f> \xd9\
\x06\xd3Yb04%\x84\xfd\xc4\x03m8\xc03\xd6\
\x92\x9b\x1f\xac\xd2\xd6H\xdb\x95\xa3\x1a)G\x92U\xc9\
\x1eV\xd9\xa6\xec\x1b\xe6\x99\xec\x07\xcf\x0beJXf\
\xed(\xa4\x8d\xfcB\xc2\x1aX,\x16\xecT\x9a\xf2\xaf\
\x5c\x8bz\xde\x91t\xce@\xffFn\x93<\x9b\xe2\xbd\
0\xf9\xf5r\xb9\xc4\xe3\xeb\xb8\xcd>3\x90\x95A\xa7\
\x99\x92~\x5c\x1a\x8e9\xca\xe9\x90\x96\x9b\x1c<t\xff\
\x92\x94\x8dt\xcfuG\xa7\x99 \xb7\xfd\xa8QO\xde\
/\xa1\xbb\xc7\xac\x18\x0d\xd54\x9f\xd3\xef\xb7\xe3\xc5\xb6\
\xfd\xbd\xac\x15\xaa\x11U\xe5>5\xa4\xd4\x0b0\x87S\
T\xeb>\xa1\x80WfXB\x1bL\x1b\x1a\x93\xca\x8e\
\xf3@\xe1\x1d\xf6\x83~3\xc1oi\x7f\xc62\x1e=\
\xf8+\x94s\xd9Eb\x11k\xc2\x1f\xe60\x07\x07\xa0\
N\xe3\xe2\xa7\xce\x0f\xbb\x1c\xa7\xed\xc3\x14\x0feD$\
\xc8l\x12\xa6/Q1&V\xcb,\xa8T\xa1\xae\xa3\
\xc9&\xdaVM\x16:\x0d\x16\x90\xb6TEL 2\
y\x84\xbc\x1aNE1\x91\xdalg;\xb1J\xa7\x95\
U\x95)\x8a\x05\xabv\xa1\xb2P\xe9\xcbT\x8b\xbc\xb0\
\x0c\xac+\x0b\xa2\xa6\x22\x1a\xfc\x13\xb4&\xcc\x91\xb1Z\
\xb2\x1e>\xca\xe0\xd2dY\xd2\xd5\x13\xed\x89\x08\x8c\xaa\
\xd1\xe5\xb0\xc7\x9cl6\x9b\xf5z-\xfbxE\xddq\
\x1b\xaa\x8a\xe3Q\xe6\xf3\xf97\xdf|\xf3\xfe\xfd{\x82\
\x0c|\xff\xf0\xe1\xc3\xd3\xd3\x136\xd0\xa58\xe7\x95R\
\x8e\xb2@v\xbd\xfc,'\xa1g\xc5\x83\x9f\xc7Vi\
|\x1c\x07\x0b\x94\x85\xfd\x17\xce\x0c7\x0cL\xe0\xd6\xa7\
A\xbf$\xa8\xba\xe0\x17:\xee\x94\xc6\xdf\xc6Fd\x9f\
:x`\x1b\x8d\xd2HI\xbe\x91n\xd1\xdbA\xd9\xd8\
\x8652\xca\xedddM:\x0c\x5c\xe4\x91\x8dY\xb8\
\x93\xf4\x10\xb5\xe4\x8d\x5c?\x9eK\xe0\x18a\x9c\x8b$\
\xc7\xf8\xf7\x1c5\x03\xe3\xe89t_\x85\xe0\xfft:\
V\x1a\x11m\xe9>\xb0\xd0\x16\xfd\x07\xbf\x8b{H\xfe\
\xa2\xb8W\xb4\xe3\x0bc\xac-\x993\xdaz\xc9VX\
t\xf9\xc7\xfc\x18,y\x05\xd2\xdb\x9f%=sQG\
\xe6\x02})Wt?i\xba\xd7|x\xedE\xa6\xe9\
\x95&\xe5\x81\xf7'%B\x8a\xc9\x93\xc0\xb7\xc6\xa9\xee\
@!\xb6\x1f\x12\xec!\x88\x7f\x0a\xf8\xeeU\x7f~<\
|:\x1ev\xf8\xa7f\x0e\xf9\xbd\xbc\x81\xa6\xbaS\x11\
1\xb5\xa8\x16\xd3\xb1,!\xe0\xbb\x99I\x90I\x90J\
<\x93\x7f\x09\xd8U\x95\x10\x82F\xd5\x18\x82\x08\xce\x87\
y9U\xa6~\xa9\x1b\x82h\x8cj\x95\xbe\xa4R\x17\
QQ\x0d\x9aN\x81\xc1\x05\x81\xc3\x98\xba\xdc\xf3\xe52\
\xf6\xe2\xc1\xf3\x1aKv+V\xe4\xbds#\xcb\x89z\
xx\xf0\xab\x22[!|4t\xf5\x80\x8b\xe8b\xb1\
@v\x0d$\xd8xxx\xf8\xf8\xf1\xe3\x87\x0f\x1f\xe0\
(\xfa\xf8\xf8\x08w\x0do\x19\x94&\xad\x80\x7f\x952\
I\xcf+\xa5\x08\xef\x16\xf3\x8d\xb0\xa0\xa3\x91\xd2\x7fe\
\xc0\xa7g\xdfm\xb7\xd3V\xa5\xbb\x11\xaf.\xf5\xd2%\
k\xa1\x8dX\xd2\x5c\xae6\xb4\x06\x07\x0eoI\x19\x91\
\xc7^\x8b\xfa\xcc\xc9e\x1a\x19\x85\xda\x96\x90\xa4\xad)\
0\x07\xde\xd3*\x9d\xd5|\x90\xac\x80\xad (;%\
\xb9\x07\x94\x05F\xa47h[\xc9(\x03\x16\xd9\x17-\
\x00\x87g\xe2\xbc\xd28\xfb\xeaN\x82%\xd9\xfe\xe6\x12\
\x8f\x10\xf1,\xb6\x9f\xda\xc5\xd7\xcd|\x83C\x11\x03M\
\x95\x80&\xeb\xbb$\x0e\x12\x8a\xbc\x08\x1c3\x91\x04\x11\
\x00\xabP\xcf\xe1\x1b\x89MF\x90R\x15\xe1%\x5c\x09\
\x0b\x08 2\xe3\x8b\x88dn\x1c\xe6\x149mJ\x0e\
\xaf\x90\x88\xfb^\xa5\xa4\xf2\xa7\x9f\x8a\xc6\xcf\xe8\xbcp\
\xcc,\xc4\x10\xa42\x8b\xa2fVG\x8d\xd1\xeah\xb5\
Im\x12E\xa2\x89\xec\xaa`R\xc9\x0b\xe8\x00\xda\x80\
\x82#\xe9\x87B\x88a\xa2\x22\x01O- \xc5E\x14\
\x95\x00\x84\xa1\x12\xc4P: \x91\x87j\x08Ux\x09\
5\x0a!h\x08\x95&1\xef\xe1\xa3_c^\x96K\
\x12r\xe6\x80\x94\xec3\x17\xbf&3\xe9\xe2\x1fh\xf6\
38'S\x1c\x89\x82t\x1a\x8b\xc5\xe2\xf1\xf1\x11i\
C\xe1\x19\x9aA\x0d\xbe\x1d\x1e\xfd\xb4\x09\xe0>\xe0\xe0\
L\x8d4\xf2\xd6\xc6F:>\x1b\xbb\xcbZ\xe8\xae\xd2\
q\x85\x1e0\xd8\x80\xd2\xdaURy\xdd\xbf\xf54\xb3\
\xd6\xe9\x90\xdb\xd2u\xa3\xb1\x91\x014\xa0\x91k\xf5{\
\xa6F.F\xb3\xd9\x8c\x92E\xd2\xbe\xa2\x9b(\xd7\xfc\
\x8aED\x8c\xa4@\xb6s\x03\xd0\xb7\x8f9\xa4\x09v\
\xc8\xbea\x05\xc5\x0e\x96\xd1\x02\xa6x%\x81\xec\xab(\
\xf8J\xab*\xd8\xf1f\xb3i\x14!\xb6\xef\x85 .\
:\xae\x94\xa9\xc8\xc6\xcf\xde9\xb0\xe8\xdcN\xc5\xa9g\
m\xdf\xef\x95\xc2\x09\xa4I\xcf\xe1\x1dA\xf8Ws\x0e\
\xa1^\xf1@\x81\xedo\x9fDS\x0b\x89u\xcbp\x15\
\x8f9|-?\x00^\x11\x07t2\x90\x91\xfd\x94\x1e\
\x98\xc3\x97D\xcer\x95`\x16_\x22Ql\x12LM\
*\x1c\x93bbu\xd8\xd9\xcb\xe90\xc9Q\xd4\x0c\xb2\
\xf5E\xea\x0bt\x1f*!\x19\xe0\x83\x99\x99\xaa\x88\xaa\
\x89\x98\xc9\xd4&A\xa2\x06E\x11U\xa9\xaaI\xd0\x10\
\x02<@p}/\xfdF\xc6 \xc4a\x08/\xd2\x88\
\xf3\x1a\xf9&=\x03x%\x8b\x89P\xe74\x10\x92c\
<S\x97\xfa\xa3\xd7\xa0\xea`F/\x08Bs\xfe@\
l\x84B\x9d\x1du\xc8i\xd9g\x85\x8dW\x064\xd2\
X\xa0\xb1\x0b\xd9G!\xd9\x8b\xdf6\xc2\xb2\xc1\x12\xca\
\x1c\xacR^\xb1\xfdm\x83:LIe\xa4\xecS#\
W\x09)h\x9f\x07\x96r'\xd0\xb8N\x1a/v\x17\
\xe8s\xe5\xd8*\xc3z\x19\xd0\xc8\xc1\xb1]\xe6~\xfb\
Ti,\xc3,\xf5`\xad8|\xb4\x83l\x7f\x0b\x1d\
\x93\x99UU\xe1B\xde\xb60\x8e\x1d[\x07\xbd}\xcc\
\xe1_\xda\xec\x95\xee\xb8\xe2_\xe9\xac\x0c\xaf\x9b\xb3\x98\
\xb2\x96\xf7\x99\xa0\x08$_\xf6<\x8b\x0cE\xf6\xd3\xfe\
\xf8\xba\xba\x9fm)$'P/`b\x8a\x0d\xf1U\
x;dUZ8^D\x97\xa7\x9c\xc0\x22\x16A\xad\
\xe8\xb1\xd1i\x833\xc0;\xf5@A\x0a#\x08\x18\x1f\
Ge\x85b\xa3\xbc\xce\xa3a\xd8`\x869\xfc_3\
5\x0c\x1fS#\xe6\xd8\xbbbf\x95\x99\x98\x9a\x8aT\
fA-\x88\x99\xc8\xcb\x81\xf6&V\xcb&\xbe\x9c\xa7\
\xa2\x09v\x88H\x088\x85N%\x88\xa9\xd48\xf6\x1d\
\x9f\x12\x92 \x09\x8a\x7f'\xa6*\xfa\x12\xfa\xf2\x12\x00\
\x13\x82V\x90\xf3\x1a\xb4\x0a\x01\x19\xc7\x088\x08\x05H\
~ej\xf2\x0f\xa5R\xc1\x97\xc9\xbe\x8b\x03\xa3l\x9c\
\xe0\x06-L\x12y\xd8\x81\x13_\xa1\xde\x00\xd4\xe0\xc0\
\xb8\xec\xe9\xb1\xc49\x8f\xc9K\xb4[\xc4f\x9f\xd9\x80\
\xb3\xeagjD\xf6\x11\xbc\x9f\xdb\xee\x96\xbb\x87\xd18\
\xd4\x8e/\xea0\xa5\x1f\xf3l6\x8b\xfbY\x07\xa5\xa0\
\xf2\xa2_\x1e\x96\xd2\xb5\x85\x10\xd0N\xa36\xbe\xb1\xe5\
\x83\xbd\x8c\xde\xc8\xb0^\x064rpl\x97\xb9\xdf>\
UJ\x94\x19S\xac\x00\xe1~V\xab\xac\x22n\x0d\xfb\
\x9d'U_\xd8\xbb\x9e>\xb6\x0ez\xfb\x98C\xf6a\
G\xf7\x95\xb6*~\x963\xa4\xd2\xf1\xd7\x90<q\xb0\
&\xc08(\xaa\xfbh\xb1\xd4\xb9\xfcp\xcbBV\xc2\
?y\xe6\x98)\x1e$\xa5s\x10\xa7\x0c`L\x8d\x16\
G\xd5\x13\xc1p\xfdy\xfd\x879\x5c\x92\xa1\x87\x12\x13\
\xf8\x9b\x0d\xfb\xd1\xb3%t(!H\x06\xdd<\xc9>\
\xbchlJ\xf6\xe5\x9f\x7f^V\x04\xdcF\xabk\xa9\
ED,\x98I05XT\xec\x05[\x98\xd9C\x9c\
\xbfx]\xa4\xffU\x82(0G\x10\xd1\x89\xd6S\xa9\
\x7f~t\xf6b;\x91\xf0\xa2\xd7\x10\xb5:lD\x93\
\xf3i\x08\xa2A\xc3$\x84\xa0\xa1\x82\xfc\xaf4L\xdc\
\xd1\xed\x8dD\x10\xc9\x95\x06\xcc\xe1\x95\x1c^bIB\
\xbd\xba\x0fe(\x84\xb2O\xa2\x0d\x1e.\xcf\xf3P\x18\
\x84\x02B\x92\x00\xf6e\xfb\xbb(+d\xa7_\xd8\xfe\
\xd3\x0f\xbb\x1c|\xf9y\xb0\x91\xee\xea\x8d\xbd\x94Wl\
\x7f\x93p\xecH\xda\x0a4^\xc9\xbed+6\xa6T\
\xa1Y#\x1d\xc4W\xdb'\xcf\xe6K\xadg\x8bJ\xb8\
\xd3\xc5\x88K\xa8\xc3\xe8\x96\x11\xf9\x00\xa5R\x8c\x11\x09\
\xfa\xb0\xbb\x1b\x90r\xf4XRbgR\xb9\x16\xdbV\
\xa7\xe7\xec\xe5\x9f\xda\xaegU|I\xbeoY\x01\xd9\
\x97\xee'6rp$\xfe\x85\xcf\xa4\x97\xff,\x7fv\
\x14\x16\x91\xd5j\xc5\x9c\xa1d%\x0cs\xcdn\x0d_\
`\xc7\xf5\xec)3\x0aH!q\xcb~\xa3;\xce\xde\
\xf6\x9d6\xda\xb2u\xc5\x82\xd02\x93}\x99\x83\x05m\
\x98\xc3Z\x80E\xe3\x15?H\x7f\x9be|fy%\
:\xb3\x8b\x9f\xbdl`\x9et\xdf\x1edf0\x95\x98\
\xe1\xdc\x17\xb1\x18_\xa6\xf9\xa5\xbe\xa8\xa6F\xd2\xd90\
\x93\xc94=\x17\x88\x99\xa8L\x1dX\xbd\x84\xb4P\xbc\
W!hPQ\xc3\xe5\x17\x14\x22\xa2\xaa\x93\xe94\x84\
J\xc4\xaa\xc9d6\x99f\xcb)\x84\xf0\xf8\xf8\xb8\xd9\
l\x98\xbb\xc9\xf6\x1f\xb1:\x9fb.\x15\xe0]\x22\x0c\
\xfa\xba\xd3pS9OU~\xd2\x8c\x82\xb3^\x810\
\x98.\xdd\xbf_m\x9f\xe6\xde\xd3F\xa1\x1e\x8ap\x95\
\x83\x82\xbc\x1b\x19tTik\xa4?\x80h\xbcrb\
\x95R<\x1c\xbcb\xfb\xaf<\x1e\x8a_!Rx\xed\
h:!L\x9d\x07\xd8A\xca\xfa\xed#\xc9\xfa\xdc\xce\
\xc1\x02\xde\x0c7\xb8\x97\x01\xfd\x1e\xbc\xd2g\x06\xca\xc1\
\xf7D\x00GU)\x0b\x98\x8bs\xcc\xa0\xaa\xb8]t\
H^AP\x95\xc1\xfe\xb2^\xaf\x81>\x91\x82\xf6\xc4\
\xc1\x1fE_\x85\x9eC\x0a\xbdEv\xbd\xedgvE\
\x0b\xe5\x879\x8b\xcc\xc1O\x04\xbcQT\xcb>\xa4\xf0\
=\xb2\x0bZ%\x1a\x99\xbb:\xf5F\xc7-\x84\x146\
I\xd7\x0dM\x1aWu~\x00\xb6\x9f\x1f\xdd\x5c\xe6;\
\x8a\xf6\xe0\xe2S\xbcoi\x86\x00x\xd1\xef\x89YE\
\xf6a\x90\xec\x1bG\xb2\x063=\x87\xec\x1bh\xdaH\
\x1c\xfa\x91\x02pH\x87\xc2\xa3\xa8\x22\xfb\x1c\xdf\x13&\
\x1eO\x03O&\xc0,\xe2\x9c@=eR\x9f\x82\x90\
\x9b\x0f\xc4\x97\x9a\x997pl6\x9b\xc5b\xc1@\x03\
MF\x5c/\xcf Q\xbc\x0e\xa3\xed3\x1bI\xe5\x08\
\xce\x19\xf4\xe1`\x82;.\xc8R\xfcgk\xb2\x5c\xa8\
\xfez\xb7\xccn|\x0b\xdaz9k#\xfdo\xb0\xff\
\x95\x13)\x14\xe1*`\x1d\x96\x18\x916e\xc1\xd7\xb4\
\x03\xce\xf2G\xdd\xe9\xcd\x90\xed\x83Q\xae\x13q\xcc\xad\
d\x141y\xf4\x97\x80\xe3\x02\xf4\xf61G\xa3\x84\xb6\
}\xe8P\x16\xc8\xaeh\x134\xb1\x02Xd\x05\xb2a\
\x98\x19\xf3\x91\xa3}\xa0\x10IA\xf3\x90\xb8\xe4\xf2\x92\
\xb8\x86o\xc7\x1b\xd1\xadi\xbf\xeeo\xcd\x8bO?\xc8\
\xe8\x22f\xf1Wo@\xf1\x80#:\xd7T\xdb\xd7\x7f\
0\x08%\xfb+\x0d(R\x08\xf2\x12@\xc0\xb7\x91W\
\x88B\xcci>\xb2\xbb\xcb\x14E\x8de\xa4\x09gx\
-\x88/\xd6\x08;l\x1fgd\x93i\xfb\xbby\xff\
\xe9E;\x80B#\xf2\xa0\x90\xa8\xd2\x89'>\x139\
\xe6\x01\xfe\xe4\x04\x1f\xc8CLgd\x8f0\xaa*w\
\x01\xc9\x10F6*\xd6\xa2\xb9\x04\xdf\x89BX\xd1\xcf\
L\xa3T\xeb\x96\xb8\x1d\x9f\x03\x1a)\x05\x7f78\xe8\
\xd3HY\xb1\xb1\xa9\xee\x02\x1dW\xca\x02\xa5\xec?x\
\xc5\xbf\x98X\xb1\xb3\xd9\x8cK\x14m\xe2U\xe2\xa3\xb7\
d\xc0\xe5\x1e\xa3\xec\xa5\xa4>c\xbb\xd9*gj\xa4\
\xcf\xbc\x1dK\xc3\x9eEG\x012\xb1\xe8\xd2\x0dS\x1f\
\x16\xf6\x0d\xb5\x92R\xcf\x85\xa6\xf0\xa5s\xd3\xdb\xc7\x1c\
\x9e\xb4G\xa0l\xe3\xa7\xec?\xe0\xf2\x8a8\x9eb\xfb\
h\xc3WA\x01\xb8\xe0E\x17\x9cB\xae\xc1-,[\
k\x5c\x13\xb6\x8f\x96\x1a\xc5\xad81\xc9\x8b\xe8\x91\xc9\
\xaa5A\x90\xe0|H3 R\xa2\x90\xe8\xcc1\xd6\
\x94\xfe\x8b #\x1b\x1e\x07\x1c]\xe4\x8b\xb4\xeb9\xa4\
@\x15\xd2dm)\xa9\x9c\x96\xac\xc1\xf2z6\xb0\xc6\
\x09\xf4\xcf1{\xe8\xfc,AF\x068\xc4\x09\x06M\
V\x8f\x18#\x00\x07\x8eq\xd2\x94\x12CS$[H\
\xde<\xccP\xee\xdb\xac\x9a\xc2k\x83\xcb\x17\xe4\xb5\x1a\
\xf8\x0e\x84A@\x13\x92-\xc6/?.\x92\xe0\x0c\x22\
\xd9\xfa\xcc>\xb3i\xe9(vl#e\x95\xec\xafm\
U\xda\x1a\xe1\x82,\x0b7>\xdf\xc6+m_\xf8\xd3\
\x0axz\x90\xcab|\xcb\xf8 \xb2\xb0ds\x18\x9d\
\x80\x03\x7f\x0a-\xe7\xf3\xf5\xe9\xb7\xe7\x80O\xacr;\
4\xca\x0c\x9ci$\x8de\xb8G\xc5\x16E\xf69\x1b\
\x8dk\xe4\x0c\xf0\x15\xe5Y-\xd6$\xaa\xceMo\x1f\
sh\xa1\xde\xe0\x17k\xd1j\x94\x9f\xda\xa2\xe7\xf0\x1d\
\x85\xa6\x93\xa0\xb3\xa6\xc0\xf7aQC\xe6|\x96d\x0a\
 q\x9a\x09u\xd1P\xe2\x0cx~<\x14\xa5\x5cj\
\xbc\xc7\xb6\xcfF\xa9\x9c\xe99@>3\xba\x15z\x0e\
\x7f\xdd\x0a\xf0Q\x8a\xf9P\xe89\xca1\x94z\x8e\xac\
\x18'\xc4\xf6u!\xd2d\x19i\xeb\xabQ\xe7\x91\xb5\
\xe0\xa7\xd7\xf6\x9f~\xb9\xc6\xd4\x81\x09Jz\x0a\xecL\
\xe5\xa0N'\x01\x05C]\xd7>\xd7$.R\xe7\x81\
y[,\x161\xc6\xc7\xc7G:g\xf0\xd3\xab.|\
\x17\x99\xa2\x85f\x14\xaf\xed\xf0\x03\x13'\x1d\xadIo\
\xefg\xa0Q\x90K\x93T.\xffz\xb0\x91\xecJ\xf6\
\xd9\xd6WY\xa5m\x00\xba\xbf\x97\xc8Z8\xf6JG\
\x01\xee\x19\xca\xc1g\x85;\xae`\x89\xaa*\x94R1\
\xc5\xb0\x98\xdb9P\xefXVl\xeb\xb7\xa4r\xfe\x8f\
\xad\xd2\xa7\xd6\x99\xaa\x9c\xa3\x91>30\x80\xcaf\xad\
\x10\xff\xe5\x1a\xe8(`)\x1c\xdao-\xbc\xb3 9\
\x80\x14\xcc\xed\xc2\xf4\xf61\x874\xe9\x1e\xf4P\xdcJ\
y\xa5\xadJ\xff+q?\x17\xe7v\xbb\xf5\xe6\x09\x14\
\x86\xfe\xbc\x14\x93\xda\x82\x87\xd8E\xb7\x96L\xf7\x01\x96\
\xec\xbb\x97J\x92\xb5YLJ\x89B\xba}H\x1b\x7f\
z\x0a-A(\xd6\xeeCZ\x96/)\x83)l\xd6\
\xcf\xed\xc1\xba~\x1e\xfc\x14\x99{\x94\xb2\xff\x9e{w\
q~\xf1R\xdc\x92\x1b\x8d\x97\xfa\xb2\xaf\xe7\x10\x91\xd9\
lV\xd75 \x05\x8eD\x01\xf9\xdcMP\x84\x98\x19\
0\x878Q\xaa\x09\xe5x\x9bH\xa6\xd8@yF\xc0\
\x06g7i\x14\x9c~x\xe5Zj\xab\xc5Q\x95\xad\
eS\xd7_f\xb75rp\xfc\xfd\xfb\xed\xb8\xbb\xd3\
\x07\xdfv\xe5(\xc2\xc6\x94o\x1c6\xaf\x5c\xc3|\xdc\
V\xf0+\x16\x18\xd6\xef\x9d^\x0bY\xda\xab\xe0Y7\
\xf2\xde\x10\x02b'\xb1\xb3\xbdV\xf8\xd2\x11\xc1W\x9e\
\xbcxS\xb7\xab\xf6\xd4\x08\xd3\xfc\xbbw\xb0J\x7f\x22\
\xa7\xa3\x8ci\xec\xa5g\xbf\xfc\xe9[\xcb\xc8\x0a\x80\xd2\
\x08\x08l_\xa1\xe2\xcf\xc2\xc0\xe3\x17'\x0e!\x0f\xa0\
K\xafR\xb2j\xdfTv\x0b\xb6\x8f\x1b\xbc+{\xf7\
'\xd1n\xe5\xb2z\xd8>62\xa7\xd5\xf0#l\xfc\
\x13\xbe\xb7%,\xef@!\x8d$M)7\xb2?e\
\x17\x1b\xafx\xe0\x92a\x0b\xaa\x9a\xcd=G?\xe0\xc6\
\x87\xde(_\xcb\x9f^\xf0kA\xe2\xb6\x1d\x9a\xf0\x22\
\x02S\x81\xf9\x16\x8b\x05t\x1e\xb0\xd9k\xf2\xf6x~\
~F\xb1\x98\xe2\xf2\x19\xc9\xe2\x91G\xa9\xdeP\x97\x12\
\xb4\x1c\x89\xb8\xd7\xa7\xbc\xd2->Gl$\xab\x95]\
\x1c6\x92c\x1bi{\xca}\xaa\xf8\x9f sN0\
\x9e\xca\x92\xe5\x95\x8c\xb8\x92\xf1\x02\xd6u=\x9dN\xbd\
\x03\x07 )|}\xa8<\x0f\xce\xf7\xab\xbb\xfd\xb3R\
\x9f\xfb\xb5&vzlGe#\xc7\xb6P6R\xb6\
\xd3\xa7\xd9\x01]\xf7\x99\x93\xb2VUU0\xc5\x92\xa5\
k\x0a@Cy\x1e.\xc1\x93(4y\x92\x0e\x1ej\
\x1f\xca\x06\xef\xdf\x82W\xa9\xe7\xd0\x96 \x94\xd3\x1b\xd1\
&\x98\xc2\x9f\xda\xa2l\xe8\xf9\xd8\x18s\x18B\x80\x8f\
O\xc6[\xbd\x90\x90}7\xf5\xee\x1b)\xa7\xa2{\x8a\
\xdan$\xec\xe77\xb3\xfd\xe0\x14\xd9O\xf9\xd5S\xcf\
\xd1\x0d8JK\xcaA<\xd1H\xd2\xc3\xb0\x22\x05\xe6\
\xe0_A\xbe|\xf7l\xf3\xbb\xbf\xa2\x85\x17gF\xe2\
\xdep>kK\xeaP\xa6oa\xcc\x08lp\x80\xa1\
!\x04\xa6\xca@k\xdeD\xe2\xaf\x10v\xf8ap\x9c\
~0\x8dw\x91\xddQ\xf6\xd9Q\xa5\xad\x91\xee\x16\xa4\
H\xc6\xd5\xa7Jy\xa5\xcfg\xc7\x97\x9e\x1d\xf1\x95,\
\xffzV\xe2d\xf2M\xc9L\xae\xd90\x0e.\xe3;\
\xbd\x0d\xb2}Q\xe5\xd7\x89\x14+\xb3\x84\xbfW\xa1W\
\x8698\xa1\xda\x22S{\xbe\xff|$\xb6\x9fS\xcb\
?*+ Ey%k3\xbb^\x96\xf7\xa2B\xf6\
]\x1cd\xffx6\xd9g\x8b\xd9\xcdj\x81x\xfc\xe0\
\x1b\xd9My\x8fY\x0b\x18Ff\xfe\x08E\x22\xf3\x0e\
H!\x0e4x+If1)\x81B\xd6x\xe6T\
\xe1\x0b\x97U\xac\x09g\xc8\xbe#H\xd9`\xa3\x17\x95\
o\xad|\xc4\x07\xa5ZI\xe6\x92bQ\xbe\xb20\xf1\
%\xbe3\x12\x01\x1e?4\x82\xd0{\x03*\x10*?\
\x82s\x11\x85\xb7\xa9\xb7\xaa\xe8>\xee\x89M\xc7\xad\x1d\
\xbc\xa3\xec\xb3\xfc\x92\xad\xd5\xc6*Y\xa7mm\x96e\
:\xaat4\x82\x9fd\xaf\x07+\x1e\xbc\xc7\x83}5\
^\xc9\xfet\xec\x95\x8ev\xb0<\xe8\xcf\x91\xdd\xaf\xb4\
\xc8\x9bc{\x19\x5c\xa5O#\x07\x9b\xcd\x9e~\xcf~\
\x8f\x1d\xd8\xb0Fn\x87\xbc8\xe08\xc9\x8a\x83s\xcf\
o\x94\x08g\xa5\x8ey{e\x98\x03\xa4\x876\xf1\xdd\
\xd5\xbd\x94\xf5|\xc4:\xe1EyE\x9b\xa4x\xf9\x85\
?)\x05\xd59\x93sAd\xc2 \xc3\xa4\xbcS/\
\x17\xfd\xa8\xfcM\xf9be\x15\xdf`)q3(p\
\x10s\x94B=3\xc74^\xf1\x7f\xf2]g\x08\xc6\
\x9a\xf0D#\x89{\xd9\xdaz\xc9\xa6\xa5\xfc\xe9g\xa6\
\x91=\x95\xb2\xa7M\xbef\xf2\x89[y\xc6%\x95\xc8\
\x00\xf6\x14\xfc\xc4\x91i\x9a<0,E\xbb\xcd\xe7s\
zcx\xad\x98\x87/ \x0fn\x1a\xe5w\xe8\x1d\x8a\
\xd2!b\x07T\xe9\xb8\xc2\xeb\x1e1\xf4i$\xfb\xde\
8\xbc\x9e\xc3h\xfb\x92\x8d\xb3\xff\xed\xb4\xd5\xed\xbe\xd2\
H|\xca\xd3\xe9t\xb5Zq\xa2B\x8aibk}\
\x86\xd1H\x03\xc6\xd6\xa7\xca\xc1\x19(\xcb\x0f\xe8\xf7`\
\x99\xc13\x7f\x9b\xe4y\x17f\xcc\xf6E\x838#\xf2\
\x85\xa9cb_\x19\xe6\xd0\x16q~J#\x8d\xad\x1d\
\xbc\xa2\x85\x9e\x80T^\x01AI\x0e\xf3\x9b\x15\x19\x96\
\xd4!\x06-\xc2U:\xee%\xee\x1f|\xdf}\xcb\xd9\
\xcf\xac}^\xf7\xda\x0e\xd9\xd7\x16Xa%\xa1r\x02\
%=\x90\x92\xc2\x1cc\x9d\xee\x1a\xdd0\x22\xee\xbb\x97\
\x1e4\xa6\xf8\x9f|4\xac\xdb=\xbd%\xd7+\xb7\xce\
\xa5\xc0\xf6\xd5}\xad\x12s\xe8\xbe\xdf\x9f\xaaB\x81\x81\
\xf2\xccT\x0d=\x07\xac\xf5\xc8\xd9\x85?\xb1\x05\xf2\x1a\
u$\xfb\x8bJ\x0b\x08\xeb\xc7\xdcx;\x8d\x05\xcc)\
\xd5\xda>\xdbDo\xa3\x90.{l\xec\xb7O#\x9c\
\xc6\x8e\x96;\xbe\x1c\xec\x853\xd0\xb3J\xf6\xa7\x13\x89\
O\x19\xde\xa3\xe2X\x045X^\x95\xe5\xb5\xa7'\xf6\
{\xf2\xd8\xaf&\xd7\xaf\xd5\xef\xb5H\xf7\xc1\xba\xa4e\
\xc3y\xe8\x99\x8b\xf6\xdc4p\x10\xd9\xe3\xb4\xfdM\xb6\
/\xd0g\xddw/\x0eu\xf2\xb2\xfc2\x8c\xb4\x90\xd0\
mW\xda\xc6fM\xf6\x9d\xec;\xbe\xc4\x14\xae\xc2\xed\
\x08\xf6\xfd\xe5\x14q;NY\xc2+\xeaP\x82\x1fX\
\xc7\x08\xcb'\xe2E\xac\xb6c\xa6\xac.\x85th\x8a\
:)u\x18\xc1\xe5\x04\x13\xe7\xcb\x99\xd5\x12\x07)\xda\
\xd0\x83t\x82\x92\xb6*V(<\xb2\xa9\xb0\xc2\xda\x22\
\xfbB\xcb\x9c\xff]6'\xfe\xd3\xab\x0a\x1a\xc5d\xa6\
{\x90\x14\xd0\xa8\xc9\xc4&\x22\xd0[\x84\x94\x8d#\xa6\
\xb3@Q\x12\x08\x03\xc1,f\x06\xbd:Qf\xe6\x09\
\x91\xb1\x18\x7f\xbd\xd1\x94\xdb6\xf2\xfeP\xe0`-\x7f\
\xa5g\xcb\xddc\xeb\xe8\xe8 \x148\xd8\xc2\xc1+}\
nm\x00\x95\xac\x800\x82\xac#\xa4\x082qL\x00\
\xdf\xe1\xee\xa3N\xf5u\xe20N\xa1\xafM\xd2_\x92\
\xd4\xe5h\xe0wK1)\xe0$Y\x15\xcf\xa32\x03\
\xdc\xf9\x9e\xd4\x01\x81\xcet\xd4~4Y\xa1\xf2JI\
^\x00\xc8\xfe[\xd4V\xbd\x8c\x0e\xf0b\xc0\x0acA\
\xcf\xb1\x0d\xb8\x9d\x83U\x1a\x87W\x8e\xcaK>\x0c\x1e\
YY$\x89\x16J\xdcL*\x8b\x13\x84\xda\xb4M\xf1\
\x02\xb5\xfc,\x9bj\x9c\xb1LN7\x8e\xbf\xed\x96\xcb\
*\x99\x02\x03\xe53'\x0f;\xa4\x90h$\xb6\xef\x87\
\xea\xd5\x1b\xd9\xc8\x1b\xfd?\xca\x87\xd21K\xb2\xff>\
\xcb\xfe^\x99\xb5\xbaE\xa6\xaf\x98Qp\xa9\x9cb\x8a\
:QU8\x93\xc3\x92\xc2\x02e\xfa\x8d\xacG\x0f\x5c\
49\xff\x96\x03\xcb\xbe\x1cD\x0c\xb6\xaf\xc6([\xeb\
\xae\xdeX\xa6\x9c\xcc\xb6I;\xbd#\xff\xd3z($\
\xca\x07\xdaX\xc5S\x1b\x12\xed\xb8r\xb0\x80\xecG\x9c\
\xb1@LI8\x98\x82\xd6SU\x9c\xc5e\x89ud\
W:n\xe7\xa0\xd4\xe93\xf8\xdbid\x94~\x07H\
\xe2\xb2J\xc6H\xfb\xa0\xc0\x83\xfdf\xbagI1)\
t\x18\xef\xd3\x88\xb8\xd5%M9\xa5\xfa\xd0\x89`\xe5\
&\x94-\x19\xe9\xfe\xe6[\x0bu\xc2e\x06\xd010\
k\xd2\x10X\x91=l\xbb\xddn\xb7[\x11\x81K \
[\xe0\x93\xf6~\x06\xfe\x93\x07\x13\xfbad=z\xf9\
\xea\xaf\x94H\xae\xf1\xd6\xb4P\xc9\x1c\x9c\xe4\xac\x0a\xd7\
n\x89\x15\x1aA\x86\xec\xfbuf\xd7\xcb\xf2\xbeMq\
(\xa4\x9c4\x8fB\xca\xc9\xf4\x0f(\x9b%\x7f\xc5\xcb\
\xaa\x92}g\xf3\xe0\xdf\xdbL\xa0j\xdaRh\x13\x89\
\x88\xcfn\x8e\xdc\xa3X\x1e\xbeX\xe6\xea\xc1\xe1\xb1#\
z\x22c\x96\xf8\xd7n\xb1\xed\xcb\xb4])\x99W\xe3\
\x15_\xbdOy\xff9\xa0J6\xe0\x83\xb5\xfc:\xef\
Y\xa5\xe3J\x7f\x1aV\x8bFwV\x8f1\x22\xc3=\
\xf7*\xb2?\xed%\xe6Pw\x94\x81\xb4\xcc\xf3\x9d^\
5a\x9d\xc0\xd8\xba\xddnw\xbb\x1d\x1c\xbc\xbc\xc88\
\xd8\x88gn\x17\x13\xa9\x9en\x0bs\xe8\xbeD\xd4}\
Yx\xb1\x97\xa7\xad\xafl$Z\xc8o\x0e\xd8\xd2\xd1\
*\xd0\x993\xf7\x97\x97IVxJ\xaa\x93d\xb2\xcf\
b(Z|\xe1\x12\x82\x88\x83\xae^\x1a\xb55\x22\xed\
R\xf9`\x15\x8e\xd6\xe3\x06\xdb\x8f|a\x0b\xd9\x956\
\x1dF#\xe6hkD\x0a\x00\xe1\xcb\x97\x13\xdbq\xcb\
\xe5\xcf\xf2m,\x99\xb85)\x06\x08\x1a\xc4\xb9q\xf8\
/\xe4\x11\xc1% /\xe5\xb1'i\x12\x84\xdeT\xe7\
=F\x1b\xc7\xcc\x9f\x1d\x9f\x1d_\x0e\x0a\xe9\x01\x00\xa2\
\xffP\xfb\x0f\x83\x9fV\xe8~\x064RRy\xfd\xe0\
\x95>U<g\xb0\x94MAU\xe9\xd6\xc3\x02\x1c^\
\xb6\xb5\xc8f\x8f\x12\xe5\xd8\xdb9\xf6\xeen\xaa\x91s\
\xf4\xdb\xa7\xd9\x01e\x06\xf4\x1bS\xeagH\x16K&\
\x15I\xae<}\xb4)d\xd1\x5cl\x03Fr\x22\xdd\
\x16\xe6\x90}\xf9\xad\xc7\xe7\xc08\xdf$v\x8c${\
\xb7c\x22\x1e\x9d\xd5(\xfe%\xe9T\xc5\xc9B\xeff\
\xcc\xc5\xe1\xa5>\x19\x909L&\x05\xdf\xf4U\xb2\xf1\
\xcb\xbed\xed\xc0\x1c\xddUB\xca-\xc1\x81e\xb2\xbf\
\x11(t\x5c\x91\x96c\xd8\xfc\x15)`A\xa3a%\
\xbb\x17?\x15~\xf0\xbe5\xdd\xb7\xad\x94\xea\xa2Rt\
5^\xe9&\xe6t\x82I\x05\x198(!\xc8\x0b|\
\xfb\x8d\x22\xd3\xbb\xfex\xfbK)\xf0\xb2E\xd2\xd1~\
\xd6EV\xac\xfbJ\x9fv\xcaN{V\xf1+<\x9b\
\x8d\xb6\xf9\xe9y\xa5O#\xe5\x9d\x1eu\xa5O\x15q\
\xa9\xbd,!r\xe8\xc0\x1a\xdfbiR\xd7\xf3E\xe0\
\xeb\xdf6\xd5\xdd\xe8\xc9(\x06\x00\x00 \x00IDA\
T#9v\xf0\xb7\xd3\xc8(\xfd\xfa\xd9\xee\xd9lY\
e\xc0\xd8\x0e\xf6+\xe9\xc9n\xb7\xdb\x98\x8e\x84\x14g\
%\xd1N-5[\xc0y\xa2\xf0\x1e;\xd8\xe39\xe8\
\xb60\x87\x16\xc2\xb2\xbc\xd2\xa7\x85\x0b\x8c-{`|\
\xc9cJ\x22NO@0\x11\xeaB3\x89\x9e\x0d\x18\
\xc5\xeaD% \xf5:1?\x92L\xe26\x929l\
\xd48\xc3\xe5lwW\xf1?\xe9\x14\x99\x0d\xe6 \xec\
\x90N\xcd\x07\x0b\x94U\xc4\xc1\x8erN\xb2\xa9\xc8\x80\
\x08\x07\xdfv\xa5|\xc4>.\xc0\xff\xd53\xf7\x8c\x1a\
\x03V\xa9\xfd\xe2\x01\xf4!%8\xf7\x0e\x80\x8d\xe2\x90\
\xcf\x9an\xc8\x8ca\xc9\x06\xdc}\x85U\x1ao\xa7\xf1\
\x8b\x7f\xe8\x8dK\xe2`\xefm\xf3\xd6g\xc0}\x0a\x1c\
u/\xfd\x1b\xb9\x18\xe1\x99\xd2\xfd\x8b\x863\x7fB\x02\
\x17v[ \x12\x98\x0fN\x8b,\xed/wz\xd5\x04\
{\x8a\x88\xe0T\x84\x90R8f\x11L\xdd\x84d\xc7\
\xba\x9f\x8d\xf4\x9240\xf7y\x9b`\xebh\xca\xff\xa9\
Ql\xcb\xbe`\xc8\xbe4\xca\xd7c\x87\xddgl\x8d\
\xd4\x863\xbc`\xc3\x83\xc7\xc9m\xb4\xd0\xb3\xfd\xb2n\
\x9b\x14\xb7\xb4\xdf\x0d\xe9\x90\x1e\x88s\x1f\xed\x12\xdcI\
o\xe5\xa74MQ\xdbuqL\xd6\x9a4(\xa5T\
\xce\xda,\xbf\x94?\xb3\xa62\xfc\x91\xfd)\xbb^Z\
\xa0\xdaZ\xcb\x9eT\xdb$4~i|@\x8dW\xba\
\x05\xb9\x87\x17\x04\x88d\x0a\xf4\xe1\xe0\x0b\x8f?\xd1\x9f\
\xa3\x1c\x09;\xca\x96\x13S\xa9\xea\xbe\xd3q6\x86\x8e\
\xd1f\x9f=o\xb0\xbb\xa9\x8e/=\x05\x7f\x1f@\xd0\
\xf8\xa7\xc6q6\xce\xa7\x9f\xa8\xb6In\xab\x9bQY\
\xa0O\x15\xcf70\xedUU\xe1\xd0\x03M\x87\x7f\xfa\
\xd1v\xbczY\xbf\xba\x9f\xfb\x87\xee ^ qy\
\xb45\xd2q\xe5\xe0\xdd\xf5,s\x0e:8\xf8>\x22\
c\xc0\xe0\x07,\x92\x83#\xa1\xb9\x84\x10s\xbb\xddZ\
\xf2\x18\xf5;\x93\xc6\xe7\xd8AT\xb5\xfa\xa5\x22NS\
RJ\x87q\x1f\xe8\xf8H\x87\xfc\xcb_\xc9\xc4\x98/\
I*\xef6kvD\x90q\x0aq\xd8\xe4\x5c\x96\xb6\
\x1d\x9b\xcd\x86gt\xf9*m\xee\xc1m\xd2E\x92\xa0\
\xc2\x9c0\xd2!\xb8\x83\xdc\xb4\x80\x08R\xa8%\xb4]\
\x9f!\x85H.\xff\xea\x7f6\xda\x1a2\x1c\xd0\xc8\x1c\
\xb3\x9b:\xf8\x99!\x8c\x0c\xa0\xf863\xc6\xed\xefE\
[pI\x1bu.<\x11i\x16l\xfc\xc9\xefm\xc6\
\x11M\x1bP:px{\x8a/\xdf\xf1z\xfb~i\
\xe9\xe7te*\xb1>R<\xfb\xf4p\xad\xfc\xe2\x17\
CG\xb3\xbew\xff\xd7\xb61\xb4\x8d\xaa\xbc\xf1\xb6\x06\
\xfd]w4\xd26\x9fm\x83\xec\xd9\xc8\xe9\x84\x07\xb7\
^\xaf\x19&]2\xc6\xa3\xf8>\x97VLG \xa1\
Y\xba<K\xef[\xbb\x16z\x18\x85^\xf5\xe0\xb9\xc9\
$,\xf0R\xa0|I\xa5\xf7\xfd\xfa\x1d,9\xd2%\
\xc5\xab\x96y\xca\xca\xbeO\xbc\xd2\xbd\xf5\xf4\xe5;b\
.Jy\xd3\xd1N\x9f\xba\xddtT#\xf8^\xd7\xf5\
j\xb5\x9aL&\xf3\xf9\xdcK\xca\xc6\xc2\xddW\xf8\x13\
\xcb\x02\x8c\x03\xae!\xe2\xe2Q34\xd0-\x95}G\
}\x10@9\xb6\xee\xd9\xf6_\xfa\x83\x83\xc6^\x1a;\
\xed\xdflyw\x99\xa5F\x9a\xde\xcf\xb6U\x91\x89d\
\x7f\xa5\x14\xed\xa5\xd8\x83\x00\xc0\x13Tw\xe8<;m\
\x13\xc0m\xc3\xe0O2\x8e\x98\x0e\xe0(\x0f\x8a\xec\x16\
\xf6\xd9\xcfr0\x1d\xf8\xa3\xad\xcdR@\x1e\xac\x92\x8d\
\xb3'\xe6\xc8>\xfd\xa3\xef)\xa1O\xc7\x1c}\x86\xda\
Q\x8b_b\x8c\xcb\xe5\xb2\xaa*\x1c\xa6S*\xc9\x07\
\x8cDD,\x9do\xee\x8f\x17>\xaa\x91\x0178l\
\xe6\x8f\xad\xd2\xa7\x91>\xef\xf8(#9S\x152y\
3\xdbl6\xfe4\xa5c[#q\x93\x83\xb5\x81\xe5\
1\x9f\xcf}lT6K\xa7t\xd7HZ\xb2\xe3\xb1\
0\x87\xec\x0b\x8c>\x98\xe3\xf4F\xca\xeb=\x87zl\
\x95X\x9c\x85\xb6\xdb\xed\xf8n\x03\xc9\xb5\x8d\xf6\xe0\x15\
?\x15\xd1\x91\xa4\xb3F\xb3\xba\x8d\x0d\xf6\x94\xd0\xd9R\
\x1b\x008z\x02\x9d\x8e\x9b\xed\x9e\x81\x9eW\xda\x9eZ\
\xe3\xba*\xb7\x92\xe5\xdd\xb1\xa4\x7f\x8e\xfe\x0a\xdd5\xca\
O\xff\xb3\xaek\x9c\xf6\x09\x89\x92\x0d\xdeg\xadn\x1c\
[9\x12:\x09\xf1:x\x87\xa6\xf4\x1e\xe2\x1ek\x7f\
\xf1\x9f\x89\xed\xb6Z\x1d@\xa4?\xdc)\x0b\xf0\xca\xc1\
\x87%\xc5\x0c\x97\x85/\x839:\x06p\xb0\x16\xe7\x1c\
q\x8f\x92|8\xb4\xc9Q}\xc0H\x08v\xb1E6\
\xb3\xd9l\xa6\xfbA\x92\xa3\x08\xf2\x83#\xe9S`\x94\
*\xe7@\x03\x03\xda\x1c\x5c\xabl\xc4R\x94\x8a\xb8\xe4\
\x81\x19;:ex@3\x00\x22h\x7f\x00\xde=\x96\
r\xbf\xe8\xb1H\xf7u\xfb\x83Wj\xd6\x886\x19\x14\
\xaeH\xba\xef\xb4\x85#3\xbaC\xa5\xcb\x917\xde\x11\
\xef\x1a8\x06\x98\x06\x9f\x84\xba\x90[\x1d\x22\xaa\x14f\
\xfeqdb\xbe\xbc\xd8=\xdb\x19\x04\xf4\xd7\xa5\x05d\
4\xf6\xdb\xe7g\xf7\x97\xb2b\xd6Q\x1f1VR&\
\xbd\xacP\x03\x94\x98C\x0a\xd1\x85w\x98>\x1cZ\x18\
}\xb2$\xf7\x8d\x03+\xfbe|,]\x7fpR1\
n\xb6\xc3\x17\xb5\xe3v\xca\xc1w\xe3\x0fm\xb2\xb64\
\x02\x97\xeev\xb2+\x8d\xeb\xb6\x9c\x90\xee\xdb\xb9e\xcc\
\xe1_\x84\x98\x0e\x19\x87\x0f\x07-\xeb\xc7\xb6Y\x961\
\xa7W\x03\x83\x02\xeb\x90\xfd8\xa9\xeeF^5\xe6\xe8\
\x09^\xb3+\xa7\xecOX\xfe\xd8*%\x91!0\x88\
I]\x86@ib\xef}\x88\x02\x8b\xadM\xa7S\xb8\
\x04do\xeb\xf9\xe8\x8c\x9e\xab\x19\xec\x18\xab\x91Q\x9a\
=\x9d\xc8\x1c\xe9\xda\x09\xc0a\xfb\xba\xe56)\xd2x\
\xdd\xd7\xf2_,iG\xcd\xec\xf9\xf9\x99\xfb!o\xf0\
k\x9c\x93\xb6Y\xca\xb0\x82\xff\xe2\x05\x89\xff\xd2\xf6*\
\x96\xc8\xb2\x04\x0dl\xb3,\xe0o\xb9\xc4\x10\x99xn\
\x1c\xb3/\x9fMl\x87 /'\xaa\x8d\xff\xb6=\xa6\
R^\xf2;\x7fB\x84\x00\x8cz\xa0\x90\xe1<\xdel\
\x87\xbc\xf4\x7f\xf2\xe1\xf8X\x81\xdc\xa3p5\x86\xfd\x04\
\xa6e#%8hC!\x1dW\xfc\xcd\xb6\x01\x8e>\
W\xba\xf9]\xf7#\xc8\xea\xf6\xc7\x1c\xd7\x22\xff\xd0\xa1\
\x84X,\x16\x92\x1e\xeb\x88#g\x83\x88\xab\xfc\xf2\xe5\
\x0b\xb4\xb0\xd9\xabw\xa7\x1b$\xbc\xce\xeb\xf5\x1aA\xf5\
\xa56t0y\xd6\x81W~6\x9b\xd1\x82\x7f\x81`\
\x96<\xb7\x8c\xf4\xb3,\x1c\xbcR\x16h\xf3\xd5\xf0\xc2\
\xe6 <,\x1b\xe93\xfe\x9e#\xe9\xa0L\xa6R\x01\
\x85\xe0%\xecb\xdb\xfa\xcd\xa4i\xe3v\xbcM\xdc\x96\
U\xb0\x10\xeb\xbaFv\x073\xdbn\xb7\xdc\xd7z\xdf\
\x0e\xd9\x9f\x8a6\x99]\xe2\x1b\xb9\xe0\x1ah\x9c\xb4\xd3\
Gr\xb0@\xc9p\xb3\xb1\x95\xae|e\x95\x0c\xa6\xa0\
\x00#\x9c\xb16\xa0\xb4\xec\x08f;x\xa5O\x15^\
D\xb0e\x8cq6\x9b\xcdf3IZ7?\x03\xc1\
\xa57=\xd8\xac8)^B\x8a>\x83o\xbc\x9dn\
d0`\x06\x0e\xf6{\xb0\x97\x8e\xf1\xf4/\xd0V\x86\
S\x87\xbfVU\xb5\xddn\xd7\xebuUU\x0f\x0f\x0f\
\x079\xd2(CUU\xb0\x0e\x9f\xf9\x03\xac\xc3\x12\x0d\
[{\xdde\x06O\xda\xb1#\x19\x80\xa2F\x01^\xe3\
\xa27,\x92\xf2I\x8d\xd8E\xd9\xa3\x99!lJD\
\xe8T\x84\xcd\xcc\xe8\xd8\xf4&0\x87\xec\xcb\xe0\xa3\x1a\
\xb9\x18\xe6\xf0cC\x17X\x16\xcc\xcd\xd2\x819\xb2\xbf\
f\xfb\xef\x83\xf8\xa0\xbc\x02\xf7\x1fM\xe9\x19d\x1f\xa6\
\xf8/G5\xeb\xab\x1c|\xa0\xa3\xac\x8a\x83\x98cp\
#\xddeN\x97jR`\x0et\x01\x0eNU6=\
\xbf\xa4S]t\xe2\xd8\x08#\xa8\xea@G0\xe8\x94\
3\xd9\x06\x05\x1a;\xf2\xfb\xf26\xfdD\xc7\xc0\xca6\
\x8f\x02\x1c}\xae4\x16\xb8)\xcc!\xfb7N\xd6\xd1\
\x93\xa7\x8f5TU\xc5\xca\x04\xeb8\x98\xc0\xe3\x8e9\
.\xd6\x08\xdeM&\x5c`\x22Zo{=\x07\x99\xf3\
*e\xc8\x82O8\xd6\xe7U:\x8a.\x97\x15\xa4\x0d\
\xfe\xeb1\xce\x19\x07\xd7Y\x9f\xa6\x06\xcc`\xa6\x96P\
\xd5\xcdf\x83\xcc\x19\xfe@\x84\xc6\x8a\xbao\xad\x90\x84\
+\xf1,\xcb\x19\xb0}c\x84o\x19eBJY\xc8\
`'\x7fS~\x0de\xd5\xcb\xadLv\x85U\xcai\
\x1c\x860\x064\xe2\xafw \x92>\x8dtPO\x00\
\xd1]%\xbb\xc2XD\xfa\xf70\x0e\x8d\xb3\xda\xc7T\
?\x0c\x0f\xd1\xb1\x03\x1d\xd5u\x0d\xce\x95E\xcaHz\
\xe8=\x9d\x06<\xc7\xe1\xeam\xc3\x1c\x8d\x83o\xbb\x9d\
\x0e\xe41l\x06\xfa\xdc\xce\xe8Uz\x96\xf1\xf3\xc0\x0d\
\x03}8F\x89(\xe9S\x8bvX\xfa\xa4\xab\xa33\
\xf5{1\xccqz/\x17k\xa4\xb1Y\xbf]\xe1Y\
\x8f\xd2\xc4\xb7\xcf4\x00\x067\x81u\xccf\xb3re\
\x9e>\x92\xcb\xe99\xce$].\xac\xe7\xc0\xe3\x87\x81\
\x03\xe7\xebD\x97\x8c\xbc\xad\xae\x1f\x95\xff\xe2\x81H\xa3\
\xfa!c\xf7\x10\x15\x0c\x8a\x816\xcc\x5c\x18\xad\xc74\
mm\xfa+\x1d\x05\x06<\xd03\xad\x8an\xe02l\
\x07p\x0e\xd6\xc9\xb5\x81\x5c\x81\xd9\x1b\xdbx/}z\
\xe9s\x85\x08\xd5\xf7\x08\xd8af\x18\x89\xee\xdbq\x1b\
\x0dC\x8dDp\xc0\xa9\xa6\x88\x1a&]:\xd0F\xe3\
\xf5\x01WnG4\x8a\xbbe,\x8f\xe5r9\x9dN\
\xf1Pz\x8a\x93Q\xe0\x11Y\x07ru\xc0'\x1d;\
\xdaP\x1cd=b\xbfw\xcc\xd1\xb3YUeJI\
\x9f\x9b\xfc\xac\x98\xa3\xec\x05\x92e\xb3\xd9\x88\xc8|>\
\xd7\x96\xc3\x8a\x87\xf7x1\xcc\xd1H\xc7\xca\xb9\x92.\
\x839$=\x12\xf8|A\xc3\x81eQ\x06\x1b\x97\x83\
\xc9n\xd0\xf3\xeenp\x80\x15\x90\x95A\x8f\x1e\x14\x8b\
;w\xc3c\xa3\xb6a\xb4]i{\x10}\xae\x8c\xb2\
l\x1a\x87\xd7\x8d9:\x1a!\xf5\x14\xdb\xc7V)[\
\x80/\x85\x161\xabl\xe1 [\x1f&q=\xf9h\
\x1a\x06\xdaay\xd0\x85\xb0\xc4\x1c\x1d\xcd6b\x0ei\
\xd2a\x1c\x1c\x9b\xaf\xdbQ~\xf49\xe9\x18\xc9Q\x8d\
\x0c\x862`\x14\xf4\xd4\x9b\xcdf\xdc\xae\xf4\xc9\x7f0\
\x96\xecg*\x17\x82cH\x94\xfe.>\xb7\x03\xe6\x0e\
\xbe\xc2%5\xee\xda\x0f\x8e\xed\x1c\x8d\x94\xa4\xc9\xec%\
i\xbbR\x0a\x8b\xd3{i\xec7\xeb\x88;\x13\x1c\xec\
B\xbe1\xd6\x00\xae|\xdeJ#\x17\xbeA\xc2t\xd3\
\x9c\x11c|\xf7\xee\x1d\x14P\xfe(\xe1\xc6\x8a\xa5\xd4\
\xc9\xd8w)\xed\x1a\xd7\x99&\xfd<O\x17T\xd5\xf9\
|\x0e\x7f4\xf22\xdd\xcf)D\xb1m-\xf6\x9d\xb2\
/\xebT\xdbtL\xd1\x00\xd9\xdf\xa7\xd9c\xab\xf4i\
\xe4\x1c\xf2\x86q\x8fP\x80Q\xd8s\xf7\x80\x0dDw\
\xb3\xc3\x86\x9a\xed\x98\xb9\x06f\xb3\x19\x9d\x8e\xbb\xc5|\
\x1b\xb5A\x84S\x9e\xcbQ\x80\xe3\x0d\x10\xdf\x5c\xac\x90\
w\xef\xde\xd1\xa9\x22\x5c6\x05$\xbd\xce5\xf9\x0al\
\xb7[8\xa1\xf7q\xef\xb8\xd3\xf9(\xc6\x88\xc4_\xe0\
\xe1\xdc\x016\xee\xbb\xceA\x1eK\x01j\xccf3\xb2\
\x8e\x113\x835\xe89J\xba\xcc\xae\xb7T\xee\x9dI\
\xe3r\xf0\x0dG\x01\xefY\x83\xc8%\xecb\x11L\x7f\
\x99}\x7fY\xa0Q\xaf\x03\x16f)\x22\x9fQ\x12e\
S\x1d\x0a\x15\xaf\xe4\xe8\xd9\xef\xc1+\xc7\x16\xb8X\x95\
\x01\xefpc\xb3\xbc\x08$\x0a\xc7\xabLN\x1f\xd5o\
\xb9\xdd\x1c\x80B\xca\x02\xb4\xf8 j\x97\xe69\x0fC\
\x0fZ[\xce\x04\xdd\x06\xa4\xa3\x18\xe0\x00\xd1\xa7\xcc\xe9\
\x98\x98:$\xc6\x91\x01\x0e\x22\x88i2\x99 \xa7\xdf\
\xb1\xfd\x8e\xa2]hT\x0c0\xa7\x0b\x0a\x00y\xe0\x22\
\x0f\xc4\x1e}$\x03\xaa\xf4\x99\xb43\xedO\xce\xd1\x88\
\xed[(`\x06\xf5I\xe1F\x19\xc9(\xf7\x82\xb1I\
\xcaY'\xce\x92;\xac\xc1\xdb:W\xf6F\x88Z\x0d\
\x11\x01\xc2`\x9aXh\xbd\xda\xb4\x1a\x17\x1b\x1b\x89\x9a\
\x0fl\xac\xe1\xe1\x01\xe1\xc7q6\x0e\xd5\xf6}W3\
%\xc7\xc1~o\x99.6T\xcc36(f\x86\x83\
\xfd\xfc\x18\x86I\x97Q4\x1f\xe5\x15H\xbb\xd5j\x85\
\x1c\xdb\xdcySwZ\xc2\xcaQFrl\x81WM\
~\xa3\xc2\xdd!\xa3\x97;\x22\xea\xafB`\x1d\x9a\xec\
>\x00\xa6@\x1b\xaa\xbd\xb6\xa3w\x1aF\xeaN\xe9\x82\
\xaa);\x16\xf4v\x88\x12\xd0K\x169!\xa4\xe5\x86\
0\xc7MM7E2\xdeF\xec\x11i\xd6\x1a1C\
\xcb\x89\x84I\xf3\xdb>UE\xb2m\xaf,\xcd\x10F\
[;\x1d\xd4\x11\x9bsV\xba\xa4\xe6\xf9X\x02\xe0\xc8\
\xa2\xda<\x0d\x13\xc9\xe7\xd0s@\xfb\xc5m7\x1c\xe3\
u\xff\xfc\x973a\x9d\xcb4rl\x81a\xfd\xf6l\
\x84\x883\xa6S\xd6\x18\x16\xdb\xb8\x9e\xaf\xa5\xe7\xa0\x90\
c(\x1c7\xb5\xde\x87q\xf4\x91\x0ch\xf6L\x0fk\
\x14\x1a\xd6,P>\xbc\xbc}\xd4\xf4\xc5\x8c)\xfd\x09\
\xeb\x84\xe9J\xb9\x92\x87\xb5vC\x98C\xc6\x98\xe8\x0e\
\xb1zl#x\x09\xa1\x14UU$\x83\xe3\xa4gg\
\xe3\x8d\xd8\xef\xb1\xb5\xe8\x8c&)\x1f\xc3f\xb3Y\xaf\
\xd7\x1e\x1b\xd1\xab\xc0{o\xf8+\xe4\x86m2\xbe\x1c\
\xd8A3P\xe3\x0d\x1e{w\xb7\x038\x1aE\x05\xb1\
\xbf\x87\xa1\xfcR:^\x0d\xc0\x1c\xc3\xb4\xcae\xbf\xd8\
W=>>2\xf9\x8f?\x16\xaeq\xed]F\xcfq\
&e\xc9U\xc4\x18m+\xe2\xf2\xb3!\xb3\x13^\xd2\
F\x9f\x89\xcb@\xa8\xb2\x00s\xd7j\xb2\xc9\xaa*C\
y1\xd4Q\x00\xc4\xb178`\xcd\x8fbQ\x1d\xc6\
m\x06\x8c\x04\x04\x84\x87 &_\xf1\xa6\x00\x07\x08\xee\
\x1dp\x1c\xc4\xcflC\xdb\xbf\xa9\xdb\xc2\x1c\xa7\xd3(\
\xdbb\xbfM\xc1.\xd0\xe75\x97\x94\xd3\xfa\x1c\xfd\x1e\
l\xa4C\xf6\x137\xd0\xb0B\xef\xb0\xb2\x9dl\xa1x\
\xc01l\xc5\x8f2\x03\xa3P\x9f\xf1\x8f2Td&\
\xa6I%\xf3\x95i\xb4z\x0e\xc0\x1c\x8de\xba\xaf4\
\x16\xa0\xbb\x0f\xbc\x0d\xa0K\x17\x97Ol\x14\x841\x8a\
\xf8<\x9d\xae\xc5\xb55)G\xe1e\xe5-n\x9a\x8e\
\xba\x18\xd1\x1d\xaf{$\x07\xcb\x94~<\xc8(CS\
\xf2(\x99\xb0/\xf6\xc4/\xc3\x81\xc7j\x8490\x98\
}\xcb\xb7p\xe2\x18F$\x0e\x06\xb0\x83b\x85\x86\xb9\
cG{.\xccq;\x12\xa8\x0f\x11dp\xd3o)\
,\xd6k8(\x8fc:8\xa3\xbb\xcd\x8b-_>\
xn\xb3\xe8\x91N6G\xa9\xa3M\x87eK\x9a\x84\
6m\xc7\x99\x9e\xe6\x99\xde\xae\xd3\x9bm\xdciqy\
\xd0%\x93\x89>\xfd\x92(\xbddN\xa1\xb1\xa4\xb8\x7f\
\xf4D\xa5t}e\xfc\xa4\xba\xc4b7\x82\x0fn\x8a\
\x05gd.\x05\x9f8\xccA\x99\xcd\x90i\xcc\x7f\xb9\
]\x19\x85\x86M\x917\xc9{\xcf0qQ\xd6<\xe9\
\xa9M\x13\xf6\x8a\xf8\xfc9\xa8c\x13X^\xe7T3\
m`\x098n\x93b:\xd8\x8b\xec\xceG\xd9\xc81\
&\xa1\x9fcr\x8e\xa2\xb2\xcaA\x11\xd5\xa7\xca\xc1\x91\
\x0ck\xf6`\x15\xe8\x18\xb35A](\xf4\xa2\xdd\x03\
\x1be\xa8\xc3\x06\x9f\x11\xd3\x0bre\xc3x\xcf\x98o\
:\xc0\x96\xb6\x80\x8e^F\x89[9\x13e\xfd\x8e\xa2\
\xe7h\x5c\x8dD\x9c\xd0\x99C\xfb\xd5\xd1\xf50E\xf4\
\xb1\x05\xfa\xf4[^\xa9\xaa\x8ar\x058\x83q\x0am\
\xea\xae\x01W\xce\xa4\x1a\x19 b\xcfW\x85r\x97\x1e\
\xa3\xd8\x9f@Z_,\xfd\xc6\xe9m\x8a\xd3\x95\x126\
a\x03s\x94Ih\xc0[0`\xa8c\xd5:G#\
\x8dm2\xfe\x91\xf9\xc5\x89G\x87\xe1\xfb+bqz\
\xa2`\x85g\x8a\xde\xee\x81\xbd5\xdb\xca\x00\xd2t\xc2\
\x0d#\xdc\xa8\xd2\xe0\x95\xc1\xcd\x8e:\xd2\xbe\xfd\x8a\xd3\
|\xe0\x16\x90W\xce\xe7\xa3\x04\x86h\x03\xa7\xe5\xe0o\
y\xaf\x99\xd1\xf9\x86\x0a\xdd\x00\xac\xdd\x0f\x0f\x0f\x07\xa7\
\xa8\xcfH\x0e\xa6\x18:\x13\xe6\x881\x82\xeb\xe1\x8e\x98\
\x8d\x9bYFJ\xaf\xe1Qd\xff\x1b\xa3\xb0\x7f\x00=\
CO\x91\xdfs\xd8\xfe\xf5\xea\xb3\xea\xfd\x90\xe8\xfd\x83\
\x04\x01~IP\xab\xea\xeb^}\xf07H@\x1b\xe4\
\x1e\x96\x12)\xb1\xc0\xab\x9b4\xf8\x1b\xc0\xce\xb2\xddn\
\x11\x93%=-\x00W\xd4s\x94\x05\xae\xa5\xe7\x00\xae\
\xe7\xf9:\x5c\x22^\xf1\xd8=\xb0Q\x86:l\xf0m\
\x058rU\xdd\xedv\xeb\xf5:\xa6\xe3F\xc9\x19\xdb\
\x90\xe9(\x83\xef\x18\xdb\xb8t\x0e=GY\x06\xd0\x0d\
Z\x22\x7f&\xf8Q\xfd\x96t-=\x87\xecoj\xa9\
\xe7\xe3\x191\x07Cg\x87\x0d\xfe\xed\xe99\xc8.\xbc\
\xf7e[f\xcf\x9e\x1d]K\xcf!\xfb\x86Z|2\
/\x11\xd6\x868\xdeRb\x8e\x01C\xed?\xb6\x13\xab\
\x9c\xa9\x91\x9e\x1d1\xa8>;\x16\xf4\xd5\x01\x0eo\x10\
\xc0\xda\x90\xe4U\xdag\x8b~M=\xc7M\xcd5P\
<\xb8F\xc62\x86)\xbe\xaeH^\x16\xaa*\xceD\
\x9eN\xa7\xeb\xf5\x1a\xe0#$\x12g\x8b\xe9n\xb3,\
0\xd8\xeesn\x1a\xeba5\xea\x06T\x95\xc9^\x0f\
&\xb3\x1a\x86\xb1\x06\xa8\xa6\x87a\x0eIk\x1b\x1c\x10\
\xcb\x83F\x96\x8b\xc1\x85W\x8d9h\xe7\xf6a\xb1\xd0\
p\xc4t\x14\xf8\xc1epS\x98C\xf6\xf7-0\xac\
 \x1f%p6Y\x87\xb5\xe4\x86\x1a\xb0\xec\x07\xbc8\
\xe7\xe8wX#}z)]|^/\xa9K\x93\x0a\
\xd6\x01m\x87\xb8\xfc4\x1d\x8b\xedu\xdf\xfc(\xc4E\
\x86\x89\xf3 \xf4Z\x0e\x0a\xa7\x90\xdf\x82\xe0\x0aw\xe4\
\xb0\xad\xf0\xa0d\xdah\x1b]J\xcfA\x07\xed\x08\xa3\
\xd0\x99\xeee\xb9\x5c\xfa0\xfaFD\x7f\x0e\xc1v&\
\xcc\xc1\x0d+\x97\x0a}\xa5\x917\xac\xccP\xd4\xa7\xd9\
\xd7\xf8\xca\x9cB<\x88\x00\xef\x94\xcf\x19X\x1e\xb8\xf3\
*(\xdb\xb1\x809\xcc\xe7s\x06\xb3\xe0\x96C\xfb\xc1\
=w\xca(;HE\x9d\x17\xff\xeb\xda\xcd\x92\xb2a\
3\xdci\xbd^S\x19\xd6Zw\x80\x92\xb9O\x99\x01\
\x9b\xe0>\x8d\xf4\xf1d,\x89\x0ad~\xa7VY\x12\
(C\x1e\x0e\xd9?_\xe7\xa8^\x0e\x0e\xec26\xac\
\x8e\x8a\x9a\x5c\x996\x9bMi<\xe2\x97\xc6\x04\xfb\x83\
G2z#}\xde\xd2Q\x18=5\x9f8\xb2\x84\xfc\
\xe2\xc4\xb1\x1d\xa4sla\x1b\x0bx\x15:\xaf\xd0C\
\xb6-o\xe6\xb1\xbc\xf2\x1c[\xf6Q\xa8\x7f\xbf\x8c\xef\
\xf0\xcap\xfe\x95\xae\xb8L\xd1\xe89\xcc(\x96\x85\xab\
+\x87\xd4\xc5\x00#Tr\xb1X\x80m\xc2%H\x93\
\x97\x98\x159H\xca%4\x00\xa6\x0cx\xeb\x1bu0\
\x97!\xa2\x0a\xa8\x99q\xc0My\xfa\xf7U\xc6v>\
\xa2{,\xee\xd4\xef~\xf7\xe2\xb1\xaf7\xc2\x0b\x11\xc3\
\xff\x1a\x0d\xf0\x98\x11j\xbdNq\x1a\xbd\x0a\xb5in\
\xfd\x82\xce\x968RJ0\x81\xa6\x8f\x85C\xc9aG\
=\xf5\xd1!w\x8fs\xacF\xc6R\xcc\x02a0\x9a\
\xf42\x1a\xd1Kr\xa2\xc6\x89\x82m\x05\xbcC\x92\x0f\
2\xcb\x1f;\xbcW\xcdX)6<O\xc8\xee\x88\xbe\
\x0e\xb0g\xfb-\xec\xab\xd3pt\x90\xa5\xc0\x1c\xe6\xfb\
\xc7\x8e\x16&i\x22\x92+\x8a\xf9[#Z\xae\x09\xc8\
\xfc{\xf4\xba\xa4LO\x82\x84\xf5F\xc6F\xaf\xa6W\
\x869J\xe9rp\x89\xfb#0\xb4\xc93\x0e;{\
\xaa\xcd!z_\xcb\x9b3l\xa8\xc8\x9f\x8f;\x8d\xee\
xk\x11\xd1\x94\x9e\xa1\xec\xa8\xfbJ\x9f\x91\x8c\xa5T\
;H\x03v\x81\x8d\x1bzX\xe5E$\xf33?+\
]L\xcf\xe1\x89BE\xd2\x1a\xa0w\x98\x14\x09U\x8f\
Ru\x8c\xa2\xc68\xc7\xe4\xf7\x99\x13r\x03\xdd\xf7\xe0\
a]x9\xf8\xb0\xd8s<\x9d\xb2\xcc\x99\xd4'}\
\xfa\x9dL&\xd0\xa2C\xa5\xc1\x84\xfa\x99\xfe\xf8\xa8^\
\x86\x8d\xed\xf4*g\x22K\x9e\xfb\xb4\xb2\xf97\xe8v\
\xc69\x16\x91\xf9\x87t8\x0b32\xbcz\xcc\x91Q\
\x9fm1\xde\x90\xcdf\xc3\xf2\xd9>\x1e\xd3\xa4:0\
\x84\xe7\xba4L1\x00\xa0=\x9dN\x99\x15J\xd2\x8e\
vX\x83\x83Gr\xb3\x04\x0d\x07#H\xaf8\x92\x8b\
9\xc1d<\x22\xa4\x5c\x02p,\xa5{\xc7\xb8\x80\xe3\
b\x8d\x0c \x08T8\xc7ay#G\xb5\x9f\x01\xef\
\xf8\xe2s\xfc\x90\xae5\x03g\xeaWS\x12}\x84\xbf\
\xad\xd7k\x11\x99\xcf\xe7<\x8d\xf6v\x9e\xf8\x15E;\
M*f\x86\xc9\xb9\xd6H.L\xe0\x1e>\xe5\xa0\xb7\
\xb3\x80^\x19\xe6\x18\xb0\x8c\x008\xc07\xb1\x14\xca\x15\
\xc0lH\xdc\xeb\xbf=(\xea\x89\xca=F\x8dS\x91\
~\x94D9\xc7\xc0N\xef\xba\x0f\xfa9\xd8\x0b\xcf\xa1\
\xe0\xe9\xde\x97\x99\x93\xcb\xec\x92\x0f\x16\x80\xaa\xc3\x8bR\
D?\xf9\xc2c\xe9'F\xb9\xc1\x01\xd4\xa7\xd9\xecx\
\xd8l\xab\xaa\xe9\xbc+\x5c\xb4\xa68\x8e3\xcd\xc0X\
\x9a\xbc\x01\x03\xc3m2\x0d\xb6\xb9#\x03\x1b_\xbdQ\
\xf4\x1ccyz]\x86\xc0Q\xa9\xe1\xc8\xfez;\xe3\
\x1c\x91<\xeb\xd6\xe4@\x8dy03\x7fd\xe0+\xc3\
\x1c\x03\x88\x9e\xa1\xf3\xf9<\xc6\xb8Z\xad\xca2\xb4\xc8\
\xd2\xd6\xf0\xb6\xc9\xb3\x06\xc8T\xc4\xc2!I\x09\xcf\xfd\
\xba\xccH\xfc\xcfQ\x1cQ\xcbfK:\xe8!\x0b\x96\
1\x9f\xcf\xa1T\xef\xe9\xccq\x0e\xc3\xd0%\xb5\xe8\x84\
\xdd~y\x00p\xe0=\x92c\x00\xc7k'\x1e\xe0\x07\
\xd6A\xce\x90\xe9{\xbcQ\xf2\x8a\xa3\xbd\x0cy\x80\x85\
-\xecz\xbd\x86O:\x9d\x8e\xdf\x92\xbes\x00A;\
(.\x1c\xc1\xcf\xc9[\xdd\xd0z\x9f\x04|2\x98\x05\
\xae\x0b?#\x12\x00\xf9\xcc\xcd\xb0O\x07\xc7\x16(\xaf\
\x1cL:\xd4\xa7\x91\xb2Ml\xe25\xb95-\x97\xcb\
\xf9|\x0e#\x13,,p}\x82PQ\xd5\xedv{\
\xd0\xd1\xba\xa4Q\xde\xab\x01\xd38J#\x8dU\x10C\
\x1b\xd2\xa1e\x80 T\x84\xf4Y\x1b\xa5\x87\xc7\xb1U\
\xca+e\xbf\xa3\x80B\xaa\x82}/x\x17\x00L\x91\
\xd1\xa4{$\xa3\xd09\xd4\xe6\xc3\xf8\xda\xc1*\xcb\xe5\
\x12b\x86\xd6\x84L;X6r;\x93\xd6\xd6\x8e\x87\
\xd7Y\xb3\xcf\xcf\xcf\x8b\xc5b:\x9d>??S\x8a\
\x88;\x82\xa4Qi:`\xa8\xc7Bd\x19Ii1\
\x16T\xc5)\xe7\x22BWk\xba\xb9\xf4\x84 \xe7X\
\xaeg\xa2\xf2v\xc0!!t ep\x90\xca\xd7\x80\
A{\xd2r\xb9\x84\xf2c2\x99\xbc\x04;\x1d\xdb\xc4\
\xcdb\x0e\x96\xe1Z\x7f~~F\xe2\x01l\xe5qx\
\x0a>\x81\xcd\xcb\xb7\xe2+\xc4\x1c\x8cs\x836\x8c9\
\x07\xa1\x19\xeb\xf9\xf2\x0c\x98\xc6\x83\x03\x1bV\xe6(\xf2\
\x1bV\x00\xafF~q;\xe2s,\xa3\xc6\xb1Ub\
\x22\x9a\x9cp\xdd\xabF^\x17\xe6`k\x1eB\xe1g\
\x08a\xb9\x5c2\x99\x1e}\x9e\x18\x0eJh~\xfaP\
_5\xe6\xe0x\x18\xa3\xe17-=]\x19^5\xe6\
\x90\x14\xb2\x01\xc7|MQ*oR\x9f1\x8c\xfc!\
D\xd7\xcc\x896\xd6:\xe3\x22\xe0\xf3\xe6\x91\xb0\x9a\x0e\
\xaf\x82=\x09g\x07\x83k`\x16\x88BN\xbd\x99W\
N\xaa\xcaM\x09\x8d\x91\x92&\xbc1\x92\xe5L\xc3\xb8\
LGe\x16QK)\xc0\xa1\xe9\x91\x02\x13\xdf\x8e\xf8\
\xbc\x16\xe6`\xb8\x13\xc3\xe10Q\x1d\xaa\x82\xdb\x99\xb4\
\x92\xbc\x86\x86\x96\x11\xdc\x1a\xa1\x15\xca\xf06\xf1\x22\x00\
\x98rk{\xfaPGyX#\x02\x88c\x89\xaer\
\x96\x0e\x87\xf3\xd7\x07\xc0\xa3[\xa6r\xf0\xb8Ah8\
J\xfd\xe8\x9dD\x04\xb6\x95\x97x\x16:W\x1e\xd5\xc4\
({\xebQv\xf9,\x89\xc2\xc0\x13T\x9b\x87\x10\xd6\
\xeb\xf5t:e\xbej\x94\xc7w\xa4j\x01\x0a9\xdf\
\xd8Nl\xe4\xf4\x91\xf4\x99y\xee\xf3$\x05\x0f\xd3\x0f\
\x06\x98l\x14CI\x1f\xba\xcc\xcc\x8b\xd3\xab\x13m`\
[\xd6\x98\x08KnI|\x9eC\xba\x1cU\xc5c\x0e\
r\x8f\x1b\x9f\xb4\x92\xacpX\x06\xa2\xf2\x05\xb83\x03\
\xe0\xc0qV\xaa\x8aHQ\xef\x19w\xcaPOo\xe4\
Z0T\xdc4\xe2\x85\x82c\xa9\x88@\xfa6\xb2\x8e\
Q\x1e\xdfM\x01\x17X\x97\xa08\xbf\x9bT\xda\x08\x92\
e\x02\x91\xdc\xf3t\x96q\xa9\x0d0\x1eUE\xf6\xf5\
\x1c\xdc\xa0\xf0v\xe0\xba\xf1\xe5\xcb\x17\xc0O\x1e\xeb\x07\
\xbf\xeb\xc6<6%3\xba\x16]x$\x9c\x0a|2\
\x9e\xa5\x9c\xa2>\xd4g\xf0\x07g\xfe\xac\x9b$\x1a\x8f\
\xbc\xc2\x1c|S\x0a\x85\xf6\xed\x88\xcfk\x8d\x84\xfe=\
T\x09 `!\x8b\x85;\xaa\xcda4\x22\xe6\x00\xee\
d\xc48\x98!\xd7\xffj\xb5\x82\xce\x0f\x7f\x85\xef\x97\
W{\x8c2\xd4k\xe99F\x81\xefY\xb3\xcc)G\
CC\xc9=\xce4\x92\xcbP9x\x9e\xea~\xf7\xe1\
h#\xae\x84\x09\x0f\xb3\xf6+\xe3v$\xee\xb1d\xe9\
\xfc!\x9f\xf4m2\x99,\x97\xcb\xe5r\x09\xfe\x88\x8b\
x1\x90\xf5\xe8\x15-\xf7\xf3\x11\x17\x00'd6\x9b\
1\xcc\xf8\x92Y8/f\xc4\xe1\x22\xa7\xdf\xf1|>\
\xc7O\xac\x93\xafja\xf4\x17\x8d\x96\x92\xd5B\x89\xa8\
)Y\xd6\xc5\x9e\xddX\x845PU\x15\xb3\x9f1\x13\
1`(w)\x92\x16\xc9b\xb1\x80\x1b\xa9$s\xe4\
A\x7f\x8e\xaf\x81B\xca\xf8\x0e\xad9D\xefz\xbd\xde\
n\xb7o\xde\xd6\x00}98$_\xa26S\xe3W\
KP\x19\xbe$\xcd\xc3fe\xb7\xdb\xf9D\x9c\x03\xc0\
\xc7(*\xf1\xacL\xa3\x93)\xf5\xff\xe0tx\xed\xab\
\xaa\xdan\xb7p\x18FH\x02\x9d\x1fCJ\xf5\x8d(\
Y\xbc\x0f`4t0\x1e\xe0\xfc8\xe0~\x07\xa0\xfb\
s\xd8&\xfa\xf7\xcb- \xe3\xef}.\xdb\x83N0\
\xc3$\xd09\xe4\x96\x9fy\xcf\x0e\xb8\x1b\xe3Q\x08\x83\
\x9b\x1del7\xdeo#A`\xabjih\x18\x0b\
\x85\x8c5T\xb25p\x06\xb0\x8e\xe9t\xbaZ\xad\xb6\
\xdb\xed\xd3\xd3S\x8c\x11\xa1m\xb8\xa3\xaa\xaa`x]\
.\x97P\x9b\xc3\xa3\x05(\x84\xd1+\xa7\x0f~\x14\xd3\
\xc9A\x1a\xb0\x05\x1f\xa6\xdd\x94\x82u\xf8\x08\xfcL0\
\xb3\xfc\x89\xfd\x8eE\x07\xbb\xf6O\xbc;\x0f\xc7\x9d\x1a\
i\x22)vt\xbd^/\x97\xcb\xc5bq\xcbs\x87\
\x90\x93\xddn\xb7\x5c.%e\xa4\x06\x13\xa1\xde\x06(\
\x0a~\xf5\x9b\xcd\x06N\x1b\xdc\xbe\x88s\x13\xa3\x06\xf5\
\x96o\xf9Z\xe4U_\xaa\x8a\xb3F}\xb4\xc2\xeb\x22\
.\x12I\xb7\x86\xb5\xc1\x08\x9dk\x0f\xf0U\x12$\xb7\
\xb8\x83\x03\xfdn\xefb\x89\xd4\xfa\x90&\xefr\xa0\x0a\
j:5\xb9\x99{\xf3\x0aV\xc8j\xb5b\x01\x11\xd9\
\xedv`&R$\x83\xbf\x13\xc9\xbfb\xe2\xc2\xc1b\
\x8c\xccv\xf3\xeaTb\x9e\xb8_\xa7\x0fGv\x02\xf3\
\xeb5\x14\x5c\x86~f\x10P\x0fd;\xda\xeb\x0e\xae\
q\x00\xd4p n\x0d\xc9w\x89!,\x05\xcd\x03\x7f\
\x88\x08X!\xb7\xe6\xd0\x85\xd2\xdf\x07w}\xd9\xdb\xfa\
\x99\xae>\xc3\x07\x89p\x0d\x8c\x98~\x0f\xa5\x8d\xf6\x96\
\x89\xecO\xd2\x1d\xf9\xa3\x10\xb0[}E\xfa\x86\x9b\xd2\
s\xc0\xc8\x02?*\xbc}\x0c\x14\x1cW?q\x22\x91\
\xbfQ\xcd\xf9\xfc\xfc\xcct\xddT{H\x12\x93\xe4$\
\xf0\xf0\xb0t\x92\x19\xf4\x1f\xb8\xbb\x01\x1eKc\xdd\xe0\
\xed\xbc}\xd9H\xbc\x1e\x91\x5cZD\xc0\xabK\xe5\xd0\
uod@\xef\xb8#\xa8\xf7\xa8\xc2\xe1__/\x96\
\xba\x18\xfd\xacO\x06\xf3\xa5\x85\x82\x9a\xd2+\xa2\xb6F\
c\x04\x9e7\xcc\x84\x9b\xcd\xc6\x12a\x05Pq\xea\xaf\
\x10\xa3h\xcaU\xcc\xb3\xfe\xbc\x9d\xe9\xdctVw\xc8\
\xf3\x11\x06\xf9\xf0\xf0\x80}\x1e8\x88\xa6\xec\xb6\xe3\xd2\
\x99\x16\x9b\x97\x7f^\xe5\x1bR\xda\x22yU\xb2\xff\xa6\
0\x87W\x22\xd2V%\xc9\xf40\x0a\xa0\x1fk\xa8`\
\x05HILE)44e\xfe7MG.\xe3;\
\xb8\x07\xbdG\xa5\xc5(0l\xfcG\xe9\xf3{V\xb9\
\x18u\x8c\x04\x7f\xc24\xe2X\xb8\xba\xae\xe15\xc5Z\
~2_\x0bm6\x9b\x98\xce\x9a\xbe\x1d\xab\xd0k\xa1\
=\xb1AA\x02mX\xa95\xba:\xc1\xb6\x02\xd0@\
\x0fszoH\xb2\xb60\xb5h\xe6\xe1E\x03-\xed\
,G\xe5\xbc\xfaz\x88\x8c\x80\xbc\xc0\xd2\xc1Nu\xa2\
s`\x8e3)]\x19\xcad)/\x0b\xd66\xae\xe8\
\xd7\x91\xb5\xfa\x1c\x94I_\xbettK\xbf\xf2\xf8\x1c\
a\xa3\x02o\x0c\x1f<\x0f\xeb\x09\xb5\x1a\xdc\xc2r\x85\
\xd0VKw74\xd8\xf3\x06oj\x12.@%\xeb\
 \xf2X,\x16u]\xaf\xd7\xeb\xf9|\xfez\x0d\x10\
\xc8\xc6\x0b\xe9s\xed\xb1\xbcJ\xca\xc5FH\xc7\x8d\x82\
5\x8b\x08Q\x88\xb8\xf5T.\x976\x0d[[\x81>\
e\xbc;\x12\xfb\x05/\xc0\x86\x9bVX:\x99#4\
\x5cDp\x0b\xde\x88\x88\xeb(\xec\xef\xb7efr:\
\xdd\xdf\xf32\xefX\x9fy\x1e@\x9c|\xb0Z\xaa\xa9\
\x19\x22d\xee\xa8\x9a\xc1\xf2fDNT\x02&I6\
83\xa3\x0f\x875\x9d\xcb5\x22\x8d\xa2{\xbf\xccH\
\x86Q\xa6'\x87`\xa6\xcb\x14\xc4v)\x87|\x953\
i\xb6\xb2\x11R\xfb\x02?\x1eda\x01\x97c|\x0a\
e!\x96\xf7b\xb1PUx\x8c\x96\xdb\xf1\x9e\xc3\x1e\
\xc6\x09\x0fV\x19F\xa7\xb7sp\xf0m\x05h\x93\xb2\
\x14\xdeR\x1e\x0b\xa7\xee\xc4\x9fs\xaf\x8a\x01\x84\x10\x15\
\x18\xee\xef\xbb\x94\xc1\xd4\xba\xadd\xfc\x98\x16g'\xf6\
Q\x0c\xf4\x91s}\xde4\x9aN\xf8SSN{\x06\
7\x22- \xb2\x98\xd3h\x12B`Zwz{`\
\xb9\x1c\x0co+\x076\xca\xed\x0c\xa0\xb1\xe0\xc2\xe9\xcd\
\x96Ux\xc67\xd9\x07'\xd6\xaf\x96\xa3\x87{\xa8\xdf\
\x83\xe4A*\xae\x10p0\xf1\xc6e\xf6(\xb7\xb3\x0f\
\xbeX/\x9a\xce9\x02\xec\xc0TS\x1f\xd9\xe8Uz\
\x0e\xf6\xad\xc9\x7f\x8bJ,\x0e\x0c\x8a\x0df\x02\x84[\
(\xb1EUU\x0f\x0f\x0f\x5c?\xf4\x13l\xcbA2\
`bG\xa9r\x99~\xcf\xd4\x08a\x9c\xf7A\xf6\xc0\
\xf4\x02H\xf4X\xc2\xca\xa9\xeb\xfa\xe1\xe1a\xc4!}\
\x85\xd4\xaa\x1e\xe7>\x00\x1a\x05\x1f!ra\x88Wn\
\x8f\xb8\xd5^\xaf\xd7\xc8\xee\xb5\xddn\xfdi\xf5P{\
0hV\x12\xca\xee9\xf23i\xf8\xdf\x18!\x81\x07\
\xbd\xfd9\xbd\xe3N\xdd\x80g\x91A\x0d|A\xa2\x91\
\xe0N\xb0\x1bq\x90w\xf2\xc4\x1d-}u%=\x8b\
K*u\xa8h\xe1\xdeZ\x9c\x9as\xb5Z\x85\x10\x16\
\x8b\x85$\xf4\x0c\xbb\xa1\x88\xf0t\x95,S\xdc\x9d'\
\x8cE`\x1dL\x8ft\x95\x8c\x94=\x89z/.\x92\
k\x8f\xe8\xd5S\xd7\x8bd)=\x9f%o\xed\xfe\xbb\
\xc3Q\x14\x03L\x12j\xe9\x88\x07\xec9\xcc\x9d\x092\
\x99L\x16\x8b\x05v$(\x0f\x17\x0d\x1e\xa4\xcb<?\
\xa5v\xb4\xffH\xce\xa4\xe7\xb8L\x953\xf5\xcb\x9dk\
\xa9\x0fk\xd4\xa2_x\xa8\xdc*a\xb5\xf8|\xcc#\
\x0e\xaf\x9b\xbe6=\x07\xfb\xe2\xccS\xaeP\xcb\xd8\x98\
t\xe7\xe0\x95\x01Dc\x8aWW\xd0\xa7\x07\x9ca>\
\x9fC\xf1\x09\xa6ARwLWw\x0c\xce\xb5\xf4\x1c\
\xe7\xa8r\xb1F2\xd6!\x22\xd9\xc1=\xa3\xd8X\xc7\
Z\xf31\x9d s\x94\x04\xbcS\x1b5\xeb9\xf8\xe0\
i\x8c\x80\xb6C\xaf\xe4mG\xd8\x01[\x89&_W\
\xf8\x9co6\x1bF\xbdZ\x0aZ1wP\xc2A\xc3\
\xd0A\x93\xe4\x99h\x80\x1dw\x98\xad\xe1\xd8*}\x88\
~v\xd8\x04P\x97~\x0bQ\xd6\xe2\xb4\xeb^\xc9\x0f\
\xed],\x0ex;\xeb\x18N/s\x99\x91\x8cB\x99\
1\x1e \x83\xdc\xa3O\xc6\x8eQ\xf4\xeax\xcd\xb5H\
\x0eAU(4\xb8\xeb\xf5\x9ak\x18\x1c\xc3R\x06R\
\xb2\x1a`V\xfc\xb5q\xb4\xc7\x8em\x94*}\xf8@\
Vk\x18\xce>\xbd\x91r\xf0p\xd7\x85\x7f.\x00\x1f\
\xb5\xd4\xea\xc2\xdao\x81\xe8S\x8c\x83TF\x01C_\
95`\x0es\xa9\x93$!\x0f\xd8;W\xab\xd5d\
2\xb9\x98~\x09/9\xd5\xb3\xcc\x19\xca\x11b\xd5B\
M\xca\x04\x12\xe0 \x0cg\x92&'\xea;\x9dN\x5c\
$\x98|F\x04\xdc\xcekI\xfb}\x95\x8eB\x88)\
\xc5\xf5\x15\x93\xb2|\x0d\xe4w\xab\x08w\x82tY\xaf\
\xd70g\x5c`\x00\x80\x0b\xe0\x038\xaa\xd0'\x02\x00\
\x13\xa3M\xb6\xaa*8\x90b\x7f\x05\xe1\xc7\x93c5\
e\xa6\xb9\x91\x85\xfd\xdaI\x93g\x1e-n\xf0\xcd,\
\xbdJ\xafN\xc8\xee\xcf\x83T\xee\x0b\xe0t:\xe2\xe9\
\x92\x83\xc3\x8f\x86\xb3\x0f\xf6=\xc0\xab\x94\xf8\x80\xfbN\
z\x80f\xcbn\xb5Z\x01f\x22\xc8\x1b\x7f\x0d!<\
>>\x22\xb7\x8f\x88@\xd5\xa1\xceg\x1e\x9b\x95Q\xcc\
\x22\x03\x1a\xb9\x96\x11\xa4O#\xa3\xa8O\xca\xfb\xa5\x8e\
\x9a\x09\xd9\xc4!\xd7\xb3\xf2\x91\x0cV\x06w\xe6xc\
^\xf3W\xcd;\xae\xa5i?\x85h\xb6X.\x97\x0f\
\x0f\x0f\xf3\xf9\xdc\xfbZ\xa1\x8c7\xcat\xb7F\xc5'\
\x9f5\x1b\x01\xf7\x88\xe9|\xe9\xe5r\xf9\xf8\xf8\x18B\
x~~\xe6\xde)\xa4|\x808\x86\x09\x89\x98E\x84\
YG\x19\x8du\x0e\x0d\xff\xed<\xbe\xdbi\x96\xca\xb0\
\xd2{\xa6?\x0a\x19\xebv,\xf9p\xacV\xab\xc6$\
\x1cw:\x85\x8eH\xb1\xa0.\xf9\x0fO6\xe1;?\
\xa0o\xea*\xb2\xef\x96\xa2.C\x08\xfePG\xec\x93\
\xb0G\xc1vd\xb9\x5c\xce\xe7s\x1e\x98\xe2\xddE\xef\
n_\xa4\x8bi\xef\x19\xbd\x02\x939\xf8\xf8e4\x0a\
\x99\xdc\x228F\xc4\xc1\x05\x06p\xa7F\xf2k\x0f\xdf\
\x17\x8b\x85\xe7\xe6\xe6B\xac\xfb\xbf\xad\xd8Q\xa8;\x92\
P\xfer\xf18\x00\x00\x19\x00IDAT]\xf2P\
b\x17\xa2\x07K\x8e\x8a\xf4)\xc1\xa9\xf4<\xa4\x9eX\
Y\x12j\xb9\x8b\x99K\x12\xdeS<M\xe6\xeb\xe3_\
\xfb\x98\xe4F$MN\xa3\x94q\x17\xeb\xfak\xa0^\
\xec\xd8[[x\x8e\x89O\xfe:\xec\xa9h\x8a\xae\xa4\
\x8bY\xa6,A\x012\x11\x06\xb9I\xca#\xb2Z\xad\
\xa8\xa3\x03\xff\xca\x12Z\x8f\x15\x9e\xd0G10\x8a\x11\
\xfa\xf46\x87i5Fy\xaf4\x11\xbd(J\x91s\
\x0e\xb2\xfd#\xb3c:\xb6\x90&\x953\xdd\xef\xb5\xe8\
v6\xca\x03\xfa\x9d\xcf\xe7\xeb\xf5\x1a\xef2pC\xf9\
\x80\x0e\x8e\x16\xdc\x00\xcca:\x9d\xce\xe7sFn{\
eIHyf\xb9B\xa8\x05\xf1\x16[\xb0\x8e\xd2c\
c\xacI\xbb\x91\xe7u;Z\x8dF\x02\xe6`*\xdb\
\xcc\x15\xef\x92\x84\xe5af\xf7\xb3\xe9\xcfA}\xb7\x80\
\x1ev\xa8*^r\xe6\xbd\x18\xf6`\xa0/\xc1\x06\x05\
(\x81\xe2\x0a<\x88n\x5c\xe4\x17d\x19\xec\x97\xfcE\
Sd\x8d\xa5\x83\xdc$9|\x0c\x18\xdbUh\x14\xc5\
L\xd9H\x9fH\x81Q\x88OAS\x9c\xa4\x88\xd0\xce\
rn\xf3\x0aW\x02D\x11r\xce\x22\xe9\xf2\xabF\x18\
\xaf\x9a\xa2K\x13\xc7+\xb0\x93\xd2\xf2\x05\xce\xae.\x1f\
T\x1f\xdan\xb7\xd8\x13s\x1f\xc2\xea\x04\xbe\xb2\xff:\
\xd0\xabCD\xe0R\xca*t\x14\xa3'J6\xec\xc1\
t#\x80\xe3\xc6\x89\x93\x1fR\xb2c\x9frp\xb0*\
}\x00A\xc3\x81Eu\x07\x1c\xe7\xa0#\xd4\xce\xdeh\
\xaa\xc9\xad\x06\x8bC\xd3I\x04G\x11 \x0bry\xf9\
\xec\x1aLG&)8\xc2\x07\xa4\xf0\x14::?3\
P\x85\x1a\x11o\xeb=vT\x8d\xf4\xda\xf5\x1c}\x0c\
\xe4\xc7v\xd4\xd1\x147\x97^YzVNJ\x0d\x07\
\x16\x15\x80\x0eYU\xd9\xf5\xabf\xeb\xafK\x8ce\xf2\
\x9b6{K\xa1\xf8>\xdc\xa9\xedye\x04\xc0\xf1\xf8\
\xf8\x08\x07\x91\xe5r\x89]2\xd6\x1b\xf60\xcce\x1e\
S\xc2bd e\xd44\xf8\x03Sqd\x0a|\xaf\
29\x85\xfa\xb0\x8e\x83\xb5F\x91\xb8\xc3Fr\xb1f\
\xf9\xe8\xc3~\xca`9O\xd6\xb8F\xf2a\xb1w\xc0\
q&:\x0esPE\x09(\x00\xb6\xbe^\xaf\xa1\x86\
:\xb6o\x82\x15\xb0\x03\xf8\x88\xe0\xcd\xc7\x0e\xd5\x87\xd8\
\x81U=<<,\x97K\xb2\x95\xc5b\x01\xbft\xa8\
I\xb8F%\xbd\x09\xf7\xd4O\xd2\x14|x\x8eM\x03\
9\xb8\xdfV\xe2\xc9\xe2y\x0dX!G\x11q'\xec\
n!\x1dvz\xe7\x1dW$\xae=\xff\x05{\x03\xb8\
\x91\xe2\xc5\xf7\xe9\x19\xfa\x88\xf9\xc9d\x82\x17\x9f\x9aN\
\xba\x7fR\xd9\x09\x5c\xc2x\x13\xf8\x9b{<\x8a\xdc_\
\xf8\xe9\xdf\x88\x11\xf7*w\xeaO^i\x0d\x0c\x0aM\
\x18l^\x97I\x8c\x81\x1d\xefb\xb1\xb8\x87\xc5\x9e\x8f\
\xc6\xf1\xb2\x84h\xe11H\xfdk!>\x1eZ\xac\xf5\
z\xbd\xd9l\xe0\x13*\xceH\x0f\xae\xa4\xce\x93\x83K\
SD\xd6\xeb5\xed2DE\xc7\x8e\xff\xe0$\x0c\x98\
\xa5S\xc0\xfe)T\xb6p1\xb5dF\x99\xb1\xa3\xae\
\xeb\xf9|\x1e:O\xdf\xe8\xd9\xac\x87\xbf\xec\x08^\x02\
\xd0\x9f_\xeb\x96/C\xb7\xc3\x0a\x0f\xeeq\xfb\x0c\xd5\
\xcc\x10\xee\x8e\xe5\xd1g\x01#\xe4\xc4\xcc\x90\xd4\x0b\xe1\
l\x9e\xff0p\x09\x86yUE\xe6@n\x99\xa0B\
\x07\xeb\xa0\xa24\x1b\xed(\xea\xb1\x8b=\xacstt\
>#lv%\x03y\xd4y\xd07\x8ba\x89\xd2\xfb\
\xfc\x8d\x9e#\xd1\x94\x82\x05\xe7i\x5c&\x96\xfbk\xa6\
q0\x87\xa5\x13\x16\x8e\xf2*\xb5\xfdhFs\xa7\xcf\
\xc3\xc3\x8b`BD\x80<\x80@\xd5\xa5\xb1\x0b\xe9\xf8\
Gq\x9a\x98\x01\xe3?\xb1\xc0(U\x06\xd7\xean\xe1\
\xea\x98\x83\xcb\x83[\x16o\xff:\xb6Y\xaf~g\xf5\
\xd5j%\x22_\x89\xcf\xd7-c\x8ea\x1a5Ue\
\xaa\x8c\xf2!66B;,\xa0\x06\x03\xef\xc1:\xaa\
D\x96\x0ep\x10\x11\xa4\xbd\xe7\xb1\xb1\xea\xfc\xd6\xef\x98\
\xe3bm\xca1\x98C\xd21ITf\x93u\x8c\xa5\
\xf9\xf0b\x08\x16\xb7Q\x9a\xbdS\x1b\x8d\x13FH\x13\
\xbe$sF\x1f\xd8\xa1\xee\x14J\xa2\x07I\xe7\xcb\xc3\
\x04\x0b\x9e2\x9b\xcd\xe0\xf3\x05;\x8e&GEM\xae\
\xefRd\xbc&\x8db=\x1d`\xb3\xbc\x96\x1d\xf7v\
\xde\x19o\xa0\xc5Vr\xbd^\xe3\xe1\xe2\x0a\xd7\xccQ\
Ds\x09\xef\x94\x87\xfcM\xa7\xd3\xf8\x15\xe4nz\xd5\
w\xd78x\xb8w@'\xd1\xe7\xedC\xb8\x8a\xedg\
\x1e\x93\xe4\x04\x00\x08\x02\x93\x0d\x04\xc9d2A*\x0e\
\x98up\x9d{\xe56\xd61l\x9e_\x91\xec\xbfV\
GG\xf5\x02\x5c\x88\xec\xf5\x96\xd2\xcb\x0e\x03\x1c\x1e\xca\
\xf0\x0aA\xea\xfd,\x95\xcb\xd0\x98\x19,\xb8\xa3\xb5~\
\xc7\xf6\xc4t\x9c\x0ay\x01\xf2\x15\xc2\x03\x00i\x01i\
\x82%\xc2\x85\x80a\xaa\x16\x8e\xbfM\xc9q&}\xc3\
e4\x1fc=\x9d\xab\xa8:<\xe6\x90}#\x0b\xe0\
\xe6\xb0|\xa0\xfe)\x03\xad\x22\x17\x08\xd3\xe1\xbfj\x91\
\xdc\x87n\xf9\x06\x0f\xdaV\x1a\xafP\xc5\x1d\xfb%\x18\
\xa4\xc7(\x96\x93\x88\xf0\xb46\x98\xf0\xc0U\xe8\x0f\x08\
\xdd\xc9j\xb5\xdan\xb7\x8b\xc5\x02\xd5\xd9K\x1b\xeb\xb8\
\x1d\xad\xc6\x1b\xc3\x1c\x07;-\xc1\x01\x9f\xb5\xa6T\x08\
\x03:*\x1f:\x04\x0aV\x88\xa4\xa4\xec\x03o\xe3N\
\xfdh\xcctI\x00\x10\xf0\xdd\xeb\xb3v\x81[\xa9@\
\xf3~\xa9P\xb42\xfd\x17\xf3;aep\xdf\xdc\x98\
\x01\xe2+\xd7s46r-)\xc5\x9d(>\x19s\
\x1f]\xae\xd8c\xdb\xe4~\x14-\xa0\x11\xe6\x1f+w\
\xabo\x8fn\xe7\x06\xfb\xbc)\x07\x0bX:\x01\x87f\
\xd3\x83UV\xab\x15\xdf}\xe6\xaf\xe4\xa1K\xbb\xddn\
>\x9f3sq\x8cq\xbd^\xcf\xe7s\xd9\xf7\x06\xf3\
\x1d5\xb2\x8e+\xbe\xc2\xddm6\xd2\xe9\x1d\x0dS\x12\
\x0f\xeb\xe8\xd8\x02\xc1%\xa1\x1f\xcc:\xb2<cT\xa8\
\x03g\xbcy\xfd\xe8\x8d\xd0YR4\xb6mS\xf8P\
c\xcaL\xccd\xe7\xb8\xe8\x8f\x5c\xa2w\x08\x04\x15v\
0h\xc4\xe7\xe1\x90\x16\x03\xff\xdb =>c\xc7M\
\xcd\x00\xb9\x18a\x07D\x0bp$\x0cg\xc7\x0e\x98\xac\
\x87\xf1\x8dP\x8f\x99K!s-\x17\x96\xaf\x9c\x86\x09\
iK\xa9\xa6\x89<|-<n^\x01P\x80\xfb'\
4[\xd8\x96\xacV+\xb0\x05p\x15\xb8\xb4C\xfb\x85\
\x0d\xcc\xf3\xf33\xb6\xc8\xe060\xddv\x0f\xfeN\xd7\
\xa5L\xdb\x81\xc7G\x85\x07\xcd\xebG5H\x01D\xee\
\xc1\xcc\x0bz\x8fW\xba\x08\x9d\x8b;g\x5c\x03_\xa0\
\xab\x10\x11\x1e\xbc\x04\x80\xc9\x0d\x87\xcf@\x07\xbd(\x9d\
<\xda@\xe8e\x0c\x16}\xf6^\xa7\xf72\xb8\xd6\x05\
\xda\x1c\xb0\xa3mk\xc4\x7fJ\xda\xc1\xd0\x90\xdf-\xb7\
4e\x1b\x83W\xa0?\xd8\xe5\xa8\xc1\xbf1\x1a\xb0\x1a\
\x07?\xbe\x13\x1b\xe9O\xea\x08\xee\xa5f\x06ga\x9f\
\xd1\x0bf\x5c$\xde\x98\xcf\xe7\xcc\x92L\x85\xf9\xe0q\
\xbevC\xc9\xb5\xfa\xbdLG\xdb\xed\xd6K\x87F\xee\
\xd1\xa8\xf1\x85c\x99\x99\xd1 {\xa7K\xd2Eg\x5c\
]$=\xe2\xe2\xb0\x05\x01[\x81J\x83\xe7\xc1N&\
\x13\x1ccKw\xd4\xfb\xfe\xf5m\x90\xba4\x0cm\xea\
\x5c\xbf\xb9)\x9f;\x14\xe6\x88\x93\x94\xaf\x00R|\x85\
\xe4s\xfdQT`\x1f\x02\x0fP\x00\x0bM\xb9\x01\x01\
/`ga\x9eSF\xc3\xca}\x91\xbc9\xf2g\x86\
\xeb~r\xa06\x9d\xb7:/\x9f;\xe0\xb8\x16\x9dW\
\x8a\xfb\x15\xe01&rr\x00p\x88\x084\xa2\x22\xb2\
X,v\xbb\x1d\xf5\xa24\xb9\xb5\x9d\x9a!g\xdb\xc4\
_\xa5\x97\x8b5r\xad^\xba\x9b\xf5\x9c\xa24\x9c\x11\
y Y\x0b\xb68Y\xe1;]\x98\xce\xb1\xa3\xa5\xf6\
[\xdcs\x87D\xc1\xa3_,\x16\xdc\xab\xd0\x98\x82\x93\
\xae\x97\xcb\xa5\x88 \xa2\xde\xc7\xdb\xf7tU\x1e\xe5v\
n\xc4F\xf3\xc6\x944m\xd4\xa1\xff.\xaf\xc7tz\
-\xcf\x17\xbc\xb5\xdb\xf9\x1a\xe8\xbc@/\xa6\x9c\xe5L\
\xebf.\x97-\xc2OhN\xa3/\x18\x1d;`s\
%z\x1dk\x894n\xac\x8f\xaa\xd2\xa7\xd60\xdb\xf6\
9L6\xc3&-\xebh\xd8\xed\x1c\x1c\x12\xb3\x85\xc6\
\x94\xb5\x9a\x0b\x86N\x85\x14B\x0c{Y,\x16H_\
\xdb\xd3[\xf9\xcds\x963\xad\xc6\x83\x8d\x9c\x09sX\
J\x8b\xcec`\xa9\x1bCl<r\x16\xfbl\xc5\x9b\
\xcd\x06\xb0#\xa6\xf4\xd5\xb0\xd0{5\xc9\xc1~\x07p\
\x86\x83\x8d\x94t1\x88|\xfa\xed\xdc>i\xf2*\xe5\
\x83\x86\xadM\x8b\xcc\x81\x22\x92i8\x00I\xaf9\xfa\
\xaf\x92\xce5\xe3\xe0\x1a\xf0\xcf`\x22[x{i\x8a\
\xae\x06\xe6\xe0\xe2\xf0\x8bFD\x90[\x10\x9c\x05\x0b\xeb\
|\xc8\xfdM\xbe\x8d7K^\x9f\x01+\x09\x91\xa8\xa5\
h\x02\xa0\x10q\xe9=\xf8\x1da\xf4t\x00\x8c\xf7\xec\
\xe6o\x8b\xccE\x940\xc7\x17/j\xf2\xf4\x82h\xa1\
\x1b \xab`1@\x0b\xc2\xf4?o\x1et~\x85\xe4\
\xf7*\x04\x16\x9a\x9c\x91Q&K\xe4\x03\xc9\xc2\xd0\xfd\
\xfb\xaa\xb8\x0a\x8d\x8392\x1b\xbc\xa5,\x1dH\xad\x01\
\x13\x1a6\xa6\xf8\x021\xefcO\xbc\xf2\xdcg}\xe9\
\xc8L\xcc\x8a}\xc6\xd6}\xe5t\xcd\xc7\x80^\x1ai\
\xc0\x86\xf5\xf46\x87u4\xec\x8dU\x97\x8c\x81{Y\
I\xf6{\x1e\xf7%I\xb1\x81M\xed\xc3\xc3\x83\x99A\
\x1d\x8ab>\xc6\xe1bsr:\xdd\x8e\xc6{\x94\x91\
\x1cT\x86\xf5\x1f\x09@$c\xe0\xc1:\xf0\x1d_\xe0\
F\x8a\xf2`\x1d>T\x1eW\x00>B:N\x81\xac\
\xa3\xe7\xd8F\xb9\x9d\x01K\xeb`\xbf\x17\x1bII\xb7\
#\x98\xf9\x1c\xf1Ly\xf0,\xb6\x22\x94\x1d\x10=\xe0\
$\x88\x8c#\xc3\xf1\xb97thb\xb1;\x9dH\xa3\
\xe5!\xc5\x17lA\xe04\x0e\x8b;r'@T\xc0\
\x1c\x8b\xbd\x0b<6\x98\x0d,\xdb\xaf\x00\x97xk\xbd\
:\xc7\xc3\x1b\xa4RY2\x0cs\xbcy\xf2\x13\x05q\
\x020*iS\xeb\x8dq\x22\x02oA\xa8\xd0Q+\
K\xc2q\x9f\xd5\xdb\xa1ao(6\xa6\x9b\xcd\x06?\
\x19\x03\x09\xbd7\xb5\x9eT`0\x859\x22\x17\xb0N\
\xe6\xf3\xf9z\xbd\x16\x11D\xc3f\xacc\xb4;\xbc\x08\
\xdd\x0e\xa3\xbb\x91a\x94\x041\xc1D\x91\x92\xb2=1\
\xc5\x8b\xa5\x00l\x94\xbfk\xb2o\x87\xc6\xb4\xad\xd0i\
\x8b\xeb\xc0+\xbe\xc0Y`\x9d\xa5?9\xc4\x8c\xba\x83\
\x0f\xc0G\xaek\xef\x18\xa5\xf7\xbb\xc9\xa6?yg\x0e\
\xaa@4\x85\xce_{tw\xeaK\xc3\x1e\x16\xf6\xa6\
p\xdd\x00\xfa\xe4\xce\x84B\x85\xde\xa08\x88\x0bQo\
\xcc\xa9\xa0\xc99}:\x9d\x22\xf7\xd7\xab\xb6\xa7\xbc\xde\
\x91_\x92(V\xc07b:\x81\x5c\x92\x0e\xe3>\x8d\
\xb7I\xa3a\x0e\xdaS\xa8\x1b'\xbf\xe0\x9e\x03\x8c\x03\
\x01\xb1\xc8\x0c\xc8\xfc\x0aX.\xeb\xf5\x9a*\xaf\xeb\xae\
\x98Q\xac-\xa7k\xbc/\xa6\x1d\xbd\x22<\x22\xcb\xa0\
b\x03W\xcez\x80\xf5\x9d\x1f\x0d\xa03M\x1a,)\
\xe2\x0c+\xdej\x06f\x02\x1d\x06\x8fe\xc1`\xf0\x13\
\x04\xe70\xe8G{F\xa9\x94t\xadU1\x961\xe5\
\xeb$\xc2\x0e\x1a\xeb\x99\xb7\xe3N7H\xa3a\x0eM\
\x11\xd2\x88\x9b\x07\xea\x84\xaa\x9c\x07Eb\x1f\x03\x83\xcb\
r\xb9\xc4\xceFR\x06\xd2\x98r\x9fWU\x05\xbeS\
\xbex\x97\x11\x8d\xc3\xfa\x1d\xe0Yr\xb0\x91\xaf\x01s\
h\x22\x0a\x0fqV\xdb\xdbq\x80\x18\x85^\xb5\xea\xeb\
L\x0b\x89\x91k\xf0\xf7B\xa8<\x9b\x02O\x80\xfb9\
6-\xb0\xaa0\xb59\xa3\x1f\xa1\xfc\xe0Nw\xc0\xdd\
\x9d\xe3\xed\xeb\xd9u\xf7\x95W\xbdl\xceM\xa5Z\xfd\
\xda#\xbaS\x17\x8d\xe6\xf0\x0f\x17?\x18V`(\x01\
AG\x0ac\xedl6C\x12b8y\xe1\xa4GI\
k\x05!*\x99\xa7\xf1\x9d\xbe\x12Rw\x14\x9c\xb4\xa4\
\x02\xbb\xd3\x9b$Kg^\x00^\xcc\xe7s\x9e\x96\x82\
\xa4\xe6\xab\xd5\x0a\xc1k?\xfd\xf4\x13\xac08e\x94\
\xda\x11\x1e\xb8C=\xeb\x9d\x81|%\x04FA\xafs\
i\xc2\x8ew\xba)\x1a\x87\xad[:\xa5\x09\xba\x0d\xec\
BT\x15[\x10\x82\x8f\xd9lff\xcb\xe5\xd2;\xa5\
\x83\xbfl6\x1b\xa4.>6`z\xac\xf1_\xa0\xca\
\x99\x1a9\xd8\xe6\x15\xbdY\xd9\x91\xa5 &\xe6,\xc7\
\xa1\x184\xa00ZA\x929\x96\xcbI\x92c \x97\
\xd9e\x06\xff\x95\xd3\xb0e3\xd8\xa5\x03>\xe6X\x12\
<\x8c\x1eZ\xd2\xf5z\xfd\xf0\xf0\x80]\x0a\x8c,\xf3\
\xf9\x1c\xce\xa4\x0f\x0f\x0f\xdb\xedv\xb9\x5c\xe2<H\xa6\
{\xe9#x.\xf3\x16\xdc\x8eF\xed\xb5[px$\
\x1b|w4\xa5\xae\xb6t\x1e\xbd\xec\xb3\x0e\xaa=\xee\
\x18\xf4\xa6h\xb4\xb8\x15\xe89%y\x92\xfaSa!\
'\x10\xb42\x9dN\x9f\x9e\x9eP`2\x99\xac\xd7k\
\x14\xe0\xb6\xc6\xc7,\xdc\x17\xca\xab&\x0f8$\x85=\
S\x8f\xa5.\x97\xa8\xee'\xf0\xf1{\x97l\x0d\xdc\x97\
\xc4\xdb#U\x85\x08\x81\xf5\x04\x12\x82\x87.\x99\x19\xf6\
*\xd8\xc9\xc0ETU\x97\xcb%\xfc\xcd\xa7\xd3\xe9\xe3\
\xe3#\x00\x8aW\x92]\xfb\xb6\xee4&1\xa8^D\
\x80D\xc5YU\xfc\xf9\x18\xd9\xd3\xbf\xaf\x84[\xa3\xd1\
\xd4\xd7<\xcb\x11\x88\x81\x89\x02Ed\xbb\xddZ\xca^\
,\x22\xd0\xa3\x02\x9c\xc2\xf3\x03%a\x85\xa1\xf3\x87\x5c\
\xd0\x11\xe1F\x1a9\x93)\xe1Z\x16\x0a\xfa\x0e\x8bs\
\xf7a@\x0a\x17\x00M*\x8d\xaaQM9\xc1\xd8\xda\
\x9d\x89\x5c\x8b\xce\xe7CJ\xd6!\xc9\xa5\x14\xa7\xb8A\
i:\x9f\xcf3\xfftlo\xc4\xad\x16\xb8t\x0c\xce\
\xd72\x98^\xd1j|EC-\xc9\xdc\xc1\x90x\xe8\
\xc0\xa9\xbcB.\xc7\xdb\x0c)\x8b\xf1=\x09\xd8M\xd1\
8z\x0e\x84\xbfb\xcfA\xcf\xaf\xedv\xab\xaa\xb3\xd9\
\x0c\xdaQq\xc1)p#\x05\x9b@uhA|l\
\xfdWHo\xd2\x83\xc1{xa\x19P\xf9\x89\xbdl\
\xdb\xe3~{Sq\xa7F\x82n\x03!'L9\x1a\
\xd3\xb9\xd3H\xc5\x01\xc9\x01\xfd(\x8a\xc1\x0e\x8b+\xd2\
\xa4\x0f\xbb\xaf\x9f\xb7D\xb0\xd4o\xb7[\xfa\xee\xcc\xe7\
s\x86\xc8RW\x8a\xc2\xfe\xd1\xdfM\xb1\xb7Fc\xe6\
\xe7\xa0\xa5\x0d\xc1)\xe0\x11\xf8>\x9b\xcd\x085`\xb9\
_\xaf\xd7<\xcb\x1e\x8aSq*\xb2\xdb\xc7\xa4\xd9\xf0\
\x861\xb8Q\x1a9\xd8lI\x97a\xc7~S\xc2s\
s|\x1a\x1fnA\xa40\xc4\xc8\xfe]x\xcb\xcb\x05\
F~'\x19j\xfe?vi\xa1<\x00\xc7z\xbdf\
z\x1e\x04\xb2\xf9d?\xc0%\xa8\xe5\x93p@\x99\x0a\
\x03\xae\x8fu\xba\xcc[p#\xefZIo\xecM\xa1\
\x8d\xde\x9f\x12\xac.\x97\xa8\xe7\x1b\xafE\x88|\x9d4\
\x1a\x06\xd4\x94E\x14\x87\xd13\xeeq\xb5ZA\x7f\xbe\
X,\xe868\x9f\xcf\x17\x8b\x05\xca\x93q\x80\xefH\
\x120\xf7m\xcak'\xef\x94\x03M\x18NW\x22\xd7\
\xa0\xbe\xd4\x97\xccx\x87\xc7\x19\xf7%\xf1&\x09F\x13\
I\xa7\xb2-\x16\x0bx\xa03\xb3\xe4b\xb1\x90\x94-\
\x90\xd1\xf5\xf8\x13\x8dt~\xbb\xc2\x5c/wz3\xb4\
Z\xad\xb0\x12|t[IwO\x8e\xdb\xa7\xbe\x1aH\
\x08\x06\xeeJ\xa9-g\xfa\x1d\xf8\x84\xfa}\x09\x1e9\
\x02R\x800\xb6\xdb-\x94\xa20\xb2dZ\xafL\xf0\
\x0c^1\xe7`7e\x96\xa1\x01\xc3{\xd5\xee\x1a\x07\
{\xf1x\x91?\xf1\xa0\x01C\xa1\xe5j\xac\xd5\xd1\x11\
#\x11\xa0#\x81\xf2\xcc\xb7\xdf6\x92;]\x85J\x1b\
\x07\xf1\x81\xd7~\xf3\xd0\x03\xb0\x05\xa4\x16eBk\x18\
Pb\x8c_\xbe|A\xc4\x0a\xe3\xda\x90)\xbfQa\
\x8e\xf6\xb1\x87\xa1\x1f\xba\xb8\x84\x95Y\xf9\x83\x91\x1d\xb7\
\xb3\x90ng$\x17&*\xc5\x1f\x1f\x1f\x87\xb1\xdcl\
\xf9\xf9\x95sW\x84\x5c\x85\x8e\xb0\xadd\xdbM\xdaP\
$m;\x18\xdbf)\x01>\xf6%0\xe4g\xcc\xa2\
\xe4\x1a\x96\x22!\xbff\x97\x8e\xd7K>\xea\x84\x17i\
n\xc7\x19\x19\x83[\xe6Y\xd5\x00.\xfc)_1;\
~-\x94\x19\xda\xa1\xf1\x92\x94p\x16\x99{b\x8c\xab\
\xd5\xca'\x07C\x18$C\xdb,\xa5\xffi\xeb\x85.\
e\xd0\x91\x98K\x7f|W\x9a\xbe^\x026\xc53\x1d\
P\x9dk\x00K\x0e&\xb9F\xeb\xed\x9d.F}1\
\x07\x19\x87\xa5<\x0a\xaa\xcat\x1ax\xa8\xa0:Q\x08\
\xe1\xe1\xe1\x81\x89\xcc\xbd\x22\xa4\xa3\x0bx\xb0\x1f\x9b\xa5\
#k\xc7\xff\xbc\x8c\xd5vX#\xaf\x88\x15\xf6\xb4\xe5\
{\xcc\x01\xc0\x01i\xc14\xd5\xc7v\x846\x81\x5c-\
%\xc6\xf6&\xdb\x9ec\xbb\xd3\xb14\xe2\xac\xd2\xbe\x06\
\xf4\xc0\xf4_\xe2\x12W\xafV+\x11\xb1\x14\xf2\x06\xfc\
\x812<3A\x9c!\xa6\xb1\x0b\x06\xe1\xfb\xeb\xde\xc9\
\xa3\xfb\x06\xaf\xb5\x90\xee\x0b\xb8\x91\x10\xd5\xc8\xa5r,\
\x99\xcb\x9d\x0f\xd6\x81\xb0\x86[8[\xe3k\xa6\xa3\xf5\
\x1c`\x1c\xf43\xf7\xcbB\xd3An\x22\x02\xbfQ\x9e\
\x9d\x81\xc2\xdd\x0a\x0cMI>\xe8\xa6~;\xcbb\x14\
\xb8p\x0e0t1:\xcaW\x0e\xdbY\x18A\x008\
B:\x91\xab\xadJ[GT}\x89\x08\xd6\xc6z\xbd\
F\x9b\xea\xd2\xfe\x1cl\xf6N\x03\xe8\xd8\x17\xb0\xdb\xca\
N\xe7-\x88\x90\xf5zm\xe9T\x1d0\x10<\xe5i\
\x22\x9ab\xe1%\xaa.\x19C\xa3\xads>\x9fo\xb7\
[h[\x09L\xbb\x19N\xf7\x95\xfbB\xba\x16\x01\x22\
\xc0M\xa7c\x9b\xda\xa7\x1dM\xe7\xbd\x85\x10\xc0:\xc8\
O\xeet\x15::\xa2\x0c\x11\xf3\x0f\x0f\x0fp\xddb\
\xee\x0d\x1eJNW//'\x98\xd4\x9c\xd4fK\x8b\
\xee@\xf3SV\x9b\xef\xe8\xc4\x16\xc6j\xb6\xbc\x97\xc1\
\x87Q\x9d8\x92\x01\xd4\x07s\xf0\x99B\xd1%.,\
VZ\xc2\x17\x8f\xb2\xa9\xa30\xc2\xaa\x89JK\xb9r\
\x17\x15\xa3P\xb7\xc0n\xa3l\xf2\xbd:\x0a.\xe4\x8b\
\xc5\x02x\xd4\xfb\xe5\x00U\xe0\xccX\xf0\x0ah>\xcc\
\x0c\xa7\xa8d]4\xc2\x05`P\xe4>\x16\x91*\x91\
\xb4\xbch\xb7\x839ngsu#\x04\xa9q\x22\xe0\
\xf0\x04\xee\x045\x9b\xa4C\xe0\xee\xd3~\x15\xea\xab\xe7\
\xe0{\x8e\x9d\x8a\xa5\xec\xb3p$f@\x8a\x7f\xae\xe2\
\x5c:\x98\x0f\xff #Cy\xc0\x0e,;\xef\xb8\xda\
\xa8x?\xf6\x9e\xef4\x0a5\xc2\x05\xda\xe3-\x1d\xa2\
!\x89\xe3\xf7\xf1\xe7h\x14\x03T\xbfc\x83\x02hK\
-:\xdd\x96\xcd\x05I\xdea\xc7\xb5\xc8{Qp=\
\x10\x10hJ\xb3A\xd6Al\x81d\x1b\xe0\x18\xac\xce\
4_\xe6\xdc\x00\x1b\xdfzK\xde`p8\xa5\xfd\x97\
\xe4k\xb55r\xa7[ \xaa\xd2\xf9j\x9f\xf8\xa4h\
\xd5ER(,\x0f,\xb9\xfb\x1a\xb8<\xf5\xc5\x1c\x0c\
\x7fG\x8a@\x9fk\x81\xe9#\xc9Sx\xa60\xd0\x06\
\x85\x8d\xdf\xaft<l\x06\xe2#F\x9f\xc6]\x19\xe4\
\xfe3\x8aYd\x94f\x0f\xee\xe9\xfb\xd0(\x8d\xf4i\
\xf6`\x01\x7f\x85\x9c\x9d>\x1c>\x9flGx\xdb\xc1\
\xc1g\xc9I\x09_4\xd9\xf5\xfcv\xf9\xab=\x8d\xe5\
L\xacs\xc0\x9b\xc2g\xedw)\xd89\x98\x19\xd2\x0d\
3\x96US(\x013\x14\xa3z\xa6\xc1\xe2\x17nR\
\x1b\xbb&\xd6dz1x z7\xb2\xee;:\x07\
T\xbdK\xb5\xfe\x84\xb5A\x0fb\x5c<}\x02\xfdF\
\x17\xa8\x14\xca\xb0\xedv\xcb%w\xa7\x8bQ\x03\xe6 \
;\xe0O3\xdbn\xb7L\xa7a.\x09\xb1\xa4hF\
IvV<\xd4\x13\x87\x05\xf61\x9f\xcf7\x9b\x0db\
^\xe0\xba\xecu\xa4\xc3t\xbfw\x1a\x97\xbc`\xa8\xeb\
\xfa\xf9\xf9\xb9\xaa\xaa\xc5bq>e\x83%\xafR\x98\
\xfc\xb7\xdb\xedn\xb7\xe39\xe6w\x0d\xc7\x15\xc9R\xa8\
*~\x82]\xc0-#\xa4\xd3\x94\xc0\xf1%A\x07(\
$\xe8\x1f\xea\xd5\xe9\x96h\xc0kN\x17\xa2\x98\xc8\x83\
!\xb0\xaf\xfbR\xb95\xc2\xbb<\x9b\xcdN\x89!8\
H\x08\xcc\xc6i\xe71\x1d\xf5u\xd7{]\x8c\x1a\x1e\
-_x\xbe\xae\x94+x\x8d\xd7\xeb5\x84\x8a\x88\xd0\
\xf7\x82\xeaS\xc0\x82\xec}\xb6\x16o\xf3\x0eB\xfbt\
\x15\xcc\xce =e}\x5cF\xf3q&\x8ev1\xb5\
M\x9f^\xfc\x06\x94\xc1\x8a\xe7\xd6X\x02\xdaZJ\x09\
\x85%\xb7Z\xad\xe0x\xd8\xe8U\xfa\xaa\xe9\x15\xdd\x8b\
_\x0f\xcc\xe8E=%\xf9\x09\x93\x07\x02\x01\xa0\x00\xd1\
\x80\xd7\x82\xf4\xdfW\x94\xc5\xd8)\xac\xb4\x10c\x99\xca\
\xe4\x1c\xf4\x8a\x9e\xd7\xb5({C-\xb9\x9cC?z\
V\xc0A\x22\xbae\x82\xec\x0btz'\xe9\xb0\xad\xd0\
\xcf\xcb\xcc\x1e\x1e\x1e$\xbdK\x88Z\x94\xfd\x9c\xd6\xaa\
\xcag\x86\x0c\xe8\xb2\xff\xee\xf5|\x0f\xcb\xb5\xc8\x8d\x11\
\xc0\x8d\x0fs\x22\x93:\xfe\xae\xcfBgB\x03\x97\xe9\
e0\xe6\x10\xb7TD\xe4\xe1\xe1\xc1\x9b\xdbN\x1fX\
I\xb4\xf1\xa1\x0b\x9c]\xbc\x5c.%\xe9\xe4\xcf\xd1\xe9\
\x15\xa9\xcf\x1d\xdd\xc8\x96]S2.\xeeU\xbca\x94\
x\x02\x81\xd3\x88[\xa1\xcd\x1e\xaa\x08-\x127\xf5\xef\
\xda\xff4w\x941\x16'6-Ywc\xdd\xf8\x9d\
\x06\x13\x96\x0a\x0d\xb2\xd4x\x9d\xefE\xe6.\x1a\x96>\
\x08\x97\xb1|G\xeet\x90Z\x15\xe00\x852CW\
f\x19\x05\xc7\x07\x7f\x81\xf9\x0d\xe0\xa3\xaek$*\x96\
\x22\xe2\xa0?\xeb\xf4f\x1du'\x84\x81wdn\x83\
\xa30\x8e3\xe99.\x839F\x09~9\xf8t\xda\
<\xff-E\xb5\xc1Z\xef\x9dF\xcf\xf4\xf6\x9aK\x95\
\x8d\xf5\x09I\x06\x1b\xed)\xc9\xc7n\x93\xfa\xac\xf0\xdb\
\xc1\x1c\x92B\xcf`\xff\xc2\xc2\xc0z\xc0\xa3a\x86\x15\
sQNH\x1c\xc7\xd8\xb7\x01\xac\xa3\x8cm\xf1s\x02\
U\x87$TtVlz\x17Z\xfd\x09\xdc\x83A\xf5\
Tw\x9d\xc9n\xce\xb5\xe4\xdd\x89\xa8e\xb9\x80\x8e\xf6\
NB\xcc\x91\x09{h>\xe1\xcb\x09\xc55|m\xc0\
\x0e\x10\x07\xcf\xd3\x98\xf0 \xf1\xcc\xfcNb\x00\xe3h\
$s\xceh\x90+P\x85\xa9KS\xd6\x11\xdb2\x0a\
\x9d\xcf5\xe1\x1c\xcd\x9e\xa3_F\x1f\xf8\xe9E>\x15\
\x04\xaf\x0e\xce\x15x,y\xc6\xc1\x85\x11\xd2\xa1\xa3\xf4\
\xf6\x80\xbe\xad1\x91\xc3\x9d\xad\xf4\xa1F\x1b\x84\xdf\x0f\
H\x92\xf4\x99O(\xf7\xac\xe6NB\x81hY,\x16\
f\x06;:\x95\x1f\xa8H\xd6\xe1[\xcb:=\x96|\
;\x04\xc7P\xcaR\xbcQ{z_*\x97!\xbfW\
\xf4\xdb\x15\xefi~\xbe\xedJ\xb93\xd4\xe4$\x00\x16\
\x07I\xe7\xd7\xf3\xf9\xc6\xf3uR\x97\x22\x0b;H\x9f\
\xeb>\x84\xb0Z\xad\xf0``\x8ee\x88\x0a\x9c\xb6\xfc\
\xa1\x7f\x9eNyf\xacK\x0c\x04H\xc4PL\x7f\x0b\
\xf7\xc5qV\xca\x00\x07\xd4\x92\x0c\x87\xbe\x0c\x84*E\
\x11\xbeP\xb6a\xd7\x02\xcfD/Z.0\xb6\xb7G\
\x9e\xed\x961)^\x15\xcayFI\xa4-\xaf\x1c!\
\x97\x0f\x134A\x8b\x0e\xb0\xc8\x90\xf8q\xddq\xb2\xe5\
*)\xbc\x8e\xcb#\xb3\xd3\xdd\x17\xc9\x05\x08H\xce\x5c\
>k\x9f\x10\xe1\xac\x0c\xbc\xa3q&z\xa0g\x98\xa4\
\xe5}\x97)\xe3\xd2\x84\xaf\x19M\x18\x98zq\xd6q\
2\x1dn\x11\xc85\xb0\x9b\x81\xee\xe1\x02\xc3\x05\x83\x83\
u\x96\xa76\xf8\xcd\xee\x05\xc6\xf0uR(2\x8e\xe3\
)@\xef\xa5)R\xfa*c\xd3}\x82n\x1f\xbat\
j_\xfc\xc8\xefV\xdb>D\xce\xe0u\x1b\xfe\xa2\x17\
\xd2\x8c\x10\xa1\xe6\x00J\x0e\x9cp\x01~B\x07R\x14\
`t\x1b\x97\x96\xed\x87\xbd\x8c~;\xb4\xc4ay\x98\
\xf3&\xc9n\xe7N\xe7&h\xca\x99\xa4\xf8Z\xc3\xf0\
\xfb\x16lQ\xfc\xda\xb8\x0b\x94s\xd0\xc4\x92\xaf8&\
\x1a?}^\xafL\xd8\xa0\x80\xd7\xacJ\xda\x22\x9c\xae\
\x0b\xedC\x96\x8e\xb7\x86V\x9f\xcc\xeb\xbe>\xfaS\xf9\
\x80\x0er[o\xbd\x02a\x17\xebO\x12\xbe\x16\xf9\x9d\
7\xd00C%\xb1k\xf1\x88\xe4\xae\xf3\x00\x1d|I\
\xbdS\x8e\xa5c\x1d\xc3~\x8a?F\xa0\x90c\x90\x15\
0~\x8d\xc9T$%e\xf2\xcdf|\xe3\xac[\x17\
\x8e\x10\x1bk0\x10H\x9aF-\xe9\x1d\x98\x9e\x89\x80\
P\xfdZ\xba\x05\x02\x7f\x98\xcdf\x0c\xa3\xc5n\xea\xda\
\xe3zk\xf4\x12\xb7\xc2\x18W\xfa\xd1\x80\x8f\x80w\xaf\
V+\xd8M\xc8Y|\x84=\xf7\x8e\x19\x109\x07y\
[ \xf8\x1d\xb2\xad\xdf}\x7f\x8e\xa2\x01\x98\x83\xc5,\
\x85AB\xe9\x85\xf4\x91\xb7\xa09\xf0\xb7\x00e>\xd6\
0\xac?4\x01\x5c\x1d!\xdd\x08\x1d|^^\x0c{\
\x1d\x06\x83`%\xd9\xe3i\x08'\x04\x81D\x99\xcf\xe7\
\xeb\xf5\x1a\x1b\x03\xb4\x09I\xef\xbdm2\x93\x5c\xe3\xa8\
\xc6z^\x1esHr,\xad\xdda\xd7W_\xc3o\
\x9e\xf0\xd0\xbdAVnI\xef\x18]n\xba\xcdf\xb3\
\x5c.\xbd\xcf\xc0\x9dF\xa1\x09\xb7 \x98h0e\xbc\
\x8a\xc0\x1c>\xbb\x0e#\xa7w\xbb\x9d\xf7\xe2\xcc\xc0\xc7\
\xf9\x16\x105.\xcc/\x04U\x18\x02\x16n\x072\xbf\
=\xe2\xc3e\x96\x05\x04(\xf94\xa0\xd7\xa2\x90\xd2c\
\xe3'\x97%\xc2hq\x18:Pi\xe3v\xf6N\x8d\
\xc4\xb9\xc2\xdc\xe2\x89\xd3\x8f\x9b\x07\xcd\x8bK7\xccw\
S\x92\x16\x04\xc9\x97\xcc\x0c\x06r\xa8\xc7\xe00\xe8\xa1\
*\xad*v\xe6\x98\x05o'\xc2\xb0\xb7\xdb-|\xe4\
\xef\x19\x1a\xceD^\x220F\xc9\xb3\xeb\xab\xbf\x8f\x99\
\x19\x11\x03\xa6p\xf1\x87F\xdd\x0e<z\xbd\xa4\xf0\x12\
\x85?\xf9\xf3\xf33v\xae\xcb\xe5R\x93\xcb\x18D\x0b\
\xb7\x08xE\xdf\xbf\x7f\x7f\xe5\x81;23\xechy\
\xdc\xa8\x98\xc53\xa7\xee\xb8\xd6^\xf92\xfd2z\x8d\
\xdb\x5c\xc8\xf5\xcdf\xb3\xd9l\xa6\xd3\xe9b\xb1@\x99\
WA<\xac\x18\xd1\xbc\xa3D\x17\xdf2\x8d\xc2\x16}\
#8\xce\xf7\xdd\xbbw>\x9f\xc1|>\x7f~~6\
\xb3\xa7\xa7\xa7\xe5r\x89\x02\x98j\xa4\x88\x9d\xcf\xe7\x9c\
mH\xf7\xe5r\xf9\xe1\xc3\x87s\x8c\xf6 \x95/\x8e\
\xd7\xd6\xe0\x94s\xb0\xc1\x0b\x0f\xecm\x93\xd7L\xf35\
\x84\x97\xcf\xab KaVH\x83\x09\x7fgJC\x11\
\xc1\x95k\x0f\xf35\xd1\xff\x0f\xf1\xdfl]\x18\xa1i\
!\x00\x00\x00\x00IEND\xaeB`\x82\
"

qt_resource_name = b"\
\x00\x02\
\x00\x00\x07\xb9\
\x00u\
\x00i\
\x00\x06\
\x06\x8a\x9c\xb3\
\x00a\
\x00s\x00s\x00e\x00t\x00s\
\x00\x0c\
\x07\x91\xf0\xa7\
\x00c\
\x00a\x00r\x00-\x00i\x00c\x00o\x00n\x00.\x00p\x00n\x00g\
\x00\x07\
\x09\x85W\x87\
\x00c\
\x00a\x00r\x00.\x00p\x00n\x00g\
"

qt_resource_struct = b"\
\x00\x00\x00\x00\x00\x02\x00\x00\x00\x01\x00\x00\x00\x01\
\x00\x00\x00\x00\x00\x00\x00\x00\
\x00\x00\x00\x00\x00\x02\x00\x00\x00\x01\x00\x00\x00\x02\
\x00\x00\x00\x00\x00\x00\x00\x00\
\x00\x00\x00\x0a\x00\x02\x00\x00\x00\x02\x00\x00\x00\x03\
\x00\x00\x00\x00\x00\x00\x00\x00\
\x00\x00\x00\x1c\x00\x00\x00\x00\x00\x01\x00\x00\x00\x00\
\x00\x00\x01\x96\x5cSR\x09\
\x00\x00\x00:\x00\x00\x00\x00\x00\x01\x00\x00\x15%\
\x00\x00\x01\x96\x5c>/Q\
"

def qInitResources():
    QtCore.qRegisterResourceData(0x03, qt_resource_struct, qt_resource_name, qt_resource_data)

def qCleanupResources():
    QtCore.qUnregisterResourceData(0x03, qt_resource_struct, qt_resource_name, qt_resource_data)

qInitResources()
